date,product_code,registration_no,company,company_en,company_raw,commodity,commodity_mn,product_type,grade,grade_mn,contract_type,bidders,start_price,deal_price,currency,price_unit,total_value,premium_pct,lots,quantity_t,quantity_source,quality
2026-09-24,MO01-2026092401,ERD-11-2026,Эрдэнэт Үйлдвэр ТӨҮГ,Erdenet Mining Corporation,Эрдэнэт Үйлдвэр ТӨҮГ,Molybdenum,Молибден,Баяжмал,Molybdenum concentrate (>=44% Mo),44%-c багагүй молибдены агуулгатай баяжмал,Форвард,3,28504.17,34754.17,USD,тонн,17356511.0,21.93,14.0,499.408,implied (total / price),Molybdenum /Mo/ >44% | Copper /Cu/ <3% | Arsenic /As/ <0.05% | Moisture and Oil 9-12% | Phosphorus /P/ <0.1% | Iron /Fe/ <4% | Zinc /Zn/ <0.07% | Lead /Pb/ <0.14% | Sulfur /S/ <37% | Silver /Ag/ 30-45 gr/tn | Rhenium /Re/ 300-500 gr/tn
2026-09-24,C10-2026092401,ER-26186,Энержи Ресурс ХХК,Energy Resources,Энержи Ресурс ХХК,Coal,Нүүрс,Баяжуулсан,Washed non-coking-quality coal,Баяжуулсан коксжих чанаргүй нүүрс,Форвард,3,500.0,545.0,CNY,тонн,10464000.0,9.0,3.0,19200.0,reported,"Ash (dry, %) ≤ 23.0% | Volatile matter (dry, ash free basis, %) ≤ 37.0% | Sulfur (dry, %) ≤ 1.0% | Total moisture (as received, %) ≤ 9.0% | Calorific Value (Kcal/kg) ≈5500"
2026-09-23,FE03-2026092301,ECM-26-143,Монголросцветмет ТӨҮГ,Mongolrostsvetmet (ex-Erdenes Critical Minerals),Монголросцветмет ТӨҮГ /Эрдэнэс критикал минералс ТӨҮГ/,Iron ore,Төмөр,Хүдэр,Iron ore Fe 52%,Fe-52% Төмрийн хүдэр,Форвард,6,65.0,68.0,USD,тонн,448800.0,4.62,2.0,6600.0,reported,H2O 0.5-1.0% | Al2O3 1%-3% | S 0.02%-0.05% | SiO2 5%-10% | Fe < 52% | TiO2 0.01%-0.08% | P 0.01%-0.03%
2026-09-23,C01-2026092303,ER-26185,Энержи Ресурс ХХК,Energy Resources,Энержи Ресурс ХХК,Coal,Нүүрс,Баяжуулсан,Washed coking coal,Баяжуулсан коксжих нүүрс,Форвард,5,1150.0,1290.0,CNY,тонн,16512000.0,12.17,2.0,12800.0,reported,"Ash (dry, %) ≤ 11.0% | Volatile matter (dry, ash free basis, %) >20.0%-28.0% | Sulfur (dry, %) ≤ 0.85% | Total moisture (as received, %) ≤ 10.0% | G index ≥ 75"
2026-09-22,FE03-2026092201,ECM-26-142,Монголросцветмет ТӨҮГ,Mongolrostsvetmet (ex-Erdenes Critical Minerals),Монголросцветмет ТӨҮГ /Эрдэнэс критикал минералс ТӨҮГ/,Iron ore,Төмөр,Хүдэр,Iron ore Fe 52%,Fe-52% Төмрийн хүдэр,Спот,4,72.0,75.5,USD,тонн,249150.0,4.86,1.0,3300.0,reported,
2026-09-21,FE03-2026092101,ECM-26-141,Монголросцветмет ТӨҮГ,Mongolrostsvetmet (ex-Erdenes Critical Minerals),Монголросцветмет ТӨҮГ /Эрдэнэс критикал минералс ТӨҮГ/,Iron ore,Төмөр,Хүдэр,Iron ore Fe 52%,Fe-52% Төмрийн хүдэр,Спот,2,72.0,74.0,USD,тонн,244200.0,2.78,1.0,3300.0,reported,H2O 0.5-1.0% | Al2O3 1%-3% | S 0.02%-0.05% | SiO2 5%-10% | Fe< 52% | TiO2 0.01%-0.08% | P 0.01%-0.03%
2026-09-21,C01-2026092103,ER-26184,Энержи Ресурс ХХК,Energy Resources,Энержи Ресурс ХХК,Coal,Нүүрс,Баяжуулсан,Washed coking coal,Баяжуулсан коксжих нүүрс,Форвард,5,1150.0,1295.0,CNY,тонн,16576000.0,12.61,2.0,12800.0,reported,"Ash (dry, %) ≤ 11.0% | Volatile matter (dry, ash free basis, %) >20.0%-28.0% | Sulfur (dry, %) ≤ 0.85% | Total moisture (as received, %) ≤ 10.0% | G index ≥ 75"
2026-09-18,FE03-2026091801,ECM-26-140,Монголросцветмет ТӨҮГ,Mongolrostsvetmet (ex-Erdenes Critical Minerals),Монголросцветмет ТӨҮГ /Эрдэнэс критикал минералс ТӨҮГ/,Iron ore,Төмөр,Хүдэр,Iron ore Fe 52%,Fe-52% Төмрийн хүдэр,Форвард,3,65.0,68.0,USD,тонн,448800.0,4.62,2.0,6600.0,reported,H2O 0.5-1.0% | Al2O3 1%-3% | S 0.02%-0.05% | SiO2 5%-10% | Fe < 52% | TiO2 0.01%-0.08% | P 0.01%-0.03%
2026-09-18,C01-2026091801,ER-26183,Энержи Ресурс ХХК,Energy Resources,Энержи Ресурс ХХК,Coal,Нүүрс,Баяжуулсан,Washed coking coal,Баяжуулсан коксжих нүүрс,Форвард,3,1150.0,1255.0,CNY,тонн,16064000.0,9.13,2.0,12800.0,reported,"Ash (dry, %) ≤ 11.0% | Volatile matter (dry, ash free basis, %)>20.0%-28.0% | Sulfur (dry, %) ≤ 0.85% | Total moisture (as received, %) ≤ 10.0% | G index ≥ 75"
2026-09-17,C10-2026091701,ER-26182,Энержи Ресурс ХХК,Energy Resources,Энержи Ресурс ХХК,Coal,Нүүрс,Баяжуулсан,Washed non-coking-quality coal,Баяжуулсан коксжих чанаргүй нүүрс,Форвард,3,500.0,555.0,CNY,тонн,10656000.0,11.0,3.0,19200.0,reported,
2026-09-16,FE03-2026091601,ECM-26-139,Монголросцветмет ТӨҮГ,Mongolrostsvetmet (ex-Erdenes Critical Minerals),Монголросцветмет ТӨҮГ /Эрдэнэс критикал минералс ТӨҮГ/,Iron ore,Төмөр,Хүдэр,Iron ore Fe 52%,Fe-52% Төмрийн хүдэр,Форвард,4,65.0,68.5,USD,тонн,452100.0,5.38,2.0,6600.0,reported,H2O 0.5-1.0% | Al2O3 1%-3% | S 0.02%-0.05% | SiO2 5%-10% | Fe < 52% | TiO2 0.01%-0.08% | P 0.01%-0.03%
2026-09-16,C01-2026091601,ER-26181,Энержи Ресурс ХХК,Energy Resources,Энержи Ресурс ХХК,Coal,Нүүрс,Баяжуулсан,Washed coking coal,Баяжуулсан коксжих нүүрс,Форвард,4,1150.0,1405.0,CNY,тонн,17984000.0,22.17,2.0,12800.0,reported,"Ash (dry, %) ≤ 11.0% | Volatile matter (dry, ash free basis, %)>20.0%-28.0% | Sulfur (dry, %) ≤ 0.85% | Total moisture (as received, %) ≤ 10.0% | G index ≥ 75"
2026-09-15,C05-2026091504,2635-TC,Эрдэнэс Тавантолгой ХК,Erdenes Tavan Tolgoi,Эрдэнэс Тавантолгой ХК,Coal,Нүүрс,Боловсруулаагүй,"Thermal coal (bituminous, non-caking)","Эрчим хүчний нүүрс /Битумт, үл барьцалдах нүүрс/",Форвард,1,79.7,79.7,USD,тонн,20403200.0,0.0,40.0,256000.0,reported,
2026-09-14,FE03-2026091401,ECM-26-138,Монголросцветмет ТӨҮГ,Mongolrostsvetmet (ex-Erdenes Critical Minerals),Монголросцветмет ТӨҮГ /Эрдэнэс критикал минералс ТӨҮГ/,Iron ore,Төмөр,Хүдэр,Iron ore Fe 52%,Fe-52% Төмрийн хүдэр,Форвард,4,65.0,67.0,USD,тонн,442200.0,3.08,2.0,6600.0,reported,H2O 0.5-1.0% | Al2O3 1%-3% | S 0.02%-0.05% | SiO2 5%-10% | Fe < 52% | TiO2 0.01%-0.08% | P 0.01%-0.03%
2026-09-14,C01-2026091401,ER-26180,Энержи Ресурс ХХК,Energy Resources,Энержи Ресурс ХХК,Coal,Нүүрс,Баяжуулсан,Washed coking coal,Баяжуулсан коксжих нүүрс,Форвард,4,1150.0,1420.0,CNY,тонн,18176000.0,23.48,2.0,12800.0,reported,"Ash (dry, %) ≤ 11.0% | Volatile matter (dry, ash free basis, %)>20.0%-28.0% | Sulfur (dry, %) ≤ 0.85% | Total moisture (as received, %) ≤ 10.0% | G index ≥ 75"
2026-09-11,C04-2026091104,TTOA-2026-043,Тавантолгой ХК,Tavan Tolgoi JSC,Тавантолгой ХК,Coal,Нүүрс,Боловсруулаагүй,1/3 coking coal,1/3 коксжих нүүрс,Форвард,3,160.0,160.0,USD,тонн,16384000.0,0.0,16.0,102400.0,reported,"Ash (db): 18.9 (-4.0, +6.0) | Volatile (daf): 29.1 (-1.0, +2.0) | Total sulphur (db): 0.9 (-0.3, +0.2) | G-index (5:1): 70.0 (-4.0, +5.0) | Total moisture (ar): 1.9 (-0.5, +2.5) | Y-index ≤25mm"
2026-09-11,C03-2026091103,TTOA-2026-042,Тавантолгой ХК,Tavan Tolgoi JSC,Тавантолгой ХК,Coal,Нүүрс,Боловсруулаагүй,Medium-volatile coking coal,"Дэгдэмхий бодис дунд, коксжих нүүрс",Форвард,6,180.0,191.0,USD,тонн,19558400.0,6.11,16.0,102400.0,reported,"Ash (db): 15.64 (-4.0, +4.0) | Volatile (daf): 26.99 (-1.1, +1.1) | Total sulphur (db): 0.92 (-0.3, +0.2) | G-index (5:1): 76.0 (-4.0, +4.0) | Total moisture (ar): 1.9 (-0.5, +2.5) | Y- index ≤25mm"
2026-09-11,C03-2026091102,TTOA-2026-041,Тавантолгой ХК,Tavan Tolgoi JSC,Тавантолгой ХК,Coal,Нүүрс,Боловсруулаагүй,Medium-volatile coking coal,"Дэгдэмхий бодис дунд, коксжих нүүрс",Форвард,4,180.0,191.0,USD,тонн,19558400.0,6.11,16.0,102400.0,reported,"Ash (db): 15.64 (-4.0, +4.0) | Volatile (daf): 26.99 (-1.1, +1.1) | Total sulphur (db): 0.92 (-0.3, +0.2) | G-index (5:1): 76.0 (-4.0, +4.0) | Total moisture (ar): 1.9 (-0.5, +2.5) | Y- index ≤25mm"
2026-09-11,C01-2026091101,ER-26179,Энержи Ресурс ХХК,Energy Resources,Энержи Ресурс ХХК,Coal,Нүүрс,Баяжуулсан,Washed coking coal,Баяжуулсан коксжих нүүрс,Форвард,5,1150.0,1445.0,CNY,тонн,18496000.0,25.65,2.0,12800.0,reported,"Ash (dry, %) ≤ 11.0% | Volatile matter (dry, ash free basis, %)>20.0%-28.0% | Sulfur (dry, %) ≤ 0.85% | Total moisture (as received, %) ≤ 10.0% | G index ≥ 75"
2026-09-10,MO01-2026091001,ERD-10-2026,Эрдэнэт Үйлдвэр ТӨҮГ,Erdenet Mining Corporation,Эрдэнэт Үйлдвэр ТӨҮГ,Molybdenum,Молибден,Баяжмал,Molybdenum concentrate (>=44% Mo),44%-c багагүй молибдены агуулгатай баяжмал,Форвард,3,28317.9,33767.9,USD,тонн,15803377.0,19.25,13.0,468.0,implied (total / price),Молибден /Мо/ >44% | Зэс /Cu/ <3% | Хүнцэл /As/ <0.05% | Чийглэг /moisture/+Тос/Oil/ 9-12% | Фосфор /P/ <0.1% | Төмөр /Fe/ <4% | Цайр /Zn/ <0.07% | Хар тугалга /Pb/ <0.14% | Хүхэр /S/ <37% | Мөнгө /Ag/ 30-45 гр/тн | Рени /Re/ 300-500 гр/тн
2026-09-10,FE03-2026091001,ECM-26-137,Монголросцветмет ТӨҮГ,Mongolrostsvetmet (ex-Erdenes Critical Minerals),Монголросцветмет ТӨҮГ /Эрдэнэс критикал минералс ТӨҮГ/,Iron ore,Төмөр,Хүдэр,Iron ore Fe 52%,Fe-52% Төмрийн хүдэр,Форвард,3,65.0,66.5,USD,тонн,438900.0,2.31,2.0,6600.0,reported,H2O 0.5-1.0% | Al2O3 1%-3% | S 0.02%-0.05% | SiO2 5%-10% | Fe <52% | TiO2 0.01%-0.08% | P 0.01%-0.03%
2026-09-10,C10-2026091003,TTOA-2026-040,Тавантолгой ХК,Tavan Tolgoi JSC,Тавантолгой ХК,Coal,Нүүрс,Баяжуулсан,Washed non-coking-quality coal,Баяжуулсан коксжих чанаргүй нүүрс,Форвард,3,63.0,70.0,USD,тонн,4480000.0,11.11,10.0,64000.0,reported,"Ash (db): 30.0 (-5, +5) | Volatile (daf): <37.0 | Total sulphur (db): <1.0 | G-index: ≤20.0 | Total moisture (ar): ≤9.0 | Calorific value (ar): >5000"
2026-09-10,C02-2026091002,TTOA-2026-039,Тавантолгой ХК,Tavan Tolgoi JSC,Тавантолгой ХК,Coal,Нүүрс,Баяжуулсан,Washed semi-soft coking coal,Баяжуулсан сул коксжих нүүрс,Форвард,3,120.0,120.5,USD,тонн,24678400.0,0.42,32.0,204800.0,reported,Ash (db): ≤12 | Volatile (daf): >28 | Total sulphur (db): ≤0.85 | G-index (5:1): ≥75.0 | Total moisture (ar): ≤10.0
2026-09-09,C05-2026090904,2632-TC,Эрдэнэс Тавантолгой ХК,Erdenes Tavan Tolgoi,Эрдэнэс Тавантолгой ХК,Coal,Нүүрс,Боловсруулаагүй,"Thermal coal (bituminous, non-caking)","Эрчим хүчний нүүрс /Битумт, үл барьцалдах нүүрс/",Форвард,6,69.7,84.7,USD,тонн,10841600.0,21.52,20.0,128000.0,reported,"Total moisture (ar): ≤9.0 | Volatile (daf): >20-37.0 | Total sulphur (db): 1.5 (-0.3, +0.5) | Calorific value (ar): ≥6000 | G-Index (5:1): ≤30.0"
2026-09-09,C05-2026090903,2631-TC,Эрдэнэс Тавантолгой ХК,Erdenes Tavan Tolgoi,Эрдэнэс Тавантолгой ХК,Coal,Нүүрс,Боловсруулаагүй,"Thermal coal (bituminous, non-caking)","Эрчим хүчний нүүрс /Битумт, үл барьцалдах нүүрс/",Форвард,2,73.6,73.6,USD,тонн,18841600.0,0.0,40.0,256000.0,reported,"Total moisture (ar): ≤9.0 | Volatile (daf): >20-37.0 | Total sulphur (db): 1.5 (-0.3, +0.5) | Calorific value (ar): ≥6000 | G-Index (5:1): ≤30.0"
2026-09-09,C03-2026090905,2636-CO,Эрдэнэс Тавантолгой ХК,Erdenes Tavan Tolgoi,Эрдэнэс Тавантолгой ХК,Coal,Нүүрс,Боловсруулаагүй,Medium-volatile coking coal,"Дэгдэмхий бодис дунд, коксжих нүүрс",Форвард,2,187.5,187.5,USD,тонн,12000000.0,0.0,10.0,64000.0,reported,"Ash (db): 15.0 (-3.0, +3.0) | Total moisture (ar): 3.0 (-2.0, +2.0) | Volatile (daf): >20.0-28.0 | Total sulphur (db): 0.9 (-0.3, +0.5) | G-Index (5:1): >65"
2026-09-09,C03-2026090902,2635-CO,Эрдэнэс Тавантолгой ХК,Erdenes Tavan Tolgoi,Эрдэнэс Тавантолгой ХК,Coal,Нүүрс,Боловсруулаагүй,Medium-volatile coking coal,"Дэгдэмхий бодис дунд, коксжих нүүрс",Форвард,5,187.5,192.0,USD,тонн,6144000.0,2.4,5.0,32000.0,reported,"Ash (db): 15.0 (-3.0, +3.0) | Total moisture (ar): 3.0 (-2.0, +2.0) | Volatile (daf): >20.0-28.0 | Total sulphur (db): 0.9 (-0.3, +0.5) | G-Index (5:1): >65"
2026-09-09,C01-2026090901,ER-26178,Энержи Ресурс ХХК,Energy Resources,Энержи Ресурс ХХК,Coal,Нүүрс,Баяжуулсан,Washed coking coal,Баяжуулсан коксжих нүүрс,Форвард,6,1150.0,1435.0,CNY,тонн,18368000.0,24.78,2.0,12800.0,reported,"Ash (dry, %) ≤ 11.0% | Volatile matter (dry, ash free basis, %)>20.0%-28.0% | Sulfur (dry, %) ≤ 0.85% | Total moisture (as received, %) ≤ 10.0% | G index ≥ 75"
2026-09-08,FE01-2026090801,ECM-26-136,Монголросцветмет ТӨҮГ,Mongolrostsvetmet (ex-Erdenes Critical Minerals),Монголросцветмет ТӨҮГ /Эрдэнэс критикал минералс ТӨҮГ/,Iron ore,Төмөр,Баяжмал,Iron concentrate Fe 65%,Fe-65% Төмрийн баяжмал,Форвард,3,85.0,85.0,USD,тонн,1683000.0,0.0,6.0,19800.0,reported,H2O 7-10% | Al2O3 0.4%-1% | S 0.02%-0.08% | SiO2 3%-8% | Fe <65% | TiO2 0.01%-0.08% | P 0.01%-0.03%
2026-09-08,C16-2026090803,TTOA-2026-038,Тавантолгой ХК,Tavan Tolgoi JSC,Тавантолгой ХК,Coal,Нүүрс,Боловсруулаагүй,"Thermal coal (sub-bituminous, weakly caking)","Эрчим хүчний нүүрс /Саб-битумт, сул барьцалдах нүүрс/",Форвард,6,36.0,75.5,USD,тонн,3865600.0,109.72,8.0,51200.0,reported,"Volatile (daf): >20-37% | Total sulphur (db): 1.5 (-0.3, +0.5) | Total moisture (ar): ≤9.0% | Cross Calorific value (ar) >4000 | G lndex >5-30"
2026-09-08,C05-2026090802,2630-TC,Эрдэнэс Тавантолгой ХК,Erdenes Tavan Tolgoi,Эрдэнэс Тавантолгой ХК,Coal,Нүүрс,Боловсруулаагүй,"Thermal coal (bituminous, non-caking)","Эрчим хүчний нүүрс /Битумт, үл барьцалдах нүүрс/",Форвард,5,69.7,69.7,USD,тонн,8921600.0,0.0,20.0,128000.0,reported,"Total moisture (ar): ≤9.0 | Volatile (daf): >20-37.0 | Total sulphur (db): 1.5 (-0.3, +0.5) | Calorific value (ar): ≥6000 | G-Index (5:1): ≤30.0"
2026-09-08,C03-2026090801,2634-CO,Эрдэнэс Тавантолгой ХК,Erdenes Tavan Tolgoi,Эрдэнэс Тавантолгой ХК,Coal,Нүүрс,Боловсруулаагүй,Medium-volatile coking coal,"Дэгдэмхий бодис дунд, коксжих нүүрс",Форвард,5,187.5,193.5,USD,тонн,12384000.0,3.2,10.0,64000.0,reported,"Ash (db): 15.0 (-3.0, +3.0) | Total moisture (ar): 3.0 (-2.0, +2.0) | Volatile (daf): >20.0-28.0 | Total sulphur (db): 0.9 (-0.3, +0.5) | G-Index (5:1): >65"
2026-09-07,FE03-2026090701,ECM-26-135,Монголросцветмет ТӨҮГ,Mongolrostsvetmet (ex-Erdenes Critical Minerals),Монголросцветмет ТӨҮГ /Эрдэнэс критикал минералс ТӨҮГ/,Iron ore,Төмөр,Хүдэр,Iron ore Fe 52%,Fe-52% Төмрийн хүдэр,Форвард,3,65.0,66.0,USD,тонн,435600.0,1.54,2.0,6600.0,reported,H2O 0.5-1.0% | Al2O3 1%-3% | S 0.02%-0.05% | SiO2 5%-10% | Fe <52% | TiO2 0.01%-0.08% | P 0.01%-0.03%
2026-09-07,C05-2026090704,2629-TC,Эрдэнэс Тавантолгой ХК,Erdenes Tavan Tolgoi,Эрдэнэс Тавантолгой ХК,Coal,Нүүрс,Боловсруулаагүй,"Thermal coal (bituminous, non-caking)","Эрчим хүчний нүүрс /Битумт, үл барьцалдах нүүрс/",Форвард,4,69.7,73.9,USD,тонн,9459200.0,6.03,20.0,128000.0,reported,"Total moisture (ar): ≤9.0 | Volatile (daf): >20-37.0 | Total sulphur (db): 1.5 (-0.3, +0.5) | Calorific value (ar): ≥6000 | G-Index (5:1): ≤30.0"
2026-09-07,C03-2026090702,2633-CO,Эрдэнэс Тавантолгой ХК,Erdenes Tavan Tolgoi,Эрдэнэс Тавантолгой ХК,Coal,Нүүрс,Боловсруулаагүй,Medium-volatile coking coal,"Дэгдэмхий бодис дунд, коксжих нүүрс",Форвард,6,187.5,197.0,USD,тонн,6304000.0,5.07,5.0,32000.0,reported,"Ash (db): 15.0 (-3.0, +3.0) | Total moisture (ar): 3.0 (-2.0, +2.0) | Volatile (daf): >20.0-28.0 | Total sulphur (db): 0.9 (-0.3, +0.5) | G-Index (5:1): >65"
2026-09-07,C03-2026090405,2632-CO,Эрдэнэс Тавантолгой ХК,Erdenes Tavan Tolgoi,Эрдэнэс Тавантолгой ХК,Coal,Нүүрс,Боловсруулаагүй,Medium-volatile coking coal,"Дэгдэмхий бодис дунд, коксжих нүүрс",Форвард,4,187.5,200.5,USD,тонн,12832000.0,6.93,10.0,64000.0,reported,"Ash (db): 15.0 (-3.0, +3.0) | Total moisture (ar): 3.0 (-2.0, +2.0) | Volatile (daf): >20.0-28.0 | Total sulphur (db): 0.9 (-0.3, +0.5) | G-Index (5:1): >65"
2026-09-07,C01-2026090701,ER-26177,Энержи Ресурс ХХК,Energy Resources,Энержи Ресурс ХХК,Coal,Нүүрс,Баяжуулсан,Washed coking coal,Баяжуулсан коксжих нүүрс,Форвард,6,1150.0,1455.0,CNY,тонн,18624000.0,26.52,2.0,12800.0,reported,"Ash (dry, %) ≤ 11.0% | Volatile matter (dry, ash free basis, %)>20.0%-28.0% | Sulfur (dry, %) ≤ 0.85% | Total moisture (as received, %) ≤ 10.0% | G index ≥ 75"
2026-09-04,FE01-2026090401,ECM-26-134,Монголросцветмет ТӨҮГ,Mongolrostsvetmet (ex-Erdenes Critical Minerals),Монголросцветмет ТӨҮГ /Эрдэнэс критикал минералс ТӨҮГ/,Iron ore,Төмөр,Баяжмал,Iron concentrate Fe 65%,Fe-65% Төмрийн баяжмал,Форвард,1,85.0,85.0,USD,тонн,1683000.0,0.0,6.0,19800.0,reported,H2O 7-10% | Al2O3 0.4%-1% | S 0.02%-0.08% | SiO2 3%-8% | Fe <65% | TiO2 0.01%-0.08% | P 0.01%-0.03%
2026-09-04,C08-2026090404,AND-8,Андын Илч ХХК,Андын Илч ХХК,Андын Илч ХХК,Coal,Нүүрс,Боловсруулаагүй,Чийг багатай хүрэн нүүрс,Чийг багатай хүрэн нүүрс,Форвард,2,180.0,210.0,CNY,тонн,10752000.0,16.67,8.0,51200.0,reported,"Sulfur (DB, %) >1,75% (+1%, -1%) | Calorific Value (Kcal/kg) (Qnet, AR)>3500-4000 | Total Moisture (AR, %) ≤30,0 | Ash (DB, %) >22,2% (+2%, -2%) | Volatile matter (DAF, %) >37,0"
2026-09-04,C05-2026090407,2628-TC,Эрдэнэс Тавантолгой ХК,Erdenes Tavan Tolgoi,Эрдэнэс Тавантолгой ХК,Coal,Нүүрс,Боловсруулаагүй,"Thermal coal (bituminous, non-caking)","Эрчим хүчний нүүрс /Битумт, үл барьцалдах нүүрс/",Форвард,3,63.9,66.3,USD,тонн,8486400.0,3.76,20.0,128000.0,reported,"Total moisture (ar): ≤9.0 | Volatile (daf): >20-37.0 | Total sulphur (db): 1.5 (-0.3, +0.5) | Calorific value (ar): 5500 (-500, +500) | G-Index (5:1): ≤30.0"
2026-09-04,C05-2026090406,2627-TC,Эрдэнэс Тавантолгой ХК,Erdenes Tavan Tolgoi,Эрдэнэс Тавантолгой ХК,Coal,Нүүрс,Боловсруулаагүй,"Thermal coal (bituminous, non-caking)","Эрчим хүчний нүүрс /Битумт, үл барьцалдах нүүрс/",Форвард,2,73.6,73.6,USD,тонн,18841600.0,0.0,40.0,256000.0,reported,"Total moisture (ar): ≤9.0 | Volatile (daf): >20-37.0 | Total sulphur (db): 1.5 (-0.3, +0.5) | Calorific value (ar): ≥6000 | G-Index (5:1):  ≤30.0"
2026-09-04,C03-2026090403,TTOA-2026-037,Тавантолгой ХК,Tavan Tolgoi JSC,Тавантолгой ХК,Coal,Нүүрс,Боловсруулаагүй,Medium-volatile coking coal,"Дэгдэмхий бодис дунд, коксжих нүүрс",Форвард,7,160.0,208.5,USD,тонн,42700800.0,30.31,32.0,204800.0,reported,"Ash (db): 15.64 (-4.0, +4.0) | Volatile (daf): 26.99 (-1.1, +1.1) | Total sulphur (db): 0.92 (-0.3, +0.2) | G-index (5:1): 76.0 (-4.0, +4.0) | Total moisture (ar): 1.9 (-0.5, +2.5) | Y- index ≤25mm"
2026-09-04,C03-2026090402,TTOA-2026-036,Тавантолгой ХК,Tavan Tolgoi JSC,Тавантолгой ХК,Coal,Нүүрс,Боловсруулаагүй,Medium-volatile coking coal,"Дэгдэмхий бодис дунд, коксжих нүүрс",Форвард,7,160.0,210.5,USD,тонн,43110400.0,31.56,32.0,204800.0,reported,"Ash (db): 15.64 (-4.0, +4.0) | Volatile (daf): 26.99 (-1.1, +1.1) | Total sulphur (db): 0.92 (-0.3, +0.2) | G-index (5:1): 76.0 (-4.0, +4.0) | Total moisture (ar): 1.9 (-0.5, +2.5) | Y- index ≤25mm"
2026-09-04,C01-2026090401,ER-26176,Энержи Ресурс ХХК,Energy Resources,Энержи Ресурс ХХК,Coal,Нүүрс,Баяжуулсан,Washed coking coal,Баяжуулсан коксжих нүүрс,Форвард,5,1150.0,1445.0,CNY,тонн,18496000.0,25.65,2.0,12800.0,reported,"Ash (dry, %) ≤ 11.0% | Volatile matter (dry, ash free basis, %) >20.0%-28.0% | Sulfur (dry, %) ≤ 0.85% | Total moisture (as received, %) ≤ 10.0% | G index ≥ 75"
2026-09-03,C10-2026090301,ER-26175,Энержи Ресурс ХХК,Energy Resources,Энержи Ресурс ХХК,Coal,Нүүрс,Баяжуулсан,Washed non-coking-quality coal,Баяжуулсан коксжих чанаргүй нүүрс,Форвард,5,480.0,590.0,CNY,тонн,11328000.0,22.92,3.0,19200.0,reported,"Ash (dry, %) ≤ 23.0% | Volatile matter (dry, ash free basis, %) ≤ 37.0% | Sulfur (dry, %) ≤ 1.0% | Total moisture (as received, %) ≤ 9.0% | Calorific Value (Kcal/kg) ≈5500"
2026-09-03,C05-2026090303,2626-TC,Эрдэнэс Тавантолгой ХК,Erdenes Tavan Tolgoi,Эрдэнэс Тавантолгой ХК,Coal,Нүүрс,Боловсруулаагүй,"Thermal coal (bituminous, non-caking)","Эрчим хүчний нүүрс /Битумт, үл барьцалдах нүүрс/",Форвард,4,69.7,74.8,USD,тонн,9574400.0,7.32,20.0,128000.0,reported,"Total moisture (ar): ≤9.0 | Volatile (daf): >20-37.0 | Total sulphur (db): 1.5 (-0.3, +0.5) | Calorific value (ar): ≥6000 | G-Index (5:1): ≤30.0"
2026-09-03,C02-2026090302,2636-13 WCO,Эрдэнэс Тавантолгой ХК,Erdenes Tavan Tolgoi,Эрдэнэс Тавантолгой ХК,Coal,Нүүрс,Баяжуулсан,Washed semi-soft coking coal,Баяжуулсан сул коксжих нүүрс,Форвард,3,171.4,171.4,USD,тонн,10969600.0,0.0,10.0,64000.0,reported,Ash (db): ≤12 | Total moisture (ar): ≤10.0 | Volatile (daf): >28.0 | Total sulphur (db): ≤ 0.85 | G index (5:1): ≥75
2026-09-02,FE03-2026090201,ECM-26-133,Монголросцветмет ТӨҮГ,Mongolrostsvetmet (ex-Erdenes Critical Minerals),Монголросцветмет ТӨҮГ /Эрдэнэс критикал минералс ТӨҮГ/,Iron ore,Төмөр,Хүдэр,Iron ore Fe 52%,Fe-52% Төмрийн хүдэр,Форвард,6,65.0,70.0,USD,тонн,462000.0,7.69,2.0,6600.0,reported,H2O 0.5-1.0% | Al2O3 1%-3% | S 0.02%-0.05% | SiO2 5%-10% | Fe < 52% | TiO2 0.01%-0.08% | P 0.01%-0.03%
2026-09-02,C03-2026090203,TTOA-2026-035,Тавантолгой ХК,Tavan Tolgoi JSC,Тавантолгой ХК,Coal,Нүүрс,Боловсруулаагүй,Medium-volatile coking coal,"Дэгдэмхий бодис дунд, коксжих нүүрс",Форвард,8,160.0,212.5,USD,тонн,10880000.0,32.81,8.0,51200.0,reported,"Ash (db): 15.64 (-4.0, +4.0) | Volatile (daf): 26.99 (-1.1, +1.1) | Total sulphur (db): 0.92 (-0.3, +0.2) | G-index (5:1): 76.0 (-4.0, +4.0) | Total moisture (ar): 1.9 (-0.5, +2.5) | Y- index ≤25mm"
2026-09-02,C03-2026090202,TTOA-2026-034,Тавантолгой ХК,Tavan Tolgoi JSC,Тавантолгой ХК,Coal,Нүүрс,Боловсруулаагүй,Medium-volatile coking coal,"Дэгдэмхий бодис дунд, коксжих нүүрс",Форвард,9,160.0,211.5,USD,тонн,10828800.0,32.19,8.0,51200.0,reported,"Ash (db): 15.64 (-4.0, +4.0) | Volatile (daf): 26.99 (-1.1, +1.1) | Total sulphur (db): 0.92 (-0.3, +0.2) | G-index (5:1): 76.0 (-4.0, +4.0) | Total moisture (ar): 1.9 (-0.5, +2.5) | Y- index ≤25mm"
2026-09-02,C01-2026090201,ER-26174,Энержи Ресурс ХХК,Energy Resources,Энержи Ресурс ХХК,Coal,Нүүрс,Баяжуулсан,Washed coking coal,Баяжуулсан коксжих нүүрс,Форвард,4,1150.0,1405.0,CNY,тонн,17984000.0,22.17,2.0,12800.0,reported,"Ash (dry, %) ≤ 11.0% | Volatile matter (dry, ash free basis, %) >20.0%-28.0% | Sulfur (dry, %) ≤ 0.85% | Total moisture (as received, %) ≤ 10.0% | G index ≥ 75"
2026-09-01,C02-2026090101,KH-26015,Хангад Эксплорэйшн ХХК,Khangad Exploration,Хангад Эксплорэйшн ХХК,Coal,Нүүрс,Баяжуулсан,Washed semi-soft coking coal,Баяжуулсан сул коксжих нүүрс,Форвард,3,950.0,1205.0,CNY,тонн,15424000.0,26.84,2.0,12800.0,reported,
2026-08-31,C01-2026083101,ER-26173,Энержи Ресурс ХХК,Energy Resources,Энержи Ресурс ХХК,Coal,Нүүрс,Баяжуулсан,Washed coking coal,Баяжуулсан коксжих нүүрс,Форвард,5,1150.0,1515.0,CNY,тонн,19392000.0,31.74,2.0,12800.0,reported,
2026-08-28,FE03-2026082801,ECM-26-131,Монголросцветмет ТӨҮГ,Mongolrostsvetmet (ex-Erdenes Critical Minerals),Монголросцветмет ТӨҮГ /Эрдэнэс критикал минералс ТӨҮГ/,Iron ore,Төмөр,Хүдэр,Iron ore Fe 52%,Fe-52% Төмрийн хүдэр,Форвард,3,65.0,70.5,USD,тонн,465300.0,8.46,2.0,6600.0,reported,H2O 0.5-1.0% | Al2O3 1%-3% | S 0.02%-0.05% | SiO2 5%-10% | Fe < 52% | TiO2 0.01%-0.08% | P 0.01%-0.03%
2026-08-28,C03-2026082802,2631-CO,Эрдэнэс Тавантолгой ХК,Erdenes Tavan Tolgoi,Эрдэнэс Тавантолгой ХК,Coal,Нүүрс,Боловсруулаагүй,Medium-volatile coking coal,"Дэгдэмхий бодис дунд, коксжих нүүрс",Форвард,6,138.0,194.5,USD,тонн,12448000.0,40.94,10.0,64000.0,reported,"Ash (db): 15.0 (-3.0, +3.0) | Total moisture (ar): 3.0 (-2.0, +2.0) | Volatile (daf): >20.0-28.0 | Total sulphur (db): 0.9 (-0.3, +0.5) | G-Index (5:1): >65"
2026-08-28,C03-2026082801,2630-CO,Эрдэнэс Тавантолгой ХК,Erdenes Tavan Tolgoi,Эрдэнэс Тавантолгой ХК,Coal,Нүүрс,Боловсруулаагүй,Medium-volatile coking coal,"Дэгдэмхий бодис дунд, коксжих нүүрс",Форвард,6,138.0,198.5,USD,тонн,2540800.0,43.84,2.0,12800.0,reported,"Ash (db): 15.0 (-3.0, +3.0) | Total moisture (ar): 3.0 (-2.0, +2.0) | Volatile (daf): >20.0-28.0 | Total sulphur (db): 0.9 (-0.3, +0.5) | G-Index (5:1): >65"
2026-08-28,C01-2026082803,ER-26172,Энержи Ресурс ХХК,Energy Resources,Энержи Ресурс ХХК,Coal,Нүүрс,Баяжуулсан,Washed coking coal,Баяжуулсан коксжих нүүрс,Форвард,6,1000.0,1405.0,CNY,тонн,17984000.0,40.5,2.0,12800.0,reported,"Ash (dry, %) ≤ 11.0% | Volatile matter (dry, ash free basis, %) >20.0%-28.0% | Sulfur (dry, %) ≤ 0.85% | Total moisture (as received, %) ≤ 10.0% | G index ≥ 75"
2026-08-27,FE02-2026082702,DMP-2669,Дарханы Төмөрлөгийн Үйлдвэр ХХК,Дарханы Төмөрлөгийн Үйлдвэр ХХК,Дарханы Төмөрлөгийн Үйлдвэр ХХК,Iron ore,Төмөр,Баяжмал,Fe-58% Төмрийн баяжмал,Fe-58% Төмрийн баяжмал,Форвард,3,58.0,58.0,USD,тонн,3288600.0,0.0,18.0,56700.0,reported,"Fe 58% (дундаж) | S 2.5% (дундаж) | H2O 2.5% (дундаж) | Al2О3 2.0% (дундаж) | SiO2 5.0% (дундаж) | TiO2 0.1% (дундаж) | P 0.01% (дундаж) | Ширхэглэл 0-10 мм (нунтаг), 10-40 мм (бүхэл)"
2026-08-27,FE02-2026082701,DMP-2668,Дарханы Төмөрлөгийн Үйлдвэр ХХК,Дарханы Төмөрлөгийн Үйлдвэр ХХК,Дарханы Төмөрлөгийн Үйлдвэр ХХК,Iron ore,Төмөр,Баяжмал,Fe-58% Төмрийн баяжмал,Fe-58% Төмрийн баяжмал,Форвард,3,58.0,60.0,USD,тонн,3402000.0,3.45,18.0,56700.0,reported,"Fe 58% (дундаж) | S 2.5% (дундаж) | H2O 2.5% (дундаж) | Al2О3 2.0% (дундаж) | SiO2 5.0% (дундаж) | TiO2 0.1% (дундаж) | P 0.01% (дундаж) | Ширхэглэл 0-10 мм (нунтаг), 10-40 мм (бүхэл)"
2026-08-27,C10-2026082702,2631-WTC,Эрдэнэс Тавантолгой ХК,Erdenes Tavan Tolgoi,Эрдэнэс Тавантолгой ХК,Coal,Нүүрс,Баяжуулсан,Washed non-coking-quality coal,Баяжуулсан коксжих чанаргүй нүүрс,Форвард,4,63.9,71.1,USD,тонн,4550400.0,11.27,10.0,64000.0,reported,Ash (db): ≤25.0 | Total moisture (ar): ≤9.0 | Volatile (daf): <37.0 | Total sulphur (db): ≤1.0 | G index: ≤20 | Calorific value (ar): ≥6000
2026-08-27,C03-2026082701,2629-CO,Эрдэнэс Тавантолгой ХК,Erdenes Tavan Tolgoi,Эрдэнэс Тавантолгой ХК,Coal,Нүүрс,Боловсруулаагүй,Medium-volatile coking coal,"Дэгдэмхий бодис дунд, коксжих нүүрс",Форвард,7,138.0,190.5,USD,тонн,6096000.0,38.04,5.0,32000.0,reported,"Ash (db): 15.0 (-3.0, +3.0) | Total moisture (ar): 3.0 (-2.0, +2.0) | Volatile (daf): >20.0-28.0 | Total sulphur (db): 0.9 (-0.3, +0.5) | G-Index (5:1): >65"
2026-08-27,C01-2026082703,ER-26171,Энержи Ресурс ХХК,Energy Resources,Энержи Ресурс ХХК,Coal,Нүүрс,Баяжуулсан,Washed coking coal,Баяжуулсан коксжих нүүрс,Форвард,6,1000.0,1340.0,CNY,тонн,17152000.0,34.0,2.0,12800.0,reported,"Ash (dry, %) ≤ 11.0% | Volatile matter (dry, ash free basis, %) >20.0%-28.0% | Sulfur (dry, %) ≤ 0.85% | Total moisture (as received, %) ≤ 10.0% | G index ≥ 75"
2026-08-26,FE03-2026082601,ECM-26-130,Монголросцветмет ТӨҮГ,Mongolrostsvetmet (ex-Erdenes Critical Minerals),Монголросцветмет ТӨҮГ /Эрдэнэс критикал минералс ТӨҮГ/,Iron ore,Төмөр,Хүдэр,Iron ore Fe 52%,Fe-52% Төмрийн хүдэр,Форвард,5,65.0,71.5,USD,тонн,471900.0,10.0,2.0,6600.0,reported,H2O 0.5-1.0% | Al2O3 1%-3% | S 0.02%-0.05% | SiO2 5%-10% | Fe < 52% | TiO2 0.01%-0.08% | P 0.01%-0.03%
2026-08-26,FE02-2026082604,DMP-2667,Дарханы Төмөрлөгийн Үйлдвэр ХХК,Дарханы Төмөрлөгийн Үйлдвэр ХХК,Дарханы Төмөрлөгийн Үйлдвэр ХХК,Iron ore,Төмөр,Баяжмал,Fe-58% Төмрийн баяжмал,Fe-58% Төмрийн баяжмал,Форвард,2,58.0,58.5,USD,тонн,3474900.0,0.86,18.0,59400.0,reported,"Fe 58% (дундаж) | S 2.5% (дундаж) | H2O 2.5% (дундаж) | Al2О3 2.0% (дундаж) | SiO2 5.0% (дундаж) | TiO2 0.1% (дундаж) | P 0.01% (дундаж) | Ширхэглэл 0-10 мм (нунтаг), 10-40 мм (бүхэл)"
2026-08-26,FE02-2026082603,DMP-2666,Дарханы Төмөрлөгийн Үйлдвэр ХХК,Дарханы Төмөрлөгийн Үйлдвэр ХХК,Дарханы Төмөрлөгийн Үйлдвэр ХХК,Iron ore,Төмөр,Баяжмал,Fe-58% Төмрийн баяжмал,Fe-58% Төмрийн баяжмал,Форвард,2,58.0,58.0,USD,тонн,3445200.0,0.0,18.0,59400.0,reported,"Fe 58% (дундаж) | S 2.5% (дундаж) | H2O 2.5% (дундаж) | Al2О3 2.0% (дундаж) | SiO2 5.0% (дундаж) | TiO2 0.1% (дундаж) | P 0.01% (дундаж) | Ширхэглэл 0-10 мм (нунтаг), 10-40 мм (бүхэл)"
2026-08-26,FE02-2026082602,DMP-2665,Дарханы Төмөрлөгийн Үйлдвэр ХХК,Дарханы Төмөрлөгийн Үйлдвэр ХХК,Дарханы Төмөрлөгийн Үйлдвэр ХХК,Iron ore,Төмөр,Баяжмал,Fe-58% Төмрийн баяжмал,Fe-58% Төмрийн баяжмал,Форвард,2,58.0,58.0,USD,тонн,3445200.0,0.0,18.0,59400.0,reported,"Fe 58% (дундаж) | S 2.5% (дундаж) | H2O 2.5% (дундаж) | Al2О3 2.0% (дундаж) | SiO2 5.0% (дундаж) | TiO2 0.1% (дундаж) | P 0.01% (дундаж) | Ширхэглэл 0-10 мм (нунтаг), 10-40 мм (бүхэл)"
2026-08-26,CU01-2026082601,ERD-09-2026,Эрдэнэт Үйлдвэр ТӨҮГ,Erdenet Mining Corporation,Эрдэнэт Үйлдвэр ТӨҮГ,Copper,Зэс,Баяжмал,Copper concentrate (22.35% Cu),22.35%-ийн зэсийн агуулгатай баяжмал,Форвард,2,3288.81,3448.81,USD,тонн,24996975.0,4.86,8.0,7248.0,reported,Зэс /Cu/ 22.35% | Мөнгө /Ag/ 78 гр/тн | Хүнцэл /As/ <0.3% | Чийглэг /moisture/ 9.4% | Молибден /Мо/ <0.15% | Төмөр /Fe/ <30% | Цайр /Zn/ <0.7% | Хар тугалга /Pb/ <1.4% | Хүхэр /S/ <37% | Алт /Au/ <0.3 гр/тн | Хөнгөн цагаан /Al/ <2.0%
2026-08-26,C03-2026082601,2628-CO,Эрдэнэс Тавантолгой ХК,Erdenes Tavan Tolgoi,Эрдэнэс Тавантолгой ХК,Coal,Нүүрс,Боловсруулаагүй,Medium-volatile coking coal,"Дэгдэмхий бодис дунд, коксжих нүүрс",Форвард,6,138.0,186.5,USD,тонн,11936000.0,35.14,10.0,64000.0,reported,"Ash (db): 15.0 (-3.0, +3.0) | Total moisture (ar): 3.0 (-2.0, +2.0) | Volatile (daf): >20.0-28.0 | Total sulphur (db): 0.9 (-0.3, +0.5) | G-Index (5:1): >65"
2026-08-26,C02-2026082602,2635-13 WCO,Эрдэнэс Тавантолгой ХК,Erdenes Tavan Tolgoi,Эрдэнэс Тавантолгой ХК,Coal,Нүүрс,Баяжуулсан,Washed semi-soft coking coal,Баяжуулсан сул коксжих нүүрс,Форвард,4,121.4,166.4,USD,тонн,10649600.0,37.07,10.0,64000.0,reported,Ash (db): ≤12 | Total moisture (ar): ≤10.0 | Volatile (daf): >28.0 | Total sulphur (db): ≤ 0.85 | G index (5:1): ≥75
2026-08-26,C01-2026082603,ER-26170,Энержи Ресурс ХХК,Energy Resources,Энержи Ресурс ХХК,Coal,Нүүрс,Баяжуулсан,Washed coking coal,Баяжуулсан коксжих нүүрс,Форвард,4,1000.0,1285.0,CNY,тонн,16448000.0,28.5,2.0,12800.0,reported,"Ash (dry, %) ≤ 11.0% | Volatile matter (dry, ash free basis, %) >20.0%-28.0% | Sulfur (dry, %) ≤ 0.85% | Total moisture (as received, %) ≤ 10.0% | G index ≥ 75"
2026-08-25,C10-2026082502,2630-WTC,Эрдэнэс Тавантолгой ХК,Erdenes Tavan Tolgoi,Эрдэнэс Тавантолгой ХК,Coal,Нүүрс,Баяжуулсан,Washed non-coking-quality coal,Баяжуулсан коксжих чанаргүй нүүрс,Форвард,4,63.9,70.5,USD,тонн,4512000.0,10.33,10.0,64000.0,reported,Ash (db): ≤25.0 | Total moisture (ar): ≤9.0 | Volatile (daf): <37.0 | Total sulphur (db): ≤1.0 | G index: ≤20 | Calorific value (ar): ≥6000
2026-08-25,C03-2026082501,2627-CO,Эрдэнэс Тавантолгой ХК,Erdenes Tavan Tolgoi,Эрдэнэс Тавантолгой ХК,Coal,Нүүрс,Боловсруулаагүй,Medium-volatile coking coal,"Дэгдэмхий бодис дунд, коксжих нүүрс",Форвард,5,138.0,185.0,USD,тонн,5920000.0,34.06,5.0,32000.0,reported,"Ash (db): 15.0 (-3.0, +3.0) | Total moisture (ar): 3.0 (-2.0, +2.0) | Volatile (daf): >20.0-28.0 | Total sulphur (db): 0.9 (-0.3, +0.5) | G-Index (5:1): >65"
2026-08-25,C02-2026082503,KH-26014,Хангад Эксплорэйшн ХХК,Khangad Exploration,Хангад Эксплорэйшн ХХК,Coal,Нүүрс,Баяжуулсан,Washed semi-soft coking coal,Баяжуулсан сул коксжих нүүрс,Форвард,4,850.0,1210.0,CNY,тонн,15488000.0,42.35,2.0,12800.0,reported,"Ash (dry, %) ≤ 9.5% | Volatile matter (dry, ash free basis, %) > 28.0% | Sulfur (dry, %) ≤ 0.85% | Total moisture (as received, %) ≤ 10.0% | G index ≥65"
2026-08-24,FE03-2026082401,ECM-26-129,Монголросцветмет ТӨҮГ,Mongolrostsvetmet (ex-Erdenes Critical Minerals),Монголросцветмет ТӨҮГ /Эрдэнэс критикал минералс ТӨҮГ/,Iron ore,Төмөр,Хүдэр,Iron ore Fe 52%,Fe-52% Төмрийн хүдэр,Форвард,4,65.0,71.5,USD,тонн,471900.0,10.0,2.0,6600.0,reported,H2O 0.5-1.0% | Al2O3 1%-3% | S 0.02%-0.05% | SiO2 5%-10% | Fe < 52% | TiO2 0.01%-0.08% | P 0.01%-0.03%
2026-08-24,C10-2026082404,ER-26169,Энержи Ресурс ХХК,Energy Resources,Энержи Ресурс ХХК,Coal,Нүүрс,Баяжуулсан,Washed non-coking-quality coal,Баяжуулсан коксжих чанаргүй нүүрс,Форвард,5,480.0,525.0,CNY,тонн,10080000.0,9.38,3.0,19200.0,reported,"Ash (dry, %) ≤ 23.0% | Volatile matter (dry, ash free basis, %) ≤ 37.0% | Sulfur (dry, %) ≤ 1.0% | Total moisture (as received, %) ≤ 9.0% | Calorific Value (Kcal/kg) ≈5500"
2026-08-24,C04-2026082403,26116-13 CO,Эрдэнэс Тавантолгой ХК,Erdenes Tavan Tolgoi,Эрдэнэс Тавантолгой ХК,Coal,Нүүрс,Боловсруулаагүй,1/3 coking coal,1/3 коксжих нүүрс,Форвард,4,97.7,122.7,USD,тонн,47116800.0,25.59,60.0,384000.0,reported,"Ash (db):  16.5 (-2.5, +3.0) | Total moisture (ar): 5.0 (-2.0, +3.0) | Volatile (daf):  >28.0-37.0 | Total sulphur (db): 1.1 (-0.3, +0.5) | G-index (5:1): >65.0"
2026-08-24,C03-2026082401,2626-CO,Эрдэнэс Тавантолгой ХК,Erdenes Tavan Tolgoi,Эрдэнэс Тавантолгой ХК,Coal,Нүүрс,Боловсруулаагүй,Medium-volatile coking coal,"Дэгдэмхий бодис дунд, коксжих нүүрс",Форвард,5,138.0,193.0,USD,тонн,12352000.0,39.86,10.0,64000.0,reported,"Ash (db): 15.0 (-3.0, +3.0) | Total moisture (ar): 3.0 (-2.0, +2.0) | Volatile (daf): >20.0-28.0 | Total sulphur (db): 0.9 (-0.3, +0.5) | G-Index (5:1): >65"
2026-08-24,C02-2026082402,2634-13 WCO,Эрдэнэс Тавантолгой ХК,Erdenes Tavan Tolgoi,Эрдэнэс Тавантолгой ХК,Coal,Нүүрс,Баяжуулсан,Washed semi-soft coking coal,Баяжуулсан сул коксжих нүүрс,Форвард,3,121.4,161.4,USD,тонн,10329600.0,32.95,10.0,64000.0,reported,Ash (db): ≤12 | Total moisture (ar): ≤10.0 | Volatile (daf): >28.0 | Total sulphur (db): ≤ 0.85 | G index (5:1): ≥75
2026-08-21,C03-2026082103,2625-CO,Эрдэнэс Тавантолгой ХК,Erdenes Tavan Tolgoi,Эрдэнэс Тавантолгой ХК,Coal,Нүүрс,Боловсруулаагүй,Medium-volatile coking coal,"Дэгдэмхий бодис дунд, коксжих нүүрс",Форвард,4,138.0,185.0,USD,тонн,5920000.0,34.06,5.0,32000.0,reported,"Ash (db): 15.0 (-3.0, +3.0) | Total moisture (ar): 3.0 (-2.0, +2.0) | Volatile (daf): >20.0-28.0 | Total sulphur (db): 0.9 (-0.3, +0.5) | G-Index (5:1): >65"
2026-08-21,C03-2026082102,2624-CO,Эрдэнэс Тавантолгой ХК,Erdenes Tavan Tolgoi,Эрдэнэс Тавантолгой ХК,Coal,Нүүрс,Боловсруулаагүй,Medium-volatile coking coal,"Дэгдэмхий бодис дунд, коксжих нүүрс",Форвард,5,138.0,182.5,USD,тонн,2336000.0,32.25,2.0,12800.0,reported,"Ash (db): 15.0 (-3.0, +3.0) | Total moisture (ar): 3.0 (-2.0, +2.0) | Volatile (daf): >20.0-28.0 | Total sulphur (db): 0.9 (-0.3, +0.5) | G-Index (5:1): >65"
2026-08-21,C01-2026082101,ER-26168,Энержи Ресурс ХХК,Energy Resources,Энержи Ресурс ХХК,Coal,Нүүрс,Баяжуулсан,Washed coking coal,Баяжуулсан коксжих нүүрс,Форвард,4,950.0,1275.0,CNY,тонн,16320000.0,34.21,2.0,12800.0,reported,"Ash (dry, %) ≤ 11.0% | Volatile matter (dry, ash free basis, %) >20.0%-28.0% | Sulfur (dry, %) ≤ 0.85% | Total moisture (as received, %) ≤ 10.0% | G index ≥ 75"
2026-08-20,FE03-2026082001,ECM-26-128,Монголросцветмет ТӨҮГ,Mongolrostsvetmet (ex-Erdenes Critical Minerals),Монголросцветмет ТӨҮГ /Эрдэнэс критикал минералс ТӨҮГ/,Iron ore,Төмөр,Хүдэр,Iron ore Fe 52%,Fe-52% Төмрийн хүдэр,Форвард,5,65.0,70.5,USD,тонн,465300.0,8.46,2.0,6600.0,reported,H2O 0.5-1.0% | Al2O3 1%-3% | S 0.02%-0.05% | SiO2 5%-10% | Fe < 52% | TiO2 0.01%-0.08% | P 0.01%-0.03%
2026-08-20,C10-2026082002,2629-WTC,Эрдэнэс Тавантолгой ХК,Erdenes Tavan Tolgoi,Эрдэнэс Тавантолгой ХК,Coal,Нүүрс,Баяжуулсан,Washed non-coking-quality coal,Баяжуулсан коксжих чанаргүй нүүрс,Форвард,4,63.9,71.4,USD,тонн,4569600.0,11.74,10.0,64000.0,reported,Ash (db): ≤25.0 | Total moisture (ar): ≤9.0 | Volatile (daf): <37.0 | Total sulphur (db): ≤1.0 | G index: ≤20 | Calorific value (ar): ≥6000
2026-08-20,C03-2026082001,2623-CO,Эрдэнэс Тавантолгой ХК,Erdenes Tavan Tolgoi,Эрдэнэс Тавантолгой ХК,Coal,Нүүрс,Боловсруулаагүй,Medium-volatile coking coal,"Дэгдэмхий бодис дунд, коксжих нүүрс",Форвард,6,138.0,178.5,USD,тонн,11424000.0,29.35,10.0,64000.0,reported,"Ash (db): 15.0 (-3.0, +3.0) | Total moisture (ar): 3.0 (-2.0, +2.0) | Volatile (daf): >20.0-28.0 | Total sulphur (db): 0.9 (-0.3, +0.5) | G-Index (5:1): >65"
2026-08-19,FE03-2026081901,ECM-26-127,Монголросцветмет ТӨҮГ,Mongolrostsvetmet (ex-Erdenes Critical Minerals),Монголросцветмет ТӨҮГ /Эрдэнэс критикал минералс ТӨҮГ/,Iron ore,Төмөр,Хүдэр,Iron ore Fe 52%,Fe-52% Төмрийн хүдэр,Форвард,6,65.0,71.5,USD,тонн,471900.0,10.0,2.0,6600.0,reported,H2O 0.5-1.0% | Al2O3 1%-3% | S 0.02%-0.05% | SiO2 5%-10% | Fe < 52% | TiO2 0.01%-0.08% | P 0.01%-0.03%
2026-08-19,C04-2026081906,TTOA-2026-033,Тавантолгой ХК,Tavan Tolgoi JSC,Тавантолгой ХК,Coal,Нүүрс,Боловсруулаагүй,1/3 coking coal,1/3 коксжих нүүрс,Форвард,8,93.0,131.5,USD,тонн,13465600.0,41.4,16.0,102400.0,reported,"Ash (db): 23.57 (-2.0, +3.0) | Volatile (daf): 31.05 (-2.0, +2.0) | Total sulphur (db): 1.01 (-0.3, +0.2) | G-index (5:1): 76.0 (-10.0, +4.0) | Total moisture (ar): 1.3 (-0.5, +2.5) | Y- index ≤25mm"
2026-08-19,C04-2026081905,TTOA-2026-032,Тавантолгой ХК,Tavan Tolgoi JSC,Тавантолгой ХК,Coal,Нүүрс,Боловсруулаагүй,1/3 coking coal,1/3 коксжих нүүрс,Форвард,10,93.0,142.5,USD,тонн,14592000.0,53.23,16.0,102400.0,reported,"Ash (db): 23.57 (-2.0, +3.0) | Volatile (daf): 31.05 (-2.0, +2.0) | Total sulphur (db): 1.01 (-0.3, +0.2) | G-index (5:1): 76.0 (-10.0, +4.0) | Total moisture (ar): 1.3 (-0.5, +2.5) | Y- index ≤25mm"
2026-08-19,C04-2026081904,TTOA-2026-031,Тавантолгой ХК,Tavan Tolgoi JSC,Тавантолгой ХК,Coal,Нүүрс,Боловсруулаагүй,1/3 coking coal,1/3 коксжих нүүрс,Форвард,6,93.0,134.0,USD,тонн,134643200.0,44.09,157.0,1004800.0,reported,"Ash (db): 23.57 (-2.0, +3.0) | Volatile (daf): 31.05 (-2.0, +2.0) | Total sulphur (db): 1.01 (-0.3, +0.2) | G-index (5:1): 76.0 (-10.0, +4.0) | Total moisture (ar): 1.3 (-0.5, +2.5) | Y- index ≤25mm"
2026-08-19,C03-2026081902,2622-CO,Эрдэнэс Тавантолгой ХК,Erdenes Tavan Tolgoi,Эрдэнэс Тавантолгой ХК,Coal,Нүүрс,Боловсруулаагүй,Medium-volatile coking coal,"Дэгдэмхий бодис дунд, коксжих нүүрс",Форвард,8,138.0,175.5,USD,тонн,5616000.0,27.17,5.0,32000.0,reported,"Ash (db): 15.0 (-3.0, +3.0) | Total moisture (ar): 3.0 (-2.0, +2.0) | Volatile (daf): >20.0-28.0 | Total sulphur (db): 0.9 (-0.3, +0.5) | G-Index (5:1): >65"
2026-08-19,C02-2026081903,2633-13 WCO,Эрдэнэс Тавантолгой ХК,Erdenes Tavan Tolgoi,Эрдэнэс Тавантолгой ХК,Coal,Нүүрс,Баяжуулсан,Washed semi-soft coking coal,Баяжуулсан сул коксжих нүүрс,Форвард,5,121.4,156.4,USD,тонн,10009600.0,28.83,10.0,64000.0,reported,Ash (db): ≤12 | Total moisture (ar): ≤10.0 | Volatile (daf): >28.0 | Total sulphur (db): ≤ 0.85 | G index (5:1): ≥75
2026-08-19,C01-2026081901,ER-26167,Энержи Ресурс ХХК,Energy Resources,Энержи Ресурс ХХК,Coal,Нүүрс,Баяжуулсан,Washed coking coal,Баяжуулсан коксжих нүүрс,Форвард,5,950.0,1200.0,CNY,тонн,15360000.0,26.32,2.0,12800.0,reported,"Ash (dry, %) ≤ 11.0% | Volatile matter (dry, ash free basis, %) >20.0%-28.0% | Sulfur (dry, %) ≤ 0.85% | Total moisture (as received, %) ≤ 10.0% | G index ≥ 75"
2026-08-18,FE01-2026081801,ECM-26-126,Монголросцветмет ТӨҮГ,Mongolrostsvetmet (ex-Erdenes Critical Minerals),Монголросцветмет ТӨҮГ /Эрдэнэс критикал минералс ТӨҮГ/,Iron ore,Төмөр,Хүдэр,Iron ore Fe 52%,Fe-52% Төмрийн хүдэр,Спот,8,72.0,80.0,USD,тонн,264000.0,11.11,1.0,3300.0,reported,H2O 0.5-1.0% | Al2O3 1%-3% | S 0.02%-0.05% | SiO2 5%-10% | Fe < 52% | TiO2 0.01%-0.08% | P 0.01%-0.03%
2026-08-18,C10-2026081803,2628-WTC,Эрдэнэс Тавантолгой ХК,Erdenes Tavan Tolgoi,Эрдэнэс Тавантолгой ХК,Coal,Нүүрс,Баяжуулсан,Washed non-coking-quality coal,Баяжуулсан коксжих чанаргүй нүүрс,Форвард,4,63.9,68.4,USD,тонн,4377600.0,7.04,10.0,64000.0,reported,Ash (db): ≤25.0 | Total moisture (ar): ≤9.0 | Volatile (daf): <37.0 | Total sulphur (db): ≤1.0 | G index: ≤20 | Calorific value (ar): ≥6000
2026-08-18,C03-2026081802,2621-CO,Эрдэнэс Тавантолгой ХК,Erdenes Tavan Tolgoi,Эрдэнэс Тавантолгой ХК,Coal,Нүүрс,Боловсруулаагүй,Medium-volatile coking coal,"Дэгдэмхий бодис дунд, коксжих нүүрс",Форвард,8,138.0,174.0,USD,тонн,11136000.0,26.09,10.0,64000.0,reported,"Ash (db): 15.0 (-3.0, +3.0) | Total moisture (ar): 3.0 (-2.0, +2.0) | Volatile (daf): >20.0-28.0 | Total sulphur (db): 0.9 (-0.3, +0.5) | G-Index (5:1): >65"
2026-08-17,FE03-2026081701,ECM-26-125,Монголросцветмет ТӨҮГ,Mongolrostsvetmet (ex-Erdenes Critical Minerals),Монголросцветмет ТӨҮГ /Эрдэнэс критикал минералс ТӨҮГ/,Iron ore,Төмөр,Хүдэр,Iron ore Fe 52%,Fe-52% Төмрийн хүдэр,Спот,9,72.0,77.0,USD,тонн,254100.0,6.94,1.0,3300.0,reported,H2O 0.5-1.0% | Al2O3 1%-3% | S 0.02%-0.05% | SiO2 5%-10% | Fe < 52% | TiO2 0.01%-0.08% | P 0.01%-0.03%
2026-08-17,C08-2026081702,AND-7,Андын Илч ХХК,Андын Илч ХХК,Андын Илч ХХК,Coal,Нүүрс,Боловсруулаагүй,Чийг багатай хүрэн нүүрс,Чийг багатай хүрэн нүүрс,Форвард,1,180.0,180.0,CNY,тонн,19584000.0,0.0,17.0,108800.0,reported,"Sulfur (DB, %) >1,73% (+1%, -1%) | Calorific Value (Kcal/kg) (Qnet, AR)>3500-4000 | Total Moisture (AR, %) ≤30,0 | Ash (DB, %) >34,5% (+2%, -2%) | Volatile matter (DAF, %) >37,0"
2026-08-17,C03-2026081703,2620-CO,Эрдэнэс Тавантолгой ХК,Erdenes Tavan Tolgoi,Эрдэнэс Тавантолгой ХК,Coal,Нүүрс,Боловсруулаагүй,Medium-volatile coking coal,"Дэгдэмхий бодис дунд, коксжих нүүрс",Форвард,9,138.0,172.0,USD,тонн,5504000.0,24.64,5.0,32000.0,reported,"Ash (db): 15.0 (-3.0, +3.0) | Total moisture (ar): 3.0 (-2.0, +2.0) | Volatile (daf): >20.0-28.0 | Total sulphur (db): 0.9 (-0.3, +0.5) | G-Index (5:1): >65"
2026-08-17,C02-2026081704,2632-13 WCO,Эрдэнэс Тавантолгой ХК,Erdenes Tavan Tolgoi,Эрдэнэс Тавантолгой ХК,Coal,Нүүрс,Баяжуулсан,Washed semi-soft coking coal,Баяжуулсан сул коксжих нүүрс,Форвард,6,121.4,151.4,USD,тонн,9689600.0,24.71,10.0,64000.0,reported,Ash (db): ≤12 | Total moisture (ar): ≤10.0 | Volatile (daf): >28.0 | Total sulphur (db): ≤ 0.85 | G index (5:1): ≥75
2026-08-17,C01-2026081701,ER-26166,Энержи Ресурс ХХК,Energy Resources,Энержи Ресурс ХХК,Coal,Нүүрс,Баяжуулсан,Washed coking coal,Баяжуулсан коксжих нүүрс,Форвард,6,950.0,1175.0,CNY,тонн,15040000.0,23.68,2.0,12800.0,reported,"Ash (dry, %) ≤ 11.0% | Volatile matter (dry, ash free basis, %) >20.0%-28.0% | Sulfur (dry, %) ≤ 0.85% | Total moisture (as received, %) ≤ 10.0% | G index ≥ 75"
2026-08-14,FE03-2026081401,ECM-26-124,Монголросцветмет ТӨҮГ,Mongolrostsvetmet (ex-Erdenes Critical Minerals),Монголросцветмет ТӨҮГ /Эрдэнэс критикал минералс ТӨҮГ/,Iron ore,Төмөр,Хүдэр,Iron ore Fe 52%,Fe-52% Төмрийн хүдэр,Форвард,4,65.0,69.0,USD,тонн,455400.0,6.15,2.0,6600.0,reported,H2O 0.5-1.0% | Al2O3 1%-3% | S 0.02%-0.05% | SiO2 5%-10% | Fe < 52% | TiO2 0.01%-0.08% | P 0.01%-0.03%
2026-08-14,C03-2026081402,2619- CO,Эрдэнэс Тавантолгой ХК,Erdenes Tavan Tolgoi,Эрдэнэс Тавантолгой ХК,Coal,Нүүрс,Боловсруулаагүй,Medium-volatile coking coal,"Дэгдэмхий бодис дунд, коксжих нүүрс",Форвард,7,141.1,171.1,USD,тонн,2190080.0,21.26,2.0,12800.0,reported,Ash (db): 15.0 (-3.0 | +3.0) | Total moisture (ar): 3.0 (-2.0 | +2.0) | Volatile (daf): >20.0-28.0 | Total sulphur (db): 0.9 (-0.3 | +0.5) | G-Index (5:1):  >65
2026-08-14,C01-2026081401,ER-26165,Энержи Ресурс ХХК,Energy Resources,Энержи Ресурс ХХК,Coal,Нүүрс,Баяжуулсан,Washed coking coal,Баяжуулсан коксжих нүүрс,Форвард,6,950.0,1155.0,CNY,тонн,14784000.0,21.58,2.0,12800.0,reported,"Ash (dry, %) ≤ 11.0% | Volatile matter (dry, ash free basis, %) >20.0%-28.0% | Sulfur (dry, %) ≤ 0.85% | Total moisture (as received, %) ≤ 10.0% | G index ≥ 75"
2026-08-13,C10-2026081302,2627-WTC,Эрдэнэс Тавантолгой ХК,Erdenes Tavan Tolgoi,Эрдэнэс Тавантолгой ХК,Coal,Нүүрс,Баяжуулсан,Washed non-coking-quality coal,Баяжуулсан коксжих чанаргүй нүүрс,Форвард,5,63.7,70.6,USD,тонн,4518400.0,10.83,10.0,64000.0,reported,Ash (db): ≤25.0 | Total moisture (ar): ≤9.0 | Volatile (daf): <37.0 | Total sulphur (db): ≤1.0 | G index: ≤20 | Calorific value (ar): ≥6000
2026-08-13,C06-2026081301,ER-26164,Энержи Ресурс ХХК,Energy Resources,Энержи Ресурс ХХК,Coal,Нүүрс,Баяжуулсан,Washed medium-ash semi-hard coking coal,"Баяжуулсан дунд зэрэг үнстэй, хагас хатуу коксжих нүүрс",Форвард,5,450.0,500.0,CNY,тонн,9600000.0,11.11,3.0,19200.0,reported,"Ash (dry, %) ≤ 25.0% | Volatile matter (dry, ash free basis, %)>10.0%-28.0% | Sulfur (dry, %) ≤ 1.0% | Total moisture (as received, %) ≤ 10.0% | G index >20-60 | Calorific Value (Kcal/kg) ≈5500"
2026-08-12,FE03-2026081201,ECM-26-123,Монголросцветмет ТӨҮГ,Mongolrostsvetmet (ex-Erdenes Critical Minerals),Монголросцветмет ТӨҮГ /Эрдэнэс критикал минералс ТӨҮГ/,Iron ore,Төмөр,Хүдэр,Iron ore Fe 52%,Fe-52% Төмрийн хүдэр,Форвард,5,65.0,71.0,USD,тонн,468600.0,9.23,2.0,6600.0,reported,H2O 0.5-1.0% | Al2O3 1%-3% | S 0.02%-0.05% | SiO2 5%-10% | Fe < 52% | TiO2 0.01%-0.08% | P 0.01%-0.03%
2026-08-12,C04-2026081203,MAK-003-2026,Монголын Алт (МАК) ХХК,Монголын Алт (МАК) ХХК,Монголын Алт (МАК) ХХК,Coal,Нүүрс,Боловсруулаагүй,1/3 coking coal,1/3 коксжих нүүрс,Спот,1,520.0,520.0,CNY,тонн,13312000.0,0.0,4.0,25600.0,reported,"Бөсөх индекс G >75 | Дэгдэмхий Vdaf (%) >28-37% | Үнслэг Ad, % <9 | Хүхэр Std, % <0.9 | Нийт чийг Wt,% <8 | Бодит илчлэг Qarnet ≥5833 | Эрдэсийн зүйлгүй чийгтэй жинд тооцсон илчлэг Qgr,d ≥6500 | Харимхай үеийн зузаан Y (mm) 9-10"
2026-08-12,C02-2026081202,2631-13 WCO,Эрдэнэс Тавантолгой ХК,Erdenes Tavan Tolgoi,Эрдэнэс Тавантолгой ХК,Coal,Нүүрс,Баяжуулсан,Washed semi-soft coking coal,Баяжуулсан сул коксжих нүүрс,Форвард,4,121.0,143.5,USD,тонн,9184000.0,18.6,10.0,64000.0,reported,Ash (db): ≤12% | Total moisture (ar): ≤10.0 | Volatile (daf): >28.0 | Total sulphur (db): ≤ 0.85 | G index (5:1): ≥75
2026-08-12,C01-2026081201,ER-26163,Энержи Ресурс ХХК,Energy Resources,Энержи Ресурс ХХК,Coal,Нүүрс,Баяжуулсан,Washed coking coal,Баяжуулсан коксжих нүүрс,Форвард,4,950.0,1100.0,CNY,тонн,14080000.0,15.79,2.0,12800.0,reported,"Ash (dry, %) ≤ 11.0% | Volatile matter (dry, ash free basis, %) >20.0%-28.0% | Sulfur (dry, %) ≤ 0.85% | Total moisture (as received, %) ≤ 10.0% | G index ≥ 75"
2026-08-11,FE01-2026081101,ECM-26-122,Монголросцветмет ТӨҮГ,Mongolrostsvetmet (ex-Erdenes Critical Minerals),Монголросцветмет ТӨҮГ /Эрдэнэс критикал минералс ТӨҮГ/,Iron ore,Төмөр,Баяжмал,Iron concentrate Fe 65%,Fe-65% Төмрийн баяжмал,Форвард,3,85.0,88.5,USD,тонн,1752300.0,4.12,6.0,19800.0,reported,H2O 7-10% | Al2O3 0.4%-1% | S 0.02%-0.08% | SiO2 3%-8% | Fe <65% | TiO2 0.01%-0.08% | P 0.01%-0.03%
2026-08-11,C10-2026081103,2626-WTC,Эрдэнэс Тавантолгой ХК,Erdenes Tavan Tolgoi,Эрдэнэс Тавантолгой ХК,Coal,Нүүрс,Баяжуулсан,Washed non-coking-quality coal,Баяжуулсан коксжих чанаргүй нүүрс,Форвард,5,63.7,69.4,USD,тонн,4441600.0,8.95,10.0,64000.0,reported,Ash (db): ≤25.0 | Total moisture (ar): ≤9.0 | Volatile (daf): <37.0 | Total sulphur (db): ≤1.0 | G index: ≤20 | Calorific value (ar): ≥6000
2026-08-11,C06-2026081102,ER-26162,Энержи Ресурс ХХК,Energy Resources,Энержи Ресурс ХХК,Coal,Нүүрс,Баяжуулсан,Washed medium-ash semi-hard coking coal,"Баяжуулсан дунд зэрэг үнстэй, хагас хатуу коксжих нүүрс",Форвард,4,450.0,505.0,CNY,тонн,9696000.0,12.22,3.0,19200.0,reported,"Ash (dry, %) ≤ 25.0% | Volatile matter (dry, ash free basis, %)>10.0%-28.0% | Sulfur (dry, %) ≤ 1.0% | Total moisture (as received, %) ≤ 10.0% | G index >20-60 | Calorific Value (Kcal/kg) ≈5500"
2026-08-11,C05-2026081104,2624-TC,Эрдэнэс Тавантолгой ХК,Erdenes Tavan Tolgoi,Эрдэнэс Тавантолгой ХК,Coal,Нүүрс,Боловсруулаагүй,"Thermal coal (bituminous, non-caking)","Эрчим хүчний нүүрс /Битумт, үл барьцалдах нүүрс/",Форвард,2,58.4,58.4,USD,тонн,7475200.0,0.0,20.0,128000.0,reported,Total moisture (ar): ≤9.0 | Volatile (daf): >20-37.0 | Total sulphur (db): 1.5 (-0.3 | +0.5) | Calorific value (ar) : 5500 (-500 | +500) | G-Index (5:1):  ≤30.0
2026-08-11,C01-2026081101,ER-26161,Энержи Ресурс ХХК,Energy Resources,Энержи Ресурс ХХК,Coal,Нүүрс,Баяжуулсан,Washed coking coal,Баяжуулсан коксжих нүүрс,Форвард,5,950.0,1060.0,CNY,тонн,13568000.0,11.58,2.0,12800.0,reported,"Ash (dry, %) ≤ 11.0% | Volatile matter (dry, ash free basis, %) >20.0%-28.0% | Sulfur (dry, %) ≤ 0.85% | Total moisture (as received, %) ≤ 10.0% | G index ≥ 75"
2026-08-10,FE03-2026081001,ECM-26-121,Монголросцветмет ТӨҮГ,Mongolrostsvetmet (ex-Erdenes Critical Minerals),Монголросцветмет ТӨҮГ /Эрдэнэс критикал минералс ТӨҮГ/,Iron ore,Төмөр,Хүдэр,Iron ore Fe 52%,Fe-52% Төмрийн хүдэр,Форвард,6,65.0,71.0,USD,тонн,468600.0,9.23,2.0,6600.0,reported,H2O 0.5-1.0% | Al2O3 1%-3% | S 0.02%-0.05% | SiO2 5%-10% | Fe < 52% | TiO2 0.01%-0.08% | P 0.01%-0.03%
2026-08-10,C06-2026081001,ER-26160,Энержи Ресурс ХХК,Energy Resources,Энержи Ресурс ХХК,Coal,Нүүрс,Баяжуулсан,Washed medium-ash semi-hard coking coal,"Баяжуулсан дунд зэрэг үнстэй, хагас хатуу коксжих нүүрс",Форвард,3,450.0,470.0,CNY,тонн,9024000.0,4.44,3.0,19200.0,reported,"Ash (dry, %) ≤ 25.0% | Volatile matter (dry, ash free basis, %)>10.0%-28.0% | Sulfur (dry, %) ≤ 1.0% | Total moisture (as received, %) ≤ 10.0% | G index >20-60 | Calorific Value (Kcal/kg) ≈5500"
2026-08-10,C02-2026081002,2630-13 WCO,Эрдэнэс Тавантолгой ХК,Erdenes Tavan Tolgoi,Эрдэнэс Тавантолгой ХК,Coal,Нүүрс,Баяжуулсан,Washed semi-soft coking coal,Баяжуулсан сул коксжих нүүрс,Форвард,5,121.0,142.5,USD,тонн,9120000.0,17.77,10.0,64000.0,reported,Ash (db): ≤12% | Total moisture (ar): ≤10.0 | Volatile (daf): >28.0 | Total sulphur (db): ≤ 0.85 | G index (5:1): ≥75
2026-08-07,FE03-2026080701,ECM-26-117,Монголросцветмет ТӨҮГ,Mongolrostsvetmet (ex-Erdenes Critical Minerals),Монголросцветмет ТӨҮГ /Эрдэнэс критикал минералс ТӨҮГ/,Iron ore,Төмөр,Хүдэр,Iron ore Fe 52%,Fe-52% Төмрийн хүдэр,Форвард,4,65.0,71.0,USD,тонн,2343000.0,9.23,10.0,33000.0,reported,H2O 0.5-1.0% | Al2O3 1%-3% | S 0.02%-0.05% | SiO2 5%-10% | Fe < 52% | TiO2 0.01%-0.08% | P 0.01%-0.03%
2026-08-07,FE01-2026080702,ECM-26-132,Монголросцветмет ТӨҮГ,Mongolrostsvetmet (ex-Erdenes Critical Minerals),Монголросцветмет ТӨҮГ /Эрдэнэс критикал минералс ТӨҮГ/,Iron ore,Төмөр,Баяжмал,Iron concentrate Fe 65%,Fe-65% Төмрийн баяжмал,Форвард,3,85.0,85.5,USD,тонн,1692900.0,0.59,6.0,19800.0,reported,H2O 7-10% | Al2O3 0.4%-1% | S 0.02%-0.08% | SiO2 3%-8% | Fe < 65% | TiO2 0.01%-0.08% | P 0.01%-0.03%
2026-08-07,C05-2026080703,2623-TC,Эрдэнэс Тавантолгой ХК,Erdenes Tavan Tolgoi,Эрдэнэс Тавантолгой ХК,Coal,Нүүрс,Боловсруулаагүй,"Thermal coal (bituminous, non-caking)","Эрчим хүчний нүүрс /Битумт, үл барьцалдах нүүрс/",Форвард,5,63.7,68.5,USD,тонн,8768000.0,7.54,20.0,128000.0,reported,Total moisture (ar): ≤9.0 | Volatile (daf): >20-37.0 | Total sulphur (db): 1.5 (-0.3 | +0.5) | Calorific value (ar) : ≥6000 | G-Index (5:1):  ≤30.0
2026-08-07,C03-2026080702,2618- CO,Эрдэнэс Тавантолгой ХК,Erdenes Tavan Tolgoi,Эрдэнэс Тавантолгой ХК,Coal,Нүүрс,Боловсруулаагүй,Medium-volatile coking coal,"Дэгдэмхий бодис дунд, коксжих нүүрс",Форвард,9,141.1,160.6,USD,тонн,2055680.0,13.82,2.0,12800.0,reported,Ash (db): 15.0 (-3.0 | +3.0) | Total moisture (ar): 3.0 (-2.0 | +2.0) | Volatile (daf): >20.0-28.0 | Total sulphur (db): 0.9 (-0.3 | +0.5) | G-Index (5:1):  >65
2026-08-07,C02-2026080704,2629-13 WCO,Эрдэнэс Тавантолгой ХК,Erdenes Tavan Tolgoi,Эрдэнэс Тавантолгой ХК,Coal,Нүүрс,Баяжуулсан,Washed semi-soft coking coal,Баяжуулсан сул коксжих нүүрс,Форвард,6,121.0,138.5,USD,тонн,8864000.0,14.46,10.0,64000.0,reported,Ash (db): ≤12% | Total moisture (ar): ≤10.0 | Volatile (daf): >28.0 | Total sulphur (db): ≤ 0.85 | G index (5:1): ≥75
2026-08-07,C01-2026080701,ER-26159,Энержи Ресурс ХХК,Energy Resources,Энержи Ресурс ХХК,Coal,Нүүрс,Баяжуулсан,Washed coking coal,Баяжуулсан коксжих нүүрс,Форвард,7,950.0,1045.0,CNY,тонн,13376000.0,10.0,2.0,12800.0,reported,"Ash (dry, %) ≤ 11.0% | Volatile matter (dry, ash free basis, %) >20.0%-28.0% | Sulfur (dry, %) ≤ 0.85% | Total moisture (as received, %) ≤ 10.0% | G index ≥ 75"
2026-08-06,FE03-2026080601,ECM-26-120,Монголросцветмет ТӨҮГ,Mongolrostsvetmet (ex-Erdenes Critical Minerals),Монголросцветмет ТӨҮГ /Эрдэнэс критикал минералс ТӨҮГ/,Iron ore,Төмөр,Хүдэр,Iron ore Fe 52%,Fe-52% Төмрийн хүдэр,Форвард,3,65.0,67.5,USD,тонн,445500.0,3.85,2.0,6600.0,reported,H2O 0.5-1.0% | Al2O3 1%-3% | S 0.02%-0.05% | SiO2 5%-10% | Fe < 52% | TiO2 0.01%-0.08% | P 0.01%-0.03%
2026-08-06,C10-2026080603,2625-WTC,Эрдэнэс Тавантолгой ХК,Erdenes Tavan Tolgoi,Эрдэнэс Тавантолгой ХК,Coal,Нүүрс,Баяжуулсан,Washed non-coking-quality coal,Баяжуулсан коксжих чанаргүй нүүрс,Форвард,5,63.7,70.0,USD,тонн,4480000.0,9.89,10.0,64000.0,reported,Ash (db): ≤25.0 | Total moisture (ar): ≤9.0 | Volatile (daf): <37.0 | Total sulphur (db): ≤1.0 | G index: ≤20 | Calorific value (ar): ≥6000
2026-08-06,C06-2026080601,ER-26158,Энержи Ресурс ХХК,Energy Resources,Энержи Ресурс ХХК,Coal,Нүүрс,Баяжуулсан,Washed medium-ash semi-hard coking coal,"Баяжуулсан дунд зэрэг үнстэй, хагас хатуу коксжих нүүрс",Форвард,4,450.0,460.0,CNY,тонн,8832000.0,2.22,3.0,19200.0,reported,"Ash (dry, %) ≤ 25.0% | Volatile matter (dry, ash free basis, %)>10.0%-28.0% | Sulfur (dry, %) ≤ 1.0% | Total moisture (as received, %) ≤ 10.0% | G index >20-60 | Calorific Value (Kcal/kg) ≈5500"
2026-08-06,C05-2026080604,2622-TC,Эрдэнэс Тавантолгой ХК,Erdenes Tavan Tolgoi,Эрдэнэс Тавантолгой ХК,Coal,Нүүрс,Боловсруулаагүй,"Thermal coal (bituminous, non-caking)","Эрчим хүчний нүүрс /Битумт, үл барьцалдах нүүрс/",Форвард,3,63.7,65.8,USD,тонн,8422400.0,3.3,20.0,128000.0,reported,Total moisture (ar): ≤9.0 | Volatile (daf): >20-37.0 | Total sulphur (db): 1.5 (-0.3 | +0.5) | Calorific value (ar) : ≥6000 | G-Index (5:1):  ≤30.0
2026-08-06,C04-2026080605,26115-13 CO,Эрдэнэс Тавантолгой ХК,Erdenes Tavan Tolgoi,Эрдэнэс Тавантолгой ХК,Coal,Нүүрс,Боловсруулаагүй,1/3 coking coal,1/3 коксжих нүүрс,Форвард,7,81.9,98.4,USD,тонн,50380800.0,20.15,80.0,512000.0,reported,Ash (db):  22.0 (-3.0 | +3.0) | Total moisture (ar): 5.0 (-2.0 | +3.0) | Volatile (daf):  >28.0-37.0 | Total sulphur (db): 1.1 (-0.3 | +0.5) | G-index (5:1): >65.0
2026-08-06,C04-2026080602,26114-13 CO,Эрдэнэс Тавантолгой ХК,Erdenes Tavan Tolgoi,Эрдэнэс Тавантолгой ХК,Coal,Нүүрс,Боловсруулаагүй,1/3 coking coal,1/3 коксжих нүүрс,Форвард,8,90.5,120.5,USD,тонн,30848000.0,33.15,40.0,256000.0,reported,Ash (db):  16.5 (-2.5 | +3.0) | Total moisture (ar): 5.0 (-2.0 | +3.0) | Volatile (daf):  >28.0-37.0 | Total sulphur (db): 1.1 (-0.3 | +0.5) | G-index (5:1): >65.0
2026-08-05,FE01-2026080501,ECM-26-119,Монголросцветмет ТӨҮГ,Mongolrostsvetmet (ex-Erdenes Critical Minerals),Монголросцветмет ТӨҮГ /Эрдэнэс критикал минералс ТӨҮГ/,Iron ore,Төмөр,Баяжмал,Iron concentrate Fe 65%,Fe-65% Төмрийн баяжмал,Форвард,3,85.0,87.0,USD,тонн,1722600.0,2.35,6.0,19800.0,reported,H2O 7-10% | Al2O3 0.4%-1% | S 0.02%-0.08% | SiO2 3%-8% | Fe <65% | TiO2 0.01%-0.08% | P 0.01%-0.03%
2026-08-05,C10-2026080505,2624-WTC,Эрдэнэс Тавантолгой ХК,Erdenes Tavan Tolgoi,Эрдэнэс Тавантолгой ХК,Coal,Нүүрс,Баяжуулсан,Washed non-coking-quality coal,Баяжуулсан коксжих чанаргүй нүүрс,Форвард,6,63.7,71.5,USD,тонн,4576000.0,12.24,10.0,64000.0,reported,Ash (db): ≤25.0 | Total moisture (ar): ≤9.0 | Volatile (daf): <37.0 | Total sulphur (db): ≤1.0 | G index: ≤20 | Calorific value (ar): ≥6000
2026-08-05,C04-2026080504,26113-13 CO,Эрдэнэс Тавантолгой ХК,Erdenes Tavan Tolgoi,Эрдэнэс Тавантолгой ХК,Coal,Нүүрс,Боловсруулаагүй,1/3 coking coal,1/3 коксжих нүүрс,Форвард,8,90.5,122.5,USD,тонн,31360000.0,35.36,40.0,256000.0,reported,Ash (db):  16.5 (-2.5 | +3.0) | Total moisture (ar): 5.0 (-2.0 | +3.0) | Volatile (daf):  >28.0-37.0 | Total sulphur (db): 1.1 (-0.3 | +0.5) | G-index (5:1): >65.0
2026-08-05,C04-2026080502,26112-13 CO,Эрдэнэс Тавантолгой ХК,Erdenes Tavan Tolgoi,Эрдэнэс Тавантолгой ХК,Coal,Нүүрс,Боловсруулаагүй,1/3 coking coal,1/3 коксжих нүүрс,Форвард,5,72.8,86.8,USD,тонн,44441600.0,19.23,80.0,512000.0,reported,Ash (db):  26.0 (-3.0 | +3.0) | Total moisture (ar): 5.0 (-2.0 | +3.0) | Volatile (daf):  >28.0-37.0 | Total sulphur (db): 1.1 (-0.3 | +0.5) | G-index (5:1): >65.0
2026-08-05,C02-2026080503,2628-13 WCO,Эрдэнэс Тавантолгой ХК,Erdenes Tavan Tolgoi,Эрдэнэс Тавантолгой ХК,Coal,Нүүрс,Баяжуулсан,Washed semi-soft coking coal,Баяжуулсан сул коксжих нүүрс,Форвард,5,121.0,132.0,USD,тонн,8448000.0,9.09,10.0,64000.0,reported,Ash (db): ≤12% | Total moisture (ar): ≤10.0 | Volatile (daf): >28.0 | Total sulphur (db): ≤ 0.85 | G index (5:1): ≥75
2026-08-05,C01-2026080501,ER-26157,Энержи Ресурс ХХК,Energy Resources,Энержи Ресурс ХХК,Coal,Нүүрс,Баяжуулсан,Washed coking coal,Баяжуулсан коксжих нүүрс,Форвард,5,950.0,1025.0,CNY,тонн,13120000.0,7.89,2.0,12800.0,reported,"Ash (dry, %) ≤ 11.0% | Volatile matter (dry, ash free basis, %) >20.0%-28.0% | Sulfur (dry, %) ≤ 0.85% | Total moisture (as received, %) ≤ 10.0% | G index ≥ 75"
2026-08-04,FE03-2026080401,ECM-26-118,Монголросцветмет ТӨҮГ,Mongolrostsvetmet (ex-Erdenes Critical Minerals),Монголросцветмет ТӨҮГ /Эрдэнэс критикал минералс ТӨҮГ/,Iron ore,Төмөр,Хүдэр,Iron ore Fe 52%,Fe-52% Төмрийн хүдэр,Форвард,4,65.0,67.0,USD,тонн,442200.0,3.08,2.0,6600.0,reported,H2O 0.5-1.0% | Al2O3 1%-3% | S 0.02%-0.05% | SiO2 5%-10% | Fe < 52% | TiO2 0.01%-0.08% | P 0.01%-0.03%
2026-08-04,C06-2026080402,ER-26156,Энержи Ресурс ХХК,Energy Resources,Энержи Ресурс ХХК,Coal,Нүүрс,Баяжуулсан,Washed medium-ash semi-hard coking coal,"Баяжуулсан дунд зэрэг үнстэй, хагас хатуу коксжих нүүрс",Форвард,3,450.0,460.0,CNY,тонн,8832000.0,2.22,3.0,19200.0,reported,"Ash (dry, %) ≤ 25.0% | Volatile matter (dry, ash free basis, %)>10.0%-28.0% | Sulfur (dry, %) ≤ 1.0% | Total moisture (as received, %) ≤ 10.0% | G index >20-60 | Calorific Value (Kcal/kg) ≈5500"
2026-08-04,C01-2026080401,ER-26155,Энержи Ресурс ХХК,Energy Resources,Энержи Ресурс ХХК,Coal,Нүүрс,Баяжуулсан,Washed coking coal,Баяжуулсан коксжих нүүрс,Форвард,7,950.0,1020.0,CNY,тонн,13056000.0,7.37,2.0,12800.0,reported,"Ash (dry, %) ≤ 11.0% | Volatile matter (dry, ash free basis, %) >20.0%-28.0% | Sulfur (dry, %) ≤ 0.85% | Total moisture (as received, %) ≤ 10.0% | G index ≥ 75"
2026-08-03,C06-2026080302,ER-26154,Энержи Ресурс ХХК,Energy Resources,Энержи Ресурс ХХК,Coal,Нүүрс,Баяжуулсан,Washed medium-ash semi-hard coking coal,"Баяжуулсан дунд зэрэг үнстэй, хагас хатуу коксжих нүүрс",Форвард,2,450.0,455.0,CNY,тонн,8736000.0,1.11,3.0,19200.0,reported,"Ash (dry, %) ≤ 25.0% | Volatile matter (dry, ash free basis, %)>10.0%-28.0% | Sulfur (dry, %) ≤ 1.0% | Total moisture (as received, %) ≤ 10.0% | G index >20-60 | Calorific Value (Kcal/kg) ≈5500"
2026-08-03,C02-2026080301,KH-26013,Хангад Эксплорэйшн ХХК,Khangad Exploration,Хангад Эксплорэйшн ХХК,Coal,Нүүрс,Баяжуулсан,Washed semi-soft coking coal,Баяжуулсан сул коксжих нүүрс,Форвард,3,800.0,915.0,CNY,тонн,11712000.0,14.38,2.0,12800.0,reported,"Ash (dry, %) ≤ 9.5% | Volatile matter (dry, ash free basis, %) > 28.0% | Sulfur (dry, %) ≤ 0.85% | Total moisture (as received, %) ≤ 10.0% | G index ≥65"
2026-07-31,CU01-2026073101,ERD-08-2026,Эрдэнэт Үйлдвэр ТӨҮГ,Erdenet Mining Corporation,Эрдэнэт Үйлдвэр ТӨҮГ,Copper,Зэс,Баяжмал,Copper concentrate (22.35% Cu),22.35%-ийн зэсийн агуулгатай баяжмал,Форвард,3,3097.93,3302.93,USD,тонн,20947182.0,6.62,7.0,6342.0,reported,Зэс /Cu/ 22.35% | Мөнгө /Ag/ 78 гр/тн | Хүнцэл /As/ <0.3% | Чийглэг /moisture/ 9.4% | Молибден /Мо/ <0.15% | Төмөр /Fe/ <30% | Цайр /Zn/ <0.7% | Хар тугалга /Pb/ <1.4% | Хүхэр /S/ <37% | Алт /Au/ <0.3 гр/тн | Хөнгөн цагаан /Al/ <2.0%
2026-07-31,C06-2026073103,ER-26153,Энержи Ресурс ХХК,Energy Resources,Энержи Ресурс ХХК,Coal,Нүүрс,Баяжуулсан,Washed medium-ash semi-hard coking coal,"Баяжуулсан дунд зэрэг үнстэй, хагас хатуу коксжих нүүрс",Форвард,3,450.0,460.0,CNY,тонн,8832000.0,2.22,3.0,19200.0,reported,"Ash (dry, %) ≤ 25.0% | Volatile matter (dry, ash free basis, %) >10.0%-28.0% | Sulfur (dry, %) ≤ 1.0% | Total moisture (as received, %) ≤ 10.0% | G index >20-60 | Calorific Value (Kcal/kg) ≈5500"
2026-07-31,C04-2026073101,2617-CO,Эрдэнэс Тавантолгой ХК,Erdenes Tavan Tolgoi,Эрдэнэс Тавантолгой ХК,Coal,Нүүрс,Боловсруулаагүй,Medium-volatile coking coal,"Дэгдэмхий бодис дунд, коксжих нүүрс",Форвард,7,136.9,155.9,USD,тонн,1995520.0,13.88,2.0,12800.0,reported,Ash (db): 15.0 (-3.0 | +3.0) | Total moisture (ar): 3.0 (-2.0 | +2.0) | Volatile (daf): >20.0-28.0 | Total sulphur (db): 0.9 (-0.3 | +0.5) | G-Index (5:1): >65
2026-07-31,C02-2026073102,2627-13 WCO,Эрдэнэс Тавантолгой ХК,Erdenes Tavan Tolgoi,Эрдэнэс Тавантолгой ХК,Coal,Нүүрс,Баяжуулсан,Washed semi-soft coking coal,Баяжуулсан сул коксжих нүүрс,Форвард,6,124.9,135.9,USD,тонн,4348800.0,8.81,5.0,32000.0,reported,Ash (db): ≤12 | Total moisture (ar): ≤10.0 | Volatile (daf): >28.0 | Total sulphur (db): ≤ 0.85 | G index (5:1): ≥75
2026-07-30,C10-2026073001,2623-WTC,Эрдэнэс Тавантолгой ХК,Erdenes Tavan Tolgoi,Эрдэнэс Тавантолгой ХК,Coal,Нүүрс,Баяжуулсан,Washed non-coking-quality coal,Баяжуулсан коксжих чанаргүй нүүрс,Форвард,5,64.6,69.7,USD,тонн,2230400.0,7.89,5.0,32000.0,reported,Ash (db): ≤25.0 | Total moisture (ar): ≤9.0 | Volatile (daf): <37.0 | Total sulphur (db): ≤1.0 | G index: ≤20 | Calorific value (ar): ≥6000
2026-07-30,C04-2026073002,26111-13 CO,Эрдэнэс Тавантолгой ХК,Erdenes Tavan Tolgoi,Эрдэнэс Тавантолгой ХК,Coal,Нүүрс,Боловсруулаагүй,1/3 coking coal,1/3 коксжих нүүрс,Форвард,5,72.6,87.1,USD,тонн,2787200.0,19.97,5.0,32000.0,reported,Ash (db):  26.0 (-3.0 | +3.0) | Total moisture (ar): 5.0 (-2.0 | +3.0) | Volatile (daf):  >28.0-37.0 | Total sulphur (db): 1.0 (-0.3 | +0.5) | G-index (5:1): >65.0
2026-07-30,C01-2026073003,ER-26152,Энержи Ресурс ХХК,Energy Resources,Энержи Ресурс ХХК,Coal,Нүүрс,Баяжуулсан,Washed coking coal,Баяжуулсан коксжих нүүрс,Форвард,6,950.0,1010.0,CNY,тонн,12928000.0,6.32,2.0,12800.0,reported,"Ash (dry, %) ≤ 11.0% | Volatile matter (dry, ash free basis, %) >20.0%-28.0% | Sulfur (dry, %) ≤ 0.85% | Total moisture (as received, %) ≤ 10.0% | G index ≥ 75"
2026-07-29,CU01-2026072901,ERD-07-2026,Эрдэнэт Үйлдвэр ТӨҮГ,Erdenet Mining Corporation,Эрдэнэт Үйлдвэр ТӨҮГ,Copper,Зэс,Баяжмал,Copper concentrate (22.35% Cu),22.35%-ийн зэсийн агуулгатай баяжмал,Форвард,2,3077.05,3297.05,USD,тонн,23897018.0,7.15,8.0,7248.0,reported,Зэс /Cu/ 22.35% | Мөнгө /Ag/ 78 гр/тн | Хүнцэл /As/<0.3% | Чийглэг /moisture/ 9.4% | Молибден /Мо/<0.15% | Төмөр /Fe/<30% | Цайр /Zn/<0.7% | Хар тугалга /Pb/ <1.4% | Хүхэр /S/<37% | Алт /Au/<0.3 гр/тн | Хөнгөн цагаан /Al/<2.0%
2026-07-29,C06-2026072904,ER-26151,Энержи Ресурс ХХК,Energy Resources,Энержи Ресурс ХХК,Coal,Нүүрс,Баяжуулсан,Washed medium-ash semi-hard coking coal,"Баяжуулсан дунд зэрэг үнстэй, хагас хатуу коксжих нүүрс",Форвард,3,450.0,455.0,CNY,тонн,8736000.0,1.11,3.0,19200.0,reported,"Ash (dry, %) ≤ 25.0% | Volatile matter (dry, ash free basis, %) >10.0%-28.0% | Sulfur (dry, %) ≤ 1.0% | Total moisture (as received, %) ≤ 10.0% | G index >20-60 | Calorific Value (Kcal/kg) ≈5500"
2026-07-29,C05-2026072901,2621-TC,Эрдэнэс Тавантолгой ХК,Erdenes Tavan Tolgoi,Эрдэнэс Тавантолгой ХК,Coal,Нүүрс,Боловсруулаагүй,"Thermal coal (bituminous, non-caking)","Эрчим хүчний нүүрс /Битумт, үл барьцалдах нүүрс/",Форвард,4,63.5,67.4,USD,тонн,4313600.0,6.14,10.0,64000.0,reported,Total moisture (ar): ≤9.0 | Volatile (daf): >20-37.0 | Total sulphur (db): 1.5 (-0.3 | +0.5) | Calorific value (ar): ≥6000 | G-Index (5:1): ≤30.0
2026-07-29,C02-2026072902,2626-13 WCO,Эрдэнэс Тавантолгой ХК,Erdenes Tavan Tolgoi,Эрдэнэс Тавантолгой ХК,Coal,Нүүрс,Баяжуулсан,Washed semi-soft coking coal,Баяжуулсан сул коксжих нүүрс,Форвард,5,122.9,135.4,USD,тонн,8665600.0,10.17,10.0,64000.0,reported,Ash (db): ≤12 | Total moisture (ar): ≤10.0 | Volatile (daf): >28.0 | Total sulphur (db): ≤ 0.85 | G index (5:1): ≥75
2026-07-29,C01-2026072903,ER-26150,Энержи Ресурс ХХК,Energy Resources,Энержи Ресурс ХХК,Coal,Нүүрс,Баяжуулсан,Washed coking coal,Баяжуулсан коксжих нүүрс,Форвард,4,950.0,995.0,CNY,тонн,12736000.0,4.74,2.0,12800.0,reported,"Ash (dry, %) ≤ 11.0% | Volatile matter (dry, ash free basis, %) >20.0%-28.0% | Sulfur (dry, %) ≤ 0.85% | Total moisture (as received, %) ≤ 10.0% | G index ≥ 75"
2026-07-28,FE03-2026072801,ECM-26-114,Монголросцветмет ТӨҮГ,Mongolrostsvetmet (ex-Erdenes Critical Minerals),Монголросцветмет ТӨҮГ /Эрдэнэс критикал минералс ТӨҮГ/,Iron ore,Төмөр,Хүдэр,Iron ore Fe 52%,Fe-52% Төмрийн хүдэр,Форвард,6,65.0,73.0,USD,тонн,481800.0,12.31,2.0,6600.0,reported,H2O 0.5-1.0% | Al2O3 1%-3% | S 0.02%-0.05% | SiO2 5%-10% | Fe < 52% | TiO2 0.01%-0.08% | P 0.01%-0.03%
2026-07-28,C10-2026072802,2622-WTC,Эрдэнэс Тавантолгой ХК,Erdenes Tavan Tolgoi,Эрдэнэс Тавантолгой ХК,Coal,Нүүрс,Баяжуулсан,Washed non-coking-quality coal,Баяжуулсан коксжих чанаргүй нүүрс,Форвард,5,63.5,68.3,USD,тонн,4371200.0,7.56,10.0,64000.0,reported,Ash (db): ≤25.0 | Total moisture (ar): ≤9.0 | Volatile (daf): <37.0 | Total sulphur (db): ≤1.0 | G index: ≤20 | Calorific value (ar): ≥6000
2026-07-28,C06-2026072804,ER-26149,Энержи Ресурс ХХК,Energy Resources,Энержи Ресурс ХХК,Coal,Нүүрс,Баяжуулсан,Washed medium-ash semi-hard coking coal,"Баяжуулсан дунд зэрэг үнстэй, хагас хатуу коксжих нүүрс",Форвард,5,450.0,460.0,CNY,тонн,8832000.0,2.22,3.0,19200.0,reported,"Ash (dry, %) ≤ 25.0% | Volatile matter (dry, ash free basis, %) >10.0%-28.0% | Sulfur (dry, %) ≤ 1.0% | Total moisture (as received, %) ≤ 10.0% | G index >20-60 | Calorific Value (Kcal/kg) ≈5500"
2026-07-28,C04-2026072801,26110-13 CO,Эрдэнэс Тавантолгой ХК,Erdenes Tavan Tolgoi,Эрдэнэс Тавантолгой ХК,Coal,Нүүрс,Боловсруулаагүй,1/3 coking coal,1/3 коксжих нүүрс,Форвард,10,127.7,145.7,USD,тонн,4662400.0,14.1,5.0,32000.0,reported,Ash (db): ≤9.0 | Total moisture (ar): ≤8.0 | Volatile (daf): >28.0-37.0 | Total sulphur (db): ≤1.0 | G-index (5:1): ≥75.0
2026-07-28,C01-2026072803,ER-26148,Энержи Ресурс ХХК,Energy Resources,Энержи Ресурс ХХК,Coal,Нүүрс,Баяжуулсан,Washed coking coal,Баяжуулсан коксжих нүүрс,Форвард,4,950.0,1005.0,CNY,тонн,12864000.0,5.79,2.0,12800.0,reported,"Ash (dry, %) ≤ 11.0% | Volatile matter (dry, ash free basis, %) >20.0%-28.0% | Sulfur (dry, %) ≤ 0.85% | Total moisture (as received, %) ≤ 10.0% | G index ≥ 75"
2026-07-27,FE03-2026072701,ECM-26-113,Монголросцветмет ТӨҮГ,Mongolrostsvetmet (ex-Erdenes Critical Minerals),Монголросцветмет ТӨҮГ /Эрдэнэс критикал минералс ТӨҮГ/,Iron ore,Төмөр,Хүдэр,Iron ore Fe 52%,Fe-52% Төмрийн хүдэр,Форвард,7,65.0,73.5,USD,тонн,485100.0,13.08,2.0,6600.0,reported,H2O 0.5-1.0% | Al2O3 1%-3% | S 0.02%-0.05% | SiO2 5%-10% | Fe < 52% | TiO2 0.01%-0.08% | P 0.01%-0.03%
2026-07-27,FE02-2026072704,DMP-2664,Дарханы Төмөрлөгийн Үйлдвэр ХХК,Дарханы Төмөрлөгийн Үйлдвэр ХХК,Дарханы Төмөрлөгийн Үйлдвэр ХХК,Iron ore,Төмөр,Баяжмал,Fe-58% Төмрийн баяжмал,Fe-58% Төмрийн баяжмал,Форвард,1,58.0,58.0,USD,тонн,3288600.0,0.0,18.0,56700.0,reported,"Fe 58% (дундаж) | S 2.5% (дундаж) | H2O 2.5% (дундаж) | Al2О3 2.0% (дундаж) | SiO2 5.0% (дундаж) | TiO2 0.1% (дундаж) | P 0.01% (дундаж) | Ширхэглэл 0-10 мм (нунтаг), 10-40 мм (бүхэл)"
2026-07-27,FE02-2026072702,DMP-2662,Дарханы Төмөрлөгийн Үйлдвэр ХХК,Дарханы Төмөрлөгийн Үйлдвэр ХХК,Дарханы Төмөрлөгийн Үйлдвэр ХХК,Iron ore,Төмөр,Баяжмал,Fe-58% Төмрийн баяжмал,Fe-58% Төмрийн баяжмал,Форвард,1,58.0,58.0,USD,тонн,3445200.0,0.0,18.0,59400.0,reported,"Fe 58% (дундаж) | S 2.5% (дундаж) | H2O 2.5% (дундаж) | Al2О3 2.0% (дундаж) | SiO2 5.0% (дундаж) | TiO2 0.1% (дундаж) | P 0.01% (дундаж) | Ширхэглэл 0-10 мм (нунтаг), 10-40 мм (бүхэл)"
2026-07-27,C06-2026072705,ER-26147,Энержи Ресурс ХХК,Energy Resources,Энержи Ресурс ХХК,Coal,Нүүрс,Баяжуулсан,Washed medium-ash semi-hard coking coal,"Баяжуулсан дунд зэрэг үнстэй, хагас хатуу коксжих нүүрс",Форвард,3,450.0,460.0,CNY,тонн,8832000.0,2.22,3.0,19200.0,reported,"Ash (dry, %) ≤ 25.0% | Volatile matter (dry, ash free basis, %) >10.0%-28.0% | Sulfur (dry, %) ≤ 1.0% | Total moisture (as received, %) ≤ 10.0% | G index >20-60 | Calorific Value (Kcal/kg) ≈5500"
2026-07-27,C04-2026072703,26109-13 CO,Эрдэнэс Тавантолгой ХК,Erdenes Tavan Tolgoi,Эрдэнэс Тавантолгой ХК,Coal,Нүүрс,Боловсруулаагүй,1/3 coking coal,1/3 коксжих нүүрс,Форвард,6,72.6,90.1,USD,тонн,2883200.0,24.1,5.0,32000.0,reported,Ash (db): 26.0 (-3.0 | +3.0) | Total moisture (ar): 5.0 (-2.0 | +3.0) | Volatile (daf): >28.0-37.0 | Total sulphur (db): 1.0 (-0.3 | +0.5) | G-index (5:1): >65.0
2026-07-27,C04-2026072701,26108-13 CO,Эрдэнэс Тавантолгой ХК,Erdenes Tavan Tolgoi,Эрдэнэс Тавантолгой ХК,Coal,Нүүрс,Боловсруулаагүй,1/3 coking coal,1/3 коксжих нүүрс,Форвард,11,87.5,118.5,USD,тонн,3792000.0,35.43,5.0,32000.0,reported,Ash (db): >14.0-19.0 | Total moisture (ar): 5.0 (-2.0 | +3.0) | Volatile (daf): >28.0-37.0 | Total sulphur (db): 1.0 (-0.3 | +0.5) | G-index (5:1): >65.0
2026-07-27,C02-2026072702,2625-13 WCO,Эрдэнэс Тавантолгой ХК,Erdenes Tavan Tolgoi,Эрдэнэс Тавантолгой ХК,Coal,Нүүрс,Баяжуулсан,Washed semi-soft coking coal,Баяжуулсан сул коксжих нүүрс,Форвард,4,122.9,135.4,USD,тонн,8665600.0,10.17,10.0,64000.0,reported,Ash (db): ≤12 | Total moisture (ar): ≤10.0 | Volatile (daf): >28.0 | Total sulphur (db): ≤ 0.85 | G index (5:1): ≥75
2026-07-27,C01-2026072704,ER-26146,Энержи Ресурс ХХК,Energy Resources,Энержи Ресурс ХХК,Coal,Нүүрс,Баяжуулсан,Washed coking coal,Баяжуулсан коксжих нүүрс,Форвард,5,950.0,1015.0,CNY,тонн,12992000.0,6.84,2.0,12800.0,reported,"Ash (dry, %) ≤ 11.0% | Volatile matter (dry, ash free basis, %) >20.0%-28.0% | Sulfur (dry, %) ≤ 0.85% | Total moisture (as received, %) ≤ 10.0% | G index ≥ 75"
2026-07-24,FE03-2026072401,ECM-26-112,Монголросцветмет ТӨҮГ,Mongolrostsvetmet (ex-Erdenes Critical Minerals),Монголросцветмет ТӨҮГ /Эрдэнэс критикал минералс ТӨҮГ/,Iron ore,Төмөр,Хүдэр,Iron ore Fe 52%,Fe-52% Төмрийн хүдэр,Форвард,5,65.0,70.0,USD,тонн,462000.0,7.69,2.0,6600.0,reported,H2O 0.5-1.0% | Al2O3 1%-3% | S 0.02%-0.05% | SiO2 5%-10% | Fe < 52% | TiO2 0.01%-0.08% | P 0.01%-0.03%
2026-07-24,FE02-2026072404,DMP-2661,Дарханы Төмөрлөгийн Үйлдвэр ХХК,Дарханы Төмөрлөгийн Үйлдвэр ХХК,Дарханы Төмөрлөгийн Үйлдвэр ХХК,Iron ore,Төмөр,Баяжмал,Fe-58% Төмрийн баяжмал,Fe-58% Төмрийн баяжмал,Форвард,3,54.0,61.0,USD,тонн,3623400.0,12.96,18.0,59400.0,reported,Fe 58% (дундаж) | S 3.5% (дундаж) | H2O 2.5% (дундаж) | Al2О3 1.0% (дундаж) | SiO2 6.0% (дундаж) | TiO2 0.1% (дундаж) | P 0.02% (дундаж) | Ширхэглэл 0-10 мм (нунтаг) | 10-40 мм (бүхэл)
2026-07-24,FE02-2026072403,DMP-2660,Дарханы Төмөрлөгийн Үйлдвэр ХХК,Дарханы Төмөрлөгийн Үйлдвэр ХХК,Дарханы Төмөрлөгийн Үйлдвэр ХХК,Iron ore,Төмөр,Баяжмал,Fe-58% Төмрийн баяжмал,Fe-58% Төмрийн баяжмал,Форвард,3,54.0,60.5,USD,тонн,3593700.0,12.04,18.0,59400.0,reported,Fe 58% (дундаж) | S 3.5% (дундаж) | H2O 2.5% (дундаж) | Al2О3 1.0% (дундаж) | SiO2 6.0% (дундаж) | TiO2 0.1% (дундаж) | P 0.02% (дундаж) | Ширхэглэл 0-10 мм (нунтаг) | 10-40 мм (бүхэл)
2026-07-24,FE02-2026072402,DMP-2659,Дарханы Төмөрлөгийн Үйлдвэр ХХК,Дарханы Төмөрлөгийн Үйлдвэр ХХК,Дарханы Төмөрлөгийн Үйлдвэр ХХК,Iron ore,Төмөр,Баяжмал,Fe-58% Төмрийн баяжмал,Fe-58% Төмрийн баяжмал,Форвард,4,54.0,57.0,USD,тонн,3385800.0,5.56,18.0,59400.0,reported,Fe 58% (дундаж) | S 3.5% (дундаж) | H2O 2.5% (дундаж) | Al2О3 1.0% (дундаж) | SiO2 6.0% (дундаж) | TiO2 0.1% (дундаж) | P 0.02% (дундаж) | Ширхэглэл 0-10 мм (нунтаг) | 10-40 мм (бүхэл)
2026-07-24,C06-2026072402,ER-26145,Энержи Ресурс ХХК,Energy Resources,Энержи Ресурс ХХК,Coal,Нүүрс,Баяжуулсан,Washed medium-ash semi-hard coking coal,"Баяжуулсан дунд зэрэг үнстэй, хагас хатуу коксжих нүүрс",Форвард,4,450.0,460.0,CNY,тонн,8832000.0,2.22,3.0,19200.0,reported,"Ash (dry, %) ≤ 25.0% | Volatile matter (dry, ash free basis, %) >10.0%-28.0% | Sulfur (dry, %) ≤ 1.0% | Total moisture (as received, %) ≤ 10.0% | G index >20-60 | Calorific Value (Kcal/kg) ≈5500"
2026-07-24,C05-2026072405,2620-TC,Эрдэнэс Тавантолгой ХК,Erdenes Tavan Tolgoi,Эрдэнэс Тавантолгой ХК,Coal,Нүүрс,Боловсруулаагүй,"Thermal coal (bituminous, non-caking)","Эрчим хүчний нүүрс /Битумт, үл барьцалдах нүүрс/",Форвард,4,63.5,65.6,USD,тонн,2099200.0,3.31,5.0,32000.0,reported,Total moisture (ar): ≤9.0 | Volatile (daf): >20-37.0 | Total sulphur (db): 1.5 (-0.3 | +0.5) | Calorific value (ar): ≥6000 | G-Index (5:1): ≤30.0
2026-07-24,C04-2026072403,2616-CO,Эрдэнэс Тавантолгой ХК,Erdenes Tavan Tolgoi,Эрдэнэс Тавантолгой ХК,Coal,Нүүрс,Боловсруулаагүй,Medium-volatile coking coal,"Дэгдэмхий бодис дунд, коксжих нүүрс",Форвард,9,136.9,155.9,USD,тонн,1995520.0,13.88,2.0,12800.0,reported,Ash (db): 15.0 (-3.0 | +3.0) | Total moisture (ar): 3.0 (-2.0 | +2.0) | Volatile (daf): >20.0-28.0 | Total sulphur (db): 0.9 (-0.3 | +0.5) | G-Index (5:1): >65
2026-07-24,C02-2026072404,2624-13 WCO,Эрдэнэс Тавантолгой ХК,Erdenes Tavan Tolgoi,Эрдэнэс Тавантолгой ХК,Coal,Нүүрс,Баяжуулсан,Washed semi-soft coking coal,Баяжуулсан сул коксжих нүүрс,Форвард,4,122.9,135.4,USD,тонн,8665600.0,10.17,10.0,64000.0,reported,Ash (db): ≤12 | Total moisture (ar): ≤10.0 | Volatile (daf): >28.0 | Total sulphur (db): ≤ 0.85 | G index (5:1): ≥75
2026-07-24,C01-2026072401,ER-26144,Энержи Ресурс ХХК,Energy Resources,Энержи Ресурс ХХК,Coal,Нүүрс,Баяжуулсан,Washed coking coal,Баяжуулсан коксжих нүүрс,Форвард,4,950.0,1030.0,CNY,тонн,13184000.0,8.42,2.0,12800.0,reported,"Ash (dry, %) ≤ 11.0% | Volatile matter (dry, ash free basis, %) >20.0%-28.0% | Sulfur (dry, %) ≤ 0.85% | Total moisture (as received, %) ≤ 10.0% | G index ≥ 75"
2026-07-23,FE03-2026072301,ECM-26-111,Монголросцветмет ТӨҮГ,Mongolrostsvetmet (ex-Erdenes Critical Minerals),Монголросцветмет ТӨҮГ /Эрдэнэс критикал минералс ТӨҮГ/,Iron ore,Төмөр,Хүдэр,Iron ore Fe 52%,Fe-52% Төмрийн хүдэр,Форвард,6,65.0,70.0,USD,тонн,462000.0,7.69,2.0,6600.0,reported,H2O 0.5-1.0% | Al2O3 1%-3% | S 0.02%-0.05% | SiO2 5%-10% | Fe < 52% | TiO2 0.01%-0.08% | P 0.01%-0.03%
2026-07-23,C10-2026072304,2621-WTC,Эрдэнэс Тавантолгой ХК,Erdenes Tavan Tolgoi,Эрдэнэс Тавантолгой ХК,Coal,Нүүрс,Баяжуулсан,Washed non-coking-quality coal,Баяжуулсан коксжих чанаргүй нүүрс,Форвард,6,64.6,70.3,USD,тонн,2249600.0,8.82,5.0,32000.0,reported,Ash (db): ≤25.0 | Total moisture (ar): ≤9.0 | Volatile (daf): <37.0 | Total sulphur (db): ≤1.0 | G index: ≤20 | Calorific value (ar): ≥6000
2026-07-23,C06-2026072302,ER-26143,Энержи Ресурс ХХК,Energy Resources,Энержи Ресурс ХХК,Coal,Нүүрс,Баяжуулсан,Washed medium-ash semi-hard coking coal,"Баяжуулсан дунд зэрэг үнстэй, хагас хатуу коксжих нүүрс",Форвард,5,450.0,460.0,CNY,тонн,8832000.0,2.22,3.0,19200.0,reported,"Ash (dry, %) ≤ 25.0% | Volatile matter (dry, ash free basis, %) >10.0%-28.0% | Sulfur (dry, %) ≤ 1.0% | Total moisture (as received, %) ≤ 10.0% | G index >20-60 | Calorific Value (Kcal/kg) ≈5500"
2026-07-23,C04-2026072305,26107-13 CO,Эрдэнэс Тавантолгой ХК,Erdenes Tavan Tolgoi,Эрдэнэс Тавантолгой ХК,Coal,Нүүрс,Боловсруулаагүй,1/3 coking coal,1/3 коксжих нүүрс,Форвард,4,72.6,82.6,USD,тонн,5286400.0,13.77,10.0,64000.0,reported,Ash (db): 26.0 (-3.0 | +3.0) | Total moisture (ar): 5.0 (-2.0 | +3.0) | Volatile (daf):  >28.0-37.0 | Total sulphur (db): 1.0 (-0.3 | +0.5) | G-index (5:1): >65.0
2026-07-23,C04-2026072303,26106-13 CO,Эрдэнэс Тавантолгой ХК,Erdenes Tavan Tolgoi,Эрдэнэс Тавантолгой ХК,Coal,Нүүрс,Боловсруулаагүй,1/3 coking coal,1/3 коксжих нүүрс,Форвард,10,87.5,118.0,USD,тонн,7552000.0,34.86,10.0,64000.0,reported,Ash (db): >14.0-19.0 | Total moisture (ar): 5.0 (-2.0 | +3.0) | Volatile (daf):  >28.0-37.0 | Total sulphur (db): 1.0 (-0.3 | +0.5) | G-index (5:1): >65.0
2026-07-23,C01-2026072301,ER-26142,Энержи Ресурс ХХК,Energy Resources,Энержи Ресурс ХХК,Coal,Нүүрс,Баяжуулсан,Washed coking coal,Баяжуулсан коксжих нүүрс,Форвард,4,950.0,1045.0,CNY,тонн,13376000.0,10.0,2.0,12800.0,reported,"Ash (dry, %) ≤ 11.0% | Volatile matter (dry, ash free basis, %) >20.0%-28.0% | Sulfur (dry, %) ≤ 0.85% | Total moisture (as received, %) ≤ 10.0% | G index ≥ 75"
2026-07-22,FE03-2026072201,ECM-26-110,Монголросцветмет ТӨҮГ,Mongolrostsvetmet (ex-Erdenes Critical Minerals),Монголросцветмет ТӨҮГ /Эрдэнэс критикал минералс ТӨҮГ/,Iron ore,Төмөр,Хүдэр,Iron ore Fe 52%,Fe-52% Төмрийн хүдэр,Форвард,6,65.0,70.5,USD,тонн,465300.0,8.46,2.0,6600.0,reported,H2O 0.5-1.0% | Al2O3 1%-3% | S 0.02%-0.05% | SiO2 5%-10% | Fe < 52% | TiO2 0.01%-0.08% | P 0.01%-0.03%
2026-07-22,C06-2026072202,ER-26141,Энержи Ресурс ХХК,Energy Resources,Энержи Ресурс ХХК,Coal,Нүүрс,Баяжуулсан,Washed medium-ash semi-hard coking coal,"Баяжуулсан дунд зэрэг үнстэй, хагас хатуу коксжих нүүрс",Форвард,4,450.0,460.0,CNY,тонн,8832000.0,2.22,3.0,19200.0,reported,"Ash (dry, %) ≤ 25.0% | Volatile matter (dry, ash free basis, %) >10.0%-28.0% | Sulfur (dry, %) ≤ 1.0% | Total moisture (as received, %) ≤ 10.0% | G index >20-60 | Calorific Value (Kcal/kg) ≈5500"
2026-07-22,C05-2026072207,2619-TC,Эрдэнэс Тавантолгой ХК,Erdenes Tavan Tolgoi,Эрдэнэс Тавантолгой ХК,Coal,Нүүрс,Боловсруулаагүй,"Thermal coal (bituminous, non-caking)","Эрчим хүчний нүүрс /Битумт, үл барьцалдах нүүрс/",Форвард,3,64.6,64.6,USD,тонн,4134400.0,0.0,10.0,64000.0,reported,Total moisture (ar): ≤9.0 | Volatile (daf): >20-37.0 | Total sulphur (db): 1.5 (-0.3 | +0.5) | Calorific value (ar): ≥6000 | G-Index (5:1):  ≤30.0
2026-07-22,C04-2026072205,26105-13 CO,Эрдэнэс Тавантолгой ХК,Erdenes Tavan Tolgoi,Эрдэнэс Тавантолгой ХК,Coal,Нүүрс,Боловсруулаагүй,1/3 coking coal,1/3 коксжих нүүрс,Форвард,10,127.7,145.2,USD,тонн,4646400.0,13.7,5.0,32000.0,reported,Ash (db): ≤9.0 | Total moisture (ar): ≤8.0 | Volatile (daf):  >28.0-37.0 | Total sulphur (db): ≤1.0 | G-index (5:1): ≥75.0
2026-07-22,C04-2026072204,TTOA-2026-030,Тавантолгой ХК,Tavan Tolgoi JSC,Тавантолгой ХК,Coal,Нүүрс,Боловсруулаагүй,1/3 coking coal,1/3 коксжих нүүрс,Форвард,4,93.0,93.5,USD,тонн,93948800.0,0.54,157.0,1004800.0,reported,Ash (db): 23.57 (-2.0 | +3.0) | Volatile (daf): 31.05 (-2.0 | +2.0) | Total sulphur (db): 1.01 (-0.3 | +0.2) | G-index (5:1): 76.0 (-10.0 | +4.0) | Total moisture (ar): 1.3 (-0.5 | +2.5) | Y- index ≤25mm
2026-07-22,C04-2026072203,TTOA-2026-029,Тавантолгой ХК,Tavan Tolgoi JSC,Тавантолгой ХК,Coal,Нүүрс,Боловсруулаагүй,1/3 coking coal,1/3 коксжих нүүрс,Форвард,7,93.0,119.0,USD,тонн,60166400.0,27.96,79.0,505600.0,reported,Ash (db): 23.57 (-2.0 | +3.0) | Volatile (daf): 31.05 (-2.0 | +2.0) | Total sulphur (db): 1.01 (-0.3 | +0.2) | G-index (5:1): 76.0 (-10.0 | +4.0) | Total moisture (ar): 1.3 (-0.5 | +2.5) | Y- index ≤25mm
2026-07-22,C02-2026072206,2623-13 WCO,Эрдэнэс Тавантолгой ХК,Erdenes Tavan Tolgoi,Эрдэнэс Тавантолгой ХК,Coal,Нүүрс,Баяжуулсан,Washed semi-soft coking coal,Баяжуулсан сул коксжих нүүрс,Форвард,4,122.9,132.4,USD,тонн,8473600.0,7.73,10.0,64000.0,reported,Ash (db): ≤12 | Total moisture (ar): ≤10.0 | Volatile (daf): >28.0 | Total sulphur (db): ≤ 0.85 | G index (5:1): ≥75
2026-07-22,C01-2026072201,ER-26140,Энержи Ресурс ХХК,Energy Resources,Энержи Ресурс ХХК,Coal,Нүүрс,Баяжуулсан,Washed coking coal,Баяжуулсан коксжих нүүрс,Форвард,4,950.0,1030.0,CNY,тонн,13184000.0,8.42,2.0,12800.0,reported,"Ash (dry, %) ≤ 11.0% | Volatile matter (dry, ash free basis, %) >20.0%-28.0% | Sulfur (dry, %) ≤ 0.85% | Total moisture (as received, %) ≤ 10.0% | G index ≥ 75"
2026-07-21,FE03-2026072101,ECM-26-109,Монголросцветмет ТӨҮГ,Mongolrostsvetmet (ex-Erdenes Critical Minerals),Монголросцветмет ТӨҮГ /Эрдэнэс критикал минералс ТӨҮГ/,Iron ore,Төмөр,Хүдэр,Iron ore Fe 52%,Fe-52% Төмрийн хүдэр,Форвард,6,65.0,69.5,USD,тонн,458700.0,6.92,2.0,6600.0,reported,H2O 0.5-1.0% | Al2O3 1%-3% | S 0.02%-0.05% | SiO2 5%-10% | Fe < 52% | TiO2 0.01%-0.08% | P 0.01%-0.03%
2026-07-21,C10-2026072104,2620-WTC,Эрдэнэс Тавантолгой ХК,Erdenes Tavan Tolgoi,Эрдэнэс Тавантолгой ХК,Coal,Нүүрс,Баяжуулсан,Washed non-coking-quality coal,Баяжуулсан коксжих чанаргүй нүүрс,Форвард,4,63.5,66.5,USD,тонн,4256000.0,4.72,10.0,64000.0,reported,Ash (db): ≤25.0 | Total moisture (ar): ≤9.0 | Volatile (daf): <37.0 | Total sulphur (db): ≤1.0 | G index: ≤20 | Calorific value (ar): ≥6000
2026-07-21,C06-2026072102,ER-26139,Энержи Ресурс ХХК,Energy Resources,Энержи Ресурс ХХК,Coal,Нүүрс,Баяжуулсан,Washed medium-ash semi-hard coking coal,"Баяжуулсан дунд зэрэг үнстэй, хагас хатуу коксжих нүүрс",Форвард,4,450.0,460.0,CNY,тонн,8832000.0,2.22,3.0,19200.0,reported,"Ash (dry, %) ≤ 25.0% | Volatile matter (dry, ash free basis, %) >10.0%-28.0% | Sulfur (dry, %) ≤ 1.0% | Total moisture (as received, %) ≤ 10.0% | G index >20-60 | Calorific Value (Kcal/kg) ≈5500"
2026-07-21,C04-2026072103,26104-13 CO,Эрдэнэс Тавантолгой ХК,Erdenes Tavan Tolgoi,Эрдэнэс Тавантолгой ХК,Coal,Нүүрс,Боловсруулаагүй,1/3 coking coal,1/3 коксжих нүүрс,Форвард,10,87.5,120.0,USD,тонн,3840000.0,37.14,5.0,32000.0,reported,Ash (db):  >14.0-19.0 | Total moisture (ar): 5.0 (-2.0 | +3.0) | Volatile (daf):  >28.0-37.0 | Total sulphur (db): 1.0 (-0.3 | +0.5) | G-index (5:1): >65.0
2026-07-21,C02-2026072105,2622-13 WCO,Эрдэнэс Тавантолгой ХК,Erdenes Tavan Tolgoi,Эрдэнэс Тавантолгой ХК,Coal,Нүүрс,Баяжуулсан,Washed semi-soft coking coal,Баяжуулсан сул коксжих нүүрс,Форвард,6,124.9,131.9,USD,тонн,4220800.0,5.6,5.0,32000.0,reported,Ash (db): ≤12 | Total moisture (ar): ≤10.0 | Volatile (daf): >28.0 | Total sulphur (db): ≤ 0.85 | G index (5:1): ≥75
2026-07-21,C01-2026072101,ER-26138,Энержи Ресурс ХХК,Energy Resources,Энержи Ресурс ХХК,Coal,Нүүрс,Баяжуулсан,Washed coking coal,Баяжуулсан коксжих нүүрс,Форвард,5,950.0,1010.0,CNY,тонн,12928000.0,6.32,2.0,12800.0,reported,"Ash (dry, %) ≤ 11.0% | Volatile matter (dry, ash free basis, %) >20.0%-28.0% | Sulfur (dry, %) ≤ 0.85% | Total moisture (as received, %) ≤ 10.0% | G index ≥ 75"
2026-07-20,FE03-2026072001,ECM-26-108,Монголросцветмет ТӨҮГ,Mongolrostsvetmet (ex-Erdenes Critical Minerals),Монголросцветмет ТӨҮГ /Эрдэнэс критикал минералс ТӨҮГ/,Iron ore,Төмөр,Хүдэр,Iron ore Fe 52%,Fe-52% Төмрийн хүдэр,Форвард,4,65.0,68.0,USD,тонн,448800.0,4.62,2.0,6600.0,reported,H2O 0.5-1.0% | Al2O3 1%-3% | S 0.02%-0.05% | SiO2 5%-10% | Fe < 52% | TiO2 0.01%-0.08% | P 0.01%-0.03%
2026-07-20,C06-2026072002,ER-26137,Энержи Ресурс ХХК,Energy Resources,Энержи Ресурс ХХК,Coal,Нүүрс,Баяжуулсан,Washed medium-ash semi-hard coking coal,"Баяжуулсан дунд зэрэг үнстэй, хагас хатуу коксжих нүүрс",Форвард,4,450.0,460.0,CNY,тонн,8832000.0,2.22,3.0,19200.0,reported,"Ash (dry, %) ≤ 25.0% | Volatile matter (dry, ash free basis, %) >10.0%-28.0% | Sulfur (dry, %) ≤ 1.0% | Total moisture (as received, %) ≤ 10.0% | G index >20-60 | Calorific Value (Kcal/kg) ≈5500"
2026-07-20,C04-2026072005,26103-13 CO,Эрдэнэс Тавантолгой ХК,Erdenes Tavan Tolgoi,Эрдэнэс Тавантолгой ХК,Coal,Нүүрс,Боловсруулаагүй,1/3 coking coal,1/3 коксжих нүүрс,Форвард,1,72.6,72.6,USD,тонн,2323200.0,0.0,5.0,32000.0,reported,Ash (db):  26.0 (-3.0 | +3.0) | Total moisture (ar): 5.0 (-2.0 | +3.0) | Volatile (daf):  >28.0-37.0 | Total sulphur (db): 1.0 (-0.3 | +0.5) | G-index (5:1): >65.0
2026-07-20,C04-2026072003,26102-13 CO,Эрдэнэс Тавантолгой ХК,Erdenes Tavan Tolgoi,Эрдэнэс Тавантолгой ХК,Coal,Нүүрс,Боловсруулаагүй,1/3 coking coal,1/3 коксжих нүүрс,Форвард,8,127.7,144.7,USD,тонн,4630400.0,13.31,5.0,32000.0,reported,Ash (db): ≤9.0 | Total moisture (ar): ≤8.0 | Volatile (daf):  >28.0-37.0 | Total sulphur (db): ≤1.0 | G-index (5:1): ≥75.0
2026-07-20,C02-2026072004,2621-13 WCO,Эрдэнэс Тавантолгой ХК,Erdenes Tavan Tolgoi,Эрдэнэс Тавантолгой ХК,Coal,Нүүрс,Баяжуулсан,Washed semi-soft coking coal,Баяжуулсан сул коксжих нүүрс,Форвард,5,122.9,130.9,USD,тонн,8377600.0,6.51,10.0,64000.0,reported,Ash (db): ≤12 | Total moisture (ar): ≤10.0 | Volatile (daf): >28.0 | Total sulphur (db): ≤ 0.85 | G index (5:1): ≥75
2026-07-20,C02-2026072001,KH-26012,Хангад Эксплорэйшн ХХК,Khangad Exploration,Хангад Эксплорэйшн ХХК,Coal,Нүүрс,Баяжуулсан,Washed semi-soft coking coal,Баяжуулсан сул коксжих нүүрс,Форвард,4,800.0,900.0,CNY,тонн,11520000.0,12.5,2.0,12800.0,reported,"Ash (dry, %) ≤ 9.5% | Volatile matter (dry, ash free basis, %) > 28.0% | Sulfur (dry, %) ≤ 0.85% | Total moisture (as received, %) ≤ 10.0% | G index ≥65"
2026-07-09,FE03-2026070901,ECM-26-106,Монголросцветмет ТӨҮГ,Mongolrostsvetmet (ex-Erdenes Critical Minerals),Монголросцветмет ТӨҮГ /Эрдэнэс критикал минералс ТӨҮГ/,Iron ore,Төмөр,Хүдэр,Iron ore Fe 52%,Fe-52% Төмрийн хүдэр,Форвард,7,65.0,71.5,USD,тонн,471900.0,10.0,2.0,6600.0,reported,H2O 0.5-1.0% | Al2O3 1%-3% | S 0.02%-0.05% | SiO2 5%-10% | Fe < 52% | TiO2 0.01%-0.08% | P 0.01%-0.03%
2026-07-09,C06-2026070902,ER-26136,Энержи Ресурс ХХК,Energy Resources,Энержи Ресурс ХХК,Coal,Нүүрс,Баяжуулсан,Washed medium-ash semi-hard coking coal,"Баяжуулсан дунд зэрэг үнстэй, хагас хатуу коксжих нүүрс",Форвард,4,450.0,450.0,CNY,тонн,8640000.0,0.0,3.0,19200.0,reported,"Ash (dry, %) ≤ 25.0% | Volatile matter (dry, ash free basis, %) >10.0%-28.0% | Sulfur (dry, %) ≤ 1.0% | Total moisture (as received, %) ≤ 10.0% | G index >20-60 | Calorific Value (Kcal/kg) ≈5500"
2026-07-09,C01-2026070901,ER-26135,Энержи Ресурс ХХК,Energy Resources,Энержи Ресурс ХХК,Coal,Нүүрс,Баяжуулсан,Washed coking coal,Баяжуулсан коксжих нүүрс,Форвард,5,950.0,1040.0,CNY,тонн,13312000.0,9.47,2.0,12800.0,reported,"Ash (dry, %) ≤ 11.0% | Volatile matter (dry, ash free basis, %) >20.0%-28.0% | Sulfur (dry, %) ≤ 0.85% | Total moisture (as received, %) ≤ 10.0% | G index ≥ 75"
2026-07-08,FE01-2026070801,ECM-26-105,Монголросцветмет ТӨҮГ,Mongolrostsvetmet (ex-Erdenes Critical Minerals),Монголросцветмет ТӨҮГ /Эрдэнэс критикал минералс ТӨҮГ/,Iron ore,Төмөр,Баяжмал,Iron concentrate Fe 65%,Fe-65% Төмрийн баяжмал,Форвард,3,85.0,86.0,USD,тонн,1702800.0,1.18,6.0,19800.0,reported,H2O 7-10% | Al2O3 0.4%-1% | S 0.02%-0.08% | SiO2 3%-8% | Fe <65% | TiO2 0.01%-0.08% | P 0.01%-0.03%
2026-07-08,C06-2026070802,ER-26134,Энержи Ресурс ХХК,Energy Resources,Энержи Ресурс ХХК,Coal,Нүүрс,Баяжуулсан,Washed medium-ash semi-hard coking coal,"Баяжуулсан дунд зэрэг үнстэй, хагас хатуу коксжих нүүрс",Форвард,5,450.0,455.0,CNY,тонн,8736000.0,1.11,3.0,19200.0,reported,"Ash (dry, %) ≤ 25.0% | Volatile matter (dry, ash free basis, %) >10.0%-28.0% | Sulfur (dry, %) ≤ 1.0% | Total moisture (as received, %) ≤ 10.0% | G index >20-60 | Calorific Value (Kcal/kg) ≈5500"
2026-07-08,C01-2026070801,ER-26133,Энержи Ресурс ХХК,Energy Resources,Энержи Ресурс ХХК,Coal,Нүүрс,Баяжуулсан,Washed coking coal,Баяжуулсан коксжих нүүрс,Форвард,3,950.0,1035.0,CNY,тонн,13248000.0,8.95,2.0,12800.0,reported,"Ash (dry, %) ≤ 11.0% | Volatile matter (dry, ash free basis, %) >20.0%-28.0% | Sulfur (dry, %) ≤ 0.85% | Total moisture (as received, %) ≤ 10.0% | G index ≥ 75"
2026-07-07,FE02-2026070703,DMP-2658,Дарханы Төмөрлөгийн Үйлдвэр ХХК,Дарханы Төмөрлөгийн Үйлдвэр ХХК,Дарханы Төмөрлөгийн Үйлдвэр ХХК,Iron ore,Төмөр,Баяжмал,Fe-58% Төмрийн баяжмал,Fe-58% Төмрийн баяжмал,Форвард,1,60.0,60.0,USD,тонн,3564000.0,0.0,18.0,59400.0,reported,"Fe 58% (дундаж) | S 2.5% (дундаж) | H2O 2.5% (дундаж) | Al2О3 2.0% (дундаж) | SiO2 5.0% (дундаж) | TiO2 0.1% (дундаж) | P 0.01% (дундаж) | Ширхэглэл 0-10 мм (нунтаг), 10-40 мм (бүхэл)"
2026-07-07,FE02-2026070702,DMP-2657,Дарханы Төмөрлөгийн Үйлдвэр ХХК,Дарханы Төмөрлөгийн Үйлдвэр ХХК,Дарханы Төмөрлөгийн Үйлдвэр ХХК,Iron ore,Төмөр,Баяжмал,Fe-58% Төмрийн баяжмал,Fe-58% Төмрийн баяжмал,Форвард,2,60.0,60.0,USD,тонн,3564000.0,0.0,18.0,59400.0,reported,"Fe 58% (дундаж) | S 2.5% (дундаж) | H2O 2.5% (дундаж) | Al2О3 2.0% (дундаж) | SiO2 5.0% (дундаж) | TiO2 0.1% (дундаж) | P 0.01% (дундаж) | Ширхэглэл 0-10 мм (нунтаг), 10-40 мм (бүхэл)"
2026-07-07,FE01-2026070701,ECM-26-104,Монголросцветмет ТӨҮГ,Mongolrostsvetmet (ex-Erdenes Critical Minerals),Монголросцветмет ТӨҮГ /Эрдэнэс критикал минералс ТӨҮГ/,Iron ore,Төмөр,Баяжмал,Iron concentrate Fe 65%,Fe-65% Төмрийн баяжмал,Форвард,2,85.0,85.0,USD,тонн,1683000.0,0.0,6.0,19800.0,reported,H2O 7-10% | Al2O3 0.4%-1% | S 0.02%-0.08% | SiO2 3%-8% | Fe <65% | TiO2 0.01%-0.08% | P 0.01%-0.03%
2026-07-07,C06-2026070702,ER-26132,Энержи Ресурс ХХК,Energy Resources,Энержи Ресурс ХХК,Coal,Нүүрс,Баяжуулсан,Washed medium-ash semi-hard coking coal,"Баяжуулсан дунд зэрэг үнстэй, хагас хатуу коксжих нүүрс",Форвард,5,450.0,460.0,CNY,тонн,8832000.0,2.22,3.0,19200.0,reported,"Ash (dry, %) ≤ 25.0% | Volatile matter (dry, ash free basis, %) >10.0%-28.0% | Sulfur (dry, %) ≤ 1.0% | Total moisture (as received, %) ≤ 10.0% | G index >20-60 | Calorific Value (Kcal/kg) ≈5500"
2026-07-07,C01-2026070701,ER-26131,Энержи Ресурс ХХК,Energy Resources,Энержи Ресурс ХХК,Coal,Нүүрс,Баяжуулсан,Washed coking coal,Баяжуулсан коксжих нүүрс,Форвард,4,950.0,1030.0,CNY,тонн,13184000.0,8.42,2.0,12800.0,reported,"Ash (dry, %) ≤ 11.0% | Volatile matter (dry, ash free basis, %) >20.0%-28.0% | Sulfur (dry, %) ≤ 0.85% | Total moisture (as received, %) ≤ 10.0% | G index ≥ 75"
2026-07-06,FE03-2026070601,ECM-26-103,Монголросцветмет ТӨҮГ,Mongolrostsvetmet (ex-Erdenes Critical Minerals),Монголросцветмет ТӨҮГ /Эрдэнэс критикал минералс ТӨҮГ/,Iron ore,Төмөр,Хүдэр,Iron ore Fe 52%,Fe-52% Төмрийн хүдэр,Форвард,5,65.0,70.0,USD,тонн,462000.0,7.69,2.0,6600.0,reported,H2O 0.5-1.0% | Al2O3 1%-3% | S 0.02%-0.05% | SiO2 5%-10% | Fe <52% | TiO2 0.01%-0.08% | P 0.01%-0.03%
2026-07-06,C06-2026070602,ER-26130,Энержи Ресурс ХХК,Energy Resources,Энержи Ресурс ХХК,Coal,Нүүрс,Баяжуулсан,Washed medium-ash semi-hard coking coal,"Баяжуулсан дунд зэрэг үнстэй, хагас хатуу коксжих нүүрс",Форвард,6,450.0,460.0,CNY,тонн,8832000.0,2.22,3.0,19200.0,reported,"Ash (dry, %) ≤ 25.0% | Volatile matter (dry, ash free basis, %) >10.0%-28.0% | Sulfur (dry, %) ≤ 1.0% | Total moisture (as received, %) ≤ 10.0% | G index >20-60 | Calorific Value (Kcal/kg) ≈5500"
2026-07-06,C01-2026070601,ER-26129,Энержи Ресурс ХХК,Energy Resources,Энержи Ресурс ХХК,Coal,Нүүрс,Баяжуулсан,Washed coking coal,Баяжуулсан коксжих нүүрс,Форвард,3,950.0,1025.0,CNY,тонн,13120000.0,7.89,2.0,12800.0,reported,"Ash (dry, %) ≤ 11.0% | Volatile matter (dry, ash free basis, %) >20.0%-28.0% | Sulfur (dry, %) ≤ 0.85% | Total moisture (as received, %) ≤ 10.0% | G index ≥ 75"
2026-07-03,FE03-2026070301,ECM-26-107,Монголросцветмет ТӨҮГ,Mongolrostsvetmet (ex-Erdenes Critical Minerals),Монголросцветмет ТӨҮГ /Эрдэнэс критикал минералс ТӨҮГ/,Iron ore,Төмөр,Хүдэр,Iron ore Fe 52%,Fe-52% Төмрийн хүдэр,Форвард,9,65.0,70.0,USD,тонн,462000.0,7.69,2.0,6600.0,reported,H2O 0.5-1.0% | Al2O3 1%-3% | S 0.02%-0.05% | SiO2 5%-10% | Fe <52% | TiO2 0.01%-0.08% | P 0.01%-0.03%
2026-07-03,C03-2026070302,2615- CO,Эрдэнэс Тавантолгой ХК,Erdenes Tavan Tolgoi,Эрдэнэс Тавантолгой ХК,Coal,Нүүрс,Боловсруулаагүй,Medium-volatile coking coal,"Дэгдэмхий бодис дунд, коксжих нүүрс",Форвард,10,139.7,152.2,USD,тонн,1948160.0,8.95,2.0,12800.0,reported,Ash (db): 15.0 (-3.0 | +3.0) | Total moisture (ar): 3.0 (-2.0 | +2.0) | Volatile (daf): >20.0-28.0 | Total sulphur (db): 0.9 (-0.3 | +0.5) | G-Index (5:1): >65
2026-07-03,C01-2026070301,ER-26128,Энержи Ресурс ХХК,Energy Resources,Энержи Ресурс ХХК,Coal,Нүүрс,Баяжуулсан,Washed coking coal,Баяжуулсан коксжих нүүрс,Форвард,4,950.0,1025.0,CNY,тонн,13120000.0,7.89,2.0,12800.0,reported,"Ash (dry, %) ≤ 11.0% | Volatile matter (dry, ash free basis, %) >20.0%-28.0% | Sulfur (dry, %) ≤ 0.85% | Total moisture (as received, %) ≤ 10.0% | G index ≥ 75"
2026-07-02,C06-2026070201,ER-26127,Энержи Ресурс ХХК,Energy Resources,Энержи Ресурс ХХК,Coal,Нүүрс,Баяжуулсан,Washed medium-ash semi-hard coking coal,"Баяжуулсан дунд зэрэг үнстэй, хагас хатуу коксжих нүүрс",Форвард,7,450.0,460.0,CNY,тонн,8832000.0,2.22,3.0,19200.0,reported,
2026-07-01,C06-2026070101,ER-26126,Энержи Ресурс ХХК,Energy Resources,Энержи Ресурс ХХК,Coal,Нүүрс,Баяжуулсан,Washed medium-ash semi-hard coking coal,"Баяжуулсан дунд зэрэг үнстэй, хагас хатуу коксжих нүүрс",Форвард,7,450.0,460.0,CNY,тонн,8832000.0,2.22,3.0,19200.0,reported,"Ash (dry, %) ≤ 25.0% | Volatile matter (dry, ash free basis, %) >10.0%-28.0% | Sulfur (dry, %) ≤ 1.0% | Total moisture (as received, %) ≤ 10.0% | G index >20-60 | Calorific Value (Kcal/kg) ≈5500"
2026-07-01,C04-2026070102,26101-13 CO,Эрдэнэс Тавантолгой ХК,Erdenes Tavan Tolgoi,Эрдэнэс Тавантолгой ХК,Coal,Нүүрс,Боловсруулаагүй,1/3 coking coal,1/3 коксжих нүүрс,Форвард,6,94.3,110.8,USD,тонн,7091200.0,17.5,10.0,64000.0,reported,Ash (db): >14.0-19.0 | Total moisture (ar): 5.0 (-2.0 | +3.0) | Volatile (daf): >28.0-37.0 | Total sulphur (db): 1.0 (-0.3 | +0.5) | G-index (5:1): >65.0
2026-06-30,C06-2026063001,ER-26125,Энержи Ресурс ХХК,Energy Resources,Энержи Ресурс ХХК,Coal,Нүүрс,Баяжуулсан,Washed medium-ash semi-hard coking coal,"Баяжуулсан дунд зэрэг үнстэй, хагас хатуу коксжих нүүрс",Форвард,8,450.0,460.0,CNY,тонн,8832000.0,2.22,3.0,19200.0,reported,"Ash (dry, %) ≤ 25.0% | Volatile matter (dry, ash free basis, %) >10.0%-28.0% | Sulfur (dry, %) ≤ 1.0% | Total moisture (as received, %) ≤ 10.0% | G index >20-60 | Calorific Value (Kcal/kg) ≈5500"
2026-06-30,C05-2026063002,2617-TC,Эрдэнэс Тавантолгой ХК,Erdenes Tavan Tolgoi,Эрдэнэс Тавантолгой ХК,Coal,Нүүрс,Боловсруулаагүй,"Thermal coal (bituminous, non-caking)","Эрчим хүчний нүүрс /Битумт, үл барьцалдах нүүрс/",Форвард,2,68.6,68.6,USD,тонн,4390400.0,0.0,10.0,64000.0,reported,Total moisture (ar): ≤9.0 | Volatile (daf): >20-37.0 | Total sulphur (db): 1.5 (-0.3 | +0.5) | Calorific value (ar): ≥6000 | G-Index (5:1): ≤30.0
2026-06-30,C04-2026063003,26100-13 CO,Эрдэнэс Тавантолгой ХК,Erdenes Tavan Tolgoi,Эрдэнэс Тавантолгой ХК,Coal,Нүүрс,Боловсруулаагүй,1/3 coking coal,1/3 коксжих нүүрс,Форвард,1,75.8,75.8,USD,тонн,9702400.0,0.0,20.0,128000.0,reported,Ash (db):  26.0 (-3.0 | +3.0) | Total moisture (ar): 5.0 (-2.0 | +3.0) | Volatile (daf): >28.0-37.0 | Total sulphur (db): 1.0 (-0.3 | +0.5) | G-index (5:1): >65.0
2026-06-29,CU01-2026062901,ERD-06-2026,Эрдэнэт Үйлдвэр ТӨҮГ,Erdenet Mining Corporation,Эрдэнэт Үйлдвэр ТӨҮГ,Copper,Зэс,Баяжмал,Copper concentrate (22.35% Cu),22.35%-ийн зэсийн агуулгатай баяжмал,Форвард,3,3140.49,3215.49,USD,тонн,23305872.0,2.39,8.0,7248.0,reported,Зэс /Cu/ 22.35% | Мөнгө /Ag/ 78 гр/тн | Хүнцэл /As/ <0.3% | Чийглэг /moisture/ 9.4% | Молибден /Мо/ <0.15% | Төмөр /Fe/ <30% | Цайр /Zn/ <0.7% | Хар тугалга /Pb/ <1.4% | Хүхэр /S/ <37% | Алт /Au/ <0.3 гр/тн | Хөнгөн цагаан /Al/ <2.0%
2026-06-29,C01-2026062901,ER-26124,Энержи Ресурс ХХК,Energy Resources,Энержи Ресурс ХХК,Coal,Нүүрс,Баяжуулсан,Washed coking coal,Баяжуулсан коксжих нүүрс,Форвард,3,950.0,1025.0,CNY,тонн,13120000.0,7.89,2.0,12800.0,reported,"Ash (dry, %) ≤ 11.0% | Volatile matter (dry, ash free basis, %) >20.0%-28.0% | Sulfur (dry, %) ≤ 0.85% | Total moisture (as received, %) ≤ 10.0% | G index ≥ 75"
2026-06-26,C03-2026062602,2614-CO,Эрдэнэс Тавантолгой ХК,Erdenes Tavan Tolgoi,Эрдэнэс Тавантолгой ХК,Coal,Нүүрс,Боловсруулаагүй,Medium-volatile coking coal,"Дэгдэмхий бодис дунд, коксжих нүүрс",Форвард,5,143.4,150.9,USD,тонн,1931520.0,5.23,2.0,12800.0,reported,Ash (db): 15.0 (-3.0 | +3.0) | Total moisture (ar): 3.0 (-2.0 | +2.0) | Volatile (daf): >20.0-28.0 | Total sulphur (db): 0.9 (-0.3 | +0.5) | G-Index (5:1): >65
2026-06-26,C01-2026062601,ER-26123,Энержи Ресурс ХХК,Energy Resources,Энержи Ресурс ХХК,Coal,Нүүрс,Баяжуулсан,Washed coking coal,Баяжуулсан коксжих нүүрс,Форвард,4,950.0,1000.0,CNY,тонн,12800000.0,5.26,2.0,12800.0,reported,"Ash (dry, %) ≤ 11.0% | Volatile matter (dry, ash free basis, %) >20.0%-28.0% | Sulfur (dry, %) ≤ 0.85% | Total moisture (as received, %) ≤ 10.0% | G index ≥ 75"
2026-06-25,C06-2026062501,ER-26122,Энержи Ресурс ХХК,Energy Resources,Энержи Ресурс ХХК,Coal,Нүүрс,Баяжуулсан,Washed medium-ash semi-hard coking coal,"Баяжуулсан дунд зэрэг үнстэй, хагас хатуу коксжих нүүрс",Форвард,5,450.0,460.0,CNY,тонн,8832000.0,2.22,3.0,19200.0,reported,"Ash (dry, %) ≤ 25.0% | Volatile matter (dry, ash free basis, %) >10.0%-28.0% | Sulfur (dry, %) ≤ 1.0% | Total moisture (as received, %) ≤ 10.0% | G index >20-60 | Calorific Value (Kcal/kg) ≈5500"
2026-06-25,C04-2026062502,2699-13 CO,Эрдэнэс Тавантолгой ХК,Erdenes Tavan Tolgoi,Эрдэнэс Тавантолгой ХК,Coal,Нүүрс,Боловсруулаагүй,1/3 coking coal,1/3 коксжих нүүрс,Форвард,5,99.0,109.0,USD,тонн,6976000.0,10.1,10.0,64000.0,reported,Ash (db):  >14.0-19.0 | Total moisture (ar): 5.0 (-2.0 | +3.0) | Volatile (daf):  >28.0-37.0 | Total sulphur (db): 1.0 (-0.3 | +0.5) | G-index (5:1): >65.0
2026-06-24,C06-2026062402,ER-26121,Энержи Ресурс ХХК,Energy Resources,Энержи Ресурс ХХК,Coal,Нүүрс,Баяжуулсан,Washed medium-ash semi-hard coking coal,"Баяжуулсан дунд зэрэг үнстэй, хагас хатуу коксжих нүүрс",Форвард,6,450.0,460.0,CNY,тонн,8832000.0,2.22,3.0,19200.0,reported,"Ash (dry, %) ≤ 25.0% | Volatile matter (dry, ash free basis, %) >10.0%-28.0% | Sulfur (dry, %) ≤ 1.0% | Total moisture (as received, %) ≤ 10.0% | G index >20-60 | Calorific Value (Kcal/kg) ≈5500"
2026-06-24,C04-2026062406,TTOA-2026-028,Тавантолгой ХК,Tavan Tolgoi JSC,Тавантолгой ХК,Coal,Нүүрс,Боловсруулаагүй,1/3 coking coal,1/3 коксжих нүүрс,Форвард,8,105.0,135.5,USD,тонн,13875200.0,29.05,16.0,102400.0,reported,Ash (db): 18.37 (-4.0 | +5.0) | Volatile (daf): 30.69 (-2.0 | +2.0) | Total sulphur (db): 1.01 (-0.3 | +0.2) | G-index (5:1): 71.0 (-6.0 | +6.0) | Total moisture (ar): 1.37 (-0.5 | +2.5) | Y- index ≤25mm
2026-06-24,C04-2026062405,TTOA-2026-027,Тавантолгой ХК,Tavan Tolgoi JSC,Тавантолгой ХК,Coal,Нүүрс,Боловсруулаагүй,1/3 coking coal,1/3 коксжих нүүрс,Форвард,9,105.0,136.5,USD,тонн,13977600.0,30.0,16.0,102400.0,reported,Ash (db): 18.37 (-4.0 | +5.0) | Volatile (daf): 30.69 (-2.0 | +2.0) | Total sulphur (db): 1.01 (-0.3 | +0.2) | G-index (5:1): 71.0 (-6.0 | +6.0) | Total moisture (ar): 1.37 (-0.5 | +2.5) | Y- index: ≤25mm
2026-06-24,C04-2026062404,TTOA-2026-026,Тавантолгой ХК,Tavan Tolgoi JSC,Тавантолгой ХК,Coal,Нүүрс,Боловсруулаагүй,1/3 coking coal,1/3 коксжих нүүрс,Форвард,8,105.0,146.5,USD,тонн,15001600.0,39.52,16.0,102400.0,reported,Ash (db): 18.37 (-4.0 | +5.0) | Volatile (daf): 30.69 (-2.0 | +2.0) | Total sulphur (db): 1.01 (-0.3 | +0.2) | G-index (5:1): 71.0 (-6.0 | +6.0) | Total moisture (ar): 1.37 (-0.5 | +2.5) | Y- index: ≤25mm
2026-06-24,C01-2026062401,ER-26120,Энержи Ресурс ХХК,Energy Resources,Энержи Ресурс ХХК,Coal,Нүүрс,Баяжуулсан,Washed coking coal,Баяжуулсан коксжих нүүрс,Форвард,3,950.0,1015.0,CNY,тонн,12992000.0,6.84,2.0,12800.0,reported,"Ash (dry, %) ≤ 11.0% | Volatile matter (dry, ash free basis, %) >20.0%-28.0% | Sulfur (dry, %) ≤ 0.85% | Total moisture (as received, %) ≤ 10.0% | G index ≥ 75"
2026-06-23,C10-2026062302,2619-WTC,Эрдэнэс Тавантолгой ХК,Erdenes Tavan Tolgoi,Эрдэнэс Тавантолгой ХК,Coal,Нүүрс,Баяжуулсан,Washed non-coking-quality coal,Баяжуулсан коксжих чанаргүй нүүрс,Форвард,2,68.4,68.4,USD,тонн,4377600.0,0.0,10.0,64000.0,reported,Ash (db): ≤25.0 | Total moisture (ar): ≤9.0 | Volatile (daf): <37.0 | Total sulphur (db): ≤1.0 | G index: ≤20 | Calorific value (ar): ≥6000
2026-06-23,C06-2026062301,ER-26119,Энержи Ресурс ХХК,Energy Resources,Энержи Ресурс ХХК,Coal,Нүүрс,Баяжуулсан,Washed medium-ash semi-hard coking coal,"Баяжуулсан дунд зэрэг үнстэй, хагас хатуу коксжих нүүрс",Форвард,4,450.0,465.0,CNY,тонн,8928000.0,3.33,3.0,19200.0,reported,"Ash (dry, %) ≤ 25.0% | Volatile matter (dry, ash free basis, %) >10.0%-28.0% | Sulfur (dry, %) ≤ 1.0% | Total moisture (as received, %) ≤ 10.0% | G index >20-60 | Calorific Value (Kcal/kg) ≈5500"
2026-06-22,C06-2026062202,ER-26118,Энержи Ресурс ХХК,Energy Resources,Энержи Ресурс ХХК,Coal,Нүүрс,Баяжуулсан,Washed medium-ash semi-hard coking coal,"Баяжуулсан дунд зэрэг үнстэй, хагас хатуу коксжих нүүрс",Форвард,4,450.0,470.0,CNY,тонн,9024000.0,4.44,3.0,19200.0,reported,"Ash (dry, %) ≤ 25.0% | Volatile matter (dry, ash free basis, %) >10.0%-28.0% | Sulfur (dry, %) ≤ 1.0% | Total moisture (as received, %) ≤ 10.0% | G index >20-60 | Calorific Value (Kcal/kg) ≈5500"
2026-06-22,C01-2026062201,ER-26117,Энержи Ресурс ХХК,Energy Resources,Энержи Ресурс ХХК,Coal,Нүүрс,Баяжуулсан,Washed coking coal,Баяжуулсан коксжих нүүрс,Форвард,4,950.0,1010.0,CNY,тонн,12928000.0,6.32,2.0,12800.0,reported,"Ash (dry, %) ≤ 11.0% | Volatile matter (dry, ash free basis, %) >20.0%-28.0% | Sulfur (dry, %) ≤ 0.85% | Total moisture (as received, %) ≤ 10.0% | G index ≥ 75"
2026-06-19,FE02-2026061903,DMP-2652,Дарханы Төмөрлөгийн Үйлдвэр ХХК,Дарханы Төмөрлөгийн Үйлдвэр ХХК,Дарханы Төмөрлөгийн Үйлдвэр ХХК,Iron ore,Төмөр,Баяжмал,Fe-58% Төмрийн баяжмал,Fe-58% Төмрийн баяжмал,Форвард,1,60.0,60.0,USD,тонн,3564000.0,0.0,18.0,59400.0,reported,"Fe 58% (дундаж) | S 2.5% (дундаж) | H2O 2.5% (дундаж) | Al2О3 2.0% (дундаж) | SiO2 5.0% (дундаж) | TiO2 0.1% (дундаж) | P 0.01% (дундаж) | Ширхэглэл	0-10 мм (нунтаг), 10-40 мм (бүхэл)"
2026-06-19,C01-2026061901,ER-26115,Энержи Ресурс ХХК,Energy Resources,Энержи Ресурс ХХК,Coal,Нүүрс,Баяжуулсан,Washed coking coal,Баяжуулсан коксжих нүүрс,Форвард,4,950.0,1015.0,CNY,тонн,12992000.0,6.84,2.0,12800.0,reported,"Ash (dry, %) ≤ 11.0% | Volatile matter (dry, ash free basis, %) >20.0%-28.0% | Sulfur (dry, %) ≤ 0.85% | Total moisture (as received, %) ≤ 10.0% | G index ≥ 75"
2026-06-18,FE03-2026061801,ECM-26-96,Монголросцветмет ТӨҮГ,Mongolrostsvetmet (ex-Erdenes Critical Minerals),Монголросцветмет ТӨҮГ /Эрдэнэс критикал минералс ТӨҮГ/,Iron ore,Төмөр,Хүдэр,Iron ore Fe 52%,Fe-52% Төмрийн хүдэр,Форвард,1,70.0,70.0,USD,тонн,462000.0,0.0,2.0,6600.0,reported,H2O 0.5-1.0% | Al2O3 1%-3% | S 0.02%-0.05% | SiO2 5%-10% | Fe < 52% | TiO2 0.01%-0.08% | P 0.01%-0.03%
2026-06-18,FE02-2026061805,DMP-2651,Дарханы Төмөрлөгийн Үйлдвэр ХХК,Дарханы Төмөрлөгийн Үйлдвэр ХХК,Дарханы Төмөрлөгийн Үйлдвэр ХХК,Iron ore,Төмөр,Баяжмал,Fe-58% Төмрийн баяжмал,Fe-58% Төмрийн баяжмал,Форвард,2,60.0,60.0,USD,тонн,3564000.0,0.0,18.0,59400.0,reported,"Fe 58% (дундаж) | S 2.5% (дундаж) | H2O 2.5% (дундаж) | Al2О3 2.0% (дундаж) | SiO2 5.0% (дундаж) | TiO2 0.1% (дундаж) | P 0.01% (дундаж) | Ширхэглэл	0-10 мм (нунтаг), 10-40 мм (бүхэл)"
2026-06-18,FE02-2026061804,DMP-2650,Дарханы Төмөрлөгийн Үйлдвэр ХХК,Дарханы Төмөрлөгийн Үйлдвэр ХХК,Дарханы Төмөрлөгийн Үйлдвэр ХХК,Iron ore,Төмөр,Баяжмал,Fe-58% Төмрийн баяжмал,Fe-58% Төмрийн баяжмал,Форвард,2,60.0,60.0,USD,тонн,3564000.0,0.0,18.0,59400.0,reported,"Fe 58% (дундаж) | S 2.5% (дундаж) | H2O 2.5% (дундаж) | Al2О3 2.0% (дундаж) | SiO2 5.0% (дундаж) | TiO2 0.1% (дундаж) | P 0.01% (дундаж) | Ширхэглэл	0-10 мм (нунтаг), 10-40 мм (бүхэл)"
2026-06-18,FE02-2026061803,DMP-2649,Дарханы Төмөрлөгийн Үйлдвэр ХХК,Дарханы Төмөрлөгийн Үйлдвэр ХХК,Дарханы Төмөрлөгийн Үйлдвэр ХХК,Iron ore,Төмөр,Баяжмал,Fe-58% Төмрийн баяжмал,Fe-58% Төмрийн баяжмал,Форвард,3,60.0,60.0,USD,тонн,3564000.0,0.0,18.0,59400.0,reported,"Fe 58% (дундаж) | S 2.5% (дундаж) | H2O 2.5% (дундаж) | Al2О3 2.0% (дундаж) | SiO2 5.0% (дундаж) | TiO2 0.1% (дундаж) | P 0.01% (дундаж) | Ширхэглэл 0-10 мм (нунтаг), 10-40 мм (бүхэл)"
2026-06-18,C06-2026061801,ER-26114,Энержи Ресурс ХХК,Energy Resources,Энержи Ресурс ХХК,Coal,Нүүрс,Баяжуулсан,Washed medium-ash semi-hard coking coal,"Баяжуулсан дунд зэрэг үнстэй, хагас хатуу коксжих нүүрс",Форвард,3,450.0,480.0,CNY,тонн,9216000.0,6.67,3.0,19200.0,reported,"Ash (dry, %) ≤ 25.0% | Volatile matter (dry, ash free basis, %) >10.0%-28.0% | Sulfur (dry, %) ≤ 1.0% | Total moisture (as received, %) ≤ 10.0% | G index >20-60 | Calorific Value (Kcal/kg) ≈5500"
2026-06-18,C01-2026061802,ER-26116,Энержи Ресурс ХХК,Energy Resources,Энержи Ресурс ХХК,Coal,Нүүрс,Баяжуулсан,Washed coking coal,Баяжуулсан коксжих нүүрс,Форвард,5,950.0,1015.0,CNY,тонн,12992000.0,6.84,2.0,12800.0,reported,"Ash (dry, %) ≤ 11.0% | Volatile matter (dry, ash free basis, %) >20.0%-28.0% | Sulfur (dry, %) ≤ 0.85% | Total moisture (as received, %) ≤ 10.0% | G index ≥ 75"
2026-06-17,FE03-2026061701,ECM-26-95,Монголросцветмет ТӨҮГ,Mongolrostsvetmet (ex-Erdenes Critical Minerals),Монголросцветмет ТӨҮГ /Эрдэнэс критикал минералс ТӨҮГ/,Iron ore,Төмөр,Хүдэр,Iron ore Fe 52%,Fe-52% Төмрийн хүдэр,Форвард,1,70.0,70.0,USD,тонн,462000.0,0.0,2.0,6600.0,reported,H2O 0.5-1.0% | Al2O3 1%-3% | S 0.02%-0.05% | SiO2 5%-10% | Fe < 52% | TiO2 0.01%-0.08% | P 0.01%-0.03%
2026-06-17,C06-2026061702,ER-26113,Энержи Ресурс ХХК,Energy Resources,Энержи Ресурс ХХК,Coal,Нүүрс,Баяжуулсан,Washed medium-ash semi-hard coking coal,"Баяжуулсан дунд зэрэг үнстэй, хагас хатуу коксжих нүүрс",Форвард,4,450.0,480.0,CNY,тонн,9216000.0,6.67,3.0,19200.0,reported,"Ash (dry, %) ≤ 25.0% | Volatile matter (dry, ash free basis, %) >10.0%-28.0% | Sulfur (dry, %) ≤ 1.0% | Total moisture (as received, %) ≤ 10.0% | G index >20-60 | Calorific Value (Kcal/kg) ≈5500"
2026-06-17,C01-2026061701,ER-26112,Энержи Ресурс ХХК,Energy Resources,Энержи Ресурс ХХК,Coal,Нүүрс,Баяжуулсан,Washed coking coal,Баяжуулсан коксжих нүүрс,Форвард,6,950.0,1055.0,CNY,тонн,13504000.0,11.05,2.0,12800.0,reported,"Ash (dry, %) ≤ 11.0% | Volatile matter (dry, ash free basis, %) >20.0%-28.0% | Sulfur (dry, %) ≤ 0.85% | Total moisture (as received, %) ≤ 10.0% | G index ≥ 75"
2026-06-16,FE01-2026061601,ECM-26-94,Монголросцветмет ТӨҮГ,Mongolrostsvetmet (ex-Erdenes Critical Minerals),Монголросцветмет ТӨҮГ /Эрдэнэс критикал минералс ТӨҮГ/,Iron ore,Төмөр,Баяжмал,Iron concentrate Fe 65%,Fe-65% Төмрийн баяжмал,Форвард,1,90.0,90.0,USD,тонн,1782000.0,0.0,6.0,19800.0,reported,H2O 7-10% | Al2O3 0.4%-1% | S 0.02%-0.08% | SiO2 3%-8% | Fe <65% | TiO2 0.01%-0.08% | P 0.01%-0.03%
2026-06-16,C06-2026061601,ER-26111,Энержи Ресурс ХХК,Energy Resources,Энержи Ресурс ХХК,Coal,Нүүрс,Баяжуулсан,Washed medium-ash semi-hard coking coal,"Баяжуулсан дунд зэрэг үнстэй, хагас хатуу коксжих нүүрс",Форвард,4,450.0,480.0,CNY,тонн,9216000.0,6.67,3.0,19200.0,reported,"Ash (dry, %) ≤ 25.0% | Volatile matter (dry, ash free basis, %) >10.0%-28.0% | Sulfur (dry, %) ≤ 1.0% | Total moisture (as received, %) ≤ 10.0% | G index >20-60 | Calorific Value (Kcal/kg) ≈5500"
2026-06-16,C04-2026061602,MAK-002-2026,Монголын Алт (МАК) ХХК,Монголын Алт (МАК) ХХК,Монголын Алт (МАК) ХХК,Coal,Нүүрс,Боловсруулаагүй,1/3 coking coal,1/3 коксжих нүүрс,Спот,1,520.0,520.0,CNY,тонн,13312000.0,0.0,4.0,25600.0,reported,"G index >75 | Volatile matter (Vdaf (%)) >28-37% | Ash (Ad (%)) <9 | Sulfur (Std (%)) <0.9 | Total moisture (Wt (%)) <8 | Qnet,ar ≥5833 | Qgr.d ≥6500 | Y (mm) 9-10"
2026-06-15,C06-2026061501,ER-26110,Энержи Ресурс ХХК,Energy Resources,Энержи Ресурс ХХК,Coal,Нүүрс,Баяжуулсан,Washed medium-ash semi-hard coking coal,"Баяжуулсан дунд зэрэг үнстэй, хагас хатуу коксжих нүүрс",Форвард,6,450.0,485.0,CNY,тонн,9312000.0,7.78,3.0,19200.0,reported,"Ash (dry, %) ≤ 25.0% | Volatile matter (dry, ash free basis, %) >10.0%-28.0% | Sulfur (dry, %) ≤ 1.0% | Total moisture (as received, %) ≤ 10.0% | G index >20-60 | Calorific Value (Kcal/kg) ≈5500"
2026-06-15,C02-2026061502,KH-26011,Хангад Эксплорэйшн ХХК,Khangad Exploration,Хангад Эксплорэйшн ХХК,Coal,Нүүрс,Баяжуулсан,Washed semi-soft coking coal,Баяжуулсан сул коксжих нүүрс,Форвард,4,800.0,910.0,CNY,тонн,11648000.0,13.75,2.0,12800.0,reported,"Ash (dry, %) ≤ 9.5% | Volatile matter (dry, ash free basis, %) > 28.0% | Sulfur (dry, %) ≤ 0.85% | Total moisture (as received, %) ≤ 10.0% | G index ≥65"
2026-06-12,FE03-2026061201,ECM-26-92,Монголросцветмет ТӨҮГ,Mongolrostsvetmet (ex-Erdenes Critical Minerals),Монголросцветмет ТӨҮГ /Эрдэнэс критикал минералс ТӨҮГ/,Iron ore,Төмөр,Хүдэр,Iron ore Fe 52%,Fe-52% Төмрийн хүдэр,Форвард,2,70.0,70.5,USD,тонн,465300.0,0.71,2.0,6600.0,reported,H2O 0.5-1.0% | Al2O3 1%-3% | S 0.02%-0.05% | SiO2 5%-10% | Fe < 52% | TiO2 0.01%-0.08% | P 0.01%-0.03%
2026-06-12,C03-2026061202,2613- CO,Эрдэнэс Тавантолгой ХК,Erdenes Tavan Tolgoi,Эрдэнэс Тавантолгой ХК,Coal,Нүүрс,Боловсруулаагүй,Medium-volatile coking coal,"Дэгдэмхий бодис дунд, коксжих нүүрс",Форвард,6,138.7,163.2,USD,тонн,2088960.0,17.66,2.0,12800.0,reported,Ash (db): 15.0 (-3.0 | +3.0) | Total moisture (ar): 3.0 (-2.0 | +2.0) | Volatile (daf): >20.0-28.0 | Total sulphur (db): 0.9 (-0.3 | +0.5) | G-Index (5:1): >65
2026-06-12,C01-2026061201,ER-26109,Энержи Ресурс ХХК,Energy Resources,Энержи Ресурс ХХК,Coal,Нүүрс,Баяжуулсан,Washed coking coal,Баяжуулсан коксжих нүүрс,Форвард,6,950.0,1070.0,CNY,тонн,13696000.0,12.63,2.0,12800.0,reported,"Ash (dry, %) ≤ 11.0% | Volatile matter (dry, ash free basis, %)>20.0%-28.0% | Sulfur (dry, %) ≤ 0.85% | Total moisture (as received, %) ≤ 10.0% | G index ≥ 75"
2026-06-11,FE03-2026061101,ECM-26-90,Монголросцветмет ТӨҮГ,Mongolrostsvetmet (ex-Erdenes Critical Minerals),Монголросцветмет ТӨҮГ /Эрдэнэс критикал минералс ТӨҮГ/,Iron ore,Төмөр,Хүдэр,Iron ore Fe 52%,Fe-52% Төмрийн хүдэр,Форвард,3,70.0,72.0,USD,тонн,475200.0,2.86,2.0,6600.0,reported,H2O 0.5-1.0% | Al2O3 1%-3% | S 0.02%-0.05% | SiO2 5%-10% | Fe < 52% | TiO2 0.01%-0.08% | P 0.01%-0.03%
2026-06-11,C06-2026061101,ER-26108,Энержи Ресурс ХХК,Energy Resources,Энержи Ресурс ХХК,Coal,Нүүрс,Баяжуулсан,Washed medium-ash semi-hard coking coal,"Баяжуулсан дунд зэрэг үнстэй, хагас хатуу коксжих нүүрс",Форвард,4,450.0,475.0,CNY,тонн,9120000.0,5.56,3.0,19200.0,reported,"Ash (dry, %) ≤ 25.0% | Volatile matter (dry, ash free basis, %) >10.0%-28.0% | Sulfur (dry, %) ≤ 1.0% | Total moisture (as received, %) ≤ 10.0% | G index >20-60 | Calorific Value (Kcal/kg) ≈5500"
2026-06-11,C02-2026061102,2616-13 WCO,Эрдэнэс Тавантолгой ХК,Erdenes Tavan Tolgoi,Эрдэнэс Тавантолгой ХК,Coal,Нүүрс,Баяжуулсан,Washed semi-soft coking coal,Баяжуулсан сул коксжих нүүрс,Форвард,6,117.9,127.9,USD,тонн,8185600.0,8.48,10.0,64000.0,reported,Ash (db): ≤12 | Total moisture (ar): ≤10.0 | Volatile (daf): >28.0 | Total sulphur (db): ≤ 0.85 | G index (5:1): ≥75
2026-06-10,FE03-2026061001,ECM-26-89,Монголросцветмет ТӨҮГ,Mongolrostsvetmet (ex-Erdenes Critical Minerals),Монголросцветмет ТӨҮГ /Эрдэнэс критикал минералс ТӨҮГ/,Iron ore,Төмөр,Хүдэр,Iron ore Fe 52%,Fe-52% Төмрийн хүдэр,Форвард,3,70.0,72.0,USD,тонн,475200.0,2.86,2.0,6600.0,reported,H2O 0.5-1.0% | Al2O3 1%-3% | S 0.02%-0.05% | SiO2 5%-10% | Fe < 52% | TiO2 0.01%-0.08% | P 0.01%-0.03%
2026-06-10,C10-2026061002,2618-WTC,Эрдэнэс Тавантолгой ХК,Erdenes Tavan Tolgoi,Эрдэнэс Тавантолгой ХК,Coal,Нүүрс,Баяжуулсан,Washed non-coking-quality coal,Баяжуулсан коксжих чанаргүй нүүрс,Форвард,6,67.2,76.5,USD,тонн,2448000.0,13.84,5.0,32000.0,reported,Ash (db): ≤25.0 | Total moisture (ar): ≤9.0 | Volatile (daf): <37.0 | Total sulphur (db): ≤1.0 | G index: ≤20 | Calorific value (ar): ≥6000
2026-06-10,C06-2026061001,ER-26107,Энержи Ресурс ХХК,Energy Resources,Энержи Ресурс ХХК,Coal,Нүүрс,Баяжуулсан,Washed medium-ash semi-hard coking coal,"Баяжуулсан дунд зэрэг үнстэй, хагас хатуу коксжих нүүрс",Форвард,6,450.0,485.0,CNY,тонн,9312000.0,7.78,3.0,19200.0,reported,"Ash (dry, %) ≤ 25.0% | Volatile matter (dry, ash free basis, %) >10.0%-28.0% | Sulfur (dry, %) ≤ 1.0% | Total moisture (as received, %) ≤ 10.0% | G index >20-60 | Calorific Value (Kcal/kg) ≈5500"
2026-06-10,C04-2026061003,2698-13 CO,Эрдэнэс Тавантолгой ХК,Erdenes Tavan Tolgoi,Эрдэнэс Тавантолгой ХК,Coal,Нүүрс,Боловсруулаагүй,1/3 coking coal,1/3 коксжих нүүрс,Форвард,9,94.9,113.4,USD,тонн,7257600.0,19.49,10.0,64000.0,reported,Ash (db): >14.0-19.0 | Total moisture (ar): 5.0 (-2.0 | +3.0) | Volatile (daf):  >28.0-37.0 | Total sulphur (db): 1.0 (-0.3 | +0.5) | G-index (5:1): >65.0
2026-06-09,FE01-2026060901,ECM-26-91,Монголросцветмет ТӨҮГ,Mongolrostsvetmet (ex-Erdenes Critical Minerals),Монголросцветмет ТӨҮГ /Эрдэнэс критикал минералс ТӨҮГ/,Iron ore,Төмөр,Баяжмал,Iron concentrate Fe 65%,Fe-65% Төмрийн баяжмал,Форвард,2,90.0,94.0,USD,тонн,1861200.0,4.44,6.0,19800.0,reported,H2O 7-10% | Al2O3 0.4%-1% | S 0.02%-0.08% | SiO2 3%-8% | Fe <65% | TiO2 0.01%-0.08% | P 0.01%-0.03%
2026-06-09,C02-2026060902,2615-13 WCO,Эрдэнэс Тавантолгой ХК,Erdenes Tavan Tolgoi,Эрдэнэс Тавантолгой ХК,Coal,Нүүрс,Баяжуулсан,Washed semi-soft coking coal,Баяжуулсан сул коксжих нүүрс,Форвард,9,117.9,130.4,USD,тонн,8345600.0,10.6,10.0,64000.0,reported,Ash (db): ≤12% | Total moisture (ar): ≤10.0 | Volatile (daf): >28.0 | Total sulphur (db): ≤ 0.85 | G index (5:1): ≥75
2026-06-09,C01-2026060901,ER-26106,Энержи Ресурс ХХК,Energy Resources,Энержи Ресурс ХХК,Coal,Нүүрс,Баяжуулсан,Washed coking coal,Баяжуулсан коксжих нүүрс,Форвард,4,950.0,1015.0,CNY,тонн,12992000.0,6.84,2.0,12800.0,reported,"Ash (dry, %) ≤ 11.0% | Volatile matter (dry, ash free basis, %)>20.0%-28.0% | Sulfur (dry, %) ≤ 0.85% | Total moisture (as received, %) ≤ 10.0% | G index ≥ 75"
2026-06-08,FE03-2026060801,ECM-26-88,Монголросцветмет ТӨҮГ,Mongolrostsvetmet (ex-Erdenes Critical Minerals),Монголросцветмет ТӨҮГ /Эрдэнэс критикал минералс ТӨҮГ/,Iron ore,Төмөр,Хүдэр,Iron ore Fe 52%,Fe-52% Төмрийн хүдэр,Форвард,5,70.0,72.5,USD,тонн,478500.0,3.57,2.0,6600.0,reported,H2O 0.5-1.0% | Al2O3 1%-3% | S 0.02%-0.05% | SiO2 5%-10% | Fe < 52% | TiO2 0.01%-0.08% | P 0.01%-0.03%
2026-06-08,C06-2026060802,ER-26105,Энержи Ресурс ХХК,Energy Resources,Энержи Ресурс ХХК,Coal,Нүүрс,Баяжуулсан,Washed medium-ash semi-hard coking coal,"Баяжуулсан дунд зэрэг үнстэй, хагас хатуу коксжих нүүрс",Форвард,7,450.0,480.0,CNY,тонн,9216000.0,6.67,3.0,19200.0,reported,"Үнслэг (хуурай,%) ≤ 25.0% | Дэгдэмхий бодис (үнсгүй хуурай,%) >10.0%-28.0% | Хүхэр (хуурай, %) ≤ 1.0% | Нийт чийглэг (хүлээн авах үеийн төлөв,%) ≤ 10.0% | G индекс  >20-60 | Илчлэг (ккал/кг) ≈5500"
2026-06-05,Fe02-2026060501,DMP-2646,Дарханы Төмөрлөгийн Үйлдвэр ХХК,Дарханы Төмөрлөгийн Үйлдвэр ХХК,Дарханы Төмөрлөгийн Үйлдвэр ХХК,Iron ore,Төмөр,Баяжмал,Fe-58% Төмрийн баяжмал,Fe-58% Төмрийн баяжмал,Форвард,1,59.0,59.0,USD,тонн,10513800.0,0.0,54.0,178200.0,reported,"Fe 58% (дундаж) | S 3.5% (дундаж) | H2O 2.5% (дундаж) | Al2О3 1.0% (дундаж) | SiO2	6.0% (дундаж) | TiO2 0.1% (дундаж) | P 0.02% (дундаж) | Ширхэглэл  0-10 мм (нунтаг), 10-40 мм (бүхэл)"
2026-06-05,C05-2026060502,2616-TC,Эрдэнэс Тавантолгой ХК,Erdenes Tavan Tolgoi,Эрдэнэс Тавантолгой ХК,Coal,Нүүрс,Боловсруулаагүй,"Thermal coal (bituminous, non-caking)","Эрчим хүчний нүүрс /Битумт, үл барьцалдах нүүрс/",Форвард,4,66.9,72.3,USD,тонн,4627200.0,8.07,10.0,64000.0,reported,Total moisture (ar): ≤9.0 | Volatile (daf): >20-37.0 | Total sulphur (db): 1.5 (-0.3 | +0.5) | Calorific value (ar): ≥6000 | G-Index (5:1): ≤30.0
2026-06-05,C01-2026060501,ER-26104,Энержи Ресурс ХХК,Energy Resources,Энержи Ресурс ХХК,Coal,Нүүрс,Баяжуулсан,Washed coking coal,Баяжуулсан коксжих нүүрс,Форвард,7,950.0,1100.0,CNY,тонн,14080000.0,15.79,2.0,12800.0,reported,"Ash (dry, %) ≤ 11.0% | Volatile matter (dry, ash free basis, %) >20.0%-28.0% | Sulfur (dry, %) ≤ 0.85% | Total moisture (as received, %) ≤ 10.0% | G index ≥ 75"
2026-06-04,Fe02-2026060403,DMP-2645,Дарханы Төмөрлөгийн Үйлдвэр ХХК,Дарханы Төмөрлөгийн Үйлдвэр ХХК,Дарханы Төмөрлөгийн Үйлдвэр ХХК,Iron ore,Төмөр,Баяжмал,Fe-58% Төмрийн баяжмал,Fe-58% Төмрийн баяжмал,Форвард,2,59.0,59.0,USD,тонн,10513800.0,0.0,54.0,178200.0,reported,"Хэмжигдэхүүн Чанарын үзүүлэлт - Fe 58% (дундаж) | S 3.5% (дундаж) | H2O 2.5% (дундаж) | Al2О3 1.0% (дундаж) | SiO2	6.0% (дундаж) | TiO2 0.1% (дундаж) | P 0.02% (дундаж) | Ширхэглэл  0-10 мм (нунтаг), 10-40 мм (бүхэл)"
2026-06-04,Fe02-2026060402,DMP-2644,Дарханы Төмөрлөгийн Үйлдвэр ХХК,Дарханы Төмөрлөгийн Үйлдвэр ХХК,Дарханы Төмөрлөгийн Үйлдвэр ХХК,Iron ore,Төмөр,Баяжмал,Fe-58% Төмрийн баяжмал,Fe-58% Төмрийн баяжмал,Форвард,2,59.0,59.5,USD,тонн,10602900.0,0.85,54.0,178200.0,reported,"Хэмжигдэхүүн Чанарын үзүүлэлт -  Fe 58% (дундаж) | S 3.5% (дундаж) | H2O 2.5% (дундаж) | Al2О3 1.0% (дундаж) | SiO2 6.0% (дундаж) | TiO2 0.1% (дундаж) | P 0.02% (дундаж) | Ширхэглэн  0-10 мм (нунтаг),  10-40 мм (бүхэл)"
2026-06-04,Fe02-2026060401,DMP-2643,Дарханы Төмөрлөгийн Үйлдвэр ХХК,Дарханы Төмөрлөгийн Үйлдвэр ХХК,Дарханы Төмөрлөгийн Үйлдвэр ХХК,Iron ore,Төмөр,Баяжмал,Fe-58% Төмрийн баяжмал,Fe-58% Төмрийн баяжмал,Форвард,3,59.0,59.0,USD,тонн,10513800.0,0.0,54.0,178200.0,reported,"Fe 58% (дундаж) | S 3.5% (дундаж) | H2O 2.5% (дундаж) | Al2О3 1.0% (дундаж) | SiO2	6.0% (дундаж) | TiO2 0.1% (дундаж) | P 0.02% (дундаж) | Ширхэглэл 0-10 мм (нунтаг),  10-40 мм (бүхэл)"
2026-06-04,C06-2026060401,ER-26103,Энержи Ресурс ХХК,Energy Resources,Энержи Ресурс ХХК,Coal,Нүүрс,Баяжуулсан,Washed medium-ash semi-hard coking coal,"Баяжуулсан дунд зэрэг үнстэй, хагас хатуу коксжих нүүрс",Форвард,6,450.0,480.0,CNY,тонн,9216000.0,6.67,3.0,19200.0,reported,"Ash (dry, %) ≤ 25.0% | Volatile matter (dry, ash free basis, %) >10.0%-28.0% | Sulfur (dry, %) ≤ 1.0% | Total moisture (as received, %) ≤ 10.0% | G index >20-60 | Calorific Value (Kcal/kg) ≈5500"
2026-06-04,C03-20206060402,2612- CO,Эрдэнэс Тавантолгой ХК,Erdenes Tavan Tolgoi,Эрдэнэс Тавантолгой ХК,Coal,Нүүрс,Боловсруулаагүй,Medium-volatile coking coal,"Дэгдэмхий бодис дунд, коксжих нүүрс",Форвард,8,128.5,165.5,USD,тонн,2118400.0,28.79,2.0,12800.0,reported,Ash (db): 15.0 (-3.0 | +3.0) | Total moisture (ar): 3.0 (-2.0 | +2.0) | Volatile (daf): >20.0-28.0 | Total sulphur (db): 0.9 (-0.3 | +0.5) | G-Index (5:1): >65
2026-06-03,C02-2026060302,2614-13 WCO,Эрдэнэс Тавантолгой ХК,Erdenes Tavan Tolgoi,Эрдэнэс Тавантолгой ХК,Coal,Нүүрс,Баяжуулсан,Washed semi-soft coking coal,Баяжуулсан сул коксжих нүүрс,Форвард,7,111.3,126.3,USD,тонн,16166400.0,13.48,20.0,128000.0,reported,Ash (db): ≤12% | Total moisture (ar): ≤10.0 | Volatile (daf): >28.0 | Total sulphur (db): ≤ 0.85 | G index (5:1): ≥75
2026-06-03,C01-2026060301,ER-26102,Энержи Ресурс ХХК,Energy Resources,Энержи Ресурс ХХК,Coal,Нүүрс,Баяжуулсан,Washed coking coal,Баяжуулсан коксжих нүүрс,Форвард,6,950.0,1040.0,CNY,тонн,13312000.0,9.47,2.0,12800.0,reported,"Ash (dry, %) ≤ 11.0% | Volatile matter (dry, ash free basis, %) >20.0%-28.0% | Sulfur (dry, %) ≤ 0.85% | Total moisture (as received, %) ≤ 10.0% | G index ≥ 75"
2026-06-02,C10-2026060203,2617-WTC,Эрдэнэс Тавантолгой ХК,Erdenes Tavan Tolgoi,Эрдэнэс Тавантолгой ХК,Coal,Нүүрс,Баяжуулсан,Washed non-coking-quality coal,Баяжуулсан коксжих чанаргүй нүүрс,Форвард,3,66.9,72.6,USD,тонн,2323200.0,8.52,5.0,32000.0,reported,Ash (db): ≤25.0 | Total moisture (ar): ≤9.0 | Volatile (daf): <37.0 | Total sulphur (db): ≤1.0 | G index: ≤20 | Calorific value (ar): ≥6000
2026-06-02,C06-2026060202,ER-26101,Энержи Ресурс ХХК,Energy Resources,Энержи Ресурс ХХК,Coal,Нүүрс,Баяжуулсан,Washed medium-ash semi-hard coking coal,"Баяжуулсан дунд зэрэг үнстэй, хагас хатуу коксжих нүүрс",Форвард,6,450.0,475.0,CNY,тонн,9120000.0,5.56,3.0,19200.0,reported,"Ash (dry, %) ≤ 25.0% | Volatile matter (dry, ash free basis, %) >10.0%-28.0% | Sulfur (dry, %) ≤ 1.0% | Total moisture (as received, %) ≤ 10.0% | G index >20-60 | Calorific Value (Kcal/kg) ≈5500"
2026-05-29,FE03-2026052901,ECM-26-87,Монголросцветмет ТӨҮГ,Mongolrostsvetmet (ex-Erdenes Critical Minerals),Монголросцветмет ТӨҮГ /Эрдэнэс критикал минералс ТӨҮГ/,Iron ore,Төмөр,Хүдэр,Iron ore Fe 52%,Fe-52% Төмрийн хүдэр,Форвард,6,70.0,73.5,USD,тонн,485100.0,5.0,2.0,6600.0,reported,H2O 0.5-1.0% | Al2O3 1%-3% | S 0.02%-0.05% | SiO2 5%-10% | Fe < 52% | TiO2 0.01%-0.08% | P 0.01%-0.03%
2026-05-29,C01-2026052901,ER-26099,Энержи Ресурс ХХК,Energy Resources,Энержи Ресурс ХХК,Coal,Нүүрс,Баяжуулсан,Washed coking coal,Баяжуулсан коксжих нүүрс,Форвард,6,950.0,1030.0,CNY,тонн,13184000.0,8.42,2.0,12800.0,reported,"Ash (dry, %) ≤ 11.0% | Volatile matter (dry, ash free basis, %) >20.0%-28.0% | Sulfur (dry, %) ≤ 0.85% | Total moisture (as received, %) ≤ 10.0% | G index ≥ 75"
2026-05-28,FE03-2026052801,ECM-26-86,Монголросцветмет ТӨҮГ,Mongolrostsvetmet (ex-Erdenes Critical Minerals),Монголросцветмет ТӨҮГ /Эрдэнэс критикал минералс ТӨҮГ/,Iron ore,Төмөр,Хүдэр,Iron ore Fe 52%,Fe-52% Төмрийн хүдэр,Форвард,5,70.0,73.5,USD,тонн,485100.0,5.0,2.0,6600.0,reported,H2O 0.5-1.0% | Al2O3 1%-3% | S 0.02%-0.05% | SiO2 5%-10% | Fe < 52% | TiO2 0.01%-0.08% | P 0.01%-0.03%
2026-05-28,C06-2026052801,ER-26098,Энержи Ресурс ХХК,Energy Resources,Энержи Ресурс ХХК,Coal,Нүүрс,Баяжуулсан,Washed medium-ash semi-hard coking coal,"Баяжуулсан дунд зэрэг үнстэй, хагас хатуу коксжих нүүрс",Форвард,5,450.0,475.0,CNY,тонн,9120000.0,5.56,3.0,19200.0,reported,"Ash (dry, %) ≤ 25.0% | Volatile matter (dry, ash free basis, %) >10.0%-28.0% | Sulfur (dry, %) ≤ 1.0% | Total moisture (as received, %) ≤ 10.0% | G index >20-60 | Calorific Value (Kcal/kg) ≈5500"
2026-05-27,FE03-2026052701,ECM-26-85,Монголросцветмет ТӨҮГ,Mongolrostsvetmet (ex-Erdenes Critical Minerals),Монголросцветмет ТӨҮГ /Эрдэнэс критикал минералс ТӨҮГ/,Iron ore,Төмөр,Хүдэр,Iron ore Fe 52%,Fe-52% Төмрийн хүдэр,Форвард,7,70.0,74.0,USD,тонн,488400.0,5.71,2.0,6600.0,reported,H2O 0.5-1.0% | Al2O3 1%-3% | S 0.02%-0.05% | SiO2 5%-10% | Fe < 52% | TiO2 0.01%-0.08% | P 0.01%-0.03%
2026-05-27,CU01-2026052701,ERD-05-2026,Эрдэнэт Үйлдвэр ТӨҮГ,Erdenet Mining Corporation,Эрдэнэт Үйлдвэр ТӨҮГ,Copper,Зэс,Баяжмал,Copper concentrate (22.35% Cu),22.35%-ийн зэсийн агуулгатай баяжмал,Форвард,3,3210.34,3280.34,USD,тонн,23775904.0,2.18,8.0,7248.0,reported,Copper /Cu/ 22.35% | Silver /Ag/ 78 гр/тн | Arsenic /As/ <0.3% | Moisture 9.4% | Molybdenum /Мо/ <0.15% | Iron /Fe/ <30% | Zinc /Zn/ <0.7% | Lead /Pb/ <1.4% | Sulfur /S/ <37% | Gold /Au/ <0.3 гр/тн | Aluminum /Al/ <2.0%
2026-05-27,C06-2026052701,ER-26097,Энержи Ресурс ХХК,Energy Resources,Энержи Ресурс ХХК,Coal,Нүүрс,Баяжуулсан,Washed medium-ash semi-hard coking coal,"Баяжуулсан дунд зэрэг үнстэй, хагас хатуу коксжих нүүрс",Форвард,5,450.0,480.0,CNY,тонн,9216000.0,6.67,3.0,19200.0,reported,"Ash (dry, %) ≤ 25.0% | Volatile matter (dry, ash free basis, %) >10.0%-28.0% | Sulfur (dry, %) ≤ 1.0% | Total moisture (as received, %) ≤ 10.0% | G index >20-60 | Calorific Value (Kcal/kg) ≈5500"
2026-05-26,FE03-2026052601,ECM-26-84,Монголросцветмет ТӨҮГ,Mongolrostsvetmet (ex-Erdenes Critical Minerals),Монголросцветмет ТӨҮГ /Эрдэнэс критикал минералс ТӨҮГ/,Iron ore,Төмөр,Хүдэр,Iron ore Fe 52%,Fe-52% Төмрийн хүдэр,Форвард,6,70.0,73.5,USD,тонн,485100.0,5.0,2.0,6600.0,reported,H2O 0.5-1.0% | Al2O3 1%-3% | S 0.02%-0.05% | SiO2 5%-10% | Fe < 52% | TiO2 0.01%-0.08% | P 0.01%-0.03%
2026-05-26,C14-2026052602,SGS-2602,Саусгоби Сэндс ХХК,Саусгоби Сэндс ХХК,Саусгоби Сэндс ХХК,Coal,Нүүрс,Боловсруулаагүй,"Дэгдэмхий бодис их, хийн нүүрс","Дэгдэмхий бодис их, хийн нүүрс",Форвард,1,330.0,330.0,CNY,тонн,67584000.0,0.0,32.0,204800.0,reported,"Calorific value, Qgr,m,mmf(ксаl/kg) > 6200 | Calorific value, Qnet ar(ксаl/kg) > 5900 | Volatile matter, Vdaf (%) 37–40 | Y, mm ≤25 | Ash, Ad (%) 12–25 | Total moisture, Wt (%) ≤ 6 | Sulfur, Sd (%) ≤ 1.5 | Caking index, G >40"
2026-05-26,C01-2026052601,ER-26096,Энержи Ресурс ХХК,Energy Resources,Энержи Ресурс ХХК,Coal,Нүүрс,Баяжуулсан,Washed coking coal,Баяжуулсан коксжих нүүрс,Форвард,6,900.0,905.0,CNY,тонн,11584000.0,0.56,2.0,12800.0,reported,"Ash (dry, %) ≤ 11.0% | Volatile matter (dry, ash free basis, %) >20.0%-28.0% | Sulfur (dry, %) ≤ 0.85% | Total moisture (as received, %) ≤ 10.0% | G index ≥ 75"
2026-05-25,FE03-2026052501,ECM-26-83,Монголросцветмет ТӨҮГ,Mongolrostsvetmet (ex-Erdenes Critical Minerals),Монголросцветмет ТӨҮГ /Эрдэнэс критикал минералс ТӨҮГ/,Iron ore,Төмөр,Хүдэр,Iron ore Fe 52%,Fe-52% Төмрийн хүдэр,Форвард,6,70.0,73.5,USD,тонн,485100.0,5.0,2.0,6600.0,reported,H2O 0.5-1.0% | Al2O3 1%-3% | S 0.02%-0.05% | SiO2 5%-10% | Fe < 52% | TiO2 0.01%-0.08% | P 0.01%-0.03%
2026-05-25,C06-2026052501,ER-26095,Энержи Ресурс ХХК,Energy Resources,Энержи Ресурс ХХК,Coal,Нүүрс,Баяжуулсан,Washed medium-ash semi-hard coking coal,"Баяжуулсан дунд зэрэг үнстэй, хагас хатуу коксжих нүүрс",Форвард,5,450.0,475.0,CNY,тонн,9120000.0,5.56,3.0,19200.0,reported,"Ash (dry, %) ≤ 25.0% | Volatile matter (dry, ash free basis, %) >10.0%-28.0% | Sulfur (dry, %) ≤ 1.0% | Total moisture (as received, %) ≤ 10.0% | G index >20-60 | Calorific Value (Kcal/kg) ≈5500"
2026-05-22,FE03-2026052201,ECM-26-81,Монголросцветмет ТӨҮГ,Mongolrostsvetmet (ex-Erdenes Critical Minerals),Монголросцветмет ТӨҮГ /Эрдэнэс критикал минералс ТӨҮГ/,Iron ore,Төмөр,Хүдэр,Iron ore Fe 52%,Fe-52% Төмрийн хүдэр,Форвард,6,70.0,73.0,USD,тонн,481800.0,4.29,2.0,6600.0,reported,H2O 0.5-1.0% | Al2O3 1%-3% | S 0.02%-0.05% | SiO2 5%-10% | Fe < 52% | TiO2 0.01%-0.08% | P 0.01%-0.03%
2026-05-22,C10-2026052203,2616-WTC,Эрдэнэс Тавантолгой ХК,Erdenes Tavan Tolgoi,Эрдэнэс Тавантолгой ХК,Coal,Нүүрс,Баяжуулсан,Washed non-coking-quality coal,Баяжуулсан коксжих чанаргүй нүүрс,Форвард,3,64.4,67.7,USD,тонн,4332800.0,5.12,10.0,64000.0,reported,Ash (db): ≤25.0 | Total moisture (ar): ≤9.0 | Volatile (daf): <37.0 | Total sulphur (db): ≤1.0 | G index: ≤20 | Calorific value (ar): ≥6000
2026-05-22,C10-2026052202,2615-WTC,Эрдэнэс Тавантолгой ХК,Erdenes Tavan Tolgoi,Эрдэнэс Тавантолгой ХК,Coal,Нүүрс,Баяжуулсан,Washed non-coking-quality coal,Баяжуулсан коксжих чанаргүй нүүрс,Форвард,7,61.0,68.5,USD,тонн,2192000.0,12.3,5.0,32000.0,reported,Ash (db): ≤25.0 | Total moisture (ar): ≤9.0 | Volatile (daf): <37.0 | Total sulphur (db): ≤1.0 | G index: ≤20 | Calorific value (ar): ≥6000
2026-05-22,C01-2026052201,ER-26094,Энержи Ресурс ХХК,Energy Resources,Энержи Ресурс ХХК,Coal,Нүүрс,Баяжуулсан,Washed coking coal,Баяжуулсан коксжих нүүрс,Форвард,6,900.0,955.0,CNY,тонн,12224000.0,6.11,2.0,12800.0,reported,"Ash (dry, %) ≤ 11.0% | Volatile matter (dry, ash free basis, %) >20.0%-28.0% | Sulfur (dry, %) ≤ 0.85% | Total moisture (as received, %) ≤ 10.0% | G index ≥ 75"
2026-05-21,FE03-2026052101,ECM-26-80,Монголросцветмет ТӨҮГ,Mongolrostsvetmet (ex-Erdenes Critical Minerals),Монголросцветмет ТӨҮГ /Эрдэнэс критикал минералс ТӨҮГ/,Iron ore,Төмөр,Хүдэр,Iron ore Fe 52%,Fe-52% Төмрийн хүдэр,Форвард,5,70.0,73.0,USD,тонн,481800.0,4.29,2.0,6600.0,reported,H2O 0.5-1.0% | Al2O3 1%-3% | S 0.02%-0.05% | SiO2 5%-10% | Fe < 52% | TiO2 0.01%-0.08% | P 0.01%-0.03%
2026-05-21,C06-2026052101,ER-26093,Энержи Ресурс ХХК,Energy Resources,Энержи Ресурс ХХК,Coal,Нүүрс,Баяжуулсан,Washed medium-ash semi-hard coking coal,"Баяжуулсан дунд зэрэг үнстэй, хагас хатуу коксжих нүүрс",Форвард,6,450.0,470.0,CNY,тонн,9024000.0,4.44,3.0,19200.0,reported,"Ash (dry, %) ≤ 25.0% | Volatile matter (dry, ash free basis, %) >10.0%-28.0% | Sulfur (dry, %) ≤ 1.0% | Total moisture (as received, %) ≤ 10.0% | G index >20-60 | Calorific Value (Kcal/kg) ≈5500"
2026-05-21,C04-2026052103,2697-13 CO,Эрдэнэс Тавантолгой ХК,Erdenes Tavan Tolgoi,Эрдэнэс Тавантолгой ХК,Coal,Нүүрс,Боловсруулаагүй,1/3 coking coal,1/3 коксжих нүүрс,Форвард,3,70.1,76.1,USD,тонн,4870400.0,8.56,10.0,64000.0,reported,Ash (db): 26.0 (-3.0 | +3.0) | Total moisture (ar): 5.0 (-2.0 | +3.0) | Volatile (daf): >28.0-37.0 | Total sulphur (db): 1.0 (-0.3 | +0.5) | G-Index (5:1): >65
2026-05-21,C04-2026052102,2696-13 CO,Эрдэнэс Тавантолгой ХК,Erdenes Tavan Tolgoi,Эрдэнэс Тавантолгой ХК,Coal,Нүүрс,Боловсруулаагүй,1/3 coking coal,1/3 коксжих нүүрс,Форвард,5,88.8,103.3,USD,тонн,6611200.0,16.33,10.0,64000.0,reported,Ash (db): >14.0-19.0 | Total moisture (ar): 5.0 (-2.0 | +3.0) | Volatile (daf): >28.0-37.0 | Total sulphur (db): 1.0 (-0.3 | +0.5) | G-index (5:1): >65.0
2026-05-21,C02-2026052104,2613-13 WCO,Эрдэнэс Тавантолгой ХК,Erdenes Tavan Tolgoi,Эрдэнэс Тавантолгой ХК,Coal,Нүүрс,Баяжуулсан,Washed semi-soft coking coal,Баяжуулсан сул коксжих нүүрс,Форвард,4,111.3,111.3,USD,тонн,7123200.0,0.0,10.0,64000.0,reported,Ash (db): ≤12% | Total moisture (ar): ≤10.0 | Volatile (daf): >28.0 | Total sulphur (db): ≤ 0.85 | G index (5:1): ≥75
2026-05-20,FE03-2026052001,ECM-26-79,Монголросцветмет ТӨҮГ,Mongolrostsvetmet (ex-Erdenes Critical Minerals),Монголросцветмет ТӨҮГ /Эрдэнэс критикал минералс ТӨҮГ/,Iron ore,Төмөр,Хүдэр,Iron ore Fe 52%,Fe-52% Төмрийн хүдэр,Форвард,3,70.0,72.5,USD,тонн,478500.0,3.57,2.0,6600.0,reported,H2O 0.5-1.0% | Al2O3 1%-3% | S 0.02%-0.05% | SiO2 5%-10% | Fe < 52% | TiO2 0.01%-0.08% | P 0.01%-0.03%
2026-05-20,C05-2026052003,2615-TC,Эрдэнэс Тавантолгой ХК,Erdenes Tavan Tolgoi,Эрдэнэс Тавантолгой ХК,Coal,Нүүрс,Боловсруулаагүй,"Thermal coal (bituminous, non-caking)","Эрчим хүчний нүүрс /Битумт, үл барьцалдах нүүрс/",Форвард,2,64.4,64.4,USD,тонн,8243200.0,0.0,20.0,128000.0,reported,Total moisture (ar): ≤9.0 | Volatile (daf): >20-37.0 | Total sulphur (db): 1.5 (-0.3 | +0.5) | Calorific value (ar): ≥6000 | G-Index (5:1): ≤30.0
2026-05-20,C03-2026052004,TTOA-2026-021,Тавантолгой ХК,Tavan Tolgoi JSC,Тавантолгой ХК,Coal,Нүүрс,Боловсруулаагүй,Medium-volatile coking coal,"Дэгдэмхий бодис дунд, коксжих нүүрс",Форвард,6,127.0,127.0,USD,тонн,64211200.0,0.0,79.0,505600.0,reported,Ash (db): 15.64 (-4.0 | +4.0) | Volatile (daf): 26.99 (-0.7 | +1.1) | Total sulphur (db): 0.92 (-0.3 | +0.2) | G-index (5:1): 76.0 (-4.0 | +4.0) | Total moisture (ar): 1.9 (-0.5 | +2.5) | Y- index ≤25mm
2026-05-20,C03-2026052002,2611- CO,Эрдэнэс Тавантолгой ХК,Erdenes Tavan Tolgoi,Эрдэнэс Тавантолгой ХК,Coal,Нүүрс,Боловсруулаагүй,Medium-volatile coking coal,"Дэгдэмхий бодис дунд, коксжих нүүрс",Форвард,7,131.4,138.4,USD,тонн,2657280.0,5.33,3.0,19200.0,reported,Ash (db): 15.0 (-3.0 | +3.0) | Total moisture (ar): 3.0 (-2.0 | +2.0) | Volatile (daf): >20.0-28.0 | Total sulphur (db): 0.9 (-0.3 | +0.5) | G-Index (5:1): >65
2026-05-20,C02-2026052005,2612-13 WCO,Эрдэнэс Тавантолгой ХК,Erdenes Tavan Tolgoi,Эрдэнэс Тавантолгой ХК,Coal,Нүүрс,Баяжуулсан,Washed semi-soft coking coal,Баяжуулсан сул коксжих нүүрс,Форвард,3,117.5,117.5,USD,тонн,7520000.0,0.0,10.0,64000.0,reported,Ash (db): ≤12% | Total moisture (ar): ≤10.0 | Volatile (daf): >28.0 | Total sulphur (db): ≤ 0.85 | G index (5:1): ≥75
2026-05-20,C01-2026052001,ER-26092,Энержи Ресурс ХХК,Energy Resources,Энержи Ресурс ХХК,Coal,Нүүрс,Баяжуулсан,Washed coking coal,Баяжуулсан коксжих нүүрс,Форвард,7,900.0,955.0,CNY,тонн,12224000.0,6.11,2.0,12800.0,reported,"Ash (dry, %) ≤ 11.0% | Volatile matter (dry, ash free basis, %) >20.0%-28.0% | Sulfur (dry, %) ≤ 0.85% | Total moisture (as received, %) ≤ 10.0% | G index ≥ 75"
2026-05-19,FE03-2026051901,ECM-26-78,Монголросцветмет ТӨҮГ,Mongolrostsvetmet (ex-Erdenes Critical Minerals),Монголросцветмет ТӨҮГ /Эрдэнэс критикал минералс ТӨҮГ/,Iron ore,Төмөр,Хүдэр,Iron ore Fe 52%,Fe-52% Төмрийн хүдэр,Форвард,2,70.0,70.0,USD,тонн,462000.0,0.0,2.0,6600.0,reported,H2O 0.5-1.0% | Al2O3 1%-3% | S 0.02%-0.05% | SiO2 5%-10% | Fe < 52% | TiO2 0.01%-0.08% | P 0.01%-0.03%
2026-05-19,C10-2026051904,2614-WTC,Эрдэнэс Тавантолгой ХК,Erdenes Tavan Tolgoi,Эрдэнэс Тавантолгой ХК,Coal,Нүүрс,Баяжуулсан,Washed non-coking-quality coal,Баяжуулсан коксжих чанаргүй нүүрс,Форвард,4,64.4,68.6,USD,тонн,4390400.0,6.52,10.0,64000.0,reported,Ash (db): ≤25.0 | Total moisture (ar): ≤9.0 | Volatile (daf): <37.0 | Total sulphur (db): ≤1.0 | G index: ≤20 | Calorific value (ar): ≥6000
2026-05-19,C04-2026051902,2695-13 CO,Эрдэнэс Тавантолгой ХК,Erdenes Tavan Tolgoi,Эрдэнэс Тавантолгой ХК,Coal,Нүүрс,Боловсруулаагүй,1/3 coking coal,1/3 коксжих нүүрс,Форвард,6,84.1,105.1,USD,тонн,13452800.0,24.97,20.0,128000.0,reported,Ash (db):  >14.0-19.0 | Total moisture (ar): 5.0 (-2.0 | +3.0) | Volatile (daf):  >28.0-37.0 | Total sulphur (db): 1.0 (-0.3 | +0.5) | G-index (5:1): >65.0
2026-05-19,C02-2026051903,2611-13 WCO,Эрдэнэс Тавантолгой ХК,Erdenes Tavan Tolgoi,Эрдэнэс Тавантолгой ХК,Coal,Нүүрс,Баяжуулсан,Washed semi-soft coking coal,Баяжуулсан сул коксжих нүүрс,Форвард,4,114.6,120.1,USD,тонн,7686400.0,4.8,10.0,64000.0,reported,Ash (db): ≤12% | Total moisture (ar): ≤10.0 | Volatile (daf): >28.0 | Total sulphur (db): ≤ 0.85 | G index (5:1): ≥75
2026-05-19,C01-2026051901,ER-26091,Энержи Ресурс ХХК,Energy Resources,Энержи Ресурс ХХК,Coal,Нүүрс,Баяжуулсан,Washed coking coal,Баяжуулсан коксжих нүүрс,Форвард,6,900.0,970.0,CNY,тонн,12416000.0,7.78,2.0,12800.0,reported,"Ash (dry, %) ≤ 11.0% | Volatile matter (dry, ash free basis, %) >20.0%-28.0% | Sulfur (dry, %) ≤ 0.85% | Total moisture (as received, %) ≤ 10.0% | G index ≥ 75"
2026-05-18,FE03-2026051801,ECM-26-77,Монголросцветмет ТӨҮГ,Mongolrostsvetmet (ex-Erdenes Critical Minerals),Монголросцветмет ТӨҮГ /Эрдэнэс критикал минералс ТӨҮГ/,Iron ore,Төмөр,Хүдэр,Iron ore Fe 52%,Fe-52% Төмрийн хүдэр,Форвард,2,70.0,73.0,USD,тонн,481800.0,4.29,2.0,6600.0,reported,H2O 0.5-1.0% | Al2O3 1%-3% | S 0.02%-0.05% | SiO2 5%-10% | Fe < 52% | TiO2 0.01%-0.08% | P 0.01%-0.03%
2026-05-18,FE01-2026051802,ECM-26-82,Монголросцветмет ТӨҮГ,Mongolrostsvetmet (ex-Erdenes Critical Minerals),Монголросцветмет ТӨҮГ /Эрдэнэс критикал минералс ТӨҮГ/,Iron ore,Төмөр,Баяжмал,Iron concentrate Fe 65%,Fe-65% Төмрийн баяжмал,Форвард,3,90.0,94.0,USD,тонн,1861200.0,4.44,6.0,19800.0,reported,H2O 7-10% | Al2O3 0.4%-1% | S 0.02%-0.08% | SiO2 3%-8% | Fe <65% | TiO2 0.01%-0.08% | P 0.01%-0.03%
2026-05-18,C06-2026051801,ER-26090,Энержи Ресурс ХХК,Energy Resources,Энержи Ресурс ХХК,Coal,Нүүрс,Баяжуулсан,Washed medium-ash semi-hard coking coal,"Баяжуулсан дунд зэрэг үнстэй, хагас хатуу коксжих нүүрс",Форвард,6,450.0,475.0,CNY,тонн,9120000.0,5.56,3.0,19200.0,reported,"Ash (dry, %) ≤ 25.0% | Volatile matter (dry, ash free basis, %) >10.0%-28.0% | Sulfur (dry, %) ≤ 1.0% | Total moisture (as received, %) ≤ 10.0% | G index >20-60 | Calorific Value (Kcal/kg) ≈5500"
2026-05-18,C04-2026051802,2694-13 CO,Эрдэнэс Тавантолгой ХК,Erdenes Tavan Tolgoi,Эрдэнэс Тавантолгой ХК,Coal,Нүүрс,Боловсруулаагүй,1/3 coking coal,1/3 коксжих нүүрс,Форвард,4,77.1,84.1,USD,тонн,5382400.0,9.08,10.0,64000.0,reported,Ash (db): 22.0 (-3.0 | +3.0) | Total moisture (ar): 4.0 (-1.0 | +2.0) | Volatile (daf): >28.0-37.0 | Total sulphur (db): 1.1 (-0.5 | +0.5) | G-Index (5:1): ≥70
2026-05-15,FE03-2026051501,ECM-26-76,Монголросцветмет ТӨҮГ,Mongolrostsvetmet (ex-Erdenes Critical Minerals),Монголросцветмет ТӨҮГ /Эрдэнэс критикал минералс ТӨҮГ/,Iron ore,Төмөр,Хүдэр,Iron ore Fe 52%,Fe-52% Төмрийн хүдэр,Форвард,2,70.0,71.0,USD,тонн,4686000.0,1.43,20.0,66000.0,reported,H2O 0.5-1.0% | Al2O3 1%-3% | S 0.02%-0.05% | SiO2 5%-10% | Fe < 52% | TiO2 0.01%-0.08% | P 0.01%-0.03%
2026-05-15,C05-2026051502,2614-TC,Эрдэнэс Тавантолгой ХК,Erdenes Tavan Tolgoi,Эрдэнэс Тавантолгой ХК,Coal,Нүүрс,Боловсруулаагүй,"Thermal coal (bituminous, non-caking)","Эрчим хүчний нүүрс /Битумт, үл барьцалдах нүүрс/",Форвард,2,64.4,64.4,USD,тонн,8243200.0,0.0,20.0,128000.0,reported,Total moisture (ar): ≤9.0 | Volatile (daf): >20-37.0 | Total sulphur (db): 1.5 (-0.3 | +0.5) | Calorific value (ar): ≥6000 | G-Index (5:1):  ≤30.0
2026-05-15,C01-2026051501,ER-26089,Энержи Ресурс ХХК,Energy Resources,Энержи Ресурс ХХК,Coal,Нүүрс,Баяжуулсан,Washed coking coal,Баяжуулсан коксжих нүүрс,Форвард,5,900.0,960.0,CNY,тонн,12288000.0,6.67,2.0,12800.0,reported,"Үнслэг (хуурай,%) ≤ 11.0% | Дэгдэмхий бодис(үнсгүй хуурай,%) >20.0%-28.0% | Хүхэр (хуурай, %) ≤ 0.85% | Нийт чийглэг(хүлээн авах үеийн төлөв,%) ≤ 10.0% | G индекс ≥ 75.0"
2026-05-14,C10-2026051403,2613-WTC,Эрдэнэс Тавантолгой ХК,Erdenes Tavan Tolgoi,Эрдэнэс Тавантолгой ХК,Coal,Нүүрс,Баяжуулсан,Washed non-coking-quality coal,Баяжуулсан коксжих чанаргүй нүүрс,Форвард,2,64.4,64.4,USD,тонн,4121600.0,0.0,10.0,64000.0,reported,Ash (db): ≤25.0 | Total moisture (ar): ≤9.0 | Volatile (daf): <37.0 | Total sulphur (db): ≤1.0 | G index: ≤20 | Calorific value (ar): ≥6000
2026-05-14,C08-2026051402,AND-6,Андын Илч ХХК,Андын Илч ХХК,Андын Илч ХХК,Coal,Нүүрс,Боловсруулаагүй,Чийг багатай хүрэн нүүрс,Чийг багатай хүрэн нүүрс,Форвард,1,140.0,140.0,CNY,тонн,2688000.0,0.0,3.0,19200.0,reported,"Sulfur (DB, %) >1,64% (+1% | -1%) | Calorific Value (Kcal/kg) (Qnet, AR)>3500-4000 | Total Moisture (AR, %) ≤30,0 | Ash (DB, %) >20,5% (+2% | -2%) | Volatile matter (DAF, %) >37,0"
2026-05-14,C06-2026051401,ER-26088,Энержи Ресурс ХХК,Energy Resources,Энержи Ресурс ХХК,Coal,Нүүрс,Баяжуулсан,Washed medium-ash semi-hard coking coal,"Баяжуулсан дунд зэрэг үнстэй, хагас хатуу коксжих нүүрс",Форвард,4,450.0,455.0,CNY,тонн,8736000.0,1.11,3.0,19200.0,reported,"Үнслэг (хуурай,%) ≤ 25.0% | Дэгдэмхий бодис (үнсгүй хуурай,%) >10.0%-28.0% | Хүхэр (хуурай, %) ≤ 1.0% | Нийт чийглэг (хүлээн авах үеийн төлөв,%) ≤ 10.0% | G индекс  >20-60 | Илчлэг (ккал/кг) ≈5500"
2026-05-13,C05-2026051302,2613-TC,Эрдэнэс Тавантолгой ХК,Erdenes Tavan Tolgoi,Эрдэнэс Тавантолгой ХК,Coal,Нүүрс,Боловсруулаагүй,"Thermal coal (bituminous, non-caking)","Эрчим хүчний нүүрс /Битумт, үл барьцалдах нүүрс/",Форвард,3,61.0,65.5,USD,тонн,4192000.0,7.38,10.0,64000.0,reported,Total moisture (ar): ≤9.0 | Volatile (daf): >20-37.0 | Total sulphur (db): 1.5 (-0.3 | +0.5) | Calorific value (ar): ≥6000 | G-Index (5:1):  ≤30.0
2026-05-13,C04-2026051303,2693-13 CO,Эрдэнэс Тавантолгой ХК,Erdenes Tavan Tolgoi,Эрдэнэс Тавантолгой ХК,Coal,Нүүрс,Боловсруулаагүй,1/3 coking coal,1/3 коксжих нүүрс,Форвард,7,88.9,109.4,USD,тонн,7001600.0,23.06,10.0,64000.0,reported,Ash (db):  >14.0-19.0 | Total moisture (ar): 5.0 (-2.0 | +3.0) | Volatile (daf):  >28.0-37.0 | Total sulphur (db): 1.0 (-0.3 | +0.5) | G-index (5:1): >65.0
2026-05-13,C01-2026051301,ER-26087,Энержи Ресурс ХХК,Energy Resources,Энержи Ресурс ХХК,Coal,Нүүрс,Баяжуулсан,Washed coking coal,Баяжуулсан коксжих нүүрс,Форвард,4,900.0,1000.0,CNY,тонн,12800000.0,11.11,2.0,12800.0,reported,"Үнслэг (хуурай,%) ≤ 11.0% | Дэгдэмхий бодис(үнсгүй хуурай,%) >20.0%-28.0% | Хүхэр (хуурай, %) ≤ 0.85% | Нийт чийглэг(хүлээн авах үеийн төлөв,%) ≤ 10.0% | G индекс ≥ 75.0"
2026-05-12,C10-2026051205,2612-WTC,Эрдэнэс Тавантолгой ХК,Erdenes Tavan Tolgoi,Эрдэнэс Тавантолгой ХК,Coal,Нүүрс,Баяжуулсан,Washed non-coking-quality coal,Баяжуулсан коксжих чанаргүй нүүрс,Форвард,3,61.0,68.8,USD,тонн,2201600.0,12.79,5.0,32000.0,reported,Ash (db): ≤25.0 | Total moisture (ar): ≤9.0 | Volatile (daf): <37.0 | Total sulphur (db): ≤1.0 | G index ≤20.0 | Calorific value (ar): ≥6000
2026-05-12,C04-2026051204,2692 1-3 CO,Эрдэнэс Тавантолгой ХК,Erdenes Tavan Tolgoi,Эрдэнэс Тавантолгой ХК,Coal,Нүүрс,Боловсруулаагүй,1/3 coking coal,1/3 коксжих нүүрс,Форвард,7,77.2,86.2,USD,тонн,5516800.0,11.66,10.0,64000.0,reported,Ash (db): 22.0 (-3.0 | +3.0)  | Total moisture (ar): 4.0 (-1.0 | +2.0)  | Volatile (daf): >28.0-37.0  | Total sulphur (db): 1.1 (-0.5 | +0.5)  | G-Index (5:1): ≥70
2026-05-12,C04-2026051203,2691-13 CO,Эрдэнэс Тавантолгой ХК,Erdenes Tavan Tolgoi,Эрдэнэс Тавантолгой ХК,Coal,Нүүрс,Боловсруулаагүй,1/3 coking coal,1/3 коксжих нүүрс,Форвард,8,84.2,108.2,USD,тонн,3462400.0,28.5,5.0,32000.0,reported,Ash (db):  >14.0-19.0 | Total moisture (ar): 5.0 (-2.0 | +3.0) | Volatile (daf):  >28.0-37.0 | Total sulphur (db): 1.0 (-0.3 | +0.5) | G-index (5:1): >65.0
2026-05-12,C04-2026051202,MAK-001-2026,Монголын Алт (МАК) ХХК,Монголын Алт (МАК) ХХК,Монголын Алт (МАК) ХХК,Coal,Нүүрс,Боловсруулаагүй,1/3 coking coal,1/3 коксжих нүүрс,Спот,2,470.0,470.0,CNY,тонн,12032000.0,0.0,4.0,25600.0,reported,"Бөсөх индекс G >75 | Дэгдэмхий бодисын гарц  Vdaf (%) >28-37% | Үнслэг Ad, %<9 | Хүхэр Std, %<0.9 | Нийт чийг Wt,% <8 | Бодит илчлэг Qnet, ar ≥5833 | Эрдэсийн зүйлгүй чийгтэй жинд тооцсон илчлэг Qgr, d ≥6500"
2026-05-12,C01-2026051201,ER-26086,Энержи Ресурс ХХК,Energy Resources,Энержи Ресурс ХХК,Coal,Нүүрс,Баяжуулсан,Washed coking coal,Баяжуулсан коксжих нүүрс,Форвард,5,900.0,1010.0,CNY,тонн,12928000.0,12.22,2.0,12800.0,reported,"Үнслэг (хуурай,%) ≤ 11.0% | Дэгдэмхий бодис(үнсгүй хуурай,%) >20.0%-28.0% | Хүхэр (хуурай, %) ≤ 0.85% | Нийт чийглэг(хүлээн авах үеийн төлөв,%) ≤ 10.0% | G индекс ≥ 75.0"
2026-05-11,C10-2026051102,2611-WTC,Эрдэнэс Тавантолгой ХК,Erdenes Tavan Tolgoi,Эрдэнэс Тавантолгой ХК,Coal,Нүүрс,Баяжуулсан,Washed non-coking-quality coal,Баяжуулсан коксжих чанаргүй нүүрс,Форвард,6,57.8,68.0,USD,тонн,2176000.0,17.65,5.0,32000.0,reported,Ash (db): ≤25 | Total moisture (ar): ≤9.0 | Volatile (daf): <37.0 | Total sulphur (db): ≤ 1.0 | G index: ≤ 20.0 | Calorific value (ar) ≥6000
2026-05-11,C06-2026051101,ER-26085,Энержи Ресурс ХХК,Energy Resources,Энержи Ресурс ХХК,Coal,Нүүрс,Баяжуулсан,Washed medium-ash semi-hard coking coal,"Баяжуулсан дунд зэрэг үнстэй, хагас хатуу коксжих нүүрс",Форвард,1,450.0,450.0,CNY,тонн,8640000.0,0.0,3.0,19200.0,reported,"Үнслэг (хуурай,%) ≤ 25.0% | Дэгдэмхий бодис (үнсгүй хуурай,%) >10.0%-28.0% | Хүхэр (хуурай, %) ≤ 1.0% | Нийт чийглэг (хүлээн авах үеийн төлөв,%) ≤ 10.0% | G индекс >20-60 | Илчлэг (ккал/кг) ≈5500"
2026-05-11,C02-2026051103,2610-13 WCO,Эрдэнэс Тавантолгой ХК,Erdenes Tavan Tolgoi,Эрдэнэс Тавантолгой ХК,Coal,Нүүрс,Баяжуулсан,Washed semi-soft coking coal,Баяжуулсан сул коксжих нүүрс,Форвард,3,114.7,114.7,USD,тонн,7340800.0,0.0,10.0,64000.0,reported,Ash (db): ≤12% | Total moisture (ar): ≤10.0 | Volatile (daf): >28.0 | Total sulphur (db): ≤ 0.85 | G index (5:1): ≥75
2026-05-08,C12-2026050804,2612-TC,Эрдэнэс Тавантолгой ХК,Erdenes Tavan Tolgoi,Эрдэнэс Тавантолгой ХК,Coal,Нүүрс,Боловсруулаагүй,"Thermal coal (bituminous, non-caking)","Эрчим хүчний нүүрс /Битумт, үл барьцалдах нүүрс/",Форвард,4,61.0,68.5,USD,тонн,4384000.0,12.3,10.0,64000.0,reported,Total moisture (ar): ≤9.0 | Volatile (daf): >20-37.0 | Total sulphur (db): 1.5 (-0.3 | +0.5) | Calorific value (ar) : ≥6000 | G-Index (5:1):  ≤30.0
2026-05-08,C10-2026050803,2610-WTC,Эрдэнэс Тавантолгой ХК,Erdenes Tavan Tolgoi,Эрдэнэс Тавантолгой ХК,Coal,Нүүрс,Баяжуулсан,Washed non-coking-quality coal,Баяжуулсан коксжих чанаргүй нүүрс,Форвард,3,61.0,69.1,USD,тонн,4422400.0,13.28,10.0,64000.0,reported,Ash (db): ≤25.0 | Total moisture (ar): ≤9.0 | Volatile (daf): <37.0 | Total sulphur (db): ≤1.0 | G index ≤20.0 | Calorific value (ar): ≥6000
2026-05-08,C03-2026050802,TTOA-2026-020,Тавантолгой ХК,Tavan Tolgoi JSC,Тавантолгой ХК,Coal,Нүүрс,Боловсруулаагүй,Medium-volatile coking coal,"Дэгдэмхий бодис дунд, коксжих нүүрс",Форвард,3,126.0,126.0,USD,тонн,63705600.0,0.0,79.0,505600.0,reported,"Ash (db):                  15.64 (-4.0 | +4.0) | Volatile (daf):            26.99 (-0,7 | +1.1) | Total sulphur (db):    0.92 (-0.3 | +0.2) | G-index (5:1):           76.0 (-4.0 | +4.0) | Total moisture (ar):   1.9 (-0.5 | +2.5) | Y- index                    ≤25mm"
2026-05-08,C01-2026050801,ER-26084,Энержи Ресурс ХХК,Energy Resources,Энержи Ресурс ХХК,Coal,Нүүрс,Баяжуулсан,Washed coking coal,Баяжуулсан коксжих нүүрс,Форвард,6,900.0,1015.0,CNY,тонн,12992000.0,12.78,2.0,12800.0,reported,"Ash (dry, %) ≤ 11.0% | Volatile matter (dry, ash free basis, %) >20.0%-28.0% | Sulfur (dry, %) ≤ 0.85% | Total moisture (as received, %) ≤ 10.0% | G index ≥ 75"
2026-05-07,FE01-2026050702,ECM-26-75,Монголросцветмет ТӨҮГ,Mongolrostsvetmet (ex-Erdenes Critical Minerals),Монголросцветмет ТӨҮГ /Эрдэнэс критикал минералс ТӨҮГ/,Iron ore,Төмөр,Баяжмал,Iron concentrate Fe 65%,Fe-65% Төмрийн баяжмал,Форвард,5,85.0,97.0,USD,тонн,1920600.0,14.12,6.0,19800.0,reported,H2O	  7-10% | Al2O3	  0.4%-1% |  S	          0.02%-0.08% | SiO2	  3%-8% | Fe	          < 65% | TiO2	  0.01%-0.08% | P	          0.01%-0.03%
2026-05-07,CO2-2026050703,2609-13 WCO,Эрдэнэс Тавантолгой ХК,Erdenes Tavan Tolgoi,Эрдэнэс Тавантолгой ХК,Coal,Нүүрс,Баяжуулсан,Washed semi-soft coking coal,Баяжуулсан сул коксжих нүүрс,Форвард,1,114.7,114.7,USD,тонн,7340800.0,0.0,10.0,64000.0,reported,Ash (db): ≤12% | Total moisture (ar): ≤10.0 | Volatile (daf): >28.0 | Total sulphur (db): ≤ 0.85 | G index (5:1): ≥75
2026-05-07,C06-2026050701,ER-26083,Энержи Ресурс ХХК,Energy Resources,Энержи Ресурс ХХК,Coal,Нүүрс,Баяжуулсан,Washed medium-ash semi-hard coking coal,"Баяжуулсан дунд зэрэг үнстэй, хагас хатуу коксжих нүүрс",Форвард,2,450.0,460.0,CNY,тонн,8832000.0,2.22,3.0,19200.0,reported,"Ash (dry, %) ≤ 25.0% | Volatile matter (dry, ash free basis, %) >10.0%-28.0% | Sulfur (dry, %) ≤ 1.0% | Total moisture (as received, %) ≤ 10.0% | G index >20-60 | Calorific Value (Kcal/kg) ≈5500"
2026-05-07,C04-2026050704,2690-13 CO,Эрдэнэс Тавантолгой ХК,Erdenes Tavan Tolgoi,Эрдэнэс Тавантолгой ХК,Coal,Нүүрс,Боловсруулаагүй,1/3 coking coal,1/3 коксжих нүүрс,Форвард,7,70.2,77.7,USD,тонн,2486400.0,10.68,5.0,32000.0,reported,Ash (db): 26.0 (-3.0 | +3.0) | Total moisture (ar): 5.0 (-2.0 | +3.0) | Volatile (daf): >28.0-37.0 | Total sulphur (db): 1.0 (-0.3 | +0.5) | G-Index (5:1): >65
2026-05-06,FE03-2026050603,ECM-26-74,Монголросцветмет ТӨҮГ,Mongolrostsvetmet (ex-Erdenes Critical Minerals),Монголросцветмет ТӨҮГ /Эрдэнэс критикал минералс ТӨҮГ/,Iron ore,Төмөр,Хүдэр,Iron ore Fe 52%,Fe-52% Төмрийн хүдэр,Форвард,2,70.0,70.5,USD,тонн,4653000.0,0.71,20.0,66000.0,reported,H2O	0.5-1.0% | Al2O3	1%-3% |  S	        0.02%-0.05% | SiO2	5%-10% | Fe	        < 52% | TiO2	0.01%-0.08% | P	        0.01%-0.03%
2026-05-06,C10-2026050602,2609-WTC,Эрдэнэс Тавантолгой ХК,Erdenes Tavan Tolgoi,Эрдэнэс Тавантолгой ХК,Coal,Нүүрс,Баяжуулсан,Washed non-coking-quality coal,Баяжуулсан коксжих чанаргүй нүүрс,Форвард,8,56.8,69.7,USD,тонн,2230400.0,22.71,5.0,32000.0,reported,Ash (db): ≤25.0 | Total moisture (ar): ≤9.0 | Volatile (daf): <37.0 | Total sulphur (db): ≤1.0 | G index: ≤20 | Calorific value (ar): ≥6000
2026-05-06,C01-2026050601,ER-26081,Энержи Ресурс ХХК,Energy Resources,Энержи Ресурс ХХК,Coal,Нүүрс,Баяжуулсан,Washed coking coal,Баяжуулсан коксжих нүүрс,Форвард,7,900.0,1045.0,CNY,тонн,13376000.0,16.11,2.0,12800.0,reported,"Ash (dry, %) ≤ 11.0% | Volatile matter (dry, ash free basis, %) >20.0%-28.0% | Sulfur (dry, %) ≤ 0.85% | Total moisture (as received, %) ≤ 10.0% | G index ≥ 75"
2026-05-05,FE02-2026050502,DMP-2635,Дарханы Төмөрлөгийн Үйлдвэр ХХК,Дарханы Төмөрлөгийн Үйлдвэр ХХК,Дарханы Төмөрлөгийн Үйлдвэр ХХК,Iron ore,Төмөр,Баяжмал,Fe-58% Төмрийн баяжмал,Fe-58% Төмрийн баяжмал,Форвард,1,60.0,60.0,USD,тонн,3402000.0,0.0,18.0,56700.0,reported,"Fe 58% (дундаж) | S 2.5% (дундаж) | H2O 2.5% (дундаж) | Al2О3 2.0% (дундаж) | SiO2 5.0% (дундаж) | TiO2	0.1% (дундаж) | P 0.01% (дундаж) | Ширхэглэл 0-10 мм (нунтаг), 10-40 мм (бүхэл)"
2026-05-05,FE02-2026050501,DMP-2634,Дарханы Төмөрлөгийн Үйлдвэр ХХК,Дарханы Төмөрлөгийн Үйлдвэр ХХК,Дарханы Төмөрлөгийн Үйлдвэр ХХК,Iron ore,Төмөр,Баяжмал,Fe-58% Төмрийн баяжмал,Fe-58% Төмрийн баяжмал,Форвард,1,60.0,60.0,USD,тонн,3402000.0,0.0,18.0,56700.0,reported,"Fe 58% (дундаж) | S 2.5% (дундаж) | H2O 2.5% (дундаж) | Al2О3 2.0% (дундаж) | SiO2 5.0% (дундаж) | TiO2	0.1% (дундаж) | P 0.01% (дундаж) | Ширхэглэл 0-10 мм (нунтаг), 10-40 мм (бүхэл)"
2026-05-05,C10-2026050503,2608-WTC,Эрдэнэс Тавантолгой ХК,Erdenes Tavan Tolgoi,Эрдэнэс Тавантолгой ХК,Coal,Нүүрс,Баяжуулсан,Washed non-coking-quality coal,Баяжуулсан коксжих чанаргүй нүүрс,Форвард,5,59.9,72.2,USD,тонн,2310400.0,20.53,5.0,32000.0,reported,Ash (db): ≤25.0 | Total moisture (ar): ≤9.0 | Volatile (daf): <37.0 | Total sulphur (db): ≤1.0 | G index: ≤20 | Calorific value (ar): ≥6000
2026-05-05,C10-2026050502,2607-WTC,Эрдэнэс Тавантолгой ХК,Erdenes Tavan Tolgoi,Эрдэнэс Тавантолгой ХК,Coal,Нүүрс,Баяжуулсан,Washed non-coking-quality coal,Баяжуулсан коксжих чанаргүй нүүрс,Форвард,5,56.8,70.3,USD,тонн,2249600.0,23.77,5.0,32000.0,reported,Ash (db): ≤25.0 | Total moisture (ar): ≤9.0 | Volatile (daf): <37.0 | Total sulphur (db): ≤1.0 | G index: ≤20 | Calorific value (ar): ≥6000
2026-05-05,C01-2026050501,ER-26080,Энержи Ресурс ХХК,Energy Resources,Энержи Ресурс ХХК,Coal,Нүүрс,Баяжуулсан,Washed coking coal,Баяжуулсан коксжих нүүрс,Форвард,6,900.0,1005.0,CNY,тонн,12864000.0,11.67,2.0,12800.0,reported,"Ash (dry, %) ≤ 11.0% | Volatile matter (dry, ash free basis, %) >20.0%-28.0% | Sulfur (dry, %) ≤ 0.85% | Total moisture (as received, %) ≤ 10.0% | G index ≥ 75"
2026-05-04,C06-2026050404,ER-26082,Энержи Ресурс ХХК,Energy Resources,Энержи Ресурс ХХК,Coal,Нүүрс,Баяжуулсан,Washed medium-ash semi-hard coking coal,"Баяжуулсан дунд зэрэг үнстэй, хагас хатуу коксжих нүүрс",Форвард,3,450.0,460.0,CNY,тонн,8832000.0,2.22,3.0,19200.0,reported,"Ash (dry, %) ≤ 25.0% | Volatile matter (dry, ash free basis, %) >10.0%-28.0% | Sulfur (dry, %) ≤ 1.0% | Total moisture (as received, %) ≤ 10.0% | G index >20-60 | Calorific Value (Kcal/kg) ≈5500"
2026-05-04,C02-2026050405,2608-13 WCO,Эрдэнэс Тавантолгой ХК,Erdenes Tavan Tolgoi,Эрдэнэс Тавантолгой ХК,Coal,Нүүрс,Баяжуулсан,Washed semi-soft coking coal,Баяжуулсан сул коксжих нүүрс,Форвард,2,112.4,112.4,USD,тонн,7193600.0,0.0,10.0,64000.0,reported,Ash (db): ≤12% | Total moisture (ar): ≤10.0 | Volatile (daf): >28.0 | Total sulphur (db): ≤ 0.85 | G index (5:1): ≥75
2026-05-04,C02-2026050402,2607-13 WCO,Эрдэнэс Тавантолгой ХК,Erdenes Tavan Tolgoi,Эрдэнэс Тавантолгой ХК,Coal,Нүүрс,Баяжуулсан,Washed semi-soft coking coal,Баяжуулсан сул коксжих нүүрс,Форвард,4,106.3,120.3,USD,тонн,7699200.0,13.17,10.0,64000.0,reported,Ash (db): ≤12% | Total moisture (ar): ≤10.0 | Volatile (daf): >28.0 | Total sulphur (db): ≤ 0.85 | G index (5:1): ≥75
2026-05-04,C02-2026050401,2606-13 WCO,Эрдэнэс Тавантолгой ХК,Erdenes Tavan Tolgoi,Эрдэнэс Тавантолгой ХК,Coal,Нүүрс,Баяжуулсан,Washed semi-soft coking coal,Баяжуулсан сул коксжих нүүрс,Форвард,2,118.6,131.1,USD,тонн,839040.0,10.54,1.0,6400.0,reported,Ash (db): ≤10.5 | Total moisture (ar): ≤10.0 | Volatile (daf): >28.0 | Total sulphur (db): ≤ 0.85 | G index (5:1): ≥80
2026-05-01,C10-2026050104,MTO-2602,Мөнх тэнүүн оргил ХХК,Мөнх тэнүүн оргил ХХК,Мөнх тэнүүн оргил ХХК,Coal,Нүүрс,Баяжуулсан,Washed non-coking-quality coal,Баяжуулсан коксжих чанаргүй нүүрс,Форвард,2,280.0,337.0,CNY,тонн,8627200.0,20.36,4.0,25600.0,reported,"Ash (dry, %) ≤25 | Volatile matter (dry, ash free basis, %) ˃ 28% | Sulfur (dry, %): 0.8(+3 | -3) | Total moisture (as received, %): 10(+2 | -2) | G index ≤20 | Calorific value (ar) (kcal/kg) ≈5000"
2026-05-01,C02-2026050103,MTO-2601,Мөнх тэнүүн оргил ХХК,Мөнх тэнүүн оргил ХХК,Мөнх тэнүүн оргил ХХК,Coal,Нүүрс,Баяжуулсан,Washed semi-soft coking coal,Баяжуулсан сул коксжих нүүрс,Форвард,1,700.0,700.0,CNY,тонн,44800000.0,0.0,10.0,64000.0,reported,"Ash (dry, %) ˃10-12 | Volatile matter (dry, ash free basis, %) ˃28% | Sulfur (dry, %): 0.8(+2 | -2) | Total moisture (as received, %): 10(+2 | -2) | G index ˃ 60"
2026-05-01,C02-2026050102,2605-13 WCO,Эрдэнэс Тавантолгой ХК,Erdenes Tavan Tolgoi,Эрдэнэс Тавантолгой ХК,Coal,Нүүрс,Баяжуулсан,Washed semi-soft coking coal,Баяжуулсан сул коксжих нүүрс,Форвард,5,106.3,116.8,USD,тонн,7475200.0,9.88,10.0,64000.0,reported,Ash (db): ≤12% | Total moisture (ar): ≤10.0 | Volatile (daf): >28.0 | Total sulphur (db): ≤ 0.85 | G index (5:1): ≥75
2026-05-01,C01-2026050101,ER-26078,Энержи Ресурс ХХК,Energy Resources,Энержи Ресурс ХХК,Coal,Нүүрс,Баяжуулсан,Washed coking coal,Баяжуулсан коксжих нүүрс,Форвард,7,900.0,1005.0,CNY,тонн,12864000.0,11.67,2.0,12800.0,reported,"Ash (dry, %) ≤ 11.0% | Volatile matter (dry, ash free basis, %) >20.0%-28.0% | Sulfur (dry, %) ≤ 0.85% | Total moisture (as received, %) ≤ 10.0% | G index ≥ 75"
2026-04-30,C16-2026043002,TTOA-2026-019,Тавантолгой ХК,Tavan Tolgoi JSC,Тавантолгой ХК,Coal,Нүүрс,Боловсруулаагүй,"Thermal coal (sub-bituminous, weakly caking)","Эрчим хүчний нүүрс /Саб-битумт, сул барьцалдах нүүрс/",Форвард,4,36.0,50.5,USD,тонн,2585600.0,40.28,8.0,51200.0,reported,Volatile (daf): >20-37% | Total sulphur (db): 1.5 (-0.3 | +0.5) | G-index: >5-30.0 | Gross Calorific value(ar)>4000 | Total moisture (ar): ≤9.0%
2026-04-30,C06-2026043001,ER-26077,Энержи Ресурс ХХК,Energy Resources,Энержи Ресурс ХХК,Coal,Нүүрс,Баяжуулсан,Washed medium-ash semi-hard coking coal,"Баяжуулсан дунд зэрэг үнстэй, хагас хатуу коксжих нүүрс",Форвард,3,450.0,455.0,CNY,тонн,8736000.0,1.11,3.0,19200.0,reported,"Ash (dry, %) ≤ 25.0% | Volatile matter (dry, ash free basis, %) >10.0%-28.0%. | Sulfur (dry, %) ≤ 1.0%. | Total moisture (as received, %) ≤ 10.0%. | G index >20-60 | Calorific Value (Kcal/kg) ≈5500"
2026-04-29,CU01-2026042901,04-2026,Эрдэнэт Үйлдвэр ТӨҮГ,Erdenet Mining Corporation,Эрдэнэт Үйлдвэр ТӨҮГ,Copper,Зэс,Баяжмал,Copper concentrate (22.35% Cu),22.35%-ийн зэсийн агуулгатай баяжмал,Форвард,4,3032.93,3122.93,USD,тонн,22634997.0,2.97,8.0,7248.0,reported,Copper /Cu/ 22.35% | Silver /Ag/ 78 гр/тн | Arsenic /As/ <0.3% | Moisture 9.4% | Molybdenum /Мо/ <0.15% | Iron /Fe/ <30% | Zinc /Zn/ <0.7% | Lead /Pb/ <1.4% | Sulfur /S/ <37% | Gold /Au/ <0.3 гр/тн | Aluminum /Al/ <2.0%
2026-04-29,C16-2026042903,TTOA-2026-018,Тавантолгой ХК,Tavan Tolgoi JSC,Тавантолгой ХК,Coal,Нүүрс,Боловсруулаагүй,"Thermal coal (sub-bituminous, weakly caking)","Эрчим хүчний нүүрс /Саб-битумт, сул барьцалдах нүүрс/",Форвард,5,36.0,66.5,USD,тонн,3404800.0,84.72,8.0,51200.0,reported,Volatile (daf): >20-37% | Total sulphur (db): 1.5 (-0.3 | +0.5) | G-index: >5-30.0 | Gross Calorific value(ar)>4000 | Total moisture (ar): ≤9.0%
2026-04-29,C16-2026042902,TTOA-2026-017,Тавантолгой ХК,Tavan Tolgoi JSC,Тавантолгой ХК,Coal,Нүүрс,Боловсруулаагүй,"Thermal coal (sub-bituminous, weakly caking)","Эрчим хүчний нүүрс /Саб-битумт, сул барьцалдах нүүрс/",Форвард,4,36.0,57.5,USD,тонн,2944000.0,59.72,8.0,51200.0,reported,Volatile (daf): >20-37% | Total sulphur (db): 1.5 (-0.3 | +0.5) | G-index: >5-30.0 | Gross Calorific value(ar)>4000 | Total moisture (ar): ≤9.0%
2026-04-29,C01-2026042901,ER-26076,Энержи Ресурс ХХК,Energy Resources,Энержи Ресурс ХХК,Coal,Нүүрс,Баяжуулсан,Washed coking coal,Баяжуулсан коксжих нүүрс,Форвард,7,900.0,995.0,CNY,тонн,12736000.0,10.56,2.0,12800.0,reported,"Ash (dry, %) ≤ 11.0% | Volatile matter (dry, ash free basis, %) >20.0%-28.0% | Sulfur (dry, %) ≤ 0.85% | Total moisture (as received, %) ≤ 10.0% | G index ≥ 75"
2026-04-28,C01-2026042801,ER-26075,Энержи Ресурс ХХК,Energy Resources,Энержи Ресурс ХХК,Coal,Нүүрс,Баяжуулсан,Washed coking coal,Баяжуулсан коксжих нүүрс,Форвард,8,900.0,980.0,CNY,тонн,12544000.0,8.89,2.0,12800.0,reported,
2026-04-27,FE03-2026042701,ECM-26-73,Монголросцветмет ТӨҮГ,Mongolrostsvetmet (ex-Erdenes Critical Minerals),Монголросцветмет ТӨҮГ /Эрдэнэс критикал минералс ТӨҮГ/,Iron ore,Төмөр,Хүдэр,Iron ore Fe 52%,Fe-52% Төмрийн хүдэр,Форвард,6,65.0,71.5,USD,тонн,471900.0,10.0,2.0,6600.0,reported,H2O 0.5-1.0% | Al2O3 1%-3% | S 0.02%-0.05% | SiO2 5%-10% | Fe <52% | TiO2 0.01 %-0.08% | P 0.01 %-0.03%
2026-04-27,C06-2026042701,ER-26074,Энержи Ресурс ХХК,Energy Resources,Энержи Ресурс ХХК,Coal,Нүүрс,Баяжуулсан,Washed medium-ash semi-hard coking coal,"Баяжуулсан дунд зэрэг үнстэй, хагас хатуу коксжих нүүрс",Форвард,1,450.0,450.0,CNY,тонн,8640000.0,0.0,3.0,19200.0,reported,"Ash (dry, %) ≤ 25.0% | Volatile matter (dry, ash free basis, %) >10.0%-28.0%. | Sulfur (dry, %) ≤ 1.0%. | Total moisture (as received, %) ≤ 10.0%. | G index >20-60 | Calorific Value (Kcal/kg) ≈5500"
2026-04-24,C05-2026042402,2611 TC,Эрдэнэс Тавантолгой ХК,Erdenes Tavan Tolgoi,Эрдэнэс Тавантолгой ХК,Coal,Нүүрс,Боловсруулаагүй,"Thermal coal (bituminous, non-caking)","Эрчим хүчний нүүрс /Битумт, үл барьцалдах нүүрс/",Форвард,6,58.5,66.0,USD,тонн,4224000.0,12.82,10.0,64000.0,reported,Total moisture (ar): ≤9.0 | Volatile (daf): >20-37.0 | Total sulphur (db): 1.5 (-0.3 | +0.5) | Calorific value (ar) : ≥6000 | G-Index (5:1):  ≤30.0
2026-04-24,C04-2026042404,TTOA-2026-016,Тавантолгой ХК,Tavan Tolgoi JSC,Тавантолгой ХК,Coal,Нүүрс,Боловсруулаагүй,1/3 coking coal,1/3 коксжих нүүрс,Форвард,6,65.0,80.0,USD,тонн,4096000.0,23.08,8.0,51200.0,reported,Ash (db):28.9 (-4.0 | +4.0) | Volatile (daf): 33.3 (-2.0 | +2.0) | Total sulphur (db): 0.9 (-0.3 | +0.2) | G-index (5:1): 71.0 (-6.0 | +6.0) | Total moisture (ar): 1.37 (-0.5 | +2.5) | Y-index ≤25mm
2026-04-24,C04-2026042403,TTOA-2026-015,Тавантолгой ХК,Tavan Tolgoi JSC,Тавантолгой ХК,Coal,Нүүрс,Боловсруулаагүй,1/3 coking coal,1/3 коксжих нүүрс,Форвард,5,65.0,76.0,USD,тонн,3891200.0,16.92,8.0,51200.0,reported,Ash (db):28.9 (-4.0 | +4.0) | Volatile (daf): 33.3 (-2.0 | +2.0) | Total sulphur (db): 0.9 (-0.3 | +0.2) | G-index (5:1): 71.0 (-6.0 | +6.0) | Total moisture (ar): 1.37 (-0.5 | +2.5) | Y-index ≤25mm
2026-04-24,C01-2026042401,ER-26073,Энержи Ресурс ХХК,Energy Resources,Энержи Ресурс ХХК,Coal,Нүүрс,Баяжуулсан,Washed coking coal,Баяжуулсан коксжих нүүрс,Форвард,7,900.0,980.0,CNY,тонн,12544000.0,8.89,2.0,12800.0,reported,"Үнслэг (хуурай,%) ≤ 11.0% | Дэгдэмхий бодис(үнсгүй хуурай,%) >20.0%-28.0% | Хүхэр (хуурай, %) ≤ 0.85% | Нийт чийглэг(хүлээн авах үеийн төлөв,%) ≤ 10.0% | G индекс ≥ 75.0"
2026-04-23,C04-2026042304,2689-13 CO,Эрдэнэс Тавантолгой ХК,Erdenes Tavan Tolgoi,Эрдэнэс Тавантолгой ХК,Coal,Нүүрс,Боловсруулаагүй,1/3 coking coal,1/3 коксжих нүүрс,Форвард,6,76.3,84.3,USD,тонн,5395200.0,10.48,10.0,64000.0,reported,Ash (db):  22.0 (-3.0 | +3.0) | Total moisture (ar): 4.0 (-1.0 | +2.0) | Volatile (daf):  >28.0-37.0 | Total sulphur (db): 1.1 (-0.5 | +0.5) | G-index (5:1): ≥70.0
2026-04-23,C04-2026042303,2688-13 CO,Эрдэнэс Тавантолгой ХК,Erdenes Tavan Tolgoi,Эрдэнэс Тавантолгой ХК,Coal,Нүүрс,Боловсруулаагүй,1/3 coking coal,1/3 коксжих нүүрс,Форвард,4,86.0,105.0,USD,тонн,6720000.0,22.09,10.0,64000.0,reported,Ash (db):  >14.0-19.0 | Total moisture (ar): 5.0 (-2.0 | +3.0) | Volatile (daf):  >28.0-37.0 | Total sulphur (db): 1.0 (-0.3 | +0.5) | G-index (5:1): >65.0
2026-04-23,C04-2026042302,2687-13 CO,Эрдэнэс Тавантолгой ХК,Erdenes Tavan Tolgoi,Эрдэнэс Тавантолгой ХК,Coal,Нүүрс,Боловсруулаагүй,1/3 coking coal,1/3 коксжих нүүрс,Форвард,9,81.4,101.4,USD,тонн,6489600.0,24.57,10.0,64000.0,reported,Ash (db):  >14.0-19.0 | Total moisture (ar): 5.0 (-2.0 | +3.0) | Volatile (daf):  >28.0-37.0 | Total sulphur (db): 1.0 (-0.3 | +0.5) | G-index (5:1): >65.0
2026-04-22,FE03-2026042201,ECM-26-72,Монголросцветмет ТӨҮГ,Mongolrostsvetmet (ex-Erdenes Critical Minerals),Монголросцветмет ТӨҮГ /Эрдэнэс критикал минералс ТӨҮГ/,Iron ore,Төмөр,Хүдэр,Iron ore Fe 52%,Fe-52% Төмрийн хүдэр,Форвард,6,65.0,71.5,USD,тонн,471900.0,10.0,2.0,6600.0,reported,H2O 0.5-1.0% | Al2O3 1%-3% | S 0.02%-0.05% | SiO2 5%-10% | Fe <52% | TiO2 0.01 %-0.08% | P 0.01 %-0.03%
2026-04-22,C04-2026042203,2686-13 CO,Эрдэнэс Тавантолгой ХК,Erdenes Tavan Tolgoi,Эрдэнэс Тавантолгой ХК,Coal,Нүүрс,Боловсруулаагүй,1/3 coking coal,1/3 коксжих нүүрс,Форвард,4,76.3,80.3,USD,тонн,20556800.0,5.24,40.0,256000.0,reported,Ash (db):  22.0 (-3.0 | +3.0) | Total moisture (ar): 4.0 (-1.0 | +2.0) | Volatile (daf):  >28.0-37.0 | Total sulphur (db): 1.1 (-0.5 | +0.5) | G-index (5:1): ≥70.0
2026-04-22,C03-2026042202,2610- СО,Эрдэнэс Тавантолгой ХК,Erdenes Tavan Tolgoi,Эрдэнэс Тавантолгой ХК,Coal,Нүүрс,Боловсруулаагүй,Medium-volatile coking coal,"Дэгдэмхий бодис дунд, коксжих нүүрс",Форвард,3,129.7,129.7,USD,тонн,4150400.0,0.0,5.0,32000.0,reported,Ash (db): 15.0 (-3.0 | +3.0) | Total moisture (ar): 3.0 (-2.0 | +2.0) | Volatile (daf): >20.0-28.0 | Total sulphur (db): 0.9 (-0.3 | +0.5) | G-Index (5:1):  >65
2026-04-22,C01-2026042201,ER-26071,Энержи Ресурс ХХК,Energy Resources,Энержи Ресурс ХХК,Coal,Нүүрс,Баяжуулсан,Washed coking coal,Баяжуулсан коксжих нүүрс,Форвард,6,900.0,985.0,CNY,тонн,12608000.0,9.44,2.0,12800.0,reported,"Үнслэг (хуурай,%) ≤ 11.0% | Дэгдэмхий бодис(үнсгүй хуурай,%) >20.0%-28.0% | Хүхэр (хуурай, %) ≤ 0.85% | Нийт чийглэг(хүлээн авах үеийн төлөв,%) ≤ 10.0% | G индекс ≥ 75.0"
2026-04-21,FE03-2026042101,ECM-26-71,Монголросцветмет ТӨҮГ,Mongolrostsvetmet (ex-Erdenes Critical Minerals),Монголросцветмет ТӨҮГ /Эрдэнэс критикал минералс ТӨҮГ/,Iron ore,Төмөр,Хүдэр,Iron ore Fe 52%,Fe-52% Төмрийн хүдэр,Форвард,5,65.0,71.0,USD,тонн,468600.0,9.23,2.0,6600.0,reported,H2O 0.5-1.0% | Al2O3 1%-3% | S 0.02%-0.05% | SiO2 5%-10% | Fe <52% | TiO2 0.01 %-0.08% | P 0.01 %-0.03%
2026-04-21,C05-2026042103,2610 TC,Эрдэнэс Тавантолгой ХК,Erdenes Tavan Tolgoi,Эрдэнэс Тавантолгой ХК,Coal,Нүүрс,Боловсруулаагүй,"Thermal coal (bituminous, non-caking)","Эрчим хүчний нүүрс /Битумт, үл барьцалдах нүүрс/",Форвард,5,58.5,64.2,USD,тонн,8217600.0,9.74,20.0,128000.0,reported,Total moisture (ar): ≤9.0 | Volatile (daf): >20-37.0 | Total sulphur (db): 1.5 (-0.3 | +0.5) | Calorific value (ar) : ≥6000 | G-Index (5:1):  ≤30.0
2026-04-21,C04-2026042102,2685-13 CO,Эрдэнэс Тавантолгой ХК,Erdenes Tavan Tolgoi,Эрдэнэс Тавантолгой ХК,Coal,Нүүрс,Боловсруулаагүй,1/3 coking coal,1/3 коксжих нүүрс,Форвард,5,76.3,81.8,USD,тонн,5235200.0,7.21,10.0,64000.0,reported,Ash (db):  22.0 (-3.0 | +3.0) | Total moisture (ar): 4.0 (-1.0 | +2.0) | Volatile (daf):  >28.0-37.0 | Total sulphur (db): 1.1 (-0.5 | +0.5) | G-index (5:1): ≥70.0
2026-04-21,C02-2026042104,2604-13 WCO,Эрдэнэс Тавантолгой ХК,Erdenes Tavan Tolgoi,Эрдэнэс Тавантолгой ХК,Coal,Нүүрс,Баяжуулсан,Washed semi-soft coking coal,Баяжуулсан сул коксжих нүүрс,Форвард,5,111.6,114.1,USD,тонн,7302400.0,2.24,10.0,64000.0,reported,Ash (db): ≤12% | Total moisture (ar): ≤10.0 | Volatile (daf): >28.0 | Total sulphur (db): ≤ 0.85 | G index (5:1): ≥75
2026-04-21,C01-2026042101,ER-26070,Энержи Ресурс ХХК,Energy Resources,Энержи Ресурс ХХК,Coal,Нүүрс,Баяжуулсан,Washed coking coal,Баяжуулсан коксжих нүүрс,Форвард,7,900.0,975.0,CNY,тонн,12480000.0,8.33,2.0,12800.0,reported,"Үнслэг (хуурай,%) ≤ 11.0% | Дэгдэмхий бодис(үнсгүй хуурай,%) >20.0%-28.0% | Хүхэр (хуурай, %) ≤ 0.85% | Нийт чийглэг(хүлээн авах үеийн төлөв,%) ≤ 10.0% | G индекс ≥ 75.0"
2026-04-20,FE03-2026042001,ECM-26-70,Монголросцветмет ТӨҮГ,Mongolrostsvetmet (ex-Erdenes Critical Minerals),Монголросцветмет ТӨҮГ /Эрдэнэс критикал минералс ТӨҮГ/,Iron ore,Төмөр,Хүдэр,Iron ore Fe 52%,Fe-52% Төмрийн хүдэр,Форвард,5,65.0,71.0,USD,тонн,468600.0,9.23,2.0,6600.0,reported,H2O 0.5-1.0% | Al2O3 1%-3% | S 0.02%-0.05% | SiO2 5%-10% | Fe <52% | TiO2 0.01 %-0.08% | P 0.01 %-0.03%
2026-04-20,C05-2026042003,2609 TC,Эрдэнэс Тавантолгой ХК,Erdenes Tavan Tolgoi,Эрдэнэс Тавантолгой ХК,Coal,Нүүрс,Боловсруулаагүй,"Thermal coal (bituminous, non-caking)","Эрчим хүчний нүүрс /Битумт, үл барьцалдах нүүрс/",Форвард,8,55.3,63.1,USD,тонн,4038400.0,14.1,10.0,64000.0,reported,Total moisture (ar): ≤9.0 | Volatile (daf): >20-37.0 | Total sulphur (db): 1.5 (-0.3 | +0.5) | Calorific value (ar) : ≥6000 | G-Index (5:1):  ≤30.0
2026-04-20,C04-2026042002,2684-13 CO,Эрдэнэс Тавантолгой ХК,Erdenes Tavan Tolgoi,Эрдэнэс Тавантолгой ХК,Coal,Нүүрс,Боловсруулаагүй,1/3 coking coal,1/3 коксжих нүүрс,Форвард,2,86.0,86.0,USD,тонн,11008000.0,0.0,20.0,128000.0,reported,Ash (db):  >14.0-19.0 | Total moisture (ar): 5.0 (-2.0 | +3.0) | Volatile (daf):  >28.0-37.0 | Total sulphur (db): 1.0 (-0.3 | +0.5) | G-index (5:1): >65.0
2026-04-20,C02-2026042004,2603-13 WCO,Эрдэнэс Тавантолгой ХК,Erdenes Tavan Tolgoi,Эрдэнэс Тавантолгой ХК,Coal,Нүүрс,Баяжуулсан,Washed semi-soft coking coal,Баяжуулсан сул коксжих нүүрс,Форвард,4,105.7,113.2,USD,тонн,7244800.0,7.1,10.0,64000.0,reported,Ash (db): ≤12 | Total moisture (ar): ≤10.0 | Volatile (daf): >28.0 | Total sulphur (db): ≤ 0.85 | G index (5:1): ≥75
2026-04-17,C04-2026041703,2683-13 CO,Эрдэнэс Тавантолгой ХК,Erdenes Tavan Tolgoi,Эрдэнэс Тавантолгой ХК,Coal,Нүүрс,Боловсруулаагүй,1/3 coking coal,1/3 коксжих нүүрс,Форвард,2,69.4,72.9,USD,тонн,4665600.0,5.04,10.0,64000.0,reported,Ash (db): 26.0 (-3.0 | +3.0) | Total moisture (ar): 5.0 (-2.0 | +3.0) | Volatile (daf): >28.0-37.0 | Total sulphur (db): 1.0 (-0.3 | +0.5) | G-Index (5:1): >65
2026-04-17,C04-2026041702,2682-13 CO,Эрдэнэс Тавантолгой ХК,Erdenes Tavan Tolgoi,Эрдэнэс Тавантолгой ХК,Coal,Нүүрс,Боловсруулаагүй,1/3 coking coal,1/3 коксжих нүүрс,Форвард,10,83.3,97.8,USD,тонн,3129600.0,17.41,5.0,32000.0,reported,Ash (db):  >14.0-19.0 | Total moisture (ar): 5.0 (-2.0 | +3.0) | Volatile (daf):  >28.0-37.0 | Total sulphur (db): 1.0 (-0.3 | +0.5) | G-index (5:1): >65.0
2026-04-17,C01-2026041701,ER-26068,Энержи Ресурс ХХК,Energy Resources,Энержи Ресурс ХХК,Coal,Нүүрс,Баяжуулсан,Washed coking coal,Баяжуулсан коксжих нүүрс,Форвард,4,900.0,955.0,CNY,тонн,12224000.0,6.11,2.0,12800.0,reported,"Үнслэг (хуурай,%) ≤ 11.0% | Дэгдэмхий бодис(үнсгүй хуурай,%) >20.0%-28.0% | Хүхэр (хуурай, %) ≤ 0.85% | Нийт чийглэг(хүлээн авах үеийн төлөв,%) ≤ 10.0% | G индекс ≥ 75.0"
2026-04-16,FE03-2026041601,ECM-26-69,Монголросцветмет ТӨҮГ,Mongolrostsvetmet (ex-Erdenes Critical Minerals),Монголросцветмет ТӨҮГ /Эрдэнэс критикал минералс ТӨҮГ/,Iron ore,Төмөр,Хүдэр,Iron ore Fe 52%,Fe-52% Төмрийн хүдэр,Форвард,5,65.0,70.0,USD,тонн,462000.0,7.69,2.0,6600.0,reported,H2O 0.5-1.0% | Al2O3 1%-3% | S 0.02%-0.05% | SiO2 5%-10% | Fe <52% | TiO2 0.01 %-0.08% | P 0.01 %-0.03%
2026-04-16,C08-2026041606,AND-5,Андын Илч ХХК,Андын Илч ХХК,Андын Илч ХХК,Coal,Нүүрс,Боловсруулаагүй,Чийг багатай хүрэн нүүрс,Чийг багатай хүрэн нүүрс,Форвард,1,140.0,140.0,CNY,тонн,2688000.0,0.0,3.0,19200.0,reported,"Хүхэр (хуурай, %) >2,06% (+1% | -1%) | Илчлэг (ккал/кг) >3500-4000 | Нийт чийглэг (хүлээн  | авах үеийн төлөв,%) ≤30,0 | Үнслэг (хуурай,%) >21,1% (+2% | -2%) | Дэгдэмхий бодис  | (үнсгүй хуурай,%)>37,0"
2026-04-16,C08-2026041605,AND-4,Андын Илч ХХК,Андын Илч ХХК,Андын Илч ХХК,Coal,Нүүрс,Боловсруулаагүй,Чийг багатай хүрэн нүүрс,Чийг багатай хүрэн нүүрс,Форвард,1,140.0,140.0,CNY,тонн,2688000.0,0.0,3.0,19200.0,reported,"Хүхэр (хуурай, %) >2,06% (+1% | -1%) | Илчлэг (ккал/кг) >3500-4000 | Нийт чийглэг (хүлээн  | авах үеийн төлөв,%) ≤30,0 | Үнслэг (хуурай,%) >21,1% (+2% | -2%) | Дэгдэмхий бодис  | (үнсгүй хуурай,%)>37,0"
2026-04-16,C05-2026041604,2608 TC,Эрдэнэс Тавантолгой ХК,Erdenes Tavan Tolgoi,Эрдэнэс Тавантолгой ХК,Coal,Нүүрс,Боловсруулаагүй,"Thermal coal (bituminous, non-caking)","Эрчим хүчний нүүрс /Битумт, үл барьцалдах нүүрс/",Форвард,6,54.9,63.9,USD,тонн,2044800.0,16.39,5.0,32000.0,reported,Total moisture (ar): ≤9.0 | Volatile (daf): >20-37.0 | Total sulphur (db): 1.5 (-0.3 | +0.5) | Calorific value (ar) : ≥6000 | G-Index (5:1):  ≤30.0
2026-04-16,C04-2026041603,2681-13 CO,Эрдэнэс Тавантолгой ХК,Erdenes Tavan Tolgoi,Эрдэнэс Тавантолгой ХК,Coal,Нүүрс,Боловсруулаагүй,1/3 coking coal,1/3 коксжих нүүрс,Форвард,3,76.3,77.3,USD,тонн,4947200.0,1.31,10.0,64000.0,reported,Ash (db):  22.0 (-3.0 | +3.0) | Total moisture (ar): 4.0 (-1.0 | +2.0) | Volatile (daf):  >28.0-37.0 | Total sulphur (db): 1.1 (-0.5 | +0.5) | G-index (5:1): ≥70.0
2026-04-16,C04-2026041602,2680-13 CO,Эрдэнэс Тавантолгой ХК,Erdenes Tavan Tolgoi,Эрдэнэс Тавантолгой ХК,Coal,Нүүрс,Боловсруулаагүй,1/3 coking coal,1/3 коксжих нүүрс,Форвард,8,101.7,109.2,USD,тонн,3494400.0,7.37,5.0,32000.0,reported,Ash (db):  ≤9.0 | Total moisture (ar): ≤8.0 | Volatile (daf): >28.0-37.0 | Total sulphur (db): ≤1.0 | G-index (5:1): ≥75.0
2026-04-15,FE03-2026041501,ECM-26-68,Монголросцветмет ТӨҮГ,Mongolrostsvetmet (ex-Erdenes Critical Minerals),Монголросцветмет ТӨҮГ /Эрдэнэс критикал минералс ТӨҮГ/,Iron ore,Төмөр,Хүдэр,Iron ore Fe 52%,Fe-52% Төмрийн хүдэр,Форвард,6,65.0,70.5,USD,тонн,465300.0,8.46,2.0,6600.0,reported,H2O 0.5-1.0% | Al2O3 1%-3% | S 0.02%-0.05% | SiO2 5%-10% | Fe <52% | TiO2 0.01 %-0.08% | P 0.01 %-0.03%
2026-04-15,C04-2026041504,2679-13 CO,Эрдэнэс Тавантолгой ХК,Erdenes Tavan Tolgoi,Эрдэнэс Тавантолгой ХК,Coal,Нүүрс,Боловсруулаагүй,1/3 coking coal,1/3 коксжих нүүрс,Форвард,3,69.4,74.9,USD,тонн,2396800.0,7.93,5.0,32000.0,reported,Ash (db):  26.0 (-3.0 | +3.0) | Total moisture (ar): 5.0 (-2.0 | +3.0) | Volatile (daf):  >28.0-37.0 | Total sulphur (db): 1.0 (-0.3 | +0.5) | G-index (5:1): >65.0
2026-04-15,C04-2026041503,2678-13 CO,Эрдэнэс Тавантолгой ХК,Erdenes Tavan Tolgoi,Эрдэнэс Тавантолгой ХК,Coal,Нүүрс,Боловсруулаагүй,1/3 coking coal,1/3 коксжих нүүрс,Форвард,9,83.3,97.3,USD,тонн,6227200.0,16.81,10.0,64000.0,reported,Ash (db):  >14.0-19.0 | Total moisture (ar): 5.0 (-2.0 | +3.0) | Volatile (daf):  >28.0-37.0 | Total sulphur (db): 1.0 (-0.3 | +0.5) | G-index (5:1): >65.0
2026-04-15,C03-2026041502,2609- СО,Эрдэнэс Тавантолгой ХК,Erdenes Tavan Tolgoi,Эрдэнэс Тавантолгой ХК,Coal,Нүүрс,Боловсруулаагүй,Medium-volatile coking coal,"Дэгдэмхий бодис дунд, коксжих нүүрс",Форвард,5,130.5,135.0,USD,тонн,2592000.0,3.45,3.0,19200.0,reported,Ash (db): 15.0 (-3.0 | +3.0) | Total moisture (ar): 3.0 (-2.0 | +2.0) | Volatile (daf): >20.0-28.0 | Total sulphur (db): 0.9 (-0.3 | +0.5) | G-Index (5:1):  >65
2026-04-15,C01-2026041501,ER-26066,Энержи Ресурс ХХК,Energy Resources,Энержи Ресурс ХХК,Coal,Нүүрс,Баяжуулсан,Washed coking coal,Баяжуулсан коксжих нүүрс,Форвард,5,900.0,940.0,CNY,тонн,12032000.0,4.44,2.0,12800.0,reported,"Үнслэг (хуурай,%) ≤ 11.0% | Дэгдэмхий бодис(үнсгүй хуурай,%) >20.0%-28.0% | Хүхэр (хуурай, %) ≤ 0.85% | Нийт чийглэг(хүлээн авах үеийн төлөв,%) ≤ 10.0% | G индекс ≥ 75.0"
2026-04-14,FE03-2026041401,ECM-26-67,Монголросцветмет ТӨҮГ,Mongolrostsvetmet (ex-Erdenes Critical Minerals),Монголросцветмет ТӨҮГ /Эрдэнэс критикал минералс ТӨҮГ/,Iron ore,Төмөр,Хүдэр,Iron ore Fe 52%,Fe-52% Төмрийн хүдэр,Форвард,6,65.0,70.0,USD,тонн,462000.0,7.69,2.0,6600.0,reported,H2O 0.5-1.0% | Al2O3 1%-3% | S 0.02%-0.05% | SiO2 5%-10% | Fe <52% | TiO2 0.01 %-0.08% | P 0.01 %-0.03%
2026-04-14,C04-2026041403,2677-13 CO,Эрдэнэс Тавантолгой ХК,Erdenes Tavan Tolgoi,Эрдэнэс Тавантолгой ХК,Coal,Нүүрс,Боловсруулаагүй,1/3 coking coal,1/3 коксжих нүүрс,Форвард,2,69.4,72.4,USD,тонн,4633600.0,4.32,10.0,64000.0,reported,Ash (db):  26.0 (-3.0 | +3.0) | Total moisture (ar): 5.0 (-2.0 | +3.0) | Volatile (daf):  >28.0-37.0 | Total sulphur (db): 1.0 (-0.3 | +0.5) | G-index (5:1): >65.0
2026-04-14,C04-2026041402,2676-13 CO,Эрдэнэс Тавантолгой ХК,Erdenes Tavan Tolgoi,Эрдэнэс Тавантолгой ХК,Coal,Нүүрс,Боловсруулаагүй,1/3 coking coal,1/3 коксжих нүүрс,Форвард,7,101.7,108.7,USD,тонн,6956800.0,6.88,10.0,64000.0,reported,Ash (db):  ≤9.0 | Total moisture (ar): ≤8.0 | Volatile (daf): >28.0-37.0 | Total sulphur (db): ≤1.0 | G-index (5:1): ≥75.0
2026-04-14,C01-2026041401,ER-26065,Энержи Ресурс ХХК,Energy Resources,Энержи Ресурс ХХК,Coal,Нүүрс,Баяжуулсан,Washed coking coal,Баяжуулсан коксжих нүүрс,Форвард,6,900.0,950.0,CNY,тонн,12160000.0,5.56,2.0,12800.0,reported,"Үнслэг (хуурай,%) ≤ 11.0% | Дэгдэмхий бодис(үнсгүй хуурай,%) >20.0%-28.0% | Хүхэр (хуурай, %) ≤ 0.85% | Нийт чийглэг(хүлээн авах үеийн төлөв,%) ≤ 10.0% | G индекс ≥ 75.0"
2026-04-13,FE03-2026041301,ECM-26-66,Монголросцветмет ТӨҮГ,Mongolrostsvetmet (ex-Erdenes Critical Minerals),Монголросцветмет ТӨҮГ /Эрдэнэс критикал минералс ТӨҮГ/,Iron ore,Төмөр,Хүдэр,Iron ore Fe 52%,Fe-52% Төмрийн хүдэр,Форвард,6,65.0,70.0,USD,тонн,462000.0,7.69,2.0,6600.0,reported,H2O 0.5-1.0%  | Al2O3 1%-3%  | S 0.02%-0.05%  | SiO2 5%-10%  | Fe <52%  | TiO2 0.01 %-0.08% | P 0.01 %-0.03%
2026-04-13,C05-2026041302,2607 TC,Эрдэнэс Тавантолгой ХК,Erdenes Tavan Tolgoi,Эрдэнэс Тавантолгой ХК,Coal,Нүүрс,Боловсруулаагүй,"Thermal coal (bituminous, non-caking)","Эрчим хүчний нүүрс /Битумт, үл барьцалдах нүүрс/",Форвард,8,51.7,61.3,USD,тонн,1961600.0,18.57,5.0,32000.0,reported,Total moisture (ar): ≤9.0 | Volatile (daf): >20-37.0 | Total sulphur (db): 1.5 (-0.3 | +0.5) | Calorific value (ar): ≥6000 | G-Index (5:1):  ≤30.0
2026-04-10,C04-2026041004,26-74 1-3 CO,Эрдэнэс Тавантолгой ХК,Erdenes Tavan Tolgoi,Эрдэнэс Тавантолгой ХК,Coal,Нүүрс,Боловсруулаагүй,1/3 coking coal,1/3 коксжих нүүрс,Форвард,2,69.4,71.9,USD,тонн,2300800.0,3.6,5.0,32000.0,reported,Ash (db): 26.0 (-3.0 | +3.0)  | Total moisture (ar): 5.0 (-2.0 | +3.0)  | Volatile (daf): >28.0-37.0  | Total sulphur (db): 1.0 (-0.3 | +0.5)  | G-Index (5:1): >65
2026-04-10,C04-2026041003,26-73 1-3 CO,Эрдэнэс Тавантолгой ХК,Erdenes Tavan Tolgoi,Эрдэнэс Тавантолгой ХК,Coal,Нүүрс,Боловсруулаагүй,1/3 coking coal,1/3 коксжих нүүрс,Форвард,4,76.3,77.8,USD,тонн,4979200.0,1.97,10.0,64000.0,reported,Ash (db): 22.0 (-3.0 | +3.0)  | Total moisture (ar): 4.0 (-1.0 | +2.0)  | Volatile (daf): >28.0-37.0  | Total sulphur (db): 1.1 (-0.5 | +0.5)  | G-Index (5:1): ≥70
2026-04-10,C04-2026041002,26-72 1-3 CO,Эрдэнэс Тавантолгой ХК,Erdenes Tavan Tolgoi,Эрдэнэс Тавантолгой ХК,Coal,Нүүрс,Боловсруулаагүй,1/3 coking coal,1/3 коксжих нүүрс,Форвард,7,101.9,108.4,USD,тонн,3468800.0,6.38,5.0,32000.0,reported,Ash (db):  ≤9.0  | Total moisture (ar): ≤8.0  | Volatile (daf): >28.0-37.0  | Total sulphur (db): ≤1.0  | G-index (5:1): ≥75.0
2026-04-10,C02-2026041005,26-02 1-3 WCO,Эрдэнэс Тавантолгой ХК,Erdenes Tavan Tolgoi,Эрдэнэс Тавантолгой ХК,Coal,Нүүрс,Баяжуулсан,Washed semi-soft coking coal,Баяжуулсан сул коксжих нүүрс,Форвард,3,99.2,111.7,USD,тонн,7148800.0,12.6,10.0,64000.0,reported,Ash (db): ≤12 | Total moisture (ar): ≤10.0  | Volatile (daf): >28.0  | Total sulphur (db): ≤ 0.85  | G index (5:1): ≥75
2026-04-10,C01-2026041001,ER-26063,Энержи Ресурс ХХК,Energy Resources,Энержи Ресурс ХХК,Coal,Нүүрс,Баяжуулсан,Washed coking coal,Баяжуулсан коксжих нүүрс,Форвард,7,900.0,935.0,CNY,тонн,11968000.0,3.89,2.0,12800.0,reported,"Үнслэг (хуурай,%) ≤ 11.0%  | Дэгдэмхий бодис   | (үнсгүй хуурай,%) >20.0%-28.0%  | Хүхэр (хуурай, %) ≤ 0.85%  | Нийт чийглэг   | (хүлээн авах   | үеийн төлөв,%) ≤ 10.0%  | G индекс  ≥ 75"
2026-04-09,FE03-2026040901,ECM-26-65,Монголросцветмет ТӨҮГ,Mongolrostsvetmet (ex-Erdenes Critical Minerals),Монголросцветмет ТӨҮГ /Эрдэнэс критикал минералс ТӨҮГ/,Iron ore,Төмөр,Хүдэр,Iron ore Fe 52%,Fe-52% Төмрийн хүдэр,Форвард,5,65.0,69.0,USD,тонн,455400.0,6.15,2.0,6600.0,reported,H2O 0.5-1.0%  | Al2O3 1%-3%  | S 0.02%-0.05%  | SiO2 5%-10%  | Fe <52%  | TiO2 0.01 %-0.08% | P 0.01 %-0.03%
2026-04-09,C05-2026040904,26-06 TC,Эрдэнэс Тавантолгой ХК,Erdenes Tavan Tolgoi,Эрдэнэс Тавантолгой ХК,Coal,Нүүрс,Боловсруулаагүй,"Thermal coal (bituminous, non-caking)","Эрчим хүчний нүүрс /Битумт, үл барьцалдах нүүрс/",Форвард,3,45.8,51.8,USD,тонн,1657600.0,13.1,5.0,32000.0,reported,Total moisture (ar): ≤9.0  | Volatile (daf): >20.0-37.0  | Total sulphur (db): 1.5 (-0.3 | +0.5)  | Calorific value (ar): 5500 (-500 | +500)  | G-Index (5:1):  ≤5.0
2026-04-09,C04-2026040903,26-71 1-3 CO,Эрдэнэс Тавантолгой ХК,Erdenes Tavan Tolgoi,Эрдэнэс Тавантолгой ХК,Coal,Нүүрс,Боловсруулаагүй,1/3 coking coal,1/3 коксжих нүүрс,Форвард,11,83.3,95.8,USD,тонн,3065600.0,15.01,5.0,32000.0,reported,Ash (db):  >14.0-19.0  | Total moisture (ar): 5.0 (-2.0 | +3.0)  | Volatile (daf):  >28.0-37.0  | Total sulphur (db): 1.0 (-0.3 | +0.5)  | G-index (5:1): >65.0
2026-04-09,C04-2026040902,26-70 1-3 CO,Эрдэнэс Тавантолгой ХК,Erdenes Tavan Tolgoi,Эрдэнэс Тавантолгой ХК,Coal,Нүүрс,Боловсруулаагүй,1/3 coking coal,1/3 коксжих нүүрс,Форвард,4,101.9,105.9,USD,тонн,6777600.0,3.93,10.0,64000.0,reported,Ash (db):  ≤9.0  | Total moisture (ar): ≤8.0  | Volatile (daf): >28.0-37.0  | Total sulphur (db): ≤1.0  | G-index (5:1): ≥75.0
2026-04-08,FE03-2026040801,ECM-26-64,Монголросцветмет ТӨҮГ,Mongolrostsvetmet (ex-Erdenes Critical Minerals),Монголросцветмет ТӨҮГ /Эрдэнэс критикал минералс ТӨҮГ/,Iron ore,Төмөр,Хүдэр,Iron ore Fe 52%,Fe-52% Төмрийн хүдэр,Форвард,6,65.0,70.5,USD,тонн,465300.0,8.46,2.0,6600.0,reported,H2O 0.5-1.0%  | Al2O3 1%-3%  | S 0.02%-0.05%  | SiO2 5%-10%  | Fe <52%  | TiO2 0.01 %-0.08% | P 0.01 %-0.03%
2026-04-08,C04-2026040803,26-69 1-3 CO,Эрдэнэс Тавантолгой ХК,Erdenes Tavan Tolgoi,Эрдэнэс Тавантолгой ХК,Coal,Нүүрс,Боловсруулаагүй,1/3 coking coal,1/3 коксжих нүүрс,Форвард,3,69.4,70.9,USD,тонн,4537600.0,2.16,10.0,64000.0,reported,Ash (db): 26.0 (-3.0 | +3.0)  | Total moisture (ar): 5.0 (-2.0 | +3.0)  | Volatile (daf): >28.0-37.0  | Total sulphur (db): 1.0 (-0.3 | +0.5)  | G-Index (5:1): >65
2026-04-08,C04-2026040802,26-68 1-3 CO,Эрдэнэс Тавантолгой ХК,Erdenes Tavan Tolgoi,Эрдэнэс Тавантолгой ХК,Coal,Нүүрс,Боловсруулаагүй,1/3 coking coal,1/3 коксжих нүүрс,Форвард,4,101.9,106.9,USD,тонн,3420800.0,4.91,5.0,32000.0,reported,Ash (db):  ≤9.0  | Total moisture (ar): ≤8.0  | Volatile (daf): >28.0-37.0  | Total sulphur (db): ≤1.0  | G-index (5:1): ≥75.0
2026-04-08,C03-2026040804,TTOA-2026-013,Тавантолгой ХК,Tavan Tolgoi JSC,Тавантолгой ХК,Coal,Нүүрс,Боловсруулаагүй,Medium-volatile coking coal,"Дэгдэмхий бодис дунд, коксжих нүүрс",Форвард,1,126.0,126.0,USD,тонн,4032000.0,0.0,5.0,32000.0,reported,"Ash (db): 15.64 (-4.0 | +4.0)  | Volatile (daf):  26.99 (-0,7 | +1.1)  | Total sulphur (db): 0.92 (-0.3 | +0.2)  | G-index (5:1): 76.0 (-4.0 | +4.0)  | Total moisture (ar): 1.9 (-0.5 | +2.5)  | Y- index ≤25mm"
2026-04-08,C01-2026040801,ER-26061,Энержи Ресурс ХХК,Energy Resources,Энержи Ресурс ХХК,Coal,Нүүрс,Баяжуулсан,Washed coking coal,Баяжуулсан коксжих нүүрс,Форвард,7,900.0,955.0,CNY,тонн,12224000.0,6.11,2.0,12800.0,reported,"Үнслэг (хуурай,%) ≤ 11.0%  | Дэгдэмхий бодис   | (үнсгүй хуурай,%) >20.0%-28.0%  | Хүхэр (хуурай, %) ≤ 0.85%  | Нийт чийглэг   | (хүлээн авах   | үеийн төлөв,%) ≤ 10.0%  | G индекс  ≥ 75"
2026-04-07,FE01-2026040701,ECM-26-63,Монголросцветмет ТӨҮГ,Mongolrostsvetmet (ex-Erdenes Critical Minerals),Монголросцветмет ТӨҮГ /Эрдэнэс критикал минералс ТӨҮГ/,Iron ore,Төмөр,Баяжмал,Iron concentrate Fe 65%,Fe-65% Төмрийн баяжмал,Форвард,3,85.0,88.5,USD,тонн,1752300.0,4.12,6.0,19800.0,reported,H2O 7-10% | Al2O3 0.4%-1% | S 0.02%-0.08% | SiO2 3%-8% | Fe < 65% | TiO2 0.01%-0.08% | P 0.01%-0.03%
2026-04-07,C04-2026040702,26-67 1-3 CO,Эрдэнэс Тавантолгой ХК,Erdenes Tavan Tolgoi,Эрдэнэс Тавантолгой ХК,Coal,Нүүрс,Боловсруулаагүй,1/3 coking coal,1/3 коксжих нүүрс,Форвард,6,83.3,88.3,USD,тонн,5651200.0,6.0,10.0,64000.0,reported,Ash (db):  >14.0-19.0  | Total moisture (ar): 5.0 (-2.0 | +3.0)  | Volatile (daf):  >28.0-37.0  | Total sulphur (db): 1.0 (-0.3 | +0.5)  | G-index (5:1): >65.0
2026-04-07,C03-2026040704,TTOA-2026-012,Тавантолгой ХК,Tavan Tolgoi JSC,Тавантолгой ХК,Coal,Нүүрс,Боловсруулаагүй,Medium-volatile coking coal,"Дэгдэмхий бодис дунд, коксжих нүүрс",Форвард,1,126.0,126.0,USD,тонн,4032000.0,0.0,5.0,32000.0,reported,"Ash (db): 15.64 (-4.0 | +4.0)  | Volatile (daf): 26.99 (-0,7 | +1.1)  | Total sulphur (db): 0.92 (-0.3 | +0.2)  | G-index (5:1): 76.0 (-4.0 | +4.0)  | Total moisture (ar): 1.9 (-0.5 | +2.5)  | Y- index ≤25mm"
2026-04-07,C02-2026040703,26-01 1-3 WCO,Эрдэнэс Тавантолгой ХК,Erdenes Tavan Tolgoi,Эрдэнэс Тавантолгой ХК,Coal,Нүүрс,Баяжуулсан,Washed semi-soft coking coal,Баяжуулсан сул коксжих нүүрс,Форвард,7,99.2,111.7,USD,тонн,7148800.0,12.6,10.0,64000.0,reported,Ash (db): ≤12  | Total moisture (ar): ≤10.0  | Volatile (daf): >28.0  | Total sulphur (db): ≤ 0.85  | G index (5:1): ≥75
2026-04-07,C01-2026040701,ER-26060,Энержи Ресурс ХХК,Energy Resources,Энержи Ресурс ХХК,Coal,Нүүрс,Баяжуулсан,Washed coking coal,Баяжуулсан коксжих нүүрс,Форвард,6,900.0,950.0,CNY,тонн,12160000.0,5.56,2.0,12800.0,reported,"Үнслэг (хуурай,%) ≤ 11.0%  | Дэгдэмхий бодис   | (үнсгүй хуурай,%) >20.0%-28.0%  | Хүхэр (хуурай, %) ≤ 0.85%  | Нийт чийглэг   | (хүлээн авах   | үеийн төлөв,%) ≤ 10.0%  | G индекс  ≥ 75"
2026-04-06,FE03-2026040601,ECM-26-62,Монголросцветмет ТӨҮГ,Mongolrostsvetmet (ex-Erdenes Critical Minerals),Монголросцветмет ТӨҮГ /Эрдэнэс критикал минералс ТӨҮГ/,Iron ore,Төмөр,Хүдэр,Iron ore Fe 52%,Fe-52% Төмрийн хүдэр,Форвард,5,65.0,70.0,USD,тонн,462000.0,7.69,2.0,6600.0,reported,H2O 0.5-1.0%  | Al2O3 1%-3%  | S 0.02%-0.05%  | SiO2 5%-10%  | Fe <52%  | TiO2 0.01 %-0.08% | P 0.01 %-0.03%
2026-04-06,FE02-2026040605,DMP-2624,Дарханы Төмөрлөгийн Үйлдвэр ХХК,Дарханы Төмөрлөгийн Үйлдвэр ХХК,Дарханы Төмөрлөгийн Үйлдвэр ХХК,Iron ore,Төмөр,Баяжмал,Fe-58% Төмрийн баяжмал,Fe-58% Төмрийн баяжмал,Форвард,3,59.0,63.5,USD,тонн,3771900.0,7.63,18.0,59400.0,reported,"FE 58% (дундаж) | S 3.5% (дундаж) | H2O 2.5% (дундаж) | AL2O3 1.0% (дундаж) | SIO2 6.0% (дундаж) | TIO2 0.1% (дундаж) | P 0.02% (дундаж) | Ширхэглэл 0-10mm (нунтаг),  | 10-40mm (бүхэл)"
2026-04-06,FE02-2026040604,DMP-2623,Дарханы Төмөрлөгийн Үйлдвэр ХХК,Дарханы Төмөрлөгийн Үйлдвэр ХХК,Дарханы Төмөрлөгийн Үйлдвэр ХХК,Iron ore,Төмөр,Баяжмал,Fe-58% Төмрийн баяжмал,Fe-58% Төмрийн баяжмал,Форвард,2,59.0,62.0,USD,тонн,3682800.0,5.08,18.0,59400.0,reported,"FE 58% (дундаж) | S 3.5% (дундаж) | H2O 2.5% (дундаж) | AL2O3 1.0% (дундаж) | SIO2 6.0% (дундаж) | TIO2 0.1% (дундаж) | P 0.02% (дундаж) | Ширхэглэл 0-10mm (нунтаг),  | 10-40mm (бүхэл)"
2026-04-06,C04-2026040603,26-66 1-3 CO,Эрдэнэс Тавантолгой ХК,Erdenes Tavan Tolgoi,Эрдэнэс Тавантолгой ХК,Coal,Нүүрс,Боловсруулаагүй,1/3 coking coal,1/3 коксжих нүүрс,Форвард,4,76.3,78.8,USD,тонн,2521600.0,3.28,5.0,32000.0,reported,Ash (db): 22.0 (-3.0 | +3.0) | Total moisture (ar): 4.0 (-1.0 | +2.0) | Volatile (daf): >28.0-37.0 | Total sulphur (db): 1.1 (-0.5 | +0.5) | G-Index (5:1): ≥70
2026-04-06,C04-2026040602,26-65 1-3 CO,Эрдэнэс Тавантолгой ХК,Erdenes Tavan Tolgoi,Эрдэнэс Тавантолгой ХК,Coal,Нүүрс,Боловсруулаагүй,1/3 coking coal,1/3 коксжих нүүрс,Форвард,5,101.9,107.4,USD,тонн,6873600.0,5.4,10.0,64000.0,reported,Ash (db): ≤9.0 | Total moisture (ar): ≤8.0 | Volatile (daf): >28.0-37.0 | Total sulphur (db): ≤1.0 | G-index (5:1): ≥75.0
2026-04-03,С03-2026040305,26-08 CO,Эрдэнэс Тавантолгой ХК,Erdenes Tavan Tolgoi,Эрдэнэс Тавантолгой ХК,Coal,Нүүрс,Боловсруулаагүй,Medium-volatile coking coal,"Дэгдэмхий бодис дунд, коксжих нүүрс",Форвард,5,128.4,136.9,USD,тонн,1752320.0,6.62,2.0,12800.0,reported,Ash (db): 15.0 (-3.0 | +3.0)  | Total moisture (ar): 3.0 (-2.0 | +2.0)  | Volatile (daf): >20.0-28.0  | Total sulphur (db): 0.9 (-0.3 | +0.5)  | G-Index (5:1): >65
2026-04-03,FE02-2026040304,DMP-2620,Дарханы Төмөрлөгийн Үйлдвэр ХХК,Дарханы Төмөрлөгийн Үйлдвэр ХХК,Дарханы Төмөрлөгийн Үйлдвэр ХХК,Iron ore,Төмөр,Баяжмал,Fe-58% Төмрийн баяжмал,Fe-58% Төмрийн баяжмал,Форвард,2,59.0,59.0,USD,тонн,3504600.0,0.0,18.0,59400.0,reported,"FE 58% (дундаж) | S 3.5% (дундаж) | H2O 2.5% (дундаж) | AL2O3 1.0% (дундаж) | SIO2 6.0% (дундаж) | TIO2 0.1% (дундаж) | P 0.02% (дундаж) | Ширхэглэл 0-10mm (нунтаг),  | 10-40mm (бүхэл)"
2026-04-03,FE02-2026040303,DMP-2619,Дарханы Төмөрлөгийн Үйлдвэр ХХК,Дарханы Төмөрлөгийн Үйлдвэр ХХК,Дарханы Төмөрлөгийн Үйлдвэр ХХК,Iron ore,Төмөр,Баяжмал,Fe-58% Төмрийн баяжмал,Fe-58% Төмрийн баяжмал,Форвард,2,59.0,61.5,USD,тонн,3653100.0,4.24,18.0,59400.0,reported,"FE 58% (дундаж) | S 3.5% (дундаж) | H2O 2.5% (дундаж) | AL2O3 1.0% (дундаж) | SIO2 6.0% (дундаж) | TIO2 0.1% (дундаж) | P 0.02% (дундаж) | Ширхэглэл 0-10mm (нунтаг),  | 10-40mm (бүхэл)"
2026-04-03,C04-2026040304,26-64 1-3 CO,Эрдэнэс Тавантолгой ХК,Erdenes Tavan Tolgoi,Эрдэнэс Тавантолгой ХК,Coal,Нүүрс,Боловсруулаагүй,1/3 coking coal,1/3 коксжих нүүрс,Форвард,4,66.6,73.1,USD,тонн,2339200.0,9.76,5.0,32000.0,reported,Ash (db): 26.0 (-3.0 | +3.0)  | Total moisture (ar): 5.0 (-2.0 | +3.0)  | Volatile (daf): >28.0-37.0  | Total sulphur (db): 1.0 (-0.3 | +0.5)  | G-Index (5:1): >65
2026-04-03,C04-2026040303,26-63 1-3 CO,Эрдэнэс Тавантолгой ХК,Erdenes Tavan Tolgoi,Эрдэнэс Тавантолгой ХК,Coal,Нүүрс,Боловсруулаагүй,1/3 coking coal,1/3 коксжих нүүрс,Форвард,6,73.2,79.7,USD,тонн,5100800.0,8.88,10.0,64000.0,reported,Ash (db): 22.0 (-3.0 | +3.0)  | Total moisture (ar): 4.0 (-1.0 | +2.0)  | Volatile (daf): >28.0-37.0  | Total sulphur (db): 1.1 (-0.5 | +0.5)  | G-Index (5:1): ≥70
2026-04-03,C04-2026040302,26-62 1-3 CO,Эрдэнэс Тавантолгой ХК,Erdenes Tavan Tolgoi,Эрдэнэс Тавантолгой ХК,Coal,Нүүрс,Боловсруулаагүй,1/3 coking coal,1/3 коксжих нүүрс,Форвард,5,99.6,108.6,USD,тонн,3475200.0,9.04,5.0,32000.0,reported,Ash (db):  ≤9.0  | Total moisture (ar): ≤8.0  | Volatile (daf): >28.0-37.0  | Total sulphur (db): ≤1.0  | G-index (5:1): ≥75.0
2026-04-03,C03-2026040306,TTOA-2026-010,Тавантолгой ХК,Tavan Tolgoi JSC,Тавантолгой ХК,Coal,Нүүрс,Боловсруулаагүй,Medium-volatile coking coal,"Дэгдэмхий бодис дунд, коксжих нүүрс",Форвард,1,126.0,126.0,USD,тонн,6451200.0,0.0,8.0,51200.0,reported,"Ash (db):  15.64 (-4.0 | +4.0)  | Volatile (daf): 26.99 (-0,7 | +1.1)  | Total sulphur (db): 0.92 (-0.3 | +0.2)  | G-index (5:1): 76.0 (-4.0 | +4.0)  | Total moisture (ar): 1.9 (-0.5 | +2.5)  | Y- index ≤25mm"
2026-04-03,C01-2026040308,ER-26058,Энержи Ресурс ХХК,Energy Resources,Энержи Ресурс ХХК,Coal,Нүүрс,Баяжуулсан,Washed coking coal,Баяжуулсан коксжих нүүрс,Форвард,6,900.0,965.0,CNY,тонн,12352000.0,7.22,2.0,12800.0,reported,"Үнслэг (хуурай,%) ≤ 11.0%  | Дэгдэмхий бодис   | (үнсгүй хуурай,%) >20.0%-28.0%  | Хүхэр (хуурай, %) ≤ 0.85%  | Нийт чийглэг   | (хүлээн авах   | үеийн төлөв,%) ≤ 10.0%  | G индекс  ≥ 75"
2026-04-03,C01-2026040301,ER-26057,Энержи Ресурс ХХК,Energy Resources,Энержи Ресурс ХХК,Coal,Нүүрс,Баяжуулсан,Washed coking coal,Баяжуулсан коксжих нүүрс,Форвард,5,900.0,965.0,CNY,тонн,12352000.0,7.22,2.0,12800.0,reported,"Үнслэг (хуурай,%) ≤ 11.0%  | Дэгдэмхий бодис   | (үнсгүй хуурай,%) >20.0%-28.0%  | Хүхэр (хуурай, %) ≤ 0.85%  | Нийт чийглэг   | (хүлээн авах   | үеийн төлөв,%) ≤ 10.0%  | G индекс  ≥ 75"
2026-04-02,FE03-2026040201,ECM-26-61,Монголросцветмет ТӨҮГ,Mongolrostsvetmet (ex-Erdenes Critical Minerals),Монголросцветмет ТӨҮГ /Эрдэнэс критикал минералс ТӨҮГ/,Iron ore,Төмөр,Хүдэр,Iron ore Fe 52%,Fe-52% Төмрийн хүдэр,Форвард,6,65.0,70.0,USD,тонн,462000.0,7.69,2.0,6600.0,reported,H2O 0.5-1.0%  | Al2O3 1%-3%  | S 0.02%-0.05%  | SiO2 5%-10%  | Fe <52%  | TiO2 0.01 %-0.08% | P 0.01 %-0.03%
2026-04-02,C04-2026040203,26-61 1-3 CO,Эрдэнэс Тавантолгой ХК,Erdenes Tavan Tolgoi,Эрдэнэс Тавантолгой ХК,Coal,Нүүрс,Боловсруулаагүй,1/3 coking coal,1/3 коксжих нүүрс,Форвард,2,66.6,68.1,USD,тонн,4358400.0,2.25,10.0,64000.0,reported,Ash (db): 26.0 (-3.0 | +3.0)  | Total moisture (ar): 5.0 (-2.0 | +3.0)  | Volatile (daf): >28.0-37.0  | Total sulphur (db): 1.0 (-0.3 | +0.5)  | G-Index (5:1): >65
2026-04-02,C04-2026040202,26-60 1-3 CO,Эрдэнэс Тавантолгой ХК,Erdenes Tavan Tolgoi,Эрдэнэс Тавантолгой ХК,Coal,Нүүрс,Боловсруулаагүй,1/3 coking coal,1/3 коксжих нүүрс,Форвард,8,79.9,96.4,USD,тонн,3084800.0,20.65,5.0,32000.0,reported,Ash (db):  >14.0-19.0  | Total moisture (ar): 5.0 (-2.0 | +3.0)  | Volatile (daf):  >28.0-37.0  | Total sulphur (db): 1.0 (-0.3 | +0.5)  | G-index (5:1): >65.0
2026-04-02,C03-2026040204,TTOA-2026-009,Тавантолгой ХК,Tavan Tolgoi JSC,Тавантолгой ХК,Coal,Нүүрс,Боловсруулаагүй,Medium-volatile coking coal,"Дэгдэмхий бодис дунд, коксжих нүүрс",Форвард,2,126.0,126.0,USD,тонн,6451200.0,0.0,8.0,51200.0,reported,"Ash (db):  15.64 (-4.0 | +4.0)  | Volatile (daf): 26.99 (-0,7 | +1.1)  | Total sulphur (db): 0.92 (-0.3 | +0.2)  | G-index (5:1): 76.0 (-4.0 | +4.0)  | Total moisture (ar): 1.9 (-0.5 | +2.5)  | Y- index: ≤25mm"
2026-04-02,C01-2026040201,ER-26056,Энержи Ресурс ХХК,Energy Resources,Энержи Ресурс ХХК,Coal,Нүүрс,Баяжуулсан,Washed coking coal,Баяжуулсан коксжих нүүрс,Форвард,6,900.0,975.0,CNY,тонн,12480000.0,8.33,2.0,12800.0,reported,"Үнслэг (хуурай,%) ≤ 11.0%  | Дэгдэмхий бодис   | (үнсгүй хуурай,%) >20.0%-28.0%  | Хүхэр (хуурай, %) ≤ 0.85%  | Нийт чийглэг   | (хүлээн авах   | үеийн төлөв,%) ≤ 10.0%  | G индекс  ≥ 75"
2026-04-01,FE03-2026040101,ECM-26-60,Монголросцветмет ТӨҮГ,Mongolrostsvetmet (ex-Erdenes Critical Minerals),Монголросцветмет ТӨҮГ /Эрдэнэс критикал минералс ТӨҮГ/,Iron ore,Төмөр,Хүдэр,Iron ore Fe 52%,Fe-52% Төмрийн хүдэр,Форвард,4,65.0,69.0,USD,тонн,455400.0,6.15,2.0,6600.0,reported,H2O 0.5-1.0%  | Al2O3 1%-3%  | S 0.02%-0.05%  | SiO2 5%-10%  | Fe <52%  | TiO2 0.01 %-0.08% | P 0.01 %-0.03%
2026-04-01,C05-2026040103,26-05 TC,Эрдэнэс Тавантолгой ХК,Erdenes Tavan Tolgoi,Эрдэнэс Тавантолгой ХК,Coal,Нүүрс,Боловсруулаагүй,"Thermal coal (bituminous, non-caking)","Эрчим хүчний нүүрс /Битумт, үл барьцалдах нүүрс/",Форвард,5,45.9,51.3,USD,тонн,1641600.0,11.76,5.0,32000.0,reported,Total moisture (ar): ≤9.0  | Volatile (daf): >20.0-37.0  | Total sulphur (db): 1.5 (-0.3 | +0.5)  | Calorific value (ar): 5500 (-500 | +500)  | G-Index (5:1):  ≤5.0
2026-04-01,C04-2026040104,26-59 1-3 CO,Эрдэнэс Тавантолгой ХК,Erdenes Tavan Tolgoi,Эрдэнэс Тавантолгой ХК,Coal,Нүүрс,Боловсруулаагүй,1/3 coking coal,1/3 коксжих нүүрс,Форвард,7,73.2,77.7,USD,тонн,2486400.0,6.15,5.0,32000.0,reported,Ash (db): 22.0 (-3.0 | +3.0)  | Total moisture (ar): 4.0 (-1.0 | +2.0)  | Volatile (daf): >28.0-37.0  | Total sulphur (db): 1.1 (-0.5 | +0.5)  | G-Index (5:1): ≥70
2026-04-01,C04-2026040102,26-58 1-3 CO,Эрдэнэс Тавантолгой ХК,Erdenes Tavan Tolgoi,Эрдэнэс Тавантолгой ХК,Coal,Нүүрс,Боловсруулаагүй,1/3 coking coal,1/3 коксжих нүүрс,Форвард,4,99.6,103.1,USD,тонн,6598400.0,3.51,10.0,64000.0,reported,Ash (db):  ≤9.0  | Total moisture (ar): ≤8.0  | Volatile (daf): >28.0-37.0  | Total sulphur (db): ≤1.0  | G-index (5:1): ≥75.0
2026-03-31,C04-2026033101,26-57 1-3 CO,Эрдэнэс Тавантолгой ХК,Erdenes Tavan Tolgoi,Эрдэнэс Тавантолгой ХК,Coal,Нүүрс,Боловсруулаагүй,1/3 coking coal,1/3 коксжих нүүрс,Форвард,3,60.0,68.5,USD,тонн,2192000.0,14.17,5.0,32000.0,reported,
2026-03-30,C04-2026033002,26-56 1-3 CO,Эрдэнэс Тавантолгой ХК,Erdenes Tavan Tolgoi,Эрдэнэс Тавантолгой ХК,Coal,Нүүрс,Боловсруулаагүй,1/3 coking coal,1/3 коксжих нүүрс,Форвард,6,97.7,111.7,USD,тонн,3574400.0,14.33,5.0,32000.0,reported,Ash (db):  ≤9.0  | Total moisture (ar): ≤8.0  | Volatile (daf): >28.0-37.0  | Total sulphur (db): ≤1.0  | G-index (5:1): ≥75.0
2026-03-27,FE03-2026032701,ECM-26-59,Монголросцветмет ТӨҮГ,Mongolrostsvetmet (ex-Erdenes Critical Minerals),Монголросцветмет ТӨҮГ /Эрдэнэс критикал минералс ТӨҮГ/,Iron ore,Төмөр,Хүдэр,Iron ore Fe 52%,Fe-52% Төмрийн хүдэр,Форвард,5,65.0,69.0,USD,тонн,455400.0,6.15,2.0,6600.0,reported,H2O 0.5-1.0%  | Al2O3 1%-3%  | S 0.02%-0.05%  | SiO2 5%-10%  | Fe <52%  | TiO2 0.01 %-0.08% | P 0.01 %-0.03%
2026-03-27,C03-2026032702,26-07 CO,Эрдэнэс Тавантолгой ХК,Erdenes Tavan Tolgoi,Эрдэнэс Тавантолгой ХК,Coal,Нүүрс,Боловсруулаагүй,Medium-volatile coking coal,"Дэгдэмхий бодис дунд, коксжих нүүрс",Форвард,6,126.0,145.5,USD,тонн,1862400.0,15.48,2.0,12800.0,reported,Ash (db): 15.0 (-3.0 | +3.0)  | Total moisture (ar): 3.0 (-2.0 | +2.0)  | Volatile (daf): >20.0-28.0  | Total sulphur (db): 0.9 (-0.3 | +0.5)  | G-Index (5:1):  >65
2026-03-27,C01-2026032701,ER-26053,Энержи Ресурс ХХК,Energy Resources,Энержи Ресурс ХХК,Coal,Нүүрс,Баяжуулсан,Washed coking coal,Баяжуулсан коксжих нүүрс,Форвард,6,850.0,1005.0,CNY,тонн,12864000.0,18.24,2.0,12800.0,reported,"Үнслэг (хуурай,%) ≤ 11.0%  | Дэгдэмхий бодис   | (үнсгүй хуурай,%) >20.0%-28.0%  | Хүхэр (хуурай, %) ≤ 0.85%  | Нийт чийглэг   | (хүлээн авах   | үеийн төлөв,%) ≤ 10.0%  | G индекс  ≥ 75"
2026-03-26,C02-2026032601,KH-26010,Хангад Эксплорэйшн ХХК,Khangad Exploration,Хангад Эксплорэйшн ХХК,Coal,Нүүрс,Баяжуулсан,Washed semi-soft coking coal,Баяжуулсан сул коксжих нүүрс,Форвард,6,700.0,755.0,CNY,тонн,19328000.0,7.86,4.0,25600.0,reported,"Үнслэг (хуурай,%) ≤ 9.5%  | Дэгдэмхий бодис   | (үнсгүй хуурай,%) > 28.0%  | Хүхэр (хуурай, %) ≤ 0.85%  | Нийт чийглэг   | (хүлээн авах үеийн  | төлөв,%) ≤ 10.0%  | G индекс  ≥65"
2026-03-25,FE03-2026032501,ECM-26-58,Монголросцветмет ТӨҮГ,Mongolrostsvetmet (ex-Erdenes Critical Minerals),Монголросцветмет ТӨҮГ /Эрдэнэс критикал минералс ТӨҮГ/,Iron ore,Төмөр,Хүдэр,Iron ore Fe 52%,Fe-52% Төмрийн хүдэр,Форвард,9,65.0,69.5,USD,тонн,458700.0,6.92,2.0,6600.0,reported,H2O 0.5-1.0%  | Al2O3 1%-3%  | S 0.02%-0.05%  | SiO2 5%-10%  | Fe <52%  | TiO2 0.01 %-0.08% | P 0.01 %-0.03%
2026-03-25,C10-2026032502,26-06 WTC,Эрдэнэс Тавантолгой ХК,Erdenes Tavan Tolgoi,Эрдэнэс Тавантолгой ХК,Coal,Нүүрс,Баяжуулсан,Washed non-coking-quality coal,Баяжуулсан коксжих чанаргүй нүүрс,Форвард,9,51.0,64.2,USD,тонн,2054400.0,25.88,5.0,32000.0,reported,Ash (db): ≤25.0  | Total moisture (ar): ≤9.0  | Volatile (daf): <37.0  | Total sulphur (db): ≤1.0  | Calorific value (ar): ≥6000  | G-index: ≤20
2026-03-24,C10-2026032404,26-05 WTC,Эрдэнэс Тавантолгой ХК,Erdenes Tavan Tolgoi,Эрдэнэс Тавантолгой ХК,Coal,Нүүрс,Баяжуулсан,Washed non-coking-quality coal,Баяжуулсан коксжих чанаргүй нүүрс,Форвард,9,45.3,65.7,USD,тонн,4204800.0,45.03,10.0,64000.0,reported,Ash (db): ≤25.0  | Total moisture (ar): ≤9.0  | Volatile (daf): <37.0  | Total sulphur (db): ≤1.0  | Calorific value (ar): ≥6000  | G-index: ≤20
2026-03-24,C04-2026032403,26-55 1-3 CO,Эрдэнэс Тавантолгой ХК,Erdenes Tavan Tolgoi,Эрдэнэс Тавантолгой ХК,Coal,Нүүрс,Боловсруулаагүй,1/3 coking coal,1/3 коксжих нүүрс,Форвард,4,69.6,76.6,USD,тонн,4902400.0,10.06,10.0,64000.0,reported,Ash (db): 22.0 (-3.0 | +3.0)  | Total moisture (ar): 4.0 (-1.0 | +2.0)  | Volatile (daf): >28.0-37.0  | Total sulphur (db): 1.1 (-0.5 | +0.5)  | G-Index (5:1): ≥70
2026-03-24,C04-2026032402,26-54 1-3 CO,Эрдэнэс Тавантолгой ХК,Erdenes Tavan Tolgoi,Эрдэнэс Тавантолгой ХК,Coal,Нүүрс,Боловсруулаагүй,1/3 coking coal,1/3 коксжих нүүрс,Форвард,5,75.9,85.4,USD,тонн,2732800.0,12.52,5.0,32000.0,reported,Ash (db):  >14.0-19.0  | Total moisture (ar): 5.0 (-2.0 | +3.0)  | Volatile (daf):  >28.0-37.0  | Total sulphur (db): 1.0 (-0.3 | +0.5)  | G-index (5:1): >65.0
2026-03-24,C01-2026032401,ER-26051,Энержи Ресурс ХХК,Energy Resources,Энержи Ресурс ХХК,Coal,Нүүрс,Баяжуулсан,Washed coking coal,Баяжуулсан коксжих нүүрс,Форвард,6,850.0,1065.0,CNY,тонн,13632000.0,25.29,2.0,12800.0,reported,"Үнслэг (хуурай,%) ≤ 11.0%  | Дэгдэмхий бодис   | (үнсгүй хуурай,%) >20.0%-28.0%  | Хүхэр (хуурай, %) ≤ 0.85%  | Нийт чийглэг   | (хүлээн авах   | үеийн төлөв,%) ≤ 10.0%  | G индекс  ≥ 75"
2026-03-23,FE03-2026032301,ECM-26-57,Монголросцветмет ТӨҮГ,Mongolrostsvetmet (ex-Erdenes Critical Minerals),Монголросцветмет ТӨҮГ /Эрдэнэс критикал минералс ТӨҮГ/,Iron ore,Төмөр,Хүдэр,Iron ore Fe 52%,Fe-52% Төмрийн хүдэр,Форвард,6,65.0,68.5,USD,тонн,452100.0,5.38,2.0,6600.0,reported,H2O 0.5-1.0%  | Al2O3 1%-3%  | S 0.02%-0.05%  | SiO2 5%-10%  | Fe <52%  | TiO2 0.01 %-0.08% | P 0.01 %-0.03%
2026-03-23,C05-2026032303,26-04 TC,Эрдэнэс Тавантолгой ХК,Erdenes Tavan Tolgoi,Эрдэнэс Тавантолгой ХК,Coal,Нүүрс,Боловсруулаагүй,"Thermal coal (bituminous, non-caking)","Эрчим хүчний нүүрс /Битумт, үл барьцалдах нүүрс/",Форвард,6,48.2,56.9,USD,тонн,3641600.0,18.05,10.0,64000.0,reported,Total moisture (ar): ≤9.0  | Volatile (daf): >20-37.0  | Total sulphur (db): 1.5 (-0.3 | +0.5)  | Calorific value (ar): ≥6000  | G-Index (5:1):  ≤30.0
2026-03-23,C04-2026032304,26-53 1-3 CO,Эрдэнэс Тавантолгой ХК,Erdenes Tavan Tolgoi,Эрдэнэс Тавантолгой ХК,Coal,Нүүрс,Боловсруулаагүй,1/3 coking coal,1/3 коксжих нүүрс,Форвард,3,59.7,70.2,USD,тонн,4492800.0,17.59,10.0,64000.0,reported,Ash (db): 26.0 (-3.0 | +3.0)  | Total moisture (ar): 5.0 (-2.0 | +3.0)  | Volatile (daf): >28.0-37.0  | Total sulphur (db): 1.0 (-0.3 | +0.5)  | G-Index (5:1): >65
2026-03-23,C04-2026032302,26-52 1-3 CO,Эрдэнэс Тавантолгой ХК,Erdenes Tavan Tolgoi,Эрдэнэс Тавантолгой ХК,Coal,Нүүрс,Боловсруулаагүй,1/3 coking coal,1/3 коксжих нүүрс,Форвард,6,95.8,107.3,USD,тонн,3433600.0,12.0,5.0,32000.0,reported,Ash (db):  ≤9.0  | Total moisture (ar): ≤8.0  | Volatile (daf): >28.0-37.0  | Total sulphur (db): ≤1.0  | G-index (5:1): ≥75.0
2026-03-20,C05-2026032006,26-03 TC,Эрдэнэс Тавантолгой ХК,Erdenes Tavan Tolgoi,Эрдэнэс Тавантолгой ХК,Coal,Нүүрс,Боловсруулаагүй,"Thermal coal (bituminous, non-caking)","Эрчим хүчний нүүрс /Битумт, үл барьцалдах нүүрс/",Форвард,5,38.9,47.0,USD,тонн,6016000.0,20.82,20.0,128000.0,reported,Total moisture (ar): ≤9.0  | Volatile (daf) > 20.0-37.0%  | Total sulphur (db): 1.5 (-0.3 | +0.5)  | Calorific value (ar): 5500 (-500 | +500)  | G-Index (5:1):  ≤5.0
2026-03-20,C04-2026032005,26-51 1-3 CO,Эрдэнэс Тавантолгой ХК,Erdenes Tavan Tolgoi,Эрдэнэс Тавантолгой ХК,Coal,Нүүрс,Боловсруулаагүй,1/3 coking coal,1/3 коксжих нүүрс,Форвард,3,58.6,67.1,USD,тонн,4294400.0,14.51,10.0,64000.0,reported,Ash (db): 26.0 (-3.0 | +3.0)  | Total moisture (ar): 5.0 (-2.0 | +3.0)  | Volatile (daf): >28.0-37.0  | Total sulphur (db): 1.0 (-0.3 | +0.5)  | G-Index (5:1): >65
2026-03-20,C04-2026032004,26-50 1-3 CO,Эрдэнэс Тавантолгой ХК,Erdenes Tavan Tolgoi,Эрдэнэс Тавантолгой ХК,Coal,Нүүрс,Боловсруулаагүй,1/3 coking coal,1/3 коксжих нүүрс,Форвард,6,68.3,75.8,USD,тонн,2425600.0,10.98,5.0,32000.0,reported,Ash (db): 22.0 (-3.0 | +3.0)  | Total moisture (ar): 4.0 (-1.0 | +2.0)  | Volatile (daf): >28.0-37.0  | Total sulphur (db): 1.1 (-0.5 | +0.5)  | G-Index (5:1): ≥70
2026-03-20,C04-2026032003,26-49 1-3 CO,Эрдэнэс Тавантолгой ХК,Erdenes Tavan Tolgoi,Эрдэнэс Тавантолгой ХК,Coal,Нүүрс,Боловсруулаагүй,1/3 coking coal,1/3 коксжих нүүрс,Форвард,4,95.4,99.9,USD,тонн,6393600.0,4.72,10.0,64000.0,reported,Ash (db):  ≤9.0  | Total moisture (ar): ≤8.0  | Volatile (daf): >28.0-37.0  | Total sulphur (db): ≤1.0  | G-index (5:1): ≥75.0
2026-03-20,C03-2026032002,TTOA-2026-006,Тавантолгой ХК,Tavan Tolgoi JSC,Тавантолгой ХК,Coal,Нүүрс,Боловсруулаагүй,Medium-volatile coking coal,"Дэгдэмхий бодис дунд, коксжих нүүрс",Форвард,7,115.0,134.0,USD,тонн,13721600.0,16.52,16.0,102400.0,reported,"Ash (db): 15.64 (-4.0 | +4.0)  | Volatile (daf): 26.99 (-0,7 | +1.1)  | Total sulphur (db): 0.92 (-0.3 | +0.2)  | G-index (5:1): 76.0 (-4.0 | +4.0)  | Total moisture (ar): 1.9 (-0.5 | +2.5)  | Y- index ≤25mm"
2026-03-20,C01-2026032001,ER-26049,Энержи Ресурс ХХК,Energy Resources,Энержи Ресурс ХХК,Coal,Нүүрс,Баяжуулсан,Washed coking coal,Баяжуулсан коксжих нүүрс,Форвард,7,800.0,945.0,CNY,тонн,12096000.0,18.12,2.0,12800.0,reported,"Үнслэг (хуурай,%) ≤ 11.0%  | Дэгдэмхий бодис   | (үнсгүй хуурай,%) >20.0%-28.0%  | Хүхэр (хуурай, %) ≤ 0.85%  | Нийт чийглэг   | (хүлээн авах   | үеийн төлөв,%) ≤ 10.0%  | G индекс  ≥ 75"
2026-03-19,FE03-2026031901,ECM-26-56,Монголросцветмет ТӨҮГ,Mongolrostsvetmet (ex-Erdenes Critical Minerals),Монголросцветмет ТӨҮГ /Эрдэнэс критикал минералс ТӨҮГ/,Iron ore,Төмөр,Хүдэр,Iron ore Fe 52%,Fe-52% Төмрийн хүдэр,Форвард,5,65.0,68.5,USD,тонн,452100.0,5.38,2.0,6600.0,reported,H2O 0.5-1.0%  | Al2O3 1%-3%  | S 0.02%-0.05%  | SiO2 5%-10%  | Fe <52%  | TiO2 0.01 %-0.08% | P 0.01 %-0.03%
2026-03-19,C14-2026031904,26-01 SGS,Саусгоби Сэндс ХХК,Саусгоби Сэндс ХХК,Саусгоби Сэндс ХХК,Coal,Нүүрс,Боловсруулаагүй,"Дэгдэмхий бодис их, хийн нүүрс","Дэгдэмхий бодис их, хийн нүүрс",Форвард,1,290.0,290.0,CNY,тонн,1856000.0,0.0,1.0,6400.0,reported,"Илчлэг, ккал/кг (Qnet,ar) ≥5833  | Үнслэг, Ad (%) ≤21%  | Дэгдэмхий бодисын гарц, V daf (%) ＞37%  | Хүхрийн агуулга, Std (%) ＞1.2%  | Нийт чийг, Wt, % ＜10  | G индекс ≥60"
2026-03-19,C04-2026031906,26-48 1-3 CO,Эрдэнэс Тавантолгой ХК,Erdenes Tavan Tolgoi,Эрдэнэс Тавантолгой ХК,Coal,Нүүрс,Боловсруулаагүй,1/3 coking coal,1/3 коксжих нүүрс,Форвард,4,68.3,76.3,USD,тонн,4883200.0,11.71,10.0,64000.0,reported,Ash (db): 22.0 (-3.0 | +3.0)  | Total moisture (ar): 4.0 (-1.0 | +2.0)  | Volatile (daf): >28.0-37.0  | Total sulphur (db): 1.1 (-0.5 | +0.5)  | G-Index (5:1): ≥70
2026-03-19,C04-2026031905,26-47 1-3 CO,Эрдэнэс Тавантолгой ХК,Erdenes Tavan Tolgoi,Эрдэнэс Тавантолгой ХК,Coal,Нүүрс,Боловсруулаагүй,1/3 coking coal,1/3 коксжих нүүрс,Форвард,7,74.4,87.9,USD,тонн,2812800.0,18.15,5.0,32000.0,reported,Ash (db):  >14.0-19.0  | Total moisture (ar): 5.0 (-2.0 | +3.0)  | Volatile (daf):  >28.0-37.0  | Total sulphur (db): 1.0 (-0.3 | +0.5)  | G-index (5:1): >65.0
2026-03-19,C03-2026031903,TTOA-2026-008,Тавантолгой ХК,Tavan Tolgoi JSC,Тавантолгой ХК,Coal,Нүүрс,Боловсруулаагүй,Medium-volatile coking coal,"Дэгдэмхий бодис дунд, коксжих нүүрс",Форвард,5,118.0,137.0,USD,тонн,14028800.0,16.1,16.0,102400.0,reported,"Ash (db):  15.64 (-4.0 | +4.0)  | Volatile (daf):  26.99 (-0,7 | +1.1)  | Total sulphur (db): 0.92 (-0.3 | +0.2)  | G-index (5:1):  76.0 (-4.0 | +4.0)  | Total moisture (ar):   1.9 (-0.5 | +2.5)  | Y- index ≤25mm"
2026-03-19,C03-2026031902,TTOA-2026-007,Тавантолгой ХК,Tavan Tolgoi JSC,Тавантолгой ХК,Coal,Нүүрс,Боловсруулаагүй,Medium-volatile coking coal,"Дэгдэмхий бодис дунд, коксжих нүүрс",Форвард,5,118.0,130.0,USD,тонн,13312000.0,10.17,16.0,102400.0,reported,"Ash (db): 15.64 (-4.0 | +4.0)  | Volatile (daf): 26.99 (-0,7 | +1.1)  | Total sulphur (db): 0.92 (-0.3 | +0.2)  | G-index (5:1): 76.0 (-4.0 | +4.0)  | Total moisture (ar): 1.9 (-0.5 | +2.5)  | Y- index   ≤25mm"
2026-03-19,C02-2026031901,KH-26009,Хангад Эксплорэйшн ХХК,Khangad Exploration,Хангад Эксплорэйшн ХХК,Coal,Нүүрс,Баяжуулсан,Washed semi-soft coking coal,Баяжуулсан сул коксжих нүүрс,Форвард,3,650.0,690.0,CNY,тонн,17664000.0,6.15,4.0,25600.0,reported,"Үнслэг (хуурай,%) ≤ 9.5%  | Дэгдэмхий бодис   | (үнсгүй хуурай,%) > 28.0%  | Хүхэр (хуурай, %) ≤ 0.85%  | Нийт чийглэг   | (хүлээн авах үеийн  | төлөв,%) ≤ 10.0%  | G индекс  ≥65"
2026-03-18,C06-2026031801,ER-26048,Энержи Ресурс ХХК,Energy Resources,Энержи Ресурс ХХК,Coal,Нүүрс,Баяжуулсан,Washed medium-ash semi-hard coking coal,"Баяжуулсан дунд зэрэг үнстэй, хагас хатуу коксжих нүүрс",Форвард,12,350.0,405.0,CNY,тонн,7776000.0,15.71,3.0,19200.0,reported,"Үнслэг (хуурай,%) ≤ 25.0%  | Дэгдэмхий бодис   | (үнсгүй хуурай,%) >10.0%-28.0%  | Хүхэр (хуурай, %) ≤ 1.0%  | Нийт чийглэг (хүлээн  | авах үеийн төлөв,%) ≤ 10.0%  | G индекс  >20-60  | Илчлэг (ккал/кг) ≈5500"
2026-03-18,C04-2026031805,26-46 1-3 CO,Эрдэнэс Тавантолгой ХК,Erdenes Tavan Tolgoi,Эрдэнэс Тавантолгой ХК,Coal,Нүүрс,Боловсруулаагүй,1/3 coking coal,1/3 коксжих нүүрс,Форвард,2,58.6,66.1,USD,тонн,4230400.0,12.8,10.0,64000.0,reported,Ash (db): 26.0 (-3.0 | +3.0)  | Total moisture (ar): 5.0 (-2.0 | +3.0)  | Volatile (daf): >28.0-37.0  | Total sulphur (db): 1.0 (-0.3 | +0.5)  | G-Index (5:1): >65
2026-03-18,C04-2026031804,26-45 1-3 CO,Эрдэнэс Тавантолгой ХК,Erdenes Tavan Tolgoi,Эрдэнэс Тавантолгой ХК,Coal,Нүүрс,Боловсруулаагүй,1/3 coking coal,1/3 коксжих нүүрс,Форвард,5,68.3,74.8,USD,тонн,2393600.0,9.52,5.0,32000.0,reported,Ash (db): 22.0 (-3.0 | +3.0)  | Total moisture (ar): 4.0 (-1.0 | +2.0)  | Volatile (daf): >28.0-37.0  | Total sulphur (db): 1.1 (-0.5 | +0.5)  | G-Index (5:1): ≥70
2026-03-18,C04-2026031803,26-44 1-3 CO,Эрдэнэс Тавантолгой ХК,Erdenes Tavan Tolgoi,Эрдэнэс Тавантолгой ХК,Coal,Нүүрс,Боловсруулаагүй,1/3 coking coal,1/3 коксжих нүүрс,Форвард,3,95.4,95.4,USD,тонн,6105600.0,0.0,10.0,64000.0,reported,Ash (db):  ≤9.0  | Total moisture (ar): ≤8.0  | Volatile (daf): >28.0-37.0  | Total sulphur (db): ≤1.0  | G-index (5:1): ≥75.0
2026-03-18,C03-2026031802,TTOA-2026-005,Тавантолгой ХК,Tavan Tolgoi JSC,Тавантолгой ХК,Coal,Нүүрс,Боловсруулаагүй,Medium-volatile coking coal,"Дэгдэмхий бодис дунд, коксжих нүүрс",Форвард,6,115.0,124.0,USD,тонн,12697600.0,7.83,16.0,102400.0,reported,"Ash (db):  15.64 (-4.0 | +4.0)  | Volatile (daf): 26.99 (-0,7 | +1.1)  | Total sulphur (db): 0.92 (-0.3 | +0.2)  | G-index (5:1):   76.0 (-4.0 | +4.0)  | Total moisture (ar): 1.9 (-0.5 | +2.5)  | Y- index   ≤25mm"
2026-03-17,FE03-2026031701,ECM-26-55,Монголросцветмет ТӨҮГ,Mongolrostsvetmet (ex-Erdenes Critical Minerals),Монголросцветмет ТӨҮГ /Эрдэнэс критикал минералс ТӨҮГ/,Iron ore,Төмөр,Хүдэр,Iron ore Fe 52%,Fe-52% Төмрийн хүдэр,Форвард,7,65.0,70.5,USD,тонн,465300.0,8.46,2.0,6600.0,reported,H2O 0.5-1.0%  | Al2O3 1%-3%  | S 0.02%-0.05%  | SiO2 5%-10%  | Fe <52%  | TiO2 0.01 %-0.08% | P 0.01 %-0.03%
2026-03-17,C04-2026031705,26-43 1-3 CO,Эрдэнэс Тавантолгой ХК,Erdenes Tavan Tolgoi,Эрдэнэс Тавантолгой ХК,Coal,Нүүрс,Боловсруулаагүй,1/3 coking coal,1/3 коксжих нүүрс,Форвард,4,58.5,66.5,USD,тонн,2128000.0,13.68,5.0,32000.0,reported,Ash (db): 26.0 (-3.0 | +3.0)  | Total moisture (ar): 5.0 (-2.0 | +3.0)  | Volatile (daf): >28.0-37.0  | Total sulphur (db): 1.0 (-0.3 | +0.5)  | G-Index (5:1): >65
2026-03-17,C04-2026031704,26-42 1-3 CO,Эрдэнэс Тавантолгой ХК,Erdenes Tavan Tolgoi,Эрдэнэс Тавантолгой ХК,Coal,Нүүрс,Боловсруулаагүй,1/3 coking coal,1/3 коксжих нүүрс,Форвард,4,68.1,74.1,USD,тонн,4742400.0,8.81,10.0,64000.0,reported,Ash (db): 22.0 (-3.0 | +3.0)  | Total moisture (ar): 4.0 (-1.0 | +2.0)  | Volatile (daf): >28.0-37.0  | Total sulphur (db): 1.1 (-0.5 | +0.5)  | G-Index (5:1): ≥70
2026-03-17,C04-2026031703,26-41 1-3 CO,Эрдэнэс Тавантолгой ХК,Erdenes Tavan Tolgoi,Эрдэнэс Тавантолгой ХК,Coal,Нүүрс,Боловсруулаагүй,1/3 coking coal,1/3 коксжих нүүрс,Форвард,8,74.3,87.8,USD,тонн,2809600.0,18.17,5.0,32000.0,reported,Ash (db):  >14.0-19.0  | Total moisture (ar): 5.0 (-2.0 | +3.0)  | Volatile (daf):  >28.0-37.0  | Total sulphur (db): 1.0 (-0.3 | +0.5)  | G-index (5:1): >65.0
2026-03-17,C01-2026031701,ER-26047,Энержи Ресурс ХХК,Energy Resources,Энержи Ресурс ХХК,Coal,Нүүрс,Баяжуулсан,Washed coking coal,Баяжуулсан коксжих нүүрс,Форвард,5,800.0,940.0,CNY,тонн,12032000.0,17.5,2.0,12800.0,reported,"Үнслэг (хуурай,%) ≤ 11.0%  | Дэгдэмхий бодис   | (үнсгүй хуурай,%) >20.0%-28.0%  | Хүхэр (хуурай, %) ≤ 0.85%  | Нийт чийглэг   | (хүлээн авах   | үеийн төлөв,%) ≤ 10.0%  | G индекс  ≥ 75"
2026-03-16,C06-2026031601,ER-26046,Энержи Ресурс ХХК,Energy Resources,Энержи Ресурс ХХК,Coal,Нүүрс,Баяжуулсан,Washed medium-ash semi-hard coking coal,"Баяжуулсан дунд зэрэг үнстэй, хагас хатуу коксжих нүүрс",Форвард,11,350.0,395.0,CNY,тонн,7584000.0,12.86,3.0,19200.0,reported,"Үнслэг (хуурай,%) ≤ 25.0%  | Дэгдэмхий бодис   | (үнсгүй хуурай,%) >10.0%-28.0%  | Хүхэр (хуурай, %) ≤ 1.0%  | Нийт чийглэг (хүлээн  | авах үеийн төлөв,%) ≤ 10.0%  | G индекс  >20-60  | Илчлэг (ккал/кг) ≈5500"
2026-03-16,C04-2026031604,26-40 1-3 CO,Эрдэнэс Тавантолгой ХК,Erdenes Tavan Tolgoi,Эрдэнэс Тавантолгой ХК,Coal,Нүүрс,Боловсруулаагүй,1/3 coking coal,1/3 коксжих нүүрс,Форвард,3,58.5,66.0,USD,тонн,2112000.0,12.82,5.0,32000.0,reported,Ash (db): 26.0 (-3.0 | +3.0)  | Total moisture (ar): 5.0 (-2.0 | +3.0)  | Volatile (daf): >28.0-37.0  | Total sulphur (db): 1.0 (-0.3 | +0.5)  | G-Index (5:1): >65
2026-03-16,C04-2026031603,26-39 1-3 CO,Эрдэнэс Тавантолгой ХК,Erdenes Tavan Tolgoi,Эрдэнэс Тавантолгой ХК,Coal,Нүүрс,Боловсруулаагүй,1/3 coking coal,1/3 коксжих нүүрс,Форвард,5,68.1,79.1,USD,тонн,5062400.0,16.15,10.0,64000.0,reported,Ash (db): 22.0 (-3.0 | +3.0)  | Total moisture (ar): 4.0 (-1.0 | +2.0)  | Volatile (daf): >28.0-37.0  | Total sulphur (db): 1.1 (-0.5 | +0.5)  | G-Index (5:1): ≥70
2026-03-16,C04-2026031602,26-38 1-3 CO,Эрдэнэс Тавантолгой ХК,Erdenes Tavan Tolgoi,Эрдэнэс Тавантолгой ХК,Coal,Нүүрс,Боловсруулаагүй,1/3 coking coal,1/3 коксжих нүүрс,Форвард,5,74.3,87.3,USD,тонн,2793600.0,17.5,5.0,32000.0,reported,Ash (db):  >14.0-19.0  | Total moisture (ar): 5.0 (-2.0 | +3.0)  | Volatile (daf):  >28.0-37.0  | Total sulphur (db): 1.0 (-0.3 | +0.5)  | G-index (5:1): >65.0
2026-03-13,FE03-2026031301,ECM-26-54,Монголросцветмет ТӨҮГ,Mongolrostsvetmet (ex-Erdenes Critical Minerals),Монголросцветмет ТӨҮГ /Эрдэнэс критикал минералс ТӨҮГ/,Iron ore,Төмөр,Хүдэр,Iron ore Fe 52%,Fe-52% Төмрийн хүдэр,Форвард,8,65.0,69.0,USD,тонн,455400.0,6.15,2.0,6600.0,reported,H2O 0.5-1.0%  | Al2O3 1%-3%  | S 0.02%-0.05%  | SiO2 5%-10%  | Fe <52%  | TiO2 0.01 %-0.08% | P 0.01 %-0.03%
2026-03-13,C04-2026031304,26-37 1-3 CO,Эрдэнэс Тавантолгой ХК,Erdenes Tavan Tolgoi,Эрдэнэс Тавантолгой ХК,Coal,Нүүрс,Боловсруулаагүй,1/3 coking coal,1/3 коксжих нүүрс,Форвард,3,58.9,63.9,USD,тонн,2044800.0,8.49,5.0,32000.0,reported,Ash (db): 26.0 (-3.0 | +3.0)  | Total moisture (ar): 5.0 (-2.0 | +3.0)  | Volatile (daf): >28.0-37.0  | Total sulphur (db): 1.0 (-0.3 | +0.5)  | G-Index (5:1): >65
2026-03-13,C04-2026031303,26-36 1-3 CO,Эрдэнэс Тавантолгой ХК,Erdenes Tavan Tolgoi,Эрдэнэс Тавантолгой ХК,Coal,Нүүрс,Боловсруулаагүй,1/3 coking coal,1/3 коксжих нүүрс,Форвард,8,74.8,86.8,USD,тонн,5555200.0,16.04,10.0,64000.0,reported,Ash (db):  >14.0-19.0  | Total moisture (ar): 5.0 (-2.0 | +3.0)  | Volatile (daf):  >28.0-37.0  | Total sulphur (db): 1.0 (-0.3 | +0.5)  | G-index (5:1): >65.0
2026-03-13,C03-2026031302,26-06 CO,Эрдэнэс Тавантолгой ХК,Erdenes Tavan Tolgoi,Эрдэнэс Тавантолгой ХК,Coal,Нүүрс,Боловсруулаагүй,Medium-volatile coking coal,"Дэгдэмхий бодис дунд, коксжих нүүрс",Форвард,8,111.1,138.6,USD,тонн,1774080.0,24.75,2.0,12800.0,reported,Ash (db): 15.0 (-3.0 | +3.0)  | Total moisture (ar): 3.0 (-2.0 | +2.0)  | Volatile (daf): >20.0-28.0  | Total sulphur (db): 0.9 (-0.3 | +0.5)  | G-Index (5:1):  >65
2026-03-13,C01-2026031301,ER-26045,Энержи Ресурс ХХК,Energy Resources,Энержи Ресурс ХХК,Coal,Нүүрс,Баяжуулсан,Washed coking coal,Баяжуулсан коксжих нүүрс,Форвард,8,800.0,950.0,CNY,тонн,12160000.0,18.75,2.0,12800.0,reported,"Үнслэг (хуурай,%) ≤ 11.0%  | Дэгдэмхий бодис   | (үнсгүй хуурай,%) >20.0%-28.0%  | Хүхэр (хуурай, %) ≤ 0.85%  | Нийт чийглэг   | (хүлээн авах   | үеийн төлөв,%) ≤ 10.0%  | G индекс  ≥ 75"
2026-03-12,FE03-2026031201,ECM-26-53,Монголросцветмет ТӨҮГ,Mongolrostsvetmet (ex-Erdenes Critical Minerals),Монголросцветмет ТӨҮГ /Эрдэнэс критикал минералс ТӨҮГ/,Iron ore,Төмөр,Хүдэр,Iron ore Fe 52%,Fe-52% Төмрийн хүдэр,Форвард,7,65.0,69.0,USD,тонн,455400.0,6.15,2.0,6600.0,reported,H2O 0.5-1.0%  | Al2O3 1%-3%  | S 0.02%-0.05%  | SiO2 5%-10%  | Fe <52%  | TiO2 0.01%-0.08% | P 0.01%-0.03%
2026-03-12,C04-2026031203,26-35 1-3 CO,Эрдэнэс Тавантолгой ХК,Erdenes Tavan Tolgoi,Эрдэнэс Тавантолгой ХК,Coal,Нүүрс,Боловсруулаагүй,1/3 coking coal,1/3 коксжих нүүрс,Форвард,5,68.6,78.1,USD,тонн,2499200.0,13.85,5.0,32000.0,reported,Ash (db): 22.0 (-3.0 | +3.0)  | Total moisture (ar): 4.0 (-1.0 | +2.0)  | Volatile (daf): >28.0-37.0  | Total sulphur (db): 1.1 (-0.5 | +0.5)  | G-Index (5:1): ≥70
2026-03-12,C04-2026031202,26-34 1-3 CO,Эрдэнэс Тавантолгой ХК,Erdenes Tavan Tolgoi,Эрдэнэс Тавантолгой ХК,Coal,Нүүрс,Боловсруулаагүй,1/3 coking coal,1/3 коксжих нүүрс,Форвард,5,93.6,98.1,USD,тонн,6278400.0,4.81,10.0,64000.0,reported,Ash (db):  ≤9.0  | Total moisture (ar): ≤8.0  | Volatile (daf): >28.0-37.0  | Total sulphur (db): ≤1.0  | G-index (5:1): ≥75.0
2026-03-12,C02-2026031201,KH-26008,Хангад Эксплорэйшн ХХК,Khangad Exploration,Хангад Эксплорэйшн ХХК,Coal,Нүүрс,Баяжуулсан,Washed semi-soft coking coal,Баяжуулсан сул коксжих нүүрс,Форвард,1,650.0,650.0,CNY,тонн,16640000.0,0.0,4.0,25600.0,reported,"Үнслэг (хуурай,%) ≤ 9.5%  | Дэгдэмхий бодис   | (үнсгүй хуурай,%) > 28.0%  | Хүхэр (хуурай, %) ≤ 0.85%  | Нийт чийглэг   | (хүлээн авах үеийн  | төлөв,%) ≤ 10.0%  | G индекс  ≥65"
2026-03-11,FE01-2026031101,ECM-26-52,Монголросцветмет ТӨҮГ,Mongolrostsvetmet (ex-Erdenes Critical Minerals),Монголросцветмет ТӨҮГ /Эрдэнэс критикал минералс ТӨҮГ/,Iron ore,Төмөр,Баяжмал,Iron concentrate Fe 65%,Fe-65% Төмрийн баяжмал,Форвард,1,85.0,85.0,USD,тонн,1683000.0,0.0,6.0,19800.0,reported,H2O 7-10% | Al2O3 0.4%-1% | S 0.02%-0.08% | SiO2 3%-8% | Fe < 65% | TiO2 0.01%-0.08% | P 0.01%-0.03%
2026-03-11,C06-2026031101,ER-26044,Энержи Ресурс ХХК,Energy Resources,Энержи Ресурс ХХК,Coal,Нүүрс,Баяжуулсан,Washed medium-ash semi-hard coking coal,"Баяжуулсан дунд зэрэг үнстэй, хагас хатуу коксжих нүүрс",Форвард,10,350.0,400.0,CNY,тонн,7680000.0,14.29,3.0,19200.0,reported,"Үнслэг (хуурай,%) ≤ 25.0%  | Дэгдэмхий бодис   | (үнсгүй хуурай,%) >10.0%-28.0%  | Хүхэр (хуурай, %) ≤ 1.0%  | Нийт чийглэг (хүлээн  | авах үеийн төлөв,%) ≤ 10.0%  | G индекс  >20-60  | Илчлэг (ккал/кг) ≈5500"
2026-03-11,C04-2026031103,26-33 1-3 CO,Эрдэнэс Тавантолгой ХК,Erdenes Tavan Tolgoi,Эрдэнэс Тавантолгой ХК,Coal,Нүүрс,Боловсруулаагүй,1/3 coking coal,1/3 коксжих нүүрс,Форвард,9,74.8,85.3,USD,тонн,2729600.0,14.04,5.0,32000.0,reported,Ash (db):  >14.0-19.0  | Total moisture (ar): 5.0 (-2.0 | +3.0)  | Volatile (daf):  >28.0-37.0  | Total sulphur (db): 1.0 (-0.3 | +0.5)  | G-index (5:1): >65.0
2026-03-11,C04-2026031102,26-32 1-3 CO,Эрдэнэс Тавантолгой ХК,Erdenes Tavan Tolgoi,Эрдэнэс Тавантолгой ХК,Coal,Нүүрс,Боловсруулаагүй,1/3 coking coal,1/3 коксжих нүүрс,Форвард,6,93.6,98.1,USD,тонн,3139200.0,4.81,5.0,32000.0,reported,Ash (db):  ≤9.0  | Total moisture (ar): ≤8.0  | Volatile (daf): >28.0-37.0  | Total sulphur (db): ≤1.0  | G-index (5:1): ≥75.0
2026-03-10,FE03-2026031001,ECM-26-51,Монголросцветмет ТӨҮГ,Mongolrostsvetmet (ex-Erdenes Critical Minerals),Монголросцветмет ТӨҮГ /Эрдэнэс критикал минералс ТӨҮГ/,Iron ore,Төмөр,Хүдэр,Iron ore Fe 52%,Fe-52% Төмрийн хүдэр,Форвард,8,65.0,69.0,USD,тонн,455400.0,6.15,2.0,6600.0,reported,H2O 0.5-1.0%  | Al2O3 1%-3%  | S 0.02%-0.05%  | SiO2 5%-10%  | Fe <52%  | TiO2 0.01 %-0.08% | P 0.01 %-0.03%
2026-03-10,C04-2026031003,26-31 1-3 CO,Эрдэнэс Тавантолгой ХК,Erdenes Tavan Tolgoi,Эрдэнэс Тавантолгой ХК,Coal,Нүүрс,Боловсруулаагүй,1/3 coking coal,1/3 коксжих нүүрс,Форвард,4,58.9,63.9,USD,тонн,4089600.0,8.49,10.0,64000.0,reported,Ash (db): 26.0 (-3.0 | +3.0) | Total moisture (ar): 5.0 (-2.0 | +3.0) | Volatile (daf): >28.0-37.0 | Total sulphur (db): 1.0 (-0.3 | +0.5) | G-Index (5:1): >65
2026-03-10,C04-2026031002,26-30 1-3 CO,Эрдэнэс Тавантолгой ХК,Erdenes Tavan Tolgoi,Эрдэнэс Тавантолгой ХК,Coal,Нүүрс,Боловсруулаагүй,1/3 coking coal,1/3 коксжих нүүрс,Форвард,5,93.6,97.6,USD,тонн,6246400.0,4.27,10.0,64000.0,reported,Ash (db): ≤9.0 | Total moisture (ar): ≤8.0 | Volatile (daf): >28.0-37.0 | Total sulphur (db): ≤1.0 | G-index (5:1): ≥75.0
2026-03-10,C01-2026031001,ER-26043,Энержи Ресурс ХХК,Energy Resources,Энержи Ресурс ХХК,Coal,Нүүрс,Баяжуулсан,Washed coking coal,Баяжуулсан коксжих нүүрс,Форвард,7,800.0,890.0,CNY,тонн,11392000.0,11.25,2.0,12800.0,reported,"Үнслэг (хуурай,%) ≤ 11.0% | Дэгдэмхий бодис  | (үнсгүй хуурай,%) >20.0%-28.0% | Хүхэр (хуурай, %) ≤ 0.85% | Нийт чийглэг  | (хүлээн авах  | үеийн төлөв,%) ≤ 10.0% | G индекс ≥ 75"
2026-03-09,FE03-2026030901,ECM-26-50,Монголросцветмет ТӨҮГ,Mongolrostsvetmet (ex-Erdenes Critical Minerals),Монголросцветмет ТӨҮГ /Эрдэнэс критикал минералс ТӨҮГ/,Iron ore,Төмөр,Хүдэр,Iron ore Fe 52%,Fe-52% Төмрийн хүдэр,Форвард,8,65.0,68.5,USD,тонн,452100.0,5.38,2.0,6600.0,reported,H2O 0.5-1.0%  | Al2O3 1%-3%  | S 0.02%-0.05%  | SiO2 5%-10%  | Fe <52%  | TiO2 0.01 %-0.08% | P 0.01 %-0.03%
2026-03-09,C06-2026030901,ER-26042,Энержи Ресурс ХХК,Energy Resources,Энержи Ресурс ХХК,Coal,Нүүрс,Баяжуулсан,Washed medium-ash semi-hard coking coal,"Баяжуулсан дунд зэрэг үнстэй, хагас хатуу коксжих нүүрс",Форвард,11,350.0,400.0,CNY,тонн,7680000.0,14.29,3.0,19200.0,reported,"Үнслэг (хуурай,%) ≤ 25.0% | Дэгдэмхий бодис  | (үнсгүй хуурай,%) >10.0%-28.0% | Хүхэр (хуурай, %) ≤ 1.0% | Нийт чийглэг (хүлээн  | авах үеийн төлөв,%) ≤ 10.0% | G индекс >20-60 | Илчлэг (ккал/кг) ≈5500"
2026-03-09,C04-2026030903,26-29 1-3 CO,Эрдэнэс Тавантолгой ХК,Erdenes Tavan Tolgoi,Эрдэнэс Тавантолгой ХК,Coal,Нүүрс,Боловсруулаагүй,1/3 coking coal,1/3 коксжих нүүрс,Форвард,6,58.9,63.4,USD,тонн,4057600.0,7.64,10.0,64000.0,reported,Ash (db): 26.0 (-3.0 | +3.0) | Total moisture (ar): 5.0 (-2.0 | +3.0) | Volatile (daf): >28.0-37.0 | Total sulphur (db): 1.0 (-0.3 | +0.5) | G-Index (5:1): >65
2026-03-09,C04-2026030902,26-28 1-3 CO,Эрдэнэс Тавантолгой ХК,Erdenes Tavan Tolgoi,Эрдэнэс Тавантолгой ХК,Coal,Нүүрс,Боловсруулаагүй,1/3 coking coal,1/3 коксжих нүүрс,Форвард,3,93.6,96.6,USD,тонн,3091200.0,3.21,5.0,32000.0,reported,Ash (db): ≤9.0 | Total moisture (ar): ≤8.0 | Volatile (daf): >28.0-37.0 | Total sulphur (db): ≤1.0 | G-index (5:1): ≥75.0
2026-03-06,C06-2026030601,ER-26041,Энержи Ресурс ХХК,Energy Resources,Энержи Ресурс ХХК,Coal,Нүүрс,Баяжуулсан,Washed coking coal,Баяжуулсан коксжих нүүрс,Форвард,8,800.0,885.0,CNY,тонн,11328000.0,10.62,2.0,12800.0,reported,"Үнслэг (хуурай,%) ≤ 11.0% | Дэгдэмхий бодис  | (үнсгүй хуурай,%) >20.0%-28.0% | Хүхэр (хуурай, %) ≤ 0.85% | Нийт чийглэг  | (хүлээн авах  | үеийн төлөв,%) ≤ 10.0% | G индекс ≥ 75"
2026-03-06,C03-2026030602,26-05 CO,Эрдэнэс Тавантолгой ХК,Erdenes Tavan Tolgoi,Эрдэнэс Тавантолгой ХК,Coal,Нүүрс,Боловсруулаагүй,Medium-volatile coking coal,"Дэгдэмхий бодис дунд, коксжих нүүрс",Форвард,10,111.1,128.1,USD,тонн,1639680.0,15.3,2.0,12800.0,reported,Ash (db): 15.0 (-3.0 | +3.0) | Total moisture (ar): 3.0 (-2.0 | +2.0) | Volatile (daf): >20.0-28.0 | Total sulphur (db): 0.9 (-0.3 | +0.5) | G-Index (5:1): >65
2026-03-05,C04-2026030503,26-27 1-3 CO,Эрдэнэс Тавантолгой ХК,Erdenes Tavan Tolgoi,Эрдэнэс Тавантолгой ХК,Coal,Нүүрс,Боловсруулаагүй,1/3 coking coal,1/3 коксжих нүүрс,Форвард,3,58.4,61.9,USD,тонн,3961600.0,5.99,10.0,64000.0,reported,Ash (db): 26.0 (-3.0 | +3.0) | Total moisture (ar): 5.0 (-2.0 | +3.0) | Volatile (daf): >28.0-37.0 | Total sulphur (db): 1.0 (-0.3 | +0.5) | G-Index (5:1): >65
2026-03-05,C02-2026030501,KH-26007,Хангад Эксплорэйшн ХХК,Khangad Exploration,Хангад Эксплорэйшн ХХК,Coal,Нүүрс,Баяжуулсан,Washed semi-soft coking coal,Баяжуулсан сул коксжих нүүрс,Форвард,2,650.0,650.0,CNY,тонн,16640000.0,0.0,4.0,25600.0,reported,"Үнслэг (хуурай,%) ≤ 9.5% | Дэгдэмхий бодис  | (үнсгүй хуурай,%) > 28.0% | Хүхэр (хуурай, %) ≤ 0.85% | Нийт чийглэг  | (хүлээн авах үеийн  | төлөв,%) ≤ 10.0% | G индекс ≥65"
2026-03-04,C06-2026030401,ER-26040,Энержи Ресурс ХХК,Energy Resources,Энержи Ресурс ХХК,Coal,Нүүрс,Баяжуулсан,Washed medium-ash semi-hard coking coal,"Баяжуулсан дунд зэрэг үнстэй, хагас хатуу коксжих нүүрс",Форвард,10,350.0,395.0,CNY,тонн,7584000.0,12.86,3.0,19200.0,reported,"Үнслэг (хуурай,%) ≤ 25.0% | Дэгдэмхий бодис  | (үнсгүй хуурай,%) >10.0%-28.0% | Хүхэр (хуурай, %) ≤ 1.0% | Нийт чийглэг (хүлээн  | авах үеийн төлөв,%) ≤ 10.0% | G индекс >20-60 | Илчлэг (ккал/кг) ≈5500"
2026-03-04,C04-2026030403,26-26 1-3 CO,Эрдэнэс Тавантолгой ХК,Erdenes Tavan Tolgoi,Эрдэнэс Тавантолгой ХК,Coal,Нүүрс,Боловсруулаагүй,1/3 coking coal,1/3 коксжих нүүрс,Форвард,6,67.9,76.4,USD,тонн,2444800.0,12.52,5.0,32000.0,reported,Ash (db): 22.0 (-3.0 | +3.0) | Total moisture (ar): 4.0 (-1.0 | +2.0) | Volatile (daf): >28.0-37.0 | Total sulphur (db): 1.1 (-0.5 | +0.5) | G-Index (5:1): ≥70
2026-03-04,C04-2026030402,26-25 1-3 CO,Эрдэнэс Тавантолгой ХК,Erdenes Tavan Tolgoi,Эрдэнэс Тавантолгой ХК,Coal,Нүүрс,Боловсруулаагүй,1/3 coking coal,1/3 коксжих нүүрс,Форвард,4,93.8,96.3,USD,тонн,6163200.0,2.67,10.0,64000.0,reported,Ash (db): ≤9.0 | Total moisture (ar): ≤8.0 | Volatile (daf): >28.0-37.0 | Total sulphur (db): ≤1.0 | G-index (5:1): ≥75.0
2026-03-03,C06-2026030301,ER-26039,Энержи Ресурс ХХК,Energy Resources,Энержи Ресурс ХХК,Coal,Нүүрс,Баяжуулсан,Washed coking coal,Баяжуулсан коксжих нүүрс,Форвард,8,800.0,880.0,CNY,тонн,11264000.0,10.0,2.0,12800.0,reported,"Үнслэг (хуурай,%) ≤ 11.0% | Дэгдэмхий бодис  | (үнсгүй хуурай,%) >20.0%-28.0% | Хүхэр (хуурай, %) ≤ 0.85% | Нийт чийглэг  | (хүлээн авах  | үеийн төлөв,%) ≤ 10.0% | G индекс ≥ 75"
2026-03-03,C04-2026030303,26-24 1-3 CO,Эрдэнэс Тавантолгой ХК,Erdenes Tavan Tolgoi,Эрдэнэс Тавантолгой ХК,Coal,Нүүрс,Боловсруулаагүй,1/3 coking coal,1/3 коксжих нүүрс,Форвард,6,67.9,75.9,USD,тонн,4857600.0,11.78,10.0,64000.0,reported,Ash (db): 22.0 (-3.0 | +3.0) | Total moisture (ar): 4.0 (-1.0 | +2.0) | Volatile (daf): >28.0-37.0 | Total sulphur (db): 1.1 (-0.5 | +0.5) | G-Index (5:1): ≥70
2026-03-03,C04-2026030302,26-23 1-3 CO,Эрдэнэс Тавантолгой ХК,Erdenes Tavan Tolgoi,Эрдэнэс Тавантолгой ХК,Coal,Нүүрс,Боловсруулаагүй,1/3 coking coal,1/3 коксжих нүүрс,Форвард,4,93.8,96.3,USD,тонн,3081600.0,2.67,5.0,32000.0,reported,Ash (db): ≤9.0 | Total moisture (ar): ≤8.0 | Volatile (daf): >28.0-37.0 | Total sulphur (db): ≤1.0 | G-index (5:1): ≥75.0
2026-03-02,C06-2026030201,ER-26038,Энержи Ресурс ХХК,Energy Resources,Энержи Ресурс ХХК,Coal,Нүүрс,Баяжуулсан,Washed medium-ash semi-hard coking coal,"Баяжуулсан дунд зэрэг үнстэй, хагас хатуу коксжих нүүрс",Форвард,9,350.0,400.0,CNY,тонн,7680000.0,14.29,3.0,19200.0,reported,"Үнслэг (хуурай,%) ≤ 25.0% | Дэгдэмхий бодис  | (үнсгүй хуурай,%) >10.0%-28.0% | Хүхэр (хуурай, %) ≤ 1.0% | Нийт чийглэг (хүлээн  | авах үеийн төлөв,%) ≤ 10.0% | G индекс >20-60 | Илчлэг (ккал/кг) ≈5500"
2026-03-02,C04-2026030204,26-22 1-3 CO,Эрдэнэс Тавантолгой ХК,Erdenes Tavan Tolgoi,Эрдэнэс Тавантолгой ХК,Coal,Нүүрс,Боловсруулаагүй,1/3 coking coal,1/3 коксжих нүүрс,Форвард,6,67.9,75.9,USD,тонн,2428800.0,11.78,5.0,32000.0,reported,Ash (db): 22.0 (-3.0 | +3.0) | Total moisture (ar): 4.0 (-1.0 | +2.0) | Volatile (daf): >28.0-37.0 | Total sulphur (db): 1.1 (-0.5 | +0.5) | G-Index (5:1): ≥70
2026-03-02,C04-2026030203,26-21 1-3 CO,Эрдэнэс Тавантолгой ХК,Erdenes Tavan Tolgoi,Эрдэнэс Тавантолгой ХК,Coal,Нүүрс,Боловсруулаагүй,1/3 coking coal,1/3 коксжих нүүрс,Форвард,8,74.1,84.6,USD,тонн,5414400.0,14.17,10.0,64000.0,reported,Ash (db): >14.0-19.0 | Total moisture (ar): 5.0 (-2.0 | +3.0) | Volatile (daf): >28.0-37.0 | Total sulphur (db): 1.0 (-0.3 | +0.5) | G-index (5:1): >65.0
2026-02-27,FE03-2026022702,ECM-26-49,Монголросцветмет ТӨҮГ,Mongolrostsvetmet (ex-Erdenes Critical Minerals),Монголросцветмет ТӨҮГ /Эрдэнэс критикал минералс ТӨҮГ/,Iron ore,Төмөр,Хүдэр,Iron ore Fe 52%,Fe-52% Төмрийн хүдэр,Форвард,5,65.0,68.5,USD,тонн,452100.0,5.38,2.0,6600.0,reported,H2O 0.5-1.0%  | Al2O3 1%-3%  | S 0.02%-0.05%  | SiO2 5%-10%  | Fe <52%  | TiO2 0.01 %-0.08% | P 0.01 %-0.03%
2026-02-27,FE03-2026022701,ECM-26-48,Монголросцветмет ТӨҮГ,Mongolrostsvetmet (ex-Erdenes Critical Minerals),Монголросцветмет ТӨҮГ /Эрдэнэс критикал минералс ТӨҮГ/,Iron ore,Төмөр,Хүдэр,Iron ore Fe 52%,Fe-52% Төмрийн хүдэр,Форвард,7,65.0,70.0,USD,тонн,462000.0,7.69,2.0,6600.0,reported,H2O 0.5-1.0%  | Al2O3 1%-3%  | S 0.02%-0.05%  | SiO2 5%-10%  | Fe <52%  | TiO2 0.01 %-0.08% | P 0.01 %-0.03%
2026-02-27,C06-2026022701,ER-26037,Энержи Ресурс ХХК,Energy Resources,Энержи Ресурс ХХК,Coal,Нүүрс,Баяжуулсан,Washed medium-ash semi-hard coking coal,"Баяжуулсан дунд зэрэг үнстэй, хагас хатуу коксжих нүүрс",Форвард,11,350.0,400.0,CNY,тонн,7680000.0,14.29,3.0,19200.0,reported,"Үнслэг (хуурай,%) ≤ 25.0% | Дэгдэмхий бодис  | (үнсгүй хуурай,%) >10.0%-28.0% | Хүхэр (хуурай, %) ≤ 1.0% | Нийт чийглэг (хүлээн  | авах үеийн төлөв,%) ≤ 10.0% | G индекс >20-60 | Илчлэг (ккал/кг) ≈5500"
2026-02-27,C04-2026022705,26-20 1-3 CO,Эрдэнэс Тавантолгой ХК,Erdenes Tavan Tolgoi,Эрдэнэс Тавантолгой ХК,Coal,Нүүрс,Боловсруулаагүй,1/3 coking coal,1/3 коксжих нүүрс,Форвард,3,93.8,96.8,USD,тонн,3097600.0,3.2,5.0,32000.0,reported,Ash (db): ≤9.0 | Total moisture (ar): ≤8.0 | Volatile (daf): >28.0-37.0 | Total sulphur (db): ≤1.0 | G-index (5:1): ≥75.0
2026-02-27,C04-2026022704,26-19 1-3 CO,Эрдэнэс Тавантолгой ХК,Erdenes Tavan Tolgoi,Эрдэнэс Тавантолгой ХК,Coal,Нүүрс,Боловсруулаагүй,1/3 coking coal,1/3 коксжих нүүрс,Форвард,2,58.4,58.4,USD,тонн,3737600.0,0.0,10.0,64000.0,reported,Ash (db): 26.0 (-3.0 | +3.0) | Total moisture (ar): 5.0 (-2.0 | +3.0) | Volatile (daf): >28.0-37.0 | Total sulphur (db): 1.0 (-0.3 | +0.5) | G-Index (5:1): >65
2026-02-27,C04-2026022703,26-18 1-3 CO,Эрдэнэс Тавантолгой ХК,Erdenes Tavan Tolgoi,Эрдэнэс Тавантолгой ХК,Coal,Нүүрс,Боловсруулаагүй,1/3 coking coal,1/3 коксжих нүүрс,Форвард,3,67.9,73.4,USD,тонн,4697600.0,8.1,10.0,64000.0,reported,Ash (db): 22.0 (-3.0 | +3.0) | Total moisture (ar): 4.0 (-1.0 | +2.0) | Volatile (daf): >28.0-37.0 | Total sulphur (db): 1.1 (-0.5 | +0.5) | G-Index (5:1): ≥70
2026-02-27,C03-2026022702,26-04 CO,Эрдэнэс Тавантолгой ХК,Erdenes Tavan Tolgoi,Эрдэнэс Тавантолгой ХК,Coal,Нүүрс,Боловсруулаагүй,Medium-volatile coking coal,"Дэгдэмхий бодис дунд, коксжих нүүрс",Форвард,7,111.1,121.6,USD,тонн,1556480.0,9.45,2.0,12800.0,reported,Ash (db): 15.0 (-3.0 | +3.0) | Total moisture (ar): 3.0 (-2.0 | +2.0) | Volatile (daf): >20.0-28.0 | Total sulphur (db): 0.9 (-0.3 | +0.5) | G-Index (5:1): >65
2026-02-26,FE03-2026022602,ECM-26-47,Монголросцветмет ТӨҮГ,Mongolrostsvetmet (ex-Erdenes Critical Minerals),Монголросцветмет ТӨҮГ /Эрдэнэс критикал минералс ТӨҮГ/,Iron ore,Төмөр,Хүдэр,Iron ore Fe 52%,Fe-52% Төмрийн хүдэр,Форвард,8,65.0,70.0,USD,тонн,462000.0,7.69,2.0,6600.0,reported,H2O 0.5-1.0%  | Al2O3 1%-3%  | S 0.02%-0.05%  | SiO2 5%-10%  | Fe <52%  | TiO2 0.01 %-0.08% | P 0.01 %-0.03%
2026-02-26,FE03-2026022601,ECM-26-46,Монголросцветмет ТӨҮГ,Mongolrostsvetmet (ex-Erdenes Critical Minerals),Монголросцветмет ТӨҮГ /Эрдэнэс критикал минералс ТӨҮГ/,Iron ore,Төмөр,Хүдэр,Iron ore Fe 52%,Fe-52% Төмрийн хүдэр,Форвард,9,65.0,69.5,USD,тонн,458700.0,6.92,2.0,6600.0,reported,H2O 0.5-1.0%  | Al2O3 1%-3%  | S 0.02%-0.05%  | SiO2 5%-10%  | Fe <52%  | TiO2 0.01 %-0.08% | P 0.01 %-0.03%
2026-02-26,C07-2026022602,26-03 GC,Эрдэнэс Тавантолгой ХК,Erdenes Tavan Tolgoi,Эрдэнэс Тавантолгой ХК,Coal,Нүүрс,Боловсруулаагүй,Дэгдэмхий бодис дундаас их хийн нүүрс,Дэгдэмхий бодис дундаас их хийн нүүрс,Форвард,1,60.0,60.0,USD,тонн,3840000.0,0.0,10.0,64000.0,reported,Ash (db): 22.0 (-3.0 | +3.0) | Total moisture (ar): 5.0 (-2.0 | +3.0) | Volatile (daf): >28.0-37.0 | Total sulphur (db): 1.0 (-0.3 | +0.5) | G-Index (5:1): >50-65.0
2026-02-26,C04-2026022603,26-17 1-3 CO,Эрдэнэс Тавантолгой ХК,Erdenes Tavan Tolgoi,Эрдэнэс Тавантолгой ХК,Coal,Нүүрс,Боловсруулаагүй,1/3 coking coal,1/3 коксжих нүүрс,Форвард,4,58.4,62.4,USD,тонн,1996800.0,6.85,5.0,32000.0,reported,Ash (db): 26.0 (-3.0 | +3.0) | Total moisture (ar): 5.0 (-2.0 | +3.0) | Volatile (daf): >28.0-37.0 | Total sulphur (db): 1.0 (-0.3 | +0.5) | G-Index (5:1): >65
2026-02-26,C04-2026022601,26-16 1-3 CO,Эрдэнэс Тавантолгой ХК,Erdenes Tavan Tolgoi,Эрдэнэс Тавантолгой ХК,Coal,Нүүрс,Боловсруулаагүй,1/3 coking coal,1/3 коксжих нүүрс,Форвард,4,58.4,61.4,USD,тонн,3929600.0,5.14,10.0,64000.0,reported,Ash (db): 26.0 (-3.0 | +3.0) | Total moisture (ar): 5.0 (-2.0 | +3.0) | Volatile (daf): >28.0-37.0 | Total sulphur (db): 1.0 (-0.3 | +0.5) | G-Index (5:1): >65
2026-02-25,FE03-2026022502,ECM-26-45,Монголросцветмет ТӨҮГ,Mongolrostsvetmet (ex-Erdenes Critical Minerals),Монголросцветмет ТӨҮГ /Эрдэнэс критикал минералс ТӨҮГ/,Iron ore,Төмөр,Хүдэр,Iron ore Fe 52%,Fe-52% Төмрийн хүдэр,Форвард,7,65.0,69.0,USD,тонн,455400.0,6.15,2.0,6600.0,reported,H2O 0.5-1.0%  | Al2O3 1%-3%  | S 0.02%-0.05%  | SiO2 5%-10%  | Fe <52%  | TiO2 0.01 %-0.08% | P 0.01 %-0.03%
2026-02-25,FE03-2026022501,ECM-26-44,Монголросцветмет ТӨҮГ,Mongolrostsvetmet (ex-Erdenes Critical Minerals),Монголросцветмет ТӨҮГ /Эрдэнэс критикал минералс ТӨҮГ/,Iron ore,Төмөр,Хүдэр,Iron ore Fe 52%,Fe-52% Төмрийн хүдэр,Форвард,8,65.0,68.5,USD,тонн,452100.0,5.38,2.0,6600.0,reported,H2O 0.5-1.0%  | Al2O3 1%-3%  | S 0.02%-0.05%  | SiO2 5%-10%  | Fe <52%  | TiO2 0.01 %-0.08% | P 0.01 %-0.03%
2026-02-25,CU01-2026012901,2026-02,Эрдэнэт Үйлдвэр ТӨҮГ,Erdenet Mining Corporation,Эрдэнэт Үйлдвэр ТӨҮГ,Copper,Зэс,Баяжмал,Copper concentrate (22.35% Cu),22.35%-ийн зэсийн агуулгатай баяжмал,Форвард,3,3077.3,3112.3,USD,тонн,22557950.0,1.14,8.0,7248.0,reported,Зэс /Cu/ 22.35% | Мөнгө /Ag/ 78 гр/тн | Хүнцэл /As/ <0.3% | Чийглэг /moisture/ 9.4% | Молибден /Мо/ <0.15% | Төмөр /Fe/ <30% | Цайр /Zn/ <0.7% | Хар тугалга /Pb/ <1.4% | Хүхэр /S/ <37% | Алт /Au/ <0.3 гр/тн | Хөнгөн цагаан /Al/ <2.0%
2026-02-25,C01-2026022501,ER-26036,Энержи Ресурс ХХК,Energy Resources,Энержи Ресурс ХХК,Coal,Нүүрс,Баяжуулсан,Washed coking coal,Баяжуулсан коксжих нүүрс,Форвард,6,800.0,865.0,CNY,тонн,11072000.0,8.12,2.0,12800.0,reported,"Үнслэг (хуурай,%) ≤ 11.0% | Дэгдэмхий бодис  | (үнсгүй хуурай,%) >20.0%-28.0% | Хүхэр (хуурай, %) ≤ 0.85% | Нийт чийглэг  | (хүлээн авах  | үеийн төлөв,%) ≤ 10.0% | G индекс ≥ 75"
2026-02-24,FE03-2026022402,ECM-26-43,Монголросцветмет ТӨҮГ,Mongolrostsvetmet (ex-Erdenes Critical Minerals),Монголросцветмет ТӨҮГ /Эрдэнэс критикал минералс ТӨҮГ/,Iron ore,Төмөр,Хүдэр,Iron ore Fe 52%,Fe-52% Төмрийн хүдэр,Форвард,6,65.0,69.0,USD,тонн,455400.0,6.15,2.0,6600.0,reported,H2O 0.5-1.0%  | Al2O3 1%-3%  | S 0.02%-0.05%  | SiO2 5%-10%  | Fe <52%  | TiO2 0.01 %-0.08% | P 0.01 %-0.03%
2026-02-24,FE03-2026022401,ECM-26-42,Монголросцветмет ТӨҮГ,Mongolrostsvetmet (ex-Erdenes Critical Minerals),Монголросцветмет ТӨҮГ /Эрдэнэс критикал минералс ТӨҮГ/,Iron ore,Төмөр,Хүдэр,Iron ore Fe 52%,Fe-52% Төмрийн хүдэр,Форвард,8,65.0,68.5,USD,тонн,452100.0,5.38,2.0,6600.0,reported,H2O 0.5-1.0%  | Al2O3 1%-3%  | S 0.02%-0.05%  | SiO2 5%-10%  | Fe <52%  | TiO2 0.01 %-0.08% | P 0.01 %-0.03%
2026-02-23,C06-2026022301,ER-26035,Энержи Ресурс ХХК,Energy Resources,Энержи Ресурс ХХК,Coal,Нүүрс,Баяжуулсан,Washed medium-ash semi-hard coking coal,"Баяжуулсан дунд зэрэг үнстэй, хагас хатуу коксжих нүүрс",Форвард,6,350.0,400.0,CNY,тонн,7680000.0,14.29,3.0,19200.0,reported,"Үнслэг (хуурай,%) ≤ 25.0% | Дэгдэмхий бодис  | (үнсгүй хуурай,%) >10.0%-28.0% | Хүхэр (хуурай, %) ≤ 1.0% | Нийт чийглэг (хүлээн  | авах үеийн төлөв,%) ≤ 10.0% | G индекс >20-60 | Илчлэг (ккал/кг) ≈5500"
2026-02-16,C04-2026021603,26-15 1-3 CO,Эрдэнэс Тавантолгой ХК,Erdenes Tavan Tolgoi,Эрдэнэс Тавантолгой ХК,Coal,Нүүрс,Боловсруулаагүй,1/3 coking coal,1/3 коксжих нүүрс,Форвард,7,70.4,82.4,USD,тонн,5273600.0,17.05,10.0,64000.0,reported,Ash (db): >14.0-19.0 | Total moisture (ar): 5.0 (-2.0 | +3.0) | Volatile (daf): >28.0-37.0 | Total sulphur (db): 1.0 (-0.3 | +0.5) | G-index (5:1): >65.0
2026-02-16,C04-2026021602,26-14 1-3 CO,Эрдэнэс Тавантолгой ХК,Erdenes Tavan Tolgoi,Эрдэнэс Тавантолгой ХК,Coal,Нүүрс,Боловсруулаагүй,1/3 coking coal,1/3 коксжих нүүрс,Форвард,4,93.7,98.7,USD,тонн,3158400.0,5.34,5.0,32000.0,reported,Ash (db): ≤9.0 | Total moisture (ar): ≤8.0 | Volatile (daf): >28.0-37.0 | Total sulphur (db): ≤1.0 | G-index (5:1): ≥75.0
2026-02-16,C01-2026021601,ER-26034,Энержи Ресурс ХХК,Energy Resources,Энержи Ресурс ХХК,Coal,Нүүрс,Баяжуулсан,Washed coking coal,Баяжуулсан коксжих нүүрс,Форвард,8,800.0,875.0,CNY,тонн,11200000.0,9.38,2.0,12800.0,reported,"Үнслэг (хуурай,%) ≤ 11.0% | Дэгдэмхий бодис  | (үнсгүй хуурай,%) >20.0%-28.0% | Хүхэр (хуурай, %) ≤ 0.85% | Нийт чийглэг  | (хүлээн авах  | үеийн төлөв,%) ≤ 10.0% | G индекс ≥ 75"
2026-02-13,C04-2026021303,26-13 1-3 CO,Эрдэнэс Тавантолгой ХК,Erdenes Tavan Tolgoi,Эрдэнэс Тавантолгой ХК,Coal,Нүүрс,Боловсруулаагүй,1/3 coking coal,1/3 коксжих нүүрс,Форвард,7,70.4,81.4,USD,тонн,2604800.0,15.62,5.0,32000.0,reported,Ash (db): >14.0-19.0 | Total moisture (ar): 5.0 (-2.0 | +3.0) | Volatile (daf): >28.0-37.0 | Total sulphur (db): 1.0 (-0.3 | +0.5) | G-index (5:1): >65.0
2026-02-13,C04-2026021302,26-12 1-3 CO,Эрдэнэс Тавантолгой ХК,Erdenes Tavan Tolgoi,Эрдэнэс Тавантолгой ХК,Coal,Нүүрс,Боловсруулаагүй,1/3 coking coal,1/3 коксжих нүүрс,Форвард,3,93.7,96.7,USD,тонн,6188800.0,3.2,10.0,64000.0,reported,Ash (db): ≤9.0 | Total moisture (ar): ≤8.0 | Volatile (daf): >28.0-37.0 | Total sulphur (db): ≤1.0 | G-index (5:1): ≥75.0
2026-02-13,C01-2026021301,ER-26033,Энержи Ресурс ХХК,Energy Resources,Энержи Ресурс ХХК,Coal,Нүүрс,Баяжуулсан,Washed coking coal,Баяжуулсан коксжих нүүрс,Форвард,9,800.0,880.0,CNY,тонн,11264000.0,10.0,2.0,12800.0,reported,"Үнслэг (хуурай,%) ≤ 11.0% | Дэгдэмхий бодис  | (үнсгүй хуурай,%) >20.0%-28.0% | Хүхэр (хуурай, %) ≤ 0.85% | Нийт чийглэг  | (хүлээн авах  | үеийн төлөв,%) ≤ 10.0% | G индекс ≥ 75"
2026-02-11,C04-2026021103,26-11 1-3 CO,Эрдэнэс Тавантолгой ХК,Erdenes Tavan Tolgoi,Эрдэнэс Тавантолгой ХК,Coal,Нүүрс,Боловсруулаагүй,1/3 coking coal,1/3 коксжих нүүрс,Форвард,3,89.6,96.1,USD,тонн,6150400.0,7.25,10.0,64000.0,reported,Ash (db): ≤9.0 | Total moisture (ar): ≤5.0 | Volatile (daf): >28.0-37.0 | Total sulphur (db): ≤1.0 | G-index (5:1): ≥75.0
2026-02-11,C04-2026021102,26-10 1-3 CO,Эрдэнэс Тавантолгой ХК,Erdenes Tavan Tolgoi,Эрдэнэс Тавантолгой ХК,Coal,Нүүрс,Боловсруулаагүй,1/3 coking coal,1/3 коксжих нүүрс,Форвард,4,89.6,95.1,USD,тонн,6086400.0,6.14,10.0,64000.0,reported,Ash (db): ≤9.0 | Total moisture (ar): ≤5.0 | Volatile (daf): >28.0-37.0 | Total sulphur (db): ≤1.0 | G-index (5:1): ≥75.0
2026-02-11,C01-2026021101,ER-26032,Энержи Ресурс ХХК,Energy Resources,Энержи Ресурс ХХК,Coal,Нүүрс,Баяжуулсан,Washed coking coal,Баяжуулсан коксжих нүүрс,Форвард,8,800.0,885.0,CNY,тонн,11328000.0,10.62,2.0,12800.0,reported,"Үнслэг (хуурай,%) ≤ 11.0% | Дэгдэмхий бодис  | (үнсгүй хуурай,%) >20.0%-28.0% | Хүхэр (хуурай, %) ≤ 0.85% | Нийт чийглэг  | (хүлээн авах  | үеийн төлөв,%) ≤ 10.0% | G индекс ≥ 75"
2026-02-10,C06-2026021001,ER-26031,Энержи Ресурс ХХК,Energy Resources,Энержи Ресурс ХХК,Coal,Нүүрс,Баяжуулсан,Washed medium-ash semi-hard coking coal,"Баяжуулсан дунд зэрэг үнстэй, хагас хатуу коксжих нүүрс",Форвард,11,350.0,395.0,CNY,тонн,7584000.0,12.86,3.0,19200.0,reported,"Үнслэг (хуурай,%) ≤ 25.0% | Дэгдэмхий бодис  | (үнсгүй хуурай,%) >10.0%-28.0% | Хүхэр (хуурай, %) ≤ 1.0% | Нийт чийглэг (хүлээн  | авах үеийн төлөв,%) ≤ 10.0% | G индекс >20-60 | Илчлэг (ккал/кг) ≈5500"
2026-02-10,C04-2026021002,TTOA-2026-002,Тавантолгой ХК,Tavan Tolgoi JSC,Тавантолгой ХК,Coal,Нүүрс,Боловсруулаагүй,1/3 coking coal,1/3 коксжих нүүрс,Форвард,7,80.0,110.5,USD,тонн,45260800.0,38.12,64.0,409600.0,reported,Ash (db): 18.9 (-4.0 | +6.0) | Volatile (daf): 28.8 (-0.7 | +2.0) | Total sulphur (db): 0.9 (-0.3 | +0.2) | G-index (5:1): 70.0 (-4.0 | +5.0) | Total moisture (ar): 1.9 (-0.5 | +2.5) | Y- index ≤25mm
2026-02-09,C02-2026020901,KH-26004,Хангад Эксплорэйшн ХХК,Khangad Exploration,Хангад Эксплорэйшн ХХК,Coal,Нүүрс,Баяжуулсан,Washed semi-soft coking coal,Баяжуулсан сул коксжих нүүрс,Форвард,2,700.0,700.0,CNY,тонн,17920000.0,0.0,4.0,25600.0,reported,"Үнслэг (хуурай,%) ≤ 9.5% | Дэгдэмхий бодис  | (үнсгүй хуурай,%) > 28.0% | Хүхэр (хуурай, %) ≤ 0.85% | Нийт чийглэг  | (хүлээн авах үеийн | төлөв,%) ≤ 10.0% | G индекс ≥65"
2026-02-06,C02-2026020601,KH-26003,Хангад Эксплорэйшн ХХК,Khangad Exploration,Хангад Эксплорэйшн ХХК,Coal,Нүүрс,Баяжуулсан,Washed semi-soft coking coal,Баяжуулсан сул коксжих нүүрс,Форвард,1,700.0,700.0,CNY,тонн,17920000.0,0.0,4.0,25600.0,reported,"Үнслэг (хуурай,%) ≤ 9.5% | Дэгдэмхий бодис  | (үнсгүй хуурай,%) > 28.0% | Хүхэр (хуурай, %) ≤ 0.85% | Нийт чийглэг  | (хүлээн авах үеийн  | төлөв,%) ≤ 10.0% | G индекс ≥65"
2026-02-05,С04-2026020503,26-09 1-3 CO,Эрдэнэс Тавантолгой ХК,Erdenes Tavan Tolgoi,Эрдэнэс Тавантолгой ХК,Coal,Нүүрс,Боловсруулаагүй,1/3 coking coal,1/3 коксжих нүүрс,Форвард,5,90.4,96.9,USD,тонн,6201600.0,7.19,10.0,64000.0,reported,Ash (db): ≤9.0 | Total moisture (ar): ≤5.0 | Volatile (daf): >28.0-37.0 | Total sulphur (db): ≤1.0 | G-index (5:1): ≥75.0
2026-02-05,FE03-2026020502,ECM-26-41,Монголросцветмет ТӨҮГ,Mongolrostsvetmet (ex-Erdenes Critical Minerals),Монголросцветмет ТӨҮГ /Эрдэнэс критикал минералс ТӨҮГ/,Iron ore,Төмөр,Хүдэр,Iron ore Fe 52%,Fe-52% Төмрийн хүдэр,Форвард,7,65.0,69.0,USD,тонн,455400.0,6.15,2.0,6600.0,reported,H2O 0.5-1.0%  | Al2O3 1%-3%  | S 0.02%-0.05%  | SiO2 5%-10%  | Fe <52%  | TiO2 0.01 %-0.08% | P 0.01 %-0.03%
2026-02-05,FE03-2026020501,ECM-26-40,Монголросцветмет ТӨҮГ,Mongolrostsvetmet (ex-Erdenes Critical Minerals),Монголросцветмет ТӨҮГ /Эрдэнэс критикал минералс ТӨҮГ/,Iron ore,Төмөр,Хүдэр,Iron ore Fe 52%,Fe-52% Төмрийн хүдэр,Форвард,8,65.0,68.5,USD,тонн,452100.0,5.38,2.0,6600.0,reported,H2O 0.5-1.0%  | Al2O3 1%-3%  | S 0.02%-0.05%  | SiO2 5%-10%  | Fe <52%  | TiO2 0.01 %-0.08% | P 0.01 %-0.03%
2026-02-05,C04-2026020502,26-08 1-3 CO,Эрдэнэс Тавантолгой ХК,Erdenes Tavan Tolgoi,Эрдэнэс Тавантолгой ХК,Coal,Нүүрс,Боловсруулаагүй,1/3 coking coal,1/3 коксжих нүүрс,Форвард,5,90.4,94.9,USD,тонн,6073600.0,4.98,10.0,64000.0,reported,Ash (db): ≤9.0 | Total moisture (ar): ≤5.0 | Volatile (daf): >28.0-37.0 | Total sulphur (db): ≤1.0 | G-index (5:1): ≥75.0
2026-02-05,C01-2026020501,ER-26030,Энержи Ресурс ХХК,Energy Resources,Энержи Ресурс ХХК,Coal,Нүүрс,Баяжуулсан,Washed coking coal,Баяжуулсан коксжих нүүрс,Форвард,7,800.0,880.0,CNY,тонн,11264000.0,10.0,2.0,12800.0,reported,"Үнслэг (хуурай,%) ≤ 11.0% | Дэгдэмхий бодис | (үнсгүй хуурай,%) >20.0%-28.0% | Хүхэр (хуурай, %) ≤ 0.85% | Нийт чийглэг | (хүлээн авах | үеийн төлөв,%)≤ 10.0% | G индекс ≥ 75"
2026-02-04,FE03-2026020402,ECM-26-39,Монголросцветмет ТӨҮГ,Mongolrostsvetmet (ex-Erdenes Critical Minerals),Монголросцветмет ТӨҮГ /Эрдэнэс критикал минералс ТӨҮГ/,Iron ore,Төмөр,Хүдэр,Iron ore Fe 52%,Fe-52% Төмрийн хүдэр,Форвард,8,65.0,70.0,USD,тонн,462000.0,7.69,2.0,6600.0,reported,H2O 0.5-1.0%  | Al2O3 1%-3%  | S 0.02%-0.05%  | SiO2 5%-10%  | Fe <52%  | TiO2 0.01 %-0.08% | P 0.01 %-0.03%
2026-02-04,FE03-2026020401,ECM-26-38,Монголросцветмет ТӨҮГ,Mongolrostsvetmet (ex-Erdenes Critical Minerals),Монголросцветмет ТӨҮГ /Эрдэнэс критикал минералс ТӨҮГ/,Iron ore,Төмөр,Хүдэр,Iron ore Fe 52%,Fe-52% Төмрийн хүдэр,Форвард,8,65.0,70.0,USD,тонн,462000.0,7.69,2.0,6600.0,reported,H2O 0.5-1.0%  | Al2O3 1%-3%  | S 0.02%-0.05%  | SiO2 5%-10%  | Fe <52%  | TiO2 0.01 %-0.08% | P 0.01 %-0.03%
2026-02-04,C07-2026020204,26-01 GC,Эрдэнэс Тавантолгой ХК,Erdenes Tavan Tolgoi,Эрдэнэс Тавантолгой ХК,Coal,Нүүрс,Боловсруулаагүй,Дэгдэмхий бодис дундаас их хийн нүүрс,Дэгдэмхий бодис дундаас их хийн нүүрс,Форвард,1,56.2,56.2,USD,тонн,7193600.0,0.0,20.0,128000.0,reported,Ash (db): 22.0 (-3.0 | +3.0) | Total moisture (ar): 5.0 (-2.0 | +3.0) | Volatile (daf): >28.0-37.0 | Total sulphur (db): 1.0 (-0.3 | +0.5) | G-Index (5:1): >50-65.0
2026-02-04,C06-2026020402,ER-26029,Энержи Ресурс ХХК,Energy Resources,Энержи Ресурс ХХК,Coal,Нүүрс,Баяжуулсан,Washed medium-ash semi-hard coking coal,"Баяжуулсан дунд зэрэг үнстэй, хагас хатуу коксжих нүүрс",Форвард,10,350.0,370.0,CNY,тонн,7104000.0,5.71,3.0,19200.0,reported,"Үнслэг (хуурай,%) ≤ 25.0% | Дэгдэмхий бодис  | (үнсгүй хуурай,%) >10.0%-28.0% | Хүхэр (хуурай, %) ≤ 1.0% | Нийт чийглэг (хүлээн  | авах үеийн төлөв,%) ≤ 10.0% | G индекс >20-60 | Илчлэг (ккал/кг) ≈5500"
2026-02-04,C04-2026020401,26-07 1-3 CO,Эрдэнэс Тавантолгой ХК,Erdenes Tavan Tolgoi,Эрдэнэс Тавантолгой ХК,Coal,Нүүрс,Боловсруулаагүй,1/3 coking coal,1/3 коксжих нүүрс,Форвард,4,54.7,62.2,USD,тонн,1990400.0,13.71,5.0,32000.0,reported,Ash (db): 26.0 (-3.0 | +3.0) | Total moisture (ar): 5.0 (-2.0 | +3.0) | Volatile (daf): >28.0-37.0 | Total sulphur (db): 1.0 (-0.3 | +0.5) | G-Index (5:1): >65
2026-02-04,C01-2026020401,ER-26028,Энержи Ресурс ХХК,Energy Resources,Энержи Ресурс ХХК,Coal,Нүүрс,Баяжуулсан,Washed coking coal,Баяжуулсан коксжих нүүрс,Форвард,9,800.0,895.0,CNY,тонн,11456000.0,11.88,2.0,12800.0,reported,"Үнслэг (хуурай,%) ≤ 11.0% | Дэгдэмхий бодис  | (үнсгүй хуурай,%) >20.0%-28.0% | Хүхэр (хуурай, %) ≤ 0.85% | Нийт чийглэг  | (хүлээн авах  | үеийн төлөв,%) ≤ 10.0% | G индекс ≥ 75"
2026-02-03,FE03-2026020302,ECM-26-37,Монголросцветмет ТӨҮГ,Mongolrostsvetmet (ex-Erdenes Critical Minerals),Монголросцветмет ТӨҮГ /Эрдэнэс критикал минералс ТӨҮГ/,Iron ore,Төмөр,Хүдэр,Iron ore Fe 52%,Fe-52% Төмрийн хүдэр,Форвард,6,65.0,68.5,USD,тонн,452100.0,5.38,2.0,6600.0,reported,H2O 0.5-1.0%  | Al2O3 1%-3%  | S 0.02%-0.05%  | SiO2 5%-10%  | Fe <52%  | TiO2 0.01 %-0.08% | P 0.01 %-0.03%
2026-02-03,FE03-2026020301,ECM-26-36,Монголросцветмет ТӨҮГ,Mongolrostsvetmet (ex-Erdenes Critical Minerals),Монголросцветмет ТӨҮГ /Эрдэнэс критикал минералс ТӨҮГ/,Iron ore,Төмөр,Хүдэр,Iron ore Fe 52%,Fe-52% Төмрийн хүдэр,Форвард,5,65.0,68.0,USD,тонн,448800.0,4.62,2.0,6600.0,reported,H2O 0.5-1.0%  | Al2O3 1%-3%  | S 0.02%-0.05%  | SiO2 5%-10%  | Fe <52%  | TiO2 0.01 %-0.08% | P 0.01 %-0.03%
2026-02-03,C06-2026020301,ER-26027,Энержи Ресурс ХХК,Energy Resources,Энержи Ресурс ХХК,Coal,Нүүрс,Баяжуулсан,Washed medium-ash semi-hard coking coal,"Баяжуулсан дунд зэрэг үнстэй, хагас хатуу коксжих нүүрс",Форвард,11,350.0,365.0,CNY,тонн,7008000.0,4.29,3.0,19200.0,reported,"Үнслэг (хуурай,%) ≤ 25.0% | Дэгдэмхий бодис  | (үнсгүй хуурай,%) >10.0%-28.0% | Хүхэр (хуурай, %) ≤ 1.0% | Нийт чийглэг (хүлээн  | авах үеийн төлөв,%) ≤ 10.0% | G индекс >20-60 | Илчлэг (ккал/кг) ≈5500"
2026-02-03,C05-2026020303,26-01 TC,Эрдэнэс Тавантолгой ХК,Erdenes Tavan Tolgoi,Эрдэнэс Тавантолгой ХК,Coal,Нүүрс,Боловсруулаагүй,"Thermal coal (bituminous, non-caking)","Эрчим хүчний нүүрс /Битумт, үл барьцалдах нүүрс/",Форвард,1,33.9,33.9,USD,тонн,2169600.0,0.0,10.0,64000.0,reported,Total moisture (ar): ≤15.0  | Volatile (daf) >20.0-37.0 | Total sulphur (db): 1.3 (-0.3 | +0.5) | Calorific value (ar) : 5000 (-500 | +500) | G-Index (5:1): ≤5
2026-02-03,C04-2026020301,26-06 1-3 CO,Эрдэнэс Тавантолгой ХК,Erdenes Tavan Tolgoi,Эрдэнэс Тавантолгой ХК,Coal,Нүүрс,Боловсруулаагүй,1/3 coking coal,1/3 коксжих нүүрс,Форвард,2,54.7,59.7,USD,тонн,1910400.0,9.14,5.0,32000.0,reported,Ash (db): 26.0 (-3.0 | +3.0) | Total moisture (ar): 5.0 (-2.0 | +3.0) | Volatile (daf): >28.0-37.0 | Total sulphur (db): 1.0 (-0.3 | +0.5) | G-Index (5:1): >65
2026-02-02,FE03-2026020202,ECM-26-35,Монголросцветмет ТӨҮГ,Mongolrostsvetmet (ex-Erdenes Critical Minerals),Монголросцветмет ТӨҮГ /Эрдэнэс критикал минералс ТӨҮГ/,Iron ore,Төмөр,Хүдэр,Iron ore Fe 52%,Fe-52% Төмрийн хүдэр,Форвард,3,65.0,66.0,USD,тонн,435600.0,1.54,2.0,6600.0,reported,H2O 0.5-1.0%  | Al2O3 1%-3%  | S 0.02%-0.05%  | SiO2 5%-10%  | Fe <52%  | TiO2 0.01 %-0.08% | P 0.01 %-0.03%
2026-02-02,FE03-2026020201,ECM-26-34,Монголросцветмет ТӨҮГ,Mongolrostsvetmet (ex-Erdenes Critical Minerals),Монголросцветмет ТӨҮГ /Эрдэнэс критикал минералс ТӨҮГ/,Iron ore,Төмөр,Хүдэр,Iron ore Fe 52%,Fe-52% Төмрийн хүдэр,Форвард,3,65.0,66.0,USD,тонн,435600.0,1.54,2.0,6600.0,reported,H2O 0.5-1.0%  | Al2O3 1%-3%  | S 0.02%-0.05%  | SiO2 5%-10%  | Fe <52%  | TiO2 0.01 %-0.08% | P 0.01 %-0.03%
2026-02-02,C07-2026020202,26-02 GC,Эрдэнэс Тавантолгой ХК,Erdenes Tavan Tolgoi,Эрдэнэс Тавантолгой ХК,Coal,Нүүрс,Боловсруулаагүй,Дэгдэмхий бодис дундаас их хийн нүүрс,Дэгдэмхий бодис дундаас их хийн нүүрс,Форвард,1,59.8,59.8,USD,тонн,3827200.0,0.0,10.0,64000.0,reported,Ash (db): 22.0 (-3.0 | +3.0) | Total moisture (ar): 5.0 (-2.0 | +3.0) | Volatile (daf): >28.0-37.0 | Total sulphur (db): 1.0 (-0.3 | +0.5) | G-Index (5:1): >50-65.0
2026-02-02,C05-2026020201,26-02 TC,Эрдэнэс Тавантолгой ХК,Erdenes Tavan Tolgoi,Эрдэнэс Тавантолгой ХК,Coal,Нүүрс,Боловсруулаагүй,"Thermal coal (bituminous, non-caking)","Эрчим хүчний нүүрс /Битумт, үл барьцалдах нүүрс/",Форвард,1,33.9,33.9,USD,тонн,2169600.0,0.0,10.0,64000.0,reported,Total moisture (ar): ≤15.0  | Volatile (daf) >20.0-37.0 | Total sulphur (db): 1.3 (-0.3 | +0.5) | Calorific value (ar) : 5000 (-500 | +500) | G-Index (5:1): ≤5
2026-02-02,C01-2026020201,ER-26026,Энержи Ресурс ХХК,Energy Resources,Энержи Ресурс ХХК,Coal,Нүүрс,Баяжуулсан,Washed coking coal,Баяжуулсан коксжих нүүрс,Форвард,8,800.0,880.0,CNY,тонн,11264000.0,10.0,2.0,12800.0,reported,"Үнслэг (хуурай,%) ≤ 11.0% | Дэгдэмхий бодис  | (үнсгүй хуурай,%) >20.0%-28.0% | Хүхэр (хуурай, %) ≤ 0.85% | Нийт чийглэг  | (хүлээн авах  | үеийн төлөв,%) ≤ 10.0% | G индекс ≥ 75"
2026-01-30,FE03-2026013002,ECM-26-33,Монголросцветмет ТӨҮГ,Mongolrostsvetmet (ex-Erdenes Critical Minerals),Монголросцветмет ТӨҮГ /Эрдэнэс критикал минералс ТӨҮГ/,Iron ore,Төмөр,Хүдэр,Iron ore Fe 52%,Fe-52% Төмрийн хүдэр,Форвард,4,65.0,68.0,USD,тонн,448800.0,4.62,2.0,6600.0,reported,H2O 0.5-1.0%  | Al2O3 1%-3%  | S 0.02%-0.05%  | SiO2 5%-10%  | Fe <52%  | TiO2 0.01 %-0.08% | P 0.01 %-0.03%
2026-01-30,FE03-2026013001,ECM-26-32,Монголросцветмет ТӨҮГ,Mongolrostsvetmet (ex-Erdenes Critical Minerals),Монголросцветмет ТӨҮГ /Эрдэнэс критикал минералс ТӨҮГ/,Iron ore,Төмөр,Хүдэр,Iron ore Fe 52%,Fe-52% Төмрийн хүдэр,Форвард,5,65.0,68.5,USD,тонн,452100.0,5.38,2.0,6600.0,reported,H2O 0.5-1.0%  | Al2O3 1%-3%  | S 0.02%-0.05%  | SiO2 5%-10%  | Fe <52%  | TiO2 0.01 %-0.08% | P 0.01 %-0.03%
2026-01-30,C06-2026013002,ER-26025,Энержи Ресурс ХХК,Energy Resources,Энержи Ресурс ХХК,Coal,Нүүрс,Баяжуулсан,Washed medium-ash semi-hard coking coal,"Баяжуулсан дунд зэрэг үнстэй, хагас хатуу коксжих нүүрс",Форвард,9,350.0,365.0,CNY,тонн,7008000.0,4.29,3.0,19200.0,reported,"Үнслэг (хуурай,%) ≤ 25.0% | Дэгдэмхий бодис  | (үнсгүй хуурай,%) >10.0%-28.0% | Хүхэр (хуурай, %) ≤ 1.0% | Нийт чийглэг (хүлээн  | авах үеийн төлөв,%) ≤ 10.0% | G индекс >20-60 | Илчлэг (ккал/кг) ≈5500"
2026-01-29,FE03-2026012901,ECM-26-31,Монголросцветмет ТӨҮГ,Mongolrostsvetmet (ex-Erdenes Critical Minerals),Монголросцветмет ТӨҮГ /Эрдэнэс критикал минералс ТӨҮГ/,Iron ore,Төмөр,Хүдэр,Iron ore Fe 52%,Fe-52% Төмрийн хүдэр,Форвард,6,65.0,69.0,USD,тонн,455400.0,6.15,2.0,6600.0,reported,H2O 0.5-1.0%  | Al2O3 1%-3%  | S 0.02%-0.05%  | SiO2 5%-10%  | Fe <52%  | TiO2 0.01 %-0.08% | P 0.01 %-0.03%
2026-01-29,CU01-2026012901,2026-01,Эрдэнэт Үйлдвэр ТӨҮГ,Erdenet Mining Corporation,Эрдэнэт Үйлдвэр ТӨҮГ,Copper,Зэс,Баяжмал,Copper concentrate (22.35% Cu),22.35%-ийн зэсийн агуулгатай баяжмал,Форвард,1,3080.89,3085.89,USD,тонн,22366531.0,0.16,8.0,7248.0,reported,Зэс /Cu/ 22.35% | Мөнгө /Ag/ 78 гр/тн | Хүнцэл /As/ <0.3% | Чийглэг /moisture/ 9.4% | Молибден /Мо/ <0.15% | Төмөр /Fe/ <30% | Цайр /Zn/ <0.7% | Хар тугалга /Pb/ <1.4% | Хүхэр /S/ <37% | Алт /Au/ <0.3 гр/тн | Хөнгөн цагаан /Al/ <2.0%
2026-01-29,C01-2026012901,ER-26024,Энержи Ресурс ХХК,Energy Resources,Энержи Ресурс ХХК,Coal,Нүүрс,Баяжуулсан,Washed coking coal,Баяжуулсан коксжих нүүрс,Форвард,8,800.0,870.0,CNY,тонн,11136000.0,8.75,2.0,12800.0,reported,"Үнслэг (хуурай,%) ≤ 11.0% | Дэгдэмхий бодис  | (үнсгүй хуурай,%) >20.0%-28.0% | Хүхэр (хуурай, %) ≤ 0.85% | Нийт чийглэг  | (хүлээн авах  | үеийн төлөв,%) ≤ 10.0% | G индекс ≥ 75"
2026-01-28,FE03-2026012802,ECM-26-30,Монголросцветмет ТӨҮГ,Mongolrostsvetmet (ex-Erdenes Critical Minerals),Монголросцветмет ТӨҮГ /Эрдэнэс критикал минералс ТӨҮГ/,Iron ore,Төмөр,Хүдэр,Iron ore Fe 52%,Fe-52% Төмрийн хүдэр,Форвард,6,65.0,69.5,USD,тонн,458700.0,6.92,2.0,6600.0,reported,H2O 0.5-1.0%  | Al2O3 1%-3%  | S 0.02%-0.05%  | SiO2 5%-10%  | Fe <52%  | TiO2 0.01 %-0.08%  | P 0.01 %-0.03%
2026-01-28,FE03-2026012801,ECM-26-29,Монголросцветмет ТӨҮГ,Mongolrostsvetmet (ex-Erdenes Critical Minerals),Монголросцветмет ТӨҮГ /Эрдэнэс критикал минералс ТӨҮГ/,Iron ore,Төмөр,Хүдэр,Iron ore Fe 52%,Fe-52% Төмрийн хүдэр,Форвард,5,65.0,68.5,USD,тонн,452100.0,5.38,2.0,6600.0,reported,H2O 0.5-1.0%  | Al2O3 1%-3%  | S 0.02%-0.05%  | SiO2 5%-10%  | Fe <52%  | TiO2 0.01 %-0.08% | P 0.01 %-0.03%
2026-01-28,C06-2026012802,ER-26023,Энержи Ресурс ХХК,Energy Resources,Энержи Ресурс ХХК,Coal,Нүүрс,Баяжуулсан,Washed medium-ash semi-hard coking coal,"Баяжуулсан дунд зэрэг үнстэй, хагас хатуу коксжих нүүрс",Форвард,8,350.0,360.0,CNY,тонн,6912000.0,2.86,3.0,19200.0,reported,"Үнслэг (хуурай,%) ≤ 25.0% | Дэгдэмхий бодис  | (үнсгүй хуурай,%) >10.0%-28.0% | Хүхэр (хуурай, %) ≤ 1.0% | Нийт чийглэг (хүлээн  | авах үеийн төлөв,%) ≤ 10.0% | G индекс >20-60 | Илчлэг (ккал/кг) ≈5500"
2026-01-28,C01-2026012801,ER-26022,Энержи Ресурс ХХК,Energy Resources,Энержи Ресурс ХХК,Coal,Нүүрс,Баяжуулсан,Washed coking coal,Баяжуулсан коксжих нүүрс,Форвард,6,800.0,860.0,CNY,тонн,11008000.0,7.5,2.0,12800.0,reported,"Үнслэг (хуурай,%) ≤ 11.0% | Дэгдэмхий бодис  | (үнсгүй хуурай,%) >20.0%-28.0% | Хүхэр (хуурай, %) ≤ 0.85% | Нийт чийглэг  | (хүлээн авах  | үеийн төлөв,%) ≤ 10.0% | G индекс ≥ 75"
2026-01-27,FE03-2026012701,ECM-26-28,Монголросцветмет ТӨҮГ,Mongolrostsvetmet (ex-Erdenes Critical Minerals),Монголросцветмет ТӨҮГ /Эрдэнэс критикал минералс ТӨҮГ/,Iron ore,Төмөр,Хүдэр,Iron ore Fe 52%,Fe-52% Төмрийн хүдэр,Форвард,6,65.0,69.5,USD,тонн,458700.0,6.92,2.0,6600.0,reported,H2O 0.5-1.0%  | Al2O3 1%-3%  | S 0.02%-0.05%  | SiO2 5%-10%  | Fe <52%  | TiO2 0.01 %-0.08%  | P 0.01 %-0.03%
2026-01-27,C08-2026012704,3-2026,Андын Илч ХХК,Андын Илч ХХК,Андын Илч ХХК,Coal,Нүүрс,Боловсруулаагүй,Чийг багатай хүрэн нүүрс,Чийг багатай хүрэн нүүрс,Форвард,1,140.0,140.0,CNY,тонн,1792000.0,0.0,2.0,12800.0,reported,"Хүхэр (хуурай, %) >1,77% (+1% | -1%) | Илчлэг (ккал/кг) >3500-4000 | Нийт чийглэг (хүлээн  | авах үеийн төлөв,%) ≤30,0 | Үнслэг (хуурай,%) >16,7% (+2% | -2%) | Дэгдэмхий бодис  | (үнсгүй хуурай,%)>37,0"
2026-01-27,C08-2026012703,2-2026,Андын Илч ХХК,Андын Илч ХХК,Андын Илч ХХК,Coal,Нүүрс,Боловсруулаагүй,Чийг багатай хүрэн нүүрс,Чийг багатай хүрэн нүүрс,Форвард,1,140.0,140.0,CNY,тонн,1792000.0,0.0,2.0,12800.0,reported,"Хүхэр (хуурай, %) >1,77% (-1% | +1%) | Илчлэг (ккал/кг) >3500-4000 | Нийт чийглэг (хүлээн  | авах үеийн төлөв,%)≤30,0  | Үнслэг (хуурай,%) >16,7% (+2% | -2%) | Дэгдэмхий бодис  | (үнсгүй хуурай,%)>37,0"
2026-01-27,C08-2026012702,1-2026,Андын Илч ХХК,Андын Илч ХХК,Андын Илч ХХК,Coal,Нүүрс,Боловсруулаагүй,Чийг багатай хүрэн нүүрс,Чийг багатай хүрэн нүүрс,Форвард,1,140.0,140.0,CNY,тонн,7168000.0,0.0,8.0,51200.0,reported,"Хүхэр (хуурай, %) >1,77% (+1% | 1%) | Илчлэг (ккал/кг) >3500-4000 | Нийт чийглэг (хүлээн  | авах үеийн төлөв,%) ≤30,0 | Үнслэг (хуурай,%) >16,7% (+2 | -2%) | Дэгдэмхий бодис  | (үнсгүй хуурай,%)>37,0"
2026-01-27,C06-2026012701,ER-26021,Энержи Ресурс ХХК,Energy Resources,Энержи Ресурс ХХК,Coal,Нүүрс,Баяжуулсан,Washed medium-ash semi-hard coking coal,"Баяжуулсан дунд зэрэг үнстэй, хагас хатуу коксжих нүүрс",Форвард,5,350.0,355.0,CNY,тонн,6816000.0,1.43,3.0,19200.0,reported,"Үнслэг (хуурай,%) ≤ 25.0% | Дэгдэмхий бодис  | (үнсгүй хуурай,%) >10.0%-28.0% | Хүхэр (хуурай, %) ≤ 1.0% | Нийт чийглэг (хүлээн  | авах үеийн төлөв,%) ≤ 10.0% | G индекс >20-60 | Илчлэг (ккал/кг) ≈5500"
2026-01-26,FE03-2026012602,ECM-26-27,Монголросцветмет ТӨҮГ,Mongolrostsvetmet (ex-Erdenes Critical Minerals),Монголросцветмет ТӨҮГ /Эрдэнэс критикал минералс ТӨҮГ/,Iron ore,Төмөр,Хүдэр,Iron ore Fe 52%,Fe-52% Төмрийн хүдэр,Форвард,4,65.0,68.0,USD,тонн,448800.0,4.62,2.0,6600.0,reported,H2O 0.5-1.0%  | A12O3 1%-3%  | S 0.02%-0.05%  | SiO2 5%-10%  | Fe <52%  | TiO2 0.01 %-0.08%  | P 0.01 %-0.03%
2026-01-26,FE03-2026012601,ECM-26-26,Монголросцветмет ТӨҮГ,Mongolrostsvetmet (ex-Erdenes Critical Minerals),Монголросцветмет ТӨҮГ /Эрдэнэс критикал минералс ТӨҮГ/,Iron ore,Төмөр,Хүдэр,Iron ore Fe 52%,Fe-52% Төмрийн хүдэр,Форвард,4,65.0,68.0,USD,тонн,448800.0,4.62,2.0,6600.0,reported,H2O 0.5-1.0%  | Al2O3 1%-3%  | S 0.02%-0.05%  | SiO2 5%-10%  | Fe <52%  | TiO2 0.01 %-0.08%  | P 0.01 %-0.03%
2026-01-26,C01-2026012601,ER-26020,Энержи Ресурс ХХК,Energy Resources,Энержи Ресурс ХХК,Coal,Нүүрс,Баяжуулсан,Washed coking coal,Баяжуулсан коксжих нүүрс,Форвард,7,800.0,860.0,CNY,тонн,11008000.0,7.5,2.0,12800.0,reported,"Үнслэг (хуурай,%) ≤ 11.0% | Дэгдэмхий бодис  | (үнсгүй хуурай,%) >20.0%-28.0% | Хүхэр (хуурай, %) ≤ 0.85% | Нийт чийглэг  | (хүлээн авах  | үеийн төлөв,%) ≤ 10.0% | G индекс ≥ 75"
2026-01-23,FE02-2026012305,DMP-2616,Дарханы Төмөрлөгийн Үйлдвэр ХХК,Дарханы Төмөрлөгийн Үйлдвэр ХХК,Дарханы Төмөрлөгийн Үйлдвэр ХХК,Iron ore,Төмөр,Баяжмал,Fe-58% Төмрийн баяжмал,Fe-58% Төмрийн баяжмал,Форвард,3,58.0,58.5,USD,тонн,3474900.0,0.86,18.0,59400.0,reported,"FE 58% (дундаж) | S 3.5% (дундаж) | H2O 2.5% (дундаж) | AL2O3 1.0% (дундаж) | SIO2 6.0% (дундаж) | TIO2 0.1% (дундаж) | P 0.02% (дундаж) | Ширхэглэл 0-10mm (нунтаг),  | 10-40mm (бүхэл)"
2026-01-23,FE02-2026012304,DMP-2615,Дарханы Төмөрлөгийн Үйлдвэр ХХК,Дарханы Төмөрлөгийн Үйлдвэр ХХК,Дарханы Төмөрлөгийн Үйлдвэр ХХК,Iron ore,Төмөр,Баяжмал,Fe-58% Төмрийн баяжмал,Fe-58% Төмрийн баяжмал,Форвард,2,58.0,58.0,USD,тонн,3445200.0,0.0,18.0,59400.0,reported,"FE 58% (дундаж) | S 3.5% (дундаж) | H2O 2.5% (дундаж) | AL2O3 1.0% (дундаж) | SIO2 6.0% (дундаж) | TIO2 0.1% (дундаж) | P 0.02% (дундаж) | Ширхэглэл 0-10mm (нунтаг),  | 10-40mm (бүхэл)"
2026-01-23,FE02-2026012303,DMP-2614,Дарханы Төмөрлөгийн Үйлдвэр ХХК,Дарханы Төмөрлөгийн Үйлдвэр ХХК,Дарханы Төмөрлөгийн Үйлдвэр ХХК,Iron ore,Төмөр,Баяжмал,Fe-58% Төмрийн баяжмал,Fe-58% Төмрийн баяжмал,Форвард,2,58.0,58.0,USD,тонн,3445200.0,0.0,18.0,59400.0,reported,"FE 58% (дундаж) | S 3.5% (дундаж) | H2O 2.5% (дундаж) | AL2O3 1.0% (дундаж) | SIO2 6.0% (дундаж) | TIO2 0.1% (дундаж) | P 0.02% (дундаж) | Ширхэглэл 0-10mm (нунтаг),  | 10-40mm (бүхэл)"
2026-01-23,C06-2026012301,ER-26019,Энержи Ресурс ХХК,Energy Resources,Энержи Ресурс ХХК,Coal,Нүүрс,Баяжуулсан,Washed medium-ash semi-hard coking coal,"Баяжуулсан дунд зэрэг үнстэй, хагас хатуу коксжих нүүрс",Форвард,7,350.0,355.0,CNY,тонн,6816000.0,1.43,3.0,19200.0,reported,"Үнслэг (хуурай,%) ≤ 25.0% | Дэгдэмхий бодис  | (үнсгүй хуурай,%) >10.0%-28.0% | Хүхэр (хуурай, %) ≤ 1.0% | Нийт чийглэг (хүлээн  | авах үеийн төлөв,%) ≤ 10.0% | G индекс >20-60 | Илчлэг (ккал/кг) ≈5500"
2026-01-23,C03-2026012302,26-01 CO,Эрдэнэс Тавантолгой ХК,Erdenes Tavan Tolgoi,Эрдэнэс Тавантолгой ХК,Coal,Нүүрс,Боловсруулаагүй,Medium-volatile coking coal,"Дэгдэмхий бодис дунд, коксжих нүүрс",Форвард,11,111.3,125.8,USD,тонн,8051200.0,13.03,10.0,64000.0,reported,Ash (db): 15.0 (-3.0 | +3.0) | Total moisture (ar): 3.0 (-1.5 | +1.5) | Volatile (daf): ≤28.0 | Total sulphur (db): 1.0 (-0.3 | +0.5) | G-Index (5:1): ≥70
2026-01-22,FE02-2026012205,DMP-2613,Дарханы Төмөрлөгийн Үйлдвэр ХХК,Дарханы Төмөрлөгийн Үйлдвэр ХХК,Дарханы Төмөрлөгийн Үйлдвэр ХХК,Iron ore,Төмөр,Баяжмал,Fe-58% Төмрийн баяжмал,Fe-58% Төмрийн баяжмал,Форвард,4,58.0,58.5,USD,тонн,3474900.0,0.86,18.0,59400.0,reported,"FE 58% (дундаж) | S 3.5% (дундаж) | H2O 2.5% (дундаж) | AL2O3 1.0% (дундаж) | SIO2 6.0% (дундаж) | TIO2 0.1% (дундаж) | P 0.02% (дундаж) | Ширхэглэл 0-10mm (нунтаг),  | 10-40mm (бүхэл)"
2026-01-22,FE02-2026012204,DMP-2612,Дарханы Төмөрлөгийн Үйлдвэр ХХК,Дарханы Төмөрлөгийн Үйлдвэр ХХК,Дарханы Төмөрлөгийн Үйлдвэр ХХК,Iron ore,Төмөр,Баяжмал,Fe-58% Төмрийн баяжмал,Fe-58% Төмрийн баяжмал,Форвард,4,58.0,58.0,USD,тонн,3445200.0,0.0,18.0,59400.0,reported,"FE 58% (дундаж) | S 3.5% (дундаж) | H2O 2.5% (дундаж) | AL2O3 1.0% (дундаж) | SIO2 6.0% (дундаж) | TIO2 0.1% (дундаж) | P 0.02% (дундаж) | Ширхэглэл 0-10mm (нунтаг),  | 10-40mm (бүхэл)"
2026-01-22,FE02-2026012203,DMP-2611,Дарханы Төмөрлөгийн Үйлдвэр ХХК,Дарханы Төмөрлөгийн Үйлдвэр ХХК,Дарханы Төмөрлөгийн Үйлдвэр ХХК,Iron ore,Төмөр,Баяжмал,Fe-58% Төмрийн баяжмал,Fe-58% Төмрийн баяжмал,Форвард,4,58.0,58.0,USD,тонн,3445200.0,0.0,18.0,59400.0,reported,"FE 58% (дундаж) | S 3.5% (дундаж) | H2O 2.5% (дундаж) | AL2O3 1.0% (дундаж) | SIO2 6.0% (дундаж) | TIO2 0.1% (дундаж) | P 0.02% (дундаж) | Ширхэглэл 0-10mm (нунтаг),  | 10-40mm (бүхэл)"
2026-01-22,FE02-2026012202,DMP-2610,Дарханы Төмөрлөгийн Үйлдвэр ХХК,Дарханы Төмөрлөгийн Үйлдвэр ХХК,Дарханы Төмөрлөгийн Үйлдвэр ХХК,Iron ore,Төмөр,Баяжмал,Fe-58% Төмрийн баяжмал,Fe-58% Төмрийн баяжмал,Форвард,4,58.0,58.0,USD,тонн,3445200.0,0.0,18.0,59400.0,reported,"FE 58% (дундаж) | S 3.5% (дундаж) | H2O 2.5% (дундаж) | AL2O3 1.0% (дундаж) | SIO2 6.0% (дундаж) | TIO2 0.1% (дундаж) | P 0.02% (дундаж) | Ширхэглэл 0-10mm (нунтаг),  | 10-40mm (бүхэл)"
2026-01-22,C04-2026012203,26-04 1-3 CO,Эрдэнэс Тавантолгой ХК,Erdenes Tavan Tolgoi,Эрдэнэс Тавантолгой ХК,Coal,Нүүрс,Боловсруулаагүй,1/3 coking coal,1/3 коксжих нүүрс,Форвард,1,68.4,68.4,USD,тонн,4377600.0,0.0,10.0,64000.0,reported,Ash (db): 24.0 (-3.0 | +3.0) | Total moisture (ar): 5.0 (-2.0 | +3.0) | Volatile (daf): ≤37.0 | Total sulphur (db): 1.0 (-0.3 | +0.5) | G-Index (5:1): ≥65
2026-01-22,C03-2026012202,26-03 CO,Эрдэнэс Тавантолгой ХК,Erdenes Tavan Tolgoi,Эрдэнэс Тавантолгой ХК,Coal,Нүүрс,Боловсруулаагүй,Medium-volatile coking coal,"Дэгдэмхий бодис дунд, коксжих нүүрс",Форвард,7,111.3,124.3,USD,тонн,15910400.0,11.68,20.0,128000.0,reported,Ash (db): 15.0 (-3.0 | +3.0) | Total moisture (ar): 3.0 (-1.5 | +1.5) | Volatile (daf): ≤28.0 | Total sulphur (db): 1.0 (-0.3 | +0.5) | G-Index (5:1): ≥70
2026-01-22,C01-2026012201,ER-26018,Энержи Ресурс ХХК,Energy Resources,Энержи Ресурс ХХК,Coal,Нүүрс,Баяжуулсан,Washed coking coal,Баяжуулсан коксжих нүүрс,Форвард,4,800.0,800.0,CNY,тонн,10240000.0,0.0,2.0,12800.0,reported,"Үнслэг (хуурай,%) ≤ 11.0% | Дэгдэмхий бодис  | (үнсгүй хуурай,%) >20.0%-28.0% | Хүхэр (хуурай, %) ≤ 0.85% | Нийт чийглэг  | (хүлээн авах  | үеийн төлөв,%) ≤ 10.0% | G индекс ≥ 75"
2026-01-21,FE02-2026012106,DMP-2609,Дарханы Төмөрлөгийн Үйлдвэр ХХК,Дарханы Төмөрлөгийн Үйлдвэр ХХК,Дарханы Төмөрлөгийн Үйлдвэр ХХК,Iron ore,Төмөр,Баяжмал,Fe-58% Төмрийн баяжмал,Fe-58% Төмрийн баяжмал,Форвард,2,58.0,58.0,USD,тонн,3445200.0,0.0,18.0,59400.0,reported,"FE 58% (дундаж) | S 3.5% (дундаж) | H2O 2.5% (дундаж) | AL2O3 1.0% (дундаж) | SIO2 6.0% (дундаж) | TIO2 0.1% (дундаж) | P 0.02% (дундаж) | Ширхэглэл 0-10mm (нунтаг),  | 10-40mm (бүхэл)"
2026-01-21,FE02-2026012105,DMP-2608,Дарханы Төмөрлөгийн Үйлдвэр ХХК,Дарханы Төмөрлөгийн Үйлдвэр ХХК,Дарханы Төмөрлөгийн Үйлдвэр ХХК,Iron ore,Төмөр,Баяжмал,Fe-58% Төмрийн баяжмал,Fe-58% Төмрийн баяжмал,Форвард,4,58.0,58.0,USD,тонн,3445200.0,0.0,18.0,59400.0,reported,"FE 58% (дундаж) | S 3.5% (дундаж) | H2O 2.5% (дундаж) | AL2O3 1.0% (дундаж) | SIO2 6.0% (дундаж) | TIO2 0.1% (дундаж) | P 0.02% (дундаж) | Ширхэглэл 0-10mm (нунтаг),  | 10-40mm (бүхэл)"
2026-01-21,FE02-2026012104,DMP-2607,Дарханы Төмөрлөгийн Үйлдвэр ХХК,Дарханы Төмөрлөгийн Үйлдвэр ХХК,Дарханы Төмөрлөгийн Үйлдвэр ХХК,Iron ore,Төмөр,Баяжмал,Fe-58% Төмрийн баяжмал,Fe-58% Төмрийн баяжмал,Форвард,3,58.0,58.0,USD,тонн,3445200.0,0.0,18.0,59400.0,reported,"FE 58% (дундаж) | S 3.5% (дундаж) | H2O 2.5% (дундаж) | AL2O3 1.0% (дундаж) | SIO2 6.0% (дундаж) | TIO2 0.1% (дундаж) | P 0.02% (дундаж) | Ширхэглэл 0-10mm (нунтаг),  | 10-40mm (бүхэл)"
2026-01-21,FE02-2026012103,DMP-2606,Дарханы Төмөрлөгийн Үйлдвэр ХХК,Дарханы Төмөрлөгийн Үйлдвэр ХХК,Дарханы Төмөрлөгийн Үйлдвэр ХХК,Iron ore,Төмөр,Баяжмал,Fe-58% Төмрийн баяжмал,Fe-58% Төмрийн баяжмал,Форвард,4,58.0,58.5,USD,тонн,3474900.0,0.86,18.0,59400.0,reported,"FE 58% (дундаж) | S 3.5% (дундаж) | H2O 2.5% (дундаж) | AL2O3 1.0% (дундаж) | SIO2 6.0% (дундаж) | TIO2 0.1% (дундаж) | P 0.02% (дундаж) | Ширхэглэл 0-10mm (нунтаг),  | 10-40mm (бүхэл)"
2026-01-21,C06-2026012102,ER-26017,Энержи Ресурс ХХК,Energy Resources,Энержи Ресурс ХХК,Coal,Нүүрс,Баяжуулсан,Washed medium-ash semi-hard coking coal,"Баяжуулсан дунд зэрэг үнстэй, хагас хатуу коксжих нүүрс",Форвард,3,350.0,355.0,CNY,тонн,6816000.0,1.43,3.0,19200.0,reported,"Үнслэг (хуурай,%) ≤ 25.0% | Дэгдэмхий бодис  | (үнсгүй хуурай,%) >10.0%-28.0% | Хүхэр (хуурай, %) ≤ 1.0% | Нийт чийглэг (хүлээн  | авах үеийн төлөв,%) ≤ 10.0% | G индекс >20-60 | Илчлэг (ккал/кг) ≈5500"
2026-01-21,C03-2026012103,26-02 CO,Эрдэнэс Тавантолгой ХК,Erdenes Tavan Tolgoi,Эрдэнэс Тавантолгой ХК,Coal,Нүүрс,Боловсруулаагүй,Medium-volatile coking coal,"Дэгдэмхий бодис дунд, коксжих нүүрс",Форвард,10,111.3,126.3,USD,тонн,8083200.0,13.48,10.0,64000.0,reported,Ash (db): 13.5 (-3.0 | +3.0) | Total moisture (ar): 3.0 (-1.5 | +1.5) | Volatile (daf): ≤28.0 | Total sulphur (db): 1.0 (-0.3 | +0.5) | G-Index (5:1): 75 (-5.0 | +5.0)
2026-01-20,C06-2026012001,ER-26016,Энержи Ресурс ХХК,Energy Resources,Энержи Ресурс ХХК,Coal,Нүүрс,Баяжуулсан,Washed medium-ash semi-hard coking coal,"Баяжуулсан дунд зэрэг үнстэй, хагас хатуу коксжих нүүрс",Форвард,4,350.0,360.0,CNY,тонн,6912000.0,2.86,3.0,19200.0,reported,"Үнслэг (хуурай,%) ≤ 25.0% | Дэгдэмхий бодис  | (үнсгүй хуурай,%) >10.0%-28.0% | Хүхэр (хуурай, %) ≤ 1.0% | Нийт чийглэг (хүлээн  | авах үеийн төлөв,%) ≤ 10.0% | G индекс >20-60 | Илчлэг (ккал/кг) ≈5500"
2026-01-19,FE02-2026011904,DMP-2605,Дарханы Төмөрлөгийн Үйлдвэр ХХК,Дарханы Төмөрлөгийн Үйлдвэр ХХК,Дарханы Төмөрлөгийн Үйлдвэр ХХК,Iron ore,Төмөр,Баяжмал,Fe-58% Төмрийн баяжмал,Fe-58% Төмрийн баяжмал,Форвард,2,58.0,58.0,USD,тонн,3445200.0,0.0,18.0,59400.0,reported,"FE 58% (дундаж) | S 3.5% (дундаж) | H2O 2.5% (дундаж) | AL2O3 1.0% (дундаж) | SIO2 6.0% (дундаж) | TIO2 0.1% (дундаж) | P 0.02% (дундаж) | Ширхэглэл 0-10mm (нунтаг),  | 10-40mm (бүхэл)"
2026-01-19,FE02-2026011903,DMP-2604,Дарханы Төмөрлөгийн Үйлдвэр ХХК,Дарханы Төмөрлөгийн Үйлдвэр ХХК,Дарханы Төмөрлөгийн Үйлдвэр ХХК,Iron ore,Төмөр,Баяжмал,Fe-58% Төмрийн баяжмал,Fe-58% Төмрийн баяжмал,Форвард,3,58.0,58.5,USD,тонн,3474900.0,0.86,18.0,59400.0,reported,"FE 58% (дундаж) | S 3.5% (дундаж) | H2O 2.5% (дундаж) | AL2O3 1.0% (дундаж) | SIO2 6.0% (дундаж) | TIO2 0.1% (дундаж) | P 0.02% (дундаж) | Ширхэглэл 0-10mm (нунтаг),  | 10-40mm (бүхэл)"
2026-01-19,C01-2026011901,ER-26015,Энержи Ресурс ХХК,Energy Resources,Энержи Ресурс ХХК,Coal,Нүүрс,Баяжуулсан,Washed coking coal,Баяжуулсан коксжих нүүрс,Форвард,3,800.0,875.0,CNY,тонн,11200000.0,9.38,2.0,12800.0,reported,"Үнслэг (хуурай,%) ≤ 11.0% | Дэгдэмхий бодис  | (үнсгүй хуурай,%) >20.0%-28.0% | Хүхэр (хуурай, %) ≤ 0.85% | Нийт чийглэг  | (хүлээн авах  | үеийн төлөв,%) ≤ 10.0% | G индекс ≥ 75"
2026-01-16,FE03-2026011602,ECM-26-17,Монголросцветмет ТӨҮГ,Mongolrostsvetmet (ex-Erdenes Critical Minerals),Монголросцветмет ТӨҮГ /Эрдэнэс критикал минералс ТӨҮГ/,Iron ore,Төмөр,Хүдэр,Iron ore Fe 52%,Fe-52% Төмрийн хүдэр,Форвард,1,70.0,70.0,USD,тонн,462000.0,0.0,2.0,6600.0,reported,H2O 0.5-1.0% | Al2O3 1%-3% | S 0.02%-0.05% | SiO2 5%-10% | Fe < 52% | TiO2 0.01%-0.08% | P 0.01%-0.03%
2026-01-16,FE03-2026011601,ECM-26-16,Монголросцветмет ТӨҮГ,Mongolrostsvetmet (ex-Erdenes Critical Minerals),Монголросцветмет ТӨҮГ /Эрдэнэс критикал минералс ТӨҮГ/,Iron ore,Төмөр,Хүдэр,Iron ore Fe 52%,Fe-52% Төмрийн хүдэр,Форвард,1,70.0,70.0,USD,тонн,462000.0,0.0,2.0,6600.0,reported,H2O 0.5-1.0% | Al2O3 1%-3% | S 0.02%-0.05% | SiO2 5%-10% | Fe < 52% | TiO2 0.01%-0.08% | P 0.01%-0.03%
2026-01-16,FE02-2026011605,DMP-2603,Дарханы Төмөрлөгийн Үйлдвэр ХХК,Дарханы Төмөрлөгийн Үйлдвэр ХХК,Дарханы Төмөрлөгийн Үйлдвэр ХХК,Iron ore,Төмөр,Баяжмал,Fe-58% Төмрийн баяжмал,Fe-58% Төмрийн баяжмал,Форвард,4,58.0,60.0,USD,тонн,3564000.0,3.45,18.0,59400.0,reported,"FE 58% (дундаж) | S 3.5% (дундаж) | H2O 2.5% (дундаж) | AL2O3 1.0% (дундаж) | SIO2 6.0% (дундаж) | TIO2 0.1% (дундаж) | P 0.02% (дундаж) | Ширхэглэл 0-10mm (нунтаг),  | 10-40mm (бүхэл)"
2026-01-16,FE02-2026011604,DMP-2602,Дарханы Төмөрлөгийн Үйлдвэр ХХК,Дарханы Төмөрлөгийн Үйлдвэр ХХК,Дарханы Төмөрлөгийн Үйлдвэр ХХК,Iron ore,Төмөр,Баяжмал,Fe-58% Төмрийн баяжмал,Fe-58% Төмрийн баяжмал,Форвард,4,58.0,62.0,USD,тонн,3682800.0,6.9,18.0,59400.0,reported,"FE 58% (дундаж) | S 3.5% (дундаж) | H2O 2.5% (дундаж) | AL2O3 1.0% (дундаж) | SIO2 6.0% (дундаж) | TIO2 0.1% (дундаж) | P 0.02% (дундаж) | Ширхэглэл 0-10mm (нунтаг),  | 10-40mm (бүхэл)"
2026-01-16,FE02-2026011603,DMP-2601,Дарханы Төмөрлөгийн Үйлдвэр ХХК,Дарханы Төмөрлөгийн Үйлдвэр ХХК,Дарханы Төмөрлөгийн Үйлдвэр ХХК,Iron ore,Төмөр,Баяжмал,Fe-58% Төмрийн баяжмал,Fe-58% Төмрийн баяжмал,Форвард,5,58.0,62.0,USD,тонн,3682800.0,6.9,18.0,59400.0,reported,"FE 58% (дундаж) | S 3.5% (дундаж) | H2O 2.5% (дундаж) | AL2O3 1.0% (дундаж) | SIO2 6.0% (дундаж) | TIO2 0.1% (дундаж) | P 0.02% (дундаж) | Ширхэглэл 0-10mm (нунтаг),  | 10-40mm (бүхэл)"
2026-01-16,C10-2026011602,26-04 WTC,Эрдэнэс Тавантолгой ХК,Erdenes Tavan Tolgoi,Эрдэнэс Тавантолгой ХК,Coal,Нүүрс,Баяжуулсан,Washed non-coking-quality coal,Баяжуулсан коксжих чанаргүй нүүрс,Форвард,7,45.5,52.1,USD,тонн,1000320.0,14.51,3.0,19200.0,reported,Ash (db): ≤25.0 | Total moisture (ar): ≤9.0 | Volatile (daf): <37.0 | Total sulphur (db): ≤1.0 | Calorific value (ar): ≥6000 | G index (5:1): ≤20
2026-01-16,C06-2026011601,ER-26014,Энержи Ресурс ХХК,Energy Resources,Энержи Ресурс ХХК,Coal,Нүүрс,Баяжуулсан,Washed medium-ash semi-hard coking coal,"Баяжуулсан дунд зэрэг үнстэй, хагас хатуу коксжих нүүрс",Форвард,5,350.0,360.0,CNY,тонн,6912000.0,2.86,3.0,19200.0,reported,"Үнслэг (хуурай,%) ≤ 25.0% | Дэгдэмхий бодис  | (үнсгүй хуурай,%) >10.0%-28.0% | Хүхэр (хуурай, %) ≤ 1.0% | Нийт чийглэг (хүлээн  | авах үеийн төлөв,%) ≤ 10.0% | G индекс >20-60 | Илчлэг (ккал/кг) ≈5500"
2026-01-16,C04-2026011604,26-03 1-3 CO,Эрдэнэс Тавантолгой ХК,Erdenes Tavan Tolgoi,Эрдэнэс Тавантолгой ХК,Coal,Нүүрс,Боловсруулаагүй,1/3 coking coal,1/3 коксжих нүүрс,Форвард,5,88.0,93.4,USD,тонн,11955200.0,6.14,20.0,128000.0,reported,Ash (db): ≤9.0 | Total moisture (ar): ≤5.0 | Volatile (daf): >28.0-37.0 | Total sulphur (db): ≤1.0 | G-Index (5:1): ≥75
2026-01-16,C04-2026011603,26-02 1-3 CO,Эрдэнэс Тавантолгой ХК,Erdenes Tavan Tolgoi,Эрдэнэс Тавантолгой ХК,Coal,Нүүрс,Боловсруулаагүй,1/3 coking coal,1/3 коксжих нүүрс,Форвард,6,88.0,98.2,USD,тонн,12569600.0,11.59,20.0,128000.0,reported,Ash (db): ≤9.0 | Total moisture (ar): ≤5.0 | Volatile (daf): >28.0-37.0 | Total sulphur (db): ≤1.0 | G-Index (5:1): ≥75
2026-01-15,FE03-2026011501,ECM-26-15,Монголросцветмет ТӨҮГ,Mongolrostsvetmet (ex-Erdenes Critical Minerals),Монголросцветмет ТӨҮГ /Эрдэнэс критикал минералс ТӨҮГ/,Iron ore,Төмөр,Хүдэр,Iron ore Fe 52%,Fe-52% Төмрийн хүдэр,Форвард,2,70.0,70.0,USD,тонн,462000.0,0.0,2.0,6600.0,reported,H2O 0.5-1.0% | Al2O3 1%-3% | S 0.02%-0.05% | SiO2 5%-10% | Fe < 52% | TiO2 0.01%-0.08% | P 0.01%-0.03%
2026-01-15,C10-2026011502,26-03 WTC,Эрдэнэс Тавантолгой ХК,Erdenes Tavan Tolgoi,Эрдэнэс Тавантолгой ХК,Coal,Нүүрс,Баяжуулсан,Washed non-coking-quality coal,Баяжуулсан коксжих чанаргүй нүүрс,Форвард,7,45.5,53.3,USD,тонн,1023360.0,17.14,3.0,19200.0,reported,Ash (db): ≤25.0 | Total moisture (ar): ≤9.0 | Volatile (daf): <37.0 | Total sulphur (db): ≤1.0 | Calorific value (ar): ≥6000 | G index (5:1): ≤20
2026-01-15,C04-2026011503,26-01 1-3 CO,Эрдэнэс Тавантолгой ХК,Erdenes Tavan Tolgoi,Эрдэнэс Тавантолгой ХК,Coal,Нүүрс,Боловсруулаагүй,1/3 coking coal,1/3 коксжих нүүрс,Форвард,5,88.0,94.0,USD,тонн,24064000.0,6.82,40.0,256000.0,reported,Ash (db): ≤9.0 | Total moisture (ar): ≤5.0 | Volatile (daf): >28.0-37.0 | Total sulphur (db): ≤1.0 | G-Index (5:1): ≥75
2026-01-15,C01-2026011501,ER-26013,Энержи Ресурс ХХК,Energy Resources,Энержи Ресурс ХХК,Coal,Нүүрс,Баяжуулсан,Washed coking coal,Баяжуулсан коксжих нүүрс,Форвард,6,800.0,900.0,CNY,тонн,11520000.0,12.5,2.0,12800.0,reported,"Үнслэг (хуурай,%) ≤ 11.0% | Дэгдэмхий бодис  | (үнсгүй хуурай,%) >20.0%-28.0% | Хүхэр (хуурай, %) ≤ 0.85% | Нийт чийглэг  | (хүлээн авах  | үеийн төлөв,%) ≤ 10.0% | G индекс ≥ 75"
2026-01-14,FE03-2026011402,ECM-26-14,Монголросцветмет ТӨҮГ,Mongolrostsvetmet (ex-Erdenes Critical Minerals),Монголросцветмет ТӨҮГ /Эрдэнэс критикал минералс ТӨҮГ/,Iron ore,Төмөр,Хүдэр,Iron ore Fe 52%,Fe-52% Төмрийн хүдэр,Форвард,2,70.0,70.0,USD,тонн,462000.0,0.0,2.0,6600.0,reported,H2O 0.5-1.0% | Al2O3 1%-3% | S 0.02%-0.05% | SiO2 5%-10% | Fe < 52% | TiO2 0.01%-0.08% | P 0.01%-0.03%
2026-01-14,FE03-2026011401,ECM-26-13,Монголросцветмет ТӨҮГ,Mongolrostsvetmet (ex-Erdenes Critical Minerals),Монголросцветмет ТӨҮГ /Эрдэнэс критикал минералс ТӨҮГ/,Iron ore,Төмөр,Хүдэр,Iron ore Fe 52%,Fe-52% Төмрийн хүдэр,Форвард,4,70.0,71.0,USD,тонн,468600.0,1.43,2.0,6600.0,reported,H2O 0.5-1.0% | Al2O3 1%-3% | S 0.02%-0.05% | SiO2 5%-10% | Fe < 52% | TiO2 0.01%-0.08% | P 0.01%-0.03%
2026-01-14,C10-2026011403,26-02 WTC,Эрдэнэс Тавантолгой ХК,Erdenes Tavan Tolgoi,Эрдэнэс Тавантолгой ХК,Coal,Нүүрс,Баяжуулсан,Washed non-coking-quality coal,Баяжуулсан коксжих чанаргүй нүүрс,Форвард,7,45.5,51.5,USD,тонн,1648000.0,13.19,5.0,32000.0,reported,Ash (db): ≤25.0 | Total moisture (ar): ≤9.0 | Volatile (daf): <37.0 | Total sulphur (db): ≤1.0 | Calorific value (ar): >6000 | G index (5:1): ≤20
2026-01-14,C06-2026011402,ER-26012,Энержи Ресурс ХХК,Energy Resources,Энержи Ресурс ХХК,Coal,Нүүрс,Баяжуулсан,Washed medium-ash semi-hard coking coal,"Баяжуулсан дунд зэрэг үнстэй, хагас хатуу коксжих нүүрс",Форвард,6,350.0,360.0,CNY,тонн,6912000.0,2.86,3.0,19200.0,reported,"Үнслэг (хуурай,%) ≤ 25.0% | Дэгдэмхий бодис  | (үнсгүй хуурай,%) >10.0%-28.0% | Хүхэр (хуурай, %) ≤ 1.0% | Нийт чийглэг (хүлээн  | авах үеийн төлөв,%) ≤ 10.0% | G индекс >20-60 | Илчлэг (ккал/кг) ≈5500"
2026-01-14,C04-2026011404,TTOA-2026-001,Тавантолгой ХК,Tavan Tolgoi JSC,Тавантолгой ХК,Coal,Нүүрс,Боловсруулаагүй,1/3 coking coal,1/3 коксжих нүүрс,Форвард,3,65.0,65.5,USD,тонн,13414400.0,0.77,32.0,204800.0,reported,Ash (db): 21.8 (-4.0 | +6.0) | Volatile (daf): 33.4 (-2.0 | +2.0) | Total sulphur (db): 0.9 (-0.3 | +0.2) | G-index (5:1): 71.0 (-6.0 | +6.0) | Total moisture (ar): 1.9 (-0.5 | +2.5) | Y- index ≤25mm
2026-01-14,C01-2026011401,ER-26011,Энержи Ресурс ХХК,Energy Resources,Энержи Ресурс ХХК,Coal,Нүүрс,Баяжуулсан,Washed coking coal,Баяжуулсан коксжих нүүрс,Форвард,5,800.0,915.0,CNY,тонн,11712000.0,14.38,2.0,12800.0,reported,"Үнслэг (хуурай,%) ≤ 11.0% | Дэгдэмхий бодис  | (үнсгүй хуурай,%) >20.0%-28.0% | Хүхэр (хуурай, %) ≤ 0.85% | Нийт чийглэг  | (хүлээн авах  | үеийн төлөв,%) ≤ 10.0% | G индекс ≥ 75"
2026-01-13,FE03-2026011301,ECM-26-11,Монголросцветмет ТӨҮГ,Mongolrostsvetmet (ex-Erdenes Critical Minerals),Монголросцветмет ТӨҮГ /Эрдэнэс критикал минералс ТӨҮГ/,Iron ore,Төмөр,Хүдэр,Iron ore Fe 52%,Fe-52% Төмрийн хүдэр,Форвард,3,70.0,71.0,USD,тонн,468600.0,1.43,2.0,6600.0,reported,H2O 0.5-1.0% | Al2O3 1%-3% | S 0.02%-0.05% | SiO2 5%-10% | Fe < 52% | TiO2 0.01%-0.08% | P 0.01%-0.03%
2026-01-13,FE01-2026011302,ECM-26-12,Монголросцветмет ТӨҮГ,Mongolrostsvetmet (ex-Erdenes Critical Minerals),Монголросцветмет ТӨҮГ /Эрдэнэс критикал минералс ТӨҮГ/,Iron ore,Төмөр,Баяжмал,Iron concentrate Fe 65%,Fe-65% Төмрийн баяжмал,Форвард,2,85.0,88.0,USD,тонн,1742400.0,3.53,6.0,19800.0,reported,H2O 7-10% | Al2O3 0.4%-1% | S 0.02%-0.08% | SiO2 3%-8% | Fe < 65% | TiO2 0.01%-0.08% | P 0.01%-0.03%
2026-01-13,C10-2026011302,26-01 WTC,Эрдэнэс Тавантолгой ХК,Erdenes Tavan Tolgoi,Эрдэнэс Тавантолгой ХК,Coal,Нүүрс,Баяжуулсан,Washed non-coking-quality coal,Баяжуулсан коксжих чанаргүй нүүрс,Форвард,7,45.5,50.3,USD,тонн,1287680.0,10.55,4.0,25600.0,reported,Ash (db): ≤25.0 | Total moisture (ar): ≤9.0 | Volatile (daf): <37.0 | Total sulphur (db): ≤1.0 | Calorific value (ar): ≥6000 | G index (5:1) ≤20.0
2026-01-13,C06-2026011301,ER-26010,Энержи Ресурс ХХК,Energy Resources,Энержи Ресурс ХХК,Coal,Нүүрс,Баяжуулсан,Washed medium-ash semi-hard coking coal,"Баяжуулсан дунд зэрэг үнстэй, хагас хатуу коксжих нүүрс",Форвард,8,350.0,365.0,CNY,тонн,7008000.0,4.29,3.0,19200.0,reported,"Үнслэг (хуурай,%) ≤ 25.0% | Дэгдэмхий бодис  | (үнсгүй хуурай,%) >10.0%-28.0% | Хүхэр (хуурай, %) ≤ 1.0% | Нийт чийглэг (хүлээн  | авах үеийн төлөв,%) ≤ 10.0% | G индекс >20-60 | Илчлэг (ккал/кг) ≈5500"
2026-01-12,FE03-2026011202,ECM-26-10,Монголросцветмет ТӨҮГ,Mongolrostsvetmet (ex-Erdenes Critical Minerals),Монголросцветмет ТӨҮГ /Эрдэнэс критикал минералс ТӨҮГ/,Iron ore,Төмөр,Хүдэр,Iron ore Fe 52%,Fe-52% Төмрийн хүдэр,Форвард,3,70.0,71.0,USD,тонн,468600.0,1.43,2.0,6600.0,reported,H2O 0.5-1.0% | Al2O3 1%-3% | S 0.02%-0.05% | SiO2 5%-10% | Fe < 52% | TiO2 0.01%-0.08% | P 0.01%-0.03%
2026-01-12,FE03-2026011201,ECM-26-09,Монголросцветмет ТӨҮГ,Mongolrostsvetmet (ex-Erdenes Critical Minerals),Монголросцветмет ТӨҮГ /Эрдэнэс критикал минералс ТӨҮГ/,Iron ore,Төмөр,Хүдэр,Iron ore Fe 52%,Fe-52% Төмрийн хүдэр,Форвард,2,70.0,70.5,USD,тонн,465300.0,0.71,2.0,6600.0,reported,H2O 0.5-1.0% | Al2O3 1%-3% | S 0.02%-0.05% | SiO2 5%-10% | Fe < 52% | TiO2 0.01%-0.08% | P 0.01%-0.03%
2026-01-12,C01-2026011201,ER-26009,Энержи Ресурс ХХК,Energy Resources,Энержи Ресурс ХХК,Coal,Нүүрс,Баяжуулсан,Washed coking coal,Баяжуулсан коксжих нүүрс,Форвард,5,800.0,935.0,CNY,тонн,11968000.0,16.88,2.0,12800.0,reported,"Үнслэг (хуурай,%) ≤ 11.0% | Дэгдэмхий бодис  | (үнсгүй хуурай,%) >20.0%-28.0% | Хүхэр (хуурай, %) ≤ 0.85% | Нийт чийглэг  | (хүлээн авах  | үеийн төлөв,%) ≤ 10.0% | G индекс ≥ 75"
2026-01-09,FE03-2026010902,ECM-26-08,Монголросцветмет ТӨҮГ,Mongolrostsvetmet (ex-Erdenes Critical Minerals),Монголросцветмет ТӨҮГ /Эрдэнэс критикал минералс ТӨҮГ/,Iron ore,Төмөр,Хүдэр,Iron ore Fe 52%,Fe-52% Төмрийн хүдэр,Форвард,3,70.0,71.0,USD,тонн,468600.0,1.43,2.0,6600.0,reported,H2O 0.5-1.0% | Al2O3 1%-3% | S 0.02%-0.05% | SiO2 5%-10% | Fe < 52% | TiO2 0.01%-0.08% | P 0.01%-0.03%
2026-01-09,FE03-2026010901,ECM-26-07,Монголросцветмет ТӨҮГ,Mongolrostsvetmet (ex-Erdenes Critical Minerals),Монголросцветмет ТӨҮГ /Эрдэнэс критикал минералс ТӨҮГ/,Iron ore,Төмөр,Хүдэр,Iron ore Fe 52%,Fe-52% Төмрийн хүдэр,Форвард,3,70.0,71.5,USD,тонн,471900.0,2.14,2.0,6600.0,reported,H2O 0.5-1.0% | Al2O3 1%-3% | S 0.02%-0.05% | SiO2 5%-10% | Fe < 52% | TiO2 0.01%-0.08% | P 0.01%-0.03%
2026-01-09,C06-2026010901,ER-26008,Энержи Ресурс ХХК,Energy Resources,Энержи Ресурс ХХК,Coal,Нүүрс,Баяжуулсан,Washed medium-ash semi-hard coking coal,"Баяжуулсан дунд зэрэг үнстэй, хагас хатуу коксжих нүүрс",Форвард,10,350.0,370.0,CNY,тонн,7104000.0,5.71,3.0,19200.0,reported,"Үнслэг (хуурай,%) ≤ 25.0% | Дэгдэмхий бодис  | (үнсгүй хуурай,%) >10.0%-28.0% | Хүхэр (хуурай, %) ≤ 1.0% | Нийт чийглэг (хүлээн  | авах үеийн төлөв,%) ≤ 10.0% | G индекс >20-60 | Илчлэг (ккал/кг) ≈5500"
2026-01-08,FE03-2026010802,ECM-26-06,Монголросцветмет ТӨҮГ,Mongolrostsvetmet (ex-Erdenes Critical Minerals),Монголросцветмет ТӨҮГ /Эрдэнэс критикал минералс ТӨҮГ/,Iron ore,Төмөр,Хүдэр,Iron ore Fe 52%,Fe-52% Төмрийн хүдэр,Форвард,3,70.0,73.0,USD,тонн,481800.0,4.29,2.0,6600.0,reported,H2O 0.5-1.0% | Al2O3 1%-3% | S 0.02%-0.05% | SiO2 5%-10% | Fe < 52% | TiO2 0.01%-0.08% | P 0.01%-0.03%
2026-01-08,FE03-2026010801,ECM-26-05,Монголросцветмет ТӨҮГ,Mongolrostsvetmet (ex-Erdenes Critical Minerals),Монголросцветмет ТӨҮГ /Эрдэнэс критикал минералс ТӨҮГ/,Iron ore,Төмөр,Хүдэр,Iron ore Fe 52%,Fe-52% Төмрийн хүдэр,Форвард,1,70.0,70.0,USD,тонн,462000.0,0.0,2.0,6600.0,reported,H2O 0.5-1.0% | Al2O3 1%-3% | S 0.02%-0.05% | SiO2 5%-10% | Fe < 52% | TiO2 0.01%-0.08% | P 0.01%-0.03%
2026-01-08,C01-2026010801,ER-26007,Энержи Ресурс ХХК,Energy Resources,Энержи Ресурс ХХК,Coal,Нүүрс,Баяжуулсан,Washed coking coal,Баяжуулсан коксжих нүүрс,Форвард,4,800.0,930.0,CNY,тонн,11904000.0,16.25,2.0,12800.0,reported,"Үнслэг (хуурай,%) ≤ 11.0% | Дэгдэмхий бодис  | (үнсгүй хуурай,%) >20.0%-28.0% | Хүхэр (хуурай, %) ≤ 0.85% | Нийт чийглэг  | (хүлээн авах  | үеийн төлөв,%) ≤ 10.0% | G индекс ≥ 75"
2026-01-07,FE03-2026010701,ECM-26-03,Монголросцветмет ТӨҮГ,Mongolrostsvetmet (ex-Erdenes Critical Minerals),Монголросцветмет ТӨҮГ /Эрдэнэс критикал минералс ТӨҮГ/,Iron ore,Төмөр,Хүдэр,Iron ore Fe 52%,Fe-52% Төмрийн хүдэр,Форвард,2,70.0,73.5,USD,тонн,485100.0,5.0,2.0,6600.0,reported,H2O 0.5-1.0% | Al2O3 1%-3% | S 0.02%-0.05% | SiO2 5%-10% | Fe < 52% | TiO2 0.01%-0.08% | P 0.01%-0.03%
2026-01-07,FE01-2026010702,ECM-26-04,Монголросцветмет ТӨҮГ,Mongolrostsvetmet (ex-Erdenes Critical Minerals),Монголросцветмет ТӨҮГ /Эрдэнэс критикал минералс ТӨҮГ/,Iron ore,Төмөр,Баяжмал,Iron concentrate Fe 65%,Fe-65% Төмрийн баяжмал,Форвард,1,85.0,85.0,USD,тонн,1683000.0,0.0,6.0,19800.0,reported,H2O 7-10% | Al2O3 0.4%-1% | S 0.02%-0.08% | SiO2 3%-8% | Fe < 65% | TiO2 0.01%-0.08% | P 0.01%-0.03%
2026-01-07,C06-2026010702,ER-26006,Энержи Ресурс ХХК,Energy Resources,Энержи Ресурс ХХК,Coal,Нүүрс,Баяжуулсан,Washed medium-ash semi-hard coking coal,"Баяжуулсан дунд зэрэг үнстэй, хагас хатуу коксжих нүүрс",Форвард,7,350.0,365.0,CNY,тонн,7008000.0,4.29,3.0,19200.0,reported,"Үнслэг (хуурай,%) ≤ 25.0% | Дэгдэмхий бодис  | (үнсгүй хуурай,%) >10.0%-28.0% | Хүхэр (хуурай, %) ≤ 1.0% | Нийт чийглэг (хүлээн  | авах үеийн төлөв,%) ≤ 10.0% | G индекс >20-60 | Илчлэг (ккал/кг) ≈5500"
2026-01-07,C01-2026010701,ER-26005,Энержи Ресурс ХХК,Energy Resources,Энержи Ресурс ХХК,Coal,Нүүрс,Баяжуулсан,Washed coking coal,Баяжуулсан коксжих нүүрс,Форвард,5,800.0,860.0,CNY,тонн,11008000.0,7.5,2.0,12800.0,reported,"Үнслэг (хуурай,%) ≤ 11.0% | Дэгдэмхий бодис  | (үнсгүй хуурай,%) >20.0%-28.0% | Хүхэр (хуурай, %) ≤ 0.85% | Нийт чийглэг  | (хүлээн авах  | үеийн төлөв,%) ≤ 10.0% | G индекс ≥ 75"
2026-01-06,FE03-2026010602,ECM-26-02,Монголросцветмет ТӨҮГ,Mongolrostsvetmet (ex-Erdenes Critical Minerals),Монголросцветмет ТӨҮГ /Эрдэнэс критикал минералс ТӨҮГ/,Iron ore,Төмөр,Хүдэр,Iron ore Fe 52%,Fe-52% Төмрийн хүдэр,Форвард,2,70.0,73.5,USD,тонн,485100.0,5.0,2.0,6600.0,reported,H2O 0.5-1.0% | Al2O3 1%-3% | S 0.02%-0.05% | SiO2 5%-10% | Fe < 52% | TiO2 0.01%-0.08% | P 0.01%-0.03%
2026-01-06,FE03-2026010601,ECM-26-01,Монголросцветмет ТӨҮГ,Mongolrostsvetmet (ex-Erdenes Critical Minerals),Монголросцветмет ТӨҮГ /Эрдэнэс критикал минералс ТӨҮГ/,Iron ore,Төмөр,Хүдэр,Iron ore Fe 52%,Fe-52% Төмрийн хүдэр,Форвард,3,70.0,74.5,USD,тонн,491700.0,6.43,2.0,6600.0,reported,H2O 0.5-1.0% | Al2O3 1%-3% | S 0.02%-0.05% | SiO2 5%-10% | Fe < 52% | TiO2 0.01%-0.08% | P 0.01%-0.03%
2026-01-06,C06-2026010601,ER-26004,Энержи Ресурс ХХК,Energy Resources,Энержи Ресурс ХХК,Coal,Нүүрс,Баяжуулсан,Washed medium-ash semi-hard coking coal,"Баяжуулсан дунд зэрэг үнстэй, хагас хатуу коксжих нүүрс",Форвард,6,350.0,360.0,CNY,тонн,6912000.0,2.86,3.0,19200.0,reported,"Үнслэг (хуурай,%) ≤ 25.0% | Дэгдэмхий бодис  | (үнсгүй хуурай,%) >10.0%-28.0% | Хүхэр (хуурай, %) ≤ 1.0% | Нийт чийглэг (хүлээн  | авах үеийн төлөв,%) ≤ 10.0% | G индекс >20-60 | Илчлэг (ккал/кг) ≈5500"
2026-01-05,C01-2026010501,ER-26003,Энержи Ресурс ХХК,Energy Resources,Энержи Ресурс ХХК,Coal,Нүүрс,Баяжуулсан,Washed coking coal,Баяжуулсан коксжих нүүрс,Форвард,4,800.0,850.0,CNY,тонн,10880000.0,6.25,2.0,12800.0,reported,"Үнслэг (хуурай,%) ≤ 11.0% | Дэгдэмхий бодис  | (үнсгүй хуурай,%) >20.0%-28.0% | Хүхэр (хуурай, %) ≤ 0.85% | Нийт чийглэг  | (хүлээн авах  | үеийн төлөв,%) ≤ 10.0% | G индекс ≥ 75"
2026-01-02,C06-2026010202,ER-26002,Энержи Ресурс ХХК,Energy Resources,Энержи Ресурс ХХК,Coal,Нүүрс,Баяжуулсан,Washed medium-ash semi-hard coking coal,"Баяжуулсан дунд зэрэг үнстэй, хагас хатуу коксжих нүүрс",Форвард,4,350.0,355.0,CNY,тонн,6816000.0,1.43,3.0,19200.0,reported,"Үнслэг (хуурай,%) ≤ 25.0% | Дэгдэмхий бодис  | (үнсгүй хуурай,%) >10.0%-28.0% | Хүхэр (хуурай, %) ≤ 1.0% | Нийт чийглэг (хүлээн  | авах үеийн төлөв,%) ≤ 10.0% | G индекс >20-60 | Илчлэг (ккал/кг) ≈5500"
2026-01-02,C01-2026010201,ER-26001,Энержи Ресурс ХХК,Energy Resources,Энержи Ресурс ХХК,Coal,Нүүрс,Баяжуулсан,Washed coking coal,Баяжуулсан коксжих нүүрс,Форвард,5,800.0,855.0,CNY,тонн,10944000.0,6.88,2.0,12800.0,reported,"Үнслэг (хуурай,%) ≤ 11.0% | Дэгдэмхий бодис  | (үнсгүй хуурай,%) >20.0%-28.0% | Хүхэр (хуурай, %) ≤ 0.85% | Нийт чийглэг  | (хүлээн авах  | үеийн төлөв,%) ≤ 10.0% | G индекс ≥ 75"
2025-12-31,C06-2025123102,ER-25333,Энержи Ресурс ХХК,Energy Resources,Энержи Ресурс ХХК,Coal,Нүүрс,Баяжуулсан,Washed medium-ash semi-hard coking coal,"Баяжуулсан дунд зэрэг үнстэй, хагас хатуу коксжих нүүрс",Форвард,4,350.0,355.0,CNY,тонн,6816000.0,1.43,3.0,19200.0,reported,"Үнслэг (хуурай,%) ≤ 25.0% | Дэгдэмхий бодис  | (үнсгүй хуурай,%) >10.0%-28.0% | Хүхэр (хуурай, %) ≤ 1.0% | Нийт чийглэг (хүлээн  | авах үеийн төлөв,%) ≤ 10.0% | G индекс >20-60 | Илчлэг (ккал/кг) ≈5500"
2025-12-31,C03-2025123103,TTOA-2025-056,Тавантолгой ХК,Tavan Tolgoi JSC,Тавантолгой ХК,Coal,Нүүрс,Боловсруулаагүй,Medium-volatile coking coal,"Дэгдэмхий бодис дунд, коксжих нүүрс",Форвард,3,110.0,110.0,USD,тонн,112640000.0,0.0,160.0,1024000.0,reported,"Ash (db): 16,5 (-4.0 | +4.0) | Volatile (daf): 25.9 (-2.0 | +1.9) | Total sulphur (db): 1.06 (-0.3 | +0.2) | G-index (5:1): 65.1(-10.0 | +10.0) | Total moisture (ar): 2,6 (-0.5 | +2.5) | Y- index ≤25mm"
2025-12-31,C01-2025123101,ER-25332,Энержи Ресурс ХХК,Energy Resources,Энержи Ресурс ХХК,Coal,Нүүрс,Баяжуулсан,Washed coking coal,Баяжуулсан коксжих нүүрс,Форвард,4,800.0,855.0,CNY,тонн,10944000.0,6.88,2.0,12800.0,reported,"Үнслэг (хуурай,%) ≤ 11.0% | Дэгдэмхий бодис  | (үнсгүй хуурай,%) >20.0%-28.0% | Хүхэр (хуурай, %) ≤ 0.85% | Нийт чийглэг  | (хүлээн авах  | үеийн төлөв,%) ≤ 10.0% | G индекс ≥ 75"
2025-12-30,FE03-2025123001,ECM-142,Монголросцветмет ТӨҮГ,Mongolrostsvetmet (ex-Erdenes Critical Minerals),Монголросцветмет ТӨҮГ /Эрдэнэс критикал минералс ТӨҮГ/,Iron ore,Төмөр,Хүдэр,Iron ore Fe 52%,Fe-52% Төмрийн хүдэр,Форвард,5,70.0,75.5,USD,тонн,498300.0,7.86,2.0,6600.0,reported,H2O 0.5-1.0% | Al2O3 1%-3% | S 0.02%-0.05% | SiO2 5%-10% | Fe < 52% | TiO2 0.01%-0.08% | P 0.01%-0.03%
2025-12-30,CU01-2025123001,13-2025,Эрдэнэт Үйлдвэр ТӨҮГ,Erdenet Mining Corporation,Эрдэнэт Үйлдвэр ТӨҮГ,Copper,Зэс,Баяжмал,Copper concentrate (22.35% Cu),22.35%-ийн зэсийн агуулгатай баяжмал,Форвард,2,2685.0,2905.0,USD,тонн,13159650.0,8.19,5.0,4530.0,reported,Зэс /Cu/ 22.35% | Мөнгө /Ag/ 78 гр/тн | Хүнцэл /As/ <0.3% | Чийглэг /moisture/ 9.4% | Молибден /Мо/ <0.15% | Төмөр /Fe/ <30% | Цайр /Zn/ <0.7% | Хар тугалга /Pb/ <1.4% | Хүхэр /S/ <37% | Алт /Au/ <0.3 гр/тн | Хөнгөн цагаан /Al/ <2.0%
2025-12-26,FE03-2025122601,ECM-141,Монголросцветмет ТӨҮГ,Mongolrostsvetmet (ex-Erdenes Critical Minerals),Монголросцветмет ТӨҮГ /Эрдэнэс критикал минералс ТӨҮГ/,Iron ore,Төмөр,Хүдэр,Iron ore Fe 52%,Fe-52% Төмрийн хүдэр,Форвард,6,70.0,74.5,USD,тонн,491700.0,6.43,2.0,6600.0,reported,H2O 0.5-1.0% | Al2O3 1%-3% | S 0.02%-0.05% | SiO2 5%-10% | Fe < 52% | TiO2 0.01%-0.08% | P 0.01%-0.03%
2025-12-26,C10-2025122605,MTO1217,Мөнх тэнүүн оргил ХХК,Мөнх тэнүүн оргил ХХК,Мөнх тэнүүн оргил ХХК,Coal,Нүүрс,Баяжуулсан,Washed non-coking-quality coal,Баяжуулсан коксжих чанаргүй нүүрс,Форвард,1,300.0,300.0,CNY,тонн,34560000.0,0.0,18.0,115200.0,reported,"Үнслэг (хуурай,%) ≦ 26% | Дэгдэмхий бодис (үнсгүй  | хуурай,%)≦ 30% | Хүхэр (хуурай, %) 0.67 (±2)% | Нийт чийглэг (хүлээн авах  | үеийн төлөв,%)≦10% | G индекс ≦ 20 | Илчлэг К/кал ≦ 5200"
2025-12-26,C04-2025122601,25-119 1-3 CO,Эрдэнэс Тавантолгой ХК,Erdenes Tavan Tolgoi,Эрдэнэс Тавантолгой ХК,Coal,Нүүрс,Боловсруулаагүй,1/3 coking coal,1/3 коксжих нүүрс,Форвард,1,68.4,68.4,USD,тонн,8755200.0,0.0,20.0,128000.0,reported,Ash (db): 22.0 (-3.0 | +3.0) | Total moisture (ar): 4.0 (-1.0 | +2.0) | Volatile (daf): >28-37  | Total sulphur (db): 1.1 (-0.5 | +0.5) | G Index (5:1): ≥70
2025-12-26,C01-2025122603,ER-25330,Энержи Ресурс ХХК,Energy Resources,Энержи Ресурс ХХК,Coal,Нүүрс,Баяжуулсан,Washed coking coal,Баяжуулсан коксжих нүүрс,Форвард,5,800.0,850.0,CNY,тонн,10880000.0,6.25,2.0,12800.0,reported,"Үнслэг (хуурай,%) ≤ 11.0% | Дэгдэмхий бодис  | (үнсгүй хуурай,%) >20.0%-28.0% | Хүхэр (хуурай, %) ≤ 0.85% | Нийт чийглэг  | (хүлээн авах  | үеийн төлөв,%) ≤ 10.0% | G индекс ≥ 75"
2025-12-26,C01-2025122602,25-24 WCO,Эрдэнэс Тавантолгой ХК,Erdenes Tavan Tolgoi,Эрдэнэс Тавантолгой ХК,Coal,Нүүрс,Баяжуулсан,Washed coking coal,Баяжуулсан коксжих нүүрс,Форвард,6,124.2,132.2,USD,тонн,8460800.0,6.44,10.0,64000.0,reported,Ash (db): ≤10.5 | Total moisture (ar): ≤10.0 | Volatile (daf): ≤28.0  | Total sulphur (db): 0.85 | G Index (5:1): ≥80
2025-12-25,FE03-2025122501,ECM-140,Монголросцветмет ТӨҮГ,Mongolrostsvetmet (ex-Erdenes Critical Minerals),Монголросцветмет ТӨҮГ /Эрдэнэс критикал минералс ТӨҮГ/,Iron ore,Төмөр,Хүдэр,Iron ore Fe 52%,Fe-52% Төмрийн хүдэр,Форвард,5,70.0,74.0,USD,тонн,488400.0,5.71,2.0,6600.0,reported,H2O 0.5-1.0% | Al2O3 1%-3% | S 0.02%-0.05% | SiO2 5%-10% | Fe < 52% | TiO2 0.01%-0.08% | P 0.01%-0.03%
2025-12-25,C06-2025122503,ER-25329,Энержи Ресурс ХХК,Energy Resources,Энержи Ресурс ХХК,Coal,Нүүрс,Баяжуулсан,Washed medium-ash semi-hard coking coal,"Баяжуулсан дунд зэрэг үнстэй, хагас хатуу коксжих нүүрс",Форвард,5,350.0,350.0,CNY,тонн,6720000.0,0.0,3.0,19200.0,reported,"Үнслэг (хуурай,%) ≤ 25.0% | Дэгдэмхий бодис  | (үнсгүй хуурай,%) >10.0%-28.0% | Хүхэр (хуурай, %) ≤ 1.0% | Нийт чийглэг (хүлээн  | авах үеийн төлөв,%) ≤ 10.0% | G индекс >20-60 | Илчлэг (ккал/кг) ≈5500"
2025-12-25,C04-2025122501,25-118 1-3 CO,Эрдэнэс Тавантолгой ХК,Erdenes Tavan Tolgoi,Эрдэнэс Тавантолгой ХК,Coal,Нүүрс,Боловсруулаагүй,1/3 coking coal,1/3 коксжих нүүрс,Форвард,3,68.4,68.4,USD,тонн,4377600.0,0.0,10.0,64000.0,reported,Ash (db): 22.0 (-3.0 | +3.0) | Total moisture (ar): 4.0 (-1.0 | +2.0) | Volatile (daf): >28-37  | Total sulphur (db): 1.1 (-0.5 | +0.5) | G Index (5:1): ≥70
2025-12-25,C02-2025122502,25-17 1-3 WCO,Эрдэнэс Тавантолгой ХК,Erdenes Tavan Tolgoi,Эрдэнэс Тавантолгой ХК,Coal,Нүүрс,Баяжуулсан,Washed semi-soft coking coal,Баяжуулсан сул коксжих нүүрс,Форвард,3,95.2,98.7,USD,тонн,1263360.0,3.68,2.0,12800.0,reported,Ash (db): ≤12.0  | Total moisture (ar): ≤10.0  | Volatile (daf): >28 | Total sulphur (db): ≤0.85  | G Index (5:1): ˃80
2025-12-24,FE03-2025122401,ECM-139,Монголросцветмет ТӨҮГ,Mongolrostsvetmet (ex-Erdenes Critical Minerals),Монголросцветмет ТӨҮГ /Эрдэнэс критикал минералс ТӨҮГ/,Iron ore,Төмөр,Хүдэр,Iron ore Fe 52%,Fe-52% Төмрийн хүдэр,Форвард,5,70.0,74.0,USD,тонн,488400.0,5.71,2.0,6600.0,reported,H2O 0.5-1.0% | Al2O3 1%-3% | S 0.02%-0.05% | SiO2 5%-10% | Fe < 52% | TiO2 0.01%-0.08% | P 0.01%-0.03%
2025-12-24,C06-2025122404,ER-25328,Энержи Ресурс ХХК,Energy Resources,Энержи Ресурс ХХК,Coal,Нүүрс,Баяжуулсан,Washed medium-ash semi-hard coking coal,"Баяжуулсан дунд зэрэг үнстэй, хагас хатуу коксжих нүүрс",Форвард,6,350.0,360.0,CNY,тонн,6912000.0,2.86,3.0,19200.0,reported,"Үнслэг (хуурай,%) ≤ 25.0% | Дэгдэмхий бодис  | (үнсгүй хуурай,%) >10.0%-28.0% | Хүхэр (хуурай, %) ≤ 1.0% | Нийт чийглэг (хүлээн  | авах үеийн төлөв,%) ≤ 10.0% | G индекс >20-60 | Илчлэг (ккал/кг) ≈5500"
2025-12-24,C01-2025122403,ER-25327,Энержи Ресурс ХХК,Energy Resources,Энержи Ресурс ХХК,Coal,Нүүрс,Баяжуулсан,Washed coking coal,Баяжуулсан коксжих нүүрс,Форвард,6,800.0,855.0,CNY,тонн,10944000.0,6.88,2.0,12800.0,reported,"Үнслэг (хуурай,%) ≤ 11.0% | Дэгдэмхий бодис  | (үнсгүй хуурай,%) >20.0%-28.0% | Хүхэр (хуурай, %) ≤ 0.85% | Нийт чийглэг  | (хүлээн авах  | үеийн төлөв,%) ≤ 10.0% | G индекс ≥ 75"
2025-12-24,C01-2025122402,25-23 WCO,Эрдэнэс Тавантолгой ХК,Erdenes Tavan Tolgoi,Эрдэнэс Тавантолгой ХК,Coal,Нүүрс,Баяжуулсан,Washed coking coal,Баяжуулсан коксжих нүүрс,Форвард,7,124.2,134.2,USD,тонн,17177600.0,8.05,20.0,128000.0,reported,Ash (db): ≤10.5 | Total moisture (ar): ≤10.0 | Volatile (daf): ≤28.0  | Total sulphur (db): 0.85 | G Index (5:1): ≥80
2025-12-23,FE02-2025122304,DMP-2586,Дарханы Төмөрлөгийн Үйлдвэр ХХК,Дарханы Төмөрлөгийн Үйлдвэр ХХК,Дарханы Төмөрлөгийн Үйлдвэр ХХК,Iron ore,Төмөр,Баяжмал,Fe-58% Төмрийн баяжмал,Fe-58% Төмрийн баяжмал,Форвард,6,62.0,68.0,USD,тонн,4039200.0,9.68,18.0,59400.0,reported,"FE 58% (дундаж) | S 2.5% (дундаж) | H2O 2.5% (дундаж) | AL2O3 2.0% (дундаж) | SIO2 5.0% (дундаж) | TIO2 0.1% (дундаж) | P 0.01% (дундаж) | Ширхэглэл 0-10mm (нунтаг),  | 10-40mm (бүхэл)"
2025-12-23,FE02-2025122303,DMP-2585,Дарханы Төмөрлөгийн Үйлдвэр ХХК,Дарханы Төмөрлөгийн Үйлдвэр ХХК,Дарханы Төмөрлөгийн Үйлдвэр ХХК,Iron ore,Төмөр,Баяжмал,Fe-58% Төмрийн баяжмал,Fe-58% Төмрийн баяжмал,Форвард,9,58.0,70.5,USD,тонн,4187700.0,21.55,18.0,59400.0,reported,"FE 58% (дундаж) | S 3.5% (дундаж) | H2O 2.5% (дундаж) | AL2O3 1.0% (дундаж) | SIO2 6.0% (дундаж) | TIO2 0.1% (дундаж) | P 0.02% (дундаж) | Ширхэглэл 0-10mm (нунтаг),  | 10-40mm (бүхэл)"
2025-12-23,FE02-2025122302,DMP-2584,Дарханы Төмөрлөгийн Үйлдвэр ХХК,Дарханы Төмөрлөгийн Үйлдвэр ХХК,Дарханы Төмөрлөгийн Үйлдвэр ХХК,Iron ore,Төмөр,Баяжмал,Fe-58% Төмрийн баяжмал,Fe-58% Төмрийн баяжмал,Форвард,7,62.0,67.0,USD,тонн,3979800.0,8.06,18.0,59400.0,reported,"FE 58% (дундаж) | S 2.5% (дундаж) | H2O 2.5% (дундаж) | AL2O3 2.0% (дундаж) | SIO2 5.0% (дундаж) | TIO2 0.1% (дундаж) | P 0.01% (дундаж) | Ширхэглэл 0-10mm (нунтаг),  | 10-40mm (бүхэл)"
2025-12-23,FE02-2025122301,DMP-2583,Дарханы Төмөрлөгийн Үйлдвэр ХХК,Дарханы Төмөрлөгийн Үйлдвэр ХХК,Дарханы Төмөрлөгийн Үйлдвэр ХХК,Iron ore,Төмөр,Баяжмал,Fe-58% Төмрийн баяжмал,Fe-58% Төмрийн баяжмал,Форвард,9,58.0,71.0,USD,тонн,4217400.0,22.41,18.0,59400.0,reported,"FE 58% (дундаж) | S 3.5% (дундаж) | H2O 2.5% (дундаж) | AL2O3 1.0% (дундаж) | SIO2 6.0% (дундаж) | TIO2 0.1% (дундаж) | P 0.02% (дундаж) | Ширхэглэл 0-10mm (нунтаг),  | 10-40mm (бүхэл)"
2025-12-23,C06-2025122303,ER-25326,Энержи Ресурс ХХК,Energy Resources,Энержи Ресурс ХХК,Coal,Нүүрс,Баяжуулсан,Washed medium-ash semi-hard coking coal,"Баяжуулсан дунд зэрэг үнстэй, хагас хатуу коксжих нүүрс",Форвард,5,350.0,360.0,CNY,тонн,6912000.0,2.86,3.0,19200.0,reported,"Үнслэг (хуурай,%) ≤ 25.0% | Дэгдэмхий бодис  | (үнсгүй хуурай,%) >10.0%-28.0% | Хүхэр (хуурай, %) ≤ 1.0% | Нийт чийглэг (хүлээн  | авах үеийн төлөв,%) ≤ 10.0% | G индекс >20-60 | Илчлэг (ккал/кг) ≈5500"
2025-12-23,C01-2025122302,25-22 WCO,Эрдэнэс Тавантолгой ХК,Erdenes Tavan Tolgoi,Эрдэнэс Тавантолгой ХК,Coal,Нүүрс,Баяжуулсан,Washed coking coal,Баяжуулсан коксжих нүүрс,Форвард,7,124.2,130.2,USD,тонн,8332800.0,4.83,10.0,64000.0,reported,Ash (db): ≤10.5 | Total moisture (ar): ≤10.0 | Volatile (daf): ≤28.0  | Total sulphur (db): 0.85 | G Index (5:1): ≥80
2025-12-22,FE03-2025122201,ECM-137,Монголросцветмет ТӨҮГ,Mongolrostsvetmet (ex-Erdenes Critical Minerals),Монголросцветмет ТӨҮГ /Эрдэнэс критикал минералс ТӨҮГ/,Iron ore,Төмөр,Хүдэр,Iron ore Fe 52%,Fe-52% Төмрийн хүдэр,Форвард,5,70.0,73.5,USD,тонн,485100.0,5.0,2.0,6600.0,reported,H2O 0.5-1.0% | Al2O3 1%-3% | S 0.02%-0.05% | SiO2 5%-10% | Fe < 52% | TiO2 0.01%-0.08% | P 0.01%-0.03%
2025-12-22,FE02-2025122206,DMP-2582,Дарханы Төмөрлөгийн Үйлдвэр ХХК,Дарханы Төмөрлөгийн Үйлдвэр ХХК,Дарханы Төмөрлөгийн Үйлдвэр ХХК,Iron ore,Төмөр,Баяжмал,Fe-58% Төмрийн баяжмал,Fe-58% Төмрийн баяжмал,Форвард,7,58.0,71.5,USD,тонн,4247100.0,23.28,18.0,59400.0,reported,"FE 58% (дундаж) | S 3.5% (дундаж) | H2O 2.5% (дундаж) | AL2O3 1.0% (дундаж) | SIO2 6.0% (дундаж) | TIO2 0.1% (дундаж) | P 0.02% (дундаж) | Ширхэглэл 0-10mm (нунтаг),  | 10-40mm (бүхэл)"
2025-12-22,FE02-2025122205,DMP-2581,Дарханы Төмөрлөгийн Үйлдвэр ХХК,Дарханы Төмөрлөгийн Үйлдвэр ХХК,Дарханы Төмөрлөгийн Үйлдвэр ХХК,Iron ore,Төмөр,Баяжмал,Fe-58% Төмрийн баяжмал,Fe-58% Төмрийн баяжмал,Форвард,6,62.0,66.5,USD,тонн,3950100.0,7.26,18.0,59400.0,reported,"FE 58% (дундаж) | S 2.5% (дундаж) | H2O 2.5% (дундаж) | AL2O3 2.0% (дундаж) | SIO2 5.0% (дундаж) | TIO2 0.1% (дундаж) | P 0.01% (дундаж) | Ширхэглэл 0-10mm (нунтаг),  | 10-40mm (бүхэл)"
2025-12-22,FE02-2025122204,DMP-2580,Дарханы Төмөрлөгийн Үйлдвэр ХХК,Дарханы Төмөрлөгийн Үйлдвэр ХХК,Дарханы Төмөрлөгийн Үйлдвэр ХХК,Iron ore,Төмөр,Баяжмал,Fe-58% Төмрийн баяжмал,Fe-58% Төмрийн баяжмал,Форвард,9,58.0,69.5,USD,тонн,4128300.0,19.83,18.0,59400.0,reported,"FE 58% (дундаж) | S 3.5% (дундаж) | H2O 2.5% (дундаж) | AL2O3 1.0% (дундаж) | SIO2 6.0% (дундаж) | TIO2 0.1% (дундаж) | P 0.02% (дундаж) | Ширхэглэл 0-10mm (нунтаг),  | 10-40mm (бүхэл)"
2025-12-22,FE02-2025122203,DMP-2579,Дарханы Төмөрлөгийн Үйлдвэр ХХК,Дарханы Төмөрлөгийн Үйлдвэр ХХК,Дарханы Төмөрлөгийн Үйлдвэр ХХК,Iron ore,Төмөр,Баяжмал,Fe-58% Төмрийн баяжмал,Fe-58% Төмрийн баяжмал,Форвард,7,62.0,70.0,USD,тонн,4158000.0,12.9,18.0,59400.0,reported,"FE 58% (дундаж) | S 2.5% (дундаж) | H2O 2.5% (дундаж) | AL2O3 2.0% (дундаж) | SIO2 5.0% (дундаж) | TIO2 0.1% (дундаж) | P 0.01% (дундаж) | Ширхэглэл 0-10mm (нунтаг),  | 10-40mm (бүхэл)"
2025-12-22,FE02-2025122202,DMP-2578,Дарханы Төмөрлөгийн Үйлдвэр ХХК,Дарханы Төмөрлөгийн Үйлдвэр ХХК,Дарханы Төмөрлөгийн Үйлдвэр ХХК,Iron ore,Төмөр,Баяжмал,Fe-58% Төмрийн баяжмал,Fe-58% Төмрийн баяжмал,Форвард,10,58.0,70.5,USD,тонн,4187700.0,21.55,18.0,59400.0,reported,"FE 58% (дундаж) | S 3.5% (дундаж) | H2O 2.5% (дундаж) | AL2O3 1.0% (дундаж) | SIO2 6.0% (дундаж) | TIO2 0.1% (дундаж) | P 0.02% (дундаж) | Ширхэглэл 0-10mm (нунтаг),  | 10-40mm (бүхэл)"
2025-12-22,C01-2025122203,ER-25325,Энержи Ресурс ХХК,Energy Resources,Энержи Ресурс ХХК,Coal,Нүүрс,Баяжуулсан,Washed coking coal,Баяжуулсан коксжих нүүрс,Форвард,5,800.0,845.0,CNY,тонн,10816000.0,5.62,2.0,12800.0,reported,"Үнслэг (хуурай,%) ≤ 11.0% | Дэгдэмхий бодис  | (үнсгүй хуурай,%) >20.0%-28.0% | Хүхэр (хуурай, %) ≤ 0.85% | Нийт чийглэг  | (хүлээн авах  | үеийн төлөв,%) ≤ 10.0% | G индекс ≥ 75"
2025-12-19,FE02-2025121905,DMP-2577,Дарханы Төмөрлөгийн Үйлдвэр ХХК,Дарханы Төмөрлөгийн Үйлдвэр ХХК,Дарханы Төмөрлөгийн Үйлдвэр ХХК,Iron ore,Төмөр,Баяжмал,Fe-58% Төмрийн баяжмал,Fe-58% Төмрийн баяжмал,Форвард,8,58.0,70.5,USD,тонн,4187700.0,21.55,18.0,59400.0,reported,"FE 58% (дундаж) | S 3.5% (дундаж) | H2O 2.5% (дундаж) | AL2O3 1.0% (дундаж) | SIO2 6.0% (дундаж) | TIO2 0.1% (дундаж) | P 0.02% (дундаж) | Ширхэглэл 0-10mm (нунтаг),  | 10-40mm (бүхэл)"
2025-12-19,FE02-2025121904,DMP-2576,Дарханы Төмөрлөгийн Үйлдвэр ХХК,Дарханы Төмөрлөгийн Үйлдвэр ХХК,Дарханы Төмөрлөгийн Үйлдвэр ХХК,Iron ore,Төмөр,Баяжмал,Fe-58% Төмрийн баяжмал,Fe-58% Төмрийн баяжмал,Форвард,7,62.0,71.0,USD,тонн,4217400.0,14.52,18.0,59400.0,reported,"FE 58% (дундаж) | S 2.5% (дундаж) | H2O 2.5% (дундаж) | AL2O3 2.0% (дундаж) | SIO2 5.0% (дундаж) | TIO2 0.1% (дундаж) | P 0.01% (дундаж) | Ширхэглэл 0-10mm (нунтаг),  | 10-40mm (бүхэл)"
2025-12-19,FE02-2025121903,DMP-2575,Дарханы Төмөрлөгийн Үйлдвэр ХХК,Дарханы Төмөрлөгийн Үйлдвэр ХХК,Дарханы Төмөрлөгийн Үйлдвэр ХХК,Iron ore,Төмөр,Баяжмал,Fe-58% Төмрийн баяжмал,Fe-58% Төмрийн баяжмал,Форвард,9,58.0,71.0,USD,тонн,4217400.0,22.41,18.0,59400.0,reported,"FE 58% (дундаж) | S 3.5% (дундаж) | H2O 2.5% (дундаж) | AL2O3 1.0% (дундаж) | SIO2 6.0% (дундаж) | TIO2 0.1% (дундаж) | P 0.02% (дундаж) | Ширхэглэл 0-10mm (нунтаг),  | 10-40mm (бүхэл)"
2025-12-19,FE02-2025121902,DMP-2574,Дарханы Төмөрлөгийн Үйлдвэр ХХК,Дарханы Төмөрлөгийн Үйлдвэр ХХК,Дарханы Төмөрлөгийн Үйлдвэр ХХК,Iron ore,Төмөр,Баяжмал,Fe-58% Төмрийн баяжмал,Fe-58% Төмрийн баяжмал,Форвард,9,62.0,67.0,USD,тонн,3979800.0,8.06,18.0,59400.0,reported,"FE 58% (дундаж) | S 2.5% (дундаж) | H2O 2.5% (дундаж) | AL2O3 2.0% (дундаж) | SIO2 5.0% (дундаж) | TIO2 0.1% (дундаж) | P 0.01% (дундаж) | Ширхэглэл 0-10mm (нунтаг),  | 10-40mm (бүхэл)"
2025-12-19,FE02-2025121901,DMP-2573,Дарханы Төмөрлөгийн Үйлдвэр ХХК,Дарханы Төмөрлөгийн Үйлдвэр ХХК,Дарханы Төмөрлөгийн Үйлдвэр ХХК,Iron ore,Төмөр,Баяжмал,Fe-58% Төмрийн баяжмал,Fe-58% Төмрийн баяжмал,Форвард,9,58.0,70.5,USD,тонн,4187700.0,21.55,18.0,59400.0,reported,"FE 58% (дундаж) | S 3.5% (дундаж) | H2O 2.5% (дундаж) | AL2O3 1.0% (дундаж) | SIO2 6.0% (дундаж) | TIO2 0.1% (дундаж) | P 0.02% (дундаж) | Ширхэглэл 0-10mm (нунтаг),  | 10-40mm (бүхэл)"
2025-12-19,C10-2025121905,25-15 WTC,Эрдэнэс Тавантолгой ХК,Erdenes Tavan Tolgoi,Эрдэнэс Тавантолгой ХК,Coal,Нүүрс,Баяжуулсан,Washed non-coking-quality coal,Баяжуулсан коксжих чанаргүй нүүрс,Форвард,3,53.3,53.6,USD,тонн,1029120.0,0.56,3.0,19200.0,reported,Ash (db): ≤25.0  | Total moisture (ar): ≤9.0  | Volatile (daf): ˂37.0  | Total sulphur (db): ≤1.0  | Calorific value (ar): ˃6000  | G Index (5:1): <20
2025-12-19,C01-2025121904,25-21-1 WCO,Эрдэнэс Тавантолгой ХК,Erdenes Tavan Tolgoi,Эрдэнэс Тавантолгой ХК,Coal,Нүүрс,Баяжуулсан,Washed coking coal,Баяжуулсан коксжих нүүрс,Форвард,2,124.2,124.2,USD,тонн,15897600.0,0.0,20.0,128000.0,reported,Ash (db): ≤10.5 | Total moisture (ar): ≤10.0 | Volatile (daf): ≤28.0  | Total sulphur (db): 0.85 | G Index (5:1): ≥80
2025-12-19,C01-2025121901,ER-25323,Энержи Ресурс ХХК,Energy Resources,Энержи Ресурс ХХК,Coal,Нүүрс,Баяжуулсан,Washed coking coal,Баяжуулсан коксжих нүүрс,Форвард,6,800.0,840.0,CNY,тонн,10752000.0,5.0,2.0,12800.0,reported,"Үнслэг (хуурай,%) ≤ 11.0% | Дэгдэмхий бодис  | (үнсгүй хуурай,%) >20.0%-28.0% | Хүхэр (хуурай, %) ≤ 0.85% | Нийт чийглэг  | (хүлээн авах  | үеийн төлөв,%) ≤ 10.0% | G индекс ≥ 75"
2025-12-18,FE03-2025121801,ECM-136,Монголросцветмет ТӨҮГ,Mongolrostsvetmet (ex-Erdenes Critical Minerals),Монголросцветмет ТӨҮГ /Эрдэнэс критикал минералс ТӨҮГ/,Iron ore,Төмөр,Хүдэр,Iron ore Fe 52%,Fe-52% Төмрийн хүдэр,Форвард,7,70.0,73.0,USD,тонн,481800.0,4.29,2.0,6600.0,reported,H2O 0.5-1.0% | Al2O3 1%-3% | S 0.02%-0.05% | SiO2 5%-10% | Fe < 52% | TiO2 0.01%-0.08% | P 0.01%-0.03%
2025-12-18,FE02-2025121806,DMP-2572,Дарханы Төмөрлөгийн Үйлдвэр ХХК,Дарханы Төмөрлөгийн Үйлдвэр ХХК,Дарханы Төмөрлөгийн Үйлдвэр ХХК,Iron ore,Төмөр,Баяжмал,Fe-58% Төмрийн баяжмал,Fe-58% Төмрийн баяжмал,Форвард,6,62.0,66.0,USD,тонн,3920400.0,6.45,18.0,59400.0,reported,"FE 58% (дундаж) | S 2.5% (дундаж) | H2O 2.5% (дундаж) | AL2O3 2.0% (дундаж) | SIO2 5.0% (дундаж) | TIO2 0.1% (дундаж) | P 0.01% (дундаж) | Ширхэглэл 0-10mm (нунтаг),  | 10-40mm (бүхэл)"
2025-12-18,FE02-2025121805,DMP-2571,Дарханы Төмөрлөгийн Үйлдвэр ХХК,Дарханы Төмөрлөгийн Үйлдвэр ХХК,Дарханы Төмөрлөгийн Үйлдвэр ХХК,Iron ore,Төмөр,Баяжмал,Fe-58% Төмрийн баяжмал,Fe-58% Төмрийн баяжмал,Форвард,6,58.0,73.0,USD,тонн,4336200.0,25.86,18.0,59400.0,reported,"FE 58% (дундаж) | S 3.5% (дундаж) | H2O 2.5% (дундаж) | AL2O3 1.0% (дундаж) | SIO2 6.0% (дундаж) | TIO2 0.1% (дундаж) | P 0.02% (дундаж) | Ширхэглэл 0-10mm (нунтаг),  | 10-40mm (бүхэл)"
2025-12-18,FE02-2025121804,DMP-2570,Дарханы Төмөрлөгийн Үйлдвэр ХХК,Дарханы Төмөрлөгийн Үйлдвэр ХХК,Дарханы Төмөрлөгийн Үйлдвэр ХХК,Iron ore,Төмөр,Баяжмал,Fe-58% Төмрийн баяжмал,Fe-58% Төмрийн баяжмал,Форвард,3,58.0,67.5,USD,тонн,8019000.0,16.38,36.0,118800.0,reported,"FE 58% (дундаж) | S 3.5% (дундаж) | H2O 2.5% (дундаж) | AL2O3 1.0% (дундаж) | SIO2 6.0% (дундаж) | TIO2 0.1% (дундаж) | P 0.02% (дундаж) | Ширхэглэл 0-10mm (нунтаг),  | 10-40mm (бүхэл)"
2025-12-18,FE02-2025121803,DMP-2569,Дарханы Төмөрлөгийн Үйлдвэр ХХК,Дарханы Төмөрлөгийн Үйлдвэр ХХК,Дарханы Төмөрлөгийн Үйлдвэр ХХК,Iron ore,Төмөр,Баяжмал,Fe-58% Төмрийн баяжмал,Fe-58% Төмрийн баяжмал,Форвард,4,58.0,65.5,USD,тонн,7781400.0,12.93,36.0,118800.0,reported,"FE 58% (дундаж) | S 3.5% (дундаж) | H2O 2.5% (дундаж) | AL2O3 1.0% (дундаж) | SIO2 6.0% (дундаж) | TIO2 0.1% (дундаж) | P 0.02% (дундаж) | Ширхэглэл 0-10mm (нунтаг),  | 10-40mm (бүхэл)"
2025-12-18,FE02-2025121802,DMP-2568,Дарханы Төмөрлөгийн Үйлдвэр ХХК,Дарханы Төмөрлөгийн Үйлдвэр ХХК,Дарханы Төмөрлөгийн Үйлдвэр ХХК,Iron ore,Төмөр,Баяжмал,Fe-58% Төмрийн баяжмал,Fe-58% Төмрийн баяжмал,Форвард,5,62.0,64.0,USD,тонн,3801600.0,3.23,18.0,59400.0,reported,"FE 58% (дундаж) | S 2.5% (дундаж) | H2O 2.5% (дундаж) | AL2O3 2.0% (дундаж) | SIO2 5.0% (дундаж) | TIO2 0.1% (дундаж) | P 0.01% (дундаж) | Ширхэглэл 0-10mm (нунтаг),  | 10-40mm (бүхэл)"
2025-12-18,C06-2025121801,ER-25322,Энержи Ресурс ХХК,Energy Resources,Энержи Ресурс ХХК,Coal,Нүүрс,Баяжуулсан,Washed medium-ash semi-hard coking coal,"Баяжуулсан дунд зэрэг үнстэй, хагас хатуу коксжих нүүрс",Форвард,6,350.0,365.0,CNY,тонн,7008000.0,4.29,3.0,19200.0,reported,"Үнслэг (хуурай,%) ≤ 25.0% | Дэгдэмхий бодис  | (үнсгүй хуурай,%) >10.0%-28.0% | Хүхэр (хуурай, %) ≤ 1.0% | Нийт чийглэг (хүлээн  | авах үеийн төлөв,%) ≤ 10.0% | G индекс >20-60 | Илчлэг (ккал/кг) ≈5500"
2025-12-17,FE03-2025121701,ECM-135,Монголросцветмет ТӨҮГ,Mongolrostsvetmet (ex-Erdenes Critical Minerals),Монголросцветмет ТӨҮГ /Эрдэнэс критикал минералс ТӨҮГ/,Iron ore,Төмөр,Хүдэр,Iron ore Fe 52%,Fe-52% Төмрийн хүдэр,Форвард,7,70.0,72.5,USD,тонн,478500.0,3.57,2.0,6600.0,reported,H2O 0.5-1.0% | Al2O3 1%-3% | S 0.02%-0.05% | SiO2 5%-10% | Fe < 52% | TiO2 0.01%-0.08% | P 0.01%-0.03%
2025-12-17,C06-2025121702,ER-25321,Энержи Ресурс ХХК,Energy Resources,Энержи Ресурс ХХК,Coal,Нүүрс,Баяжуулсан,Washed medium-ash semi-hard coking coal,"Баяжуулсан дунд зэрэг үнстэй, хагас хатуу коксжих нүүрс",Форвард,9,350.0,370.0,CNY,тонн,7104000.0,5.71,3.0,19200.0,reported,"Үнслэг (хуурай,%) ≤ 25.0% | Дэгдэмхий бодис  | (үнсгүй хуурай,%) >10.0%-28.0% | Хүхэр (хуурай, %) ≤ 1.0% | Нийт чийглэг (хүлээн  | авах үеийн төлөв,%) ≤ 10.0% | G индекс >20-60 | Илчлэг (ккал/кг) ≈5500"
2025-12-17,C01-2025121701,ER-25320,Энержи Ресурс ХХК,Energy Resources,Энержи Ресурс ХХК,Coal,Нүүрс,Баяжуулсан,Washed coking coal,Баяжуулсан коксжих нүүрс,Форвард,4,800.0,830.0,CNY,тонн,10624000.0,3.75,2.0,12800.0,reported,"Үнслэг (хуурай,%) ≤ 11.0% | Дэгдэмхий бодис  | (үнсгүй хуурай,%) >20.0%-28.0% | Хүхэр (хуурай, %) ≤ 0.85% | Нийт чийглэг  | (хүлээн авах  | үеийн төлөв,%) ≤ 10.0% | G индекс ≥ 75"
2025-12-16,FE03-2025121601,ECM-134,Монголросцветмет ТӨҮГ,Mongolrostsvetmet (ex-Erdenes Critical Minerals),Монголросцветмет ТӨҮГ /Эрдэнэс критикал минералс ТӨҮГ/,Iron ore,Төмөр,Хүдэр,Iron ore Fe 52%,Fe-52% Төмрийн хүдэр,Форвард,5,70.0,73.5,USD,тонн,485100.0,5.0,2.0,6600.0,reported,H2O 0.5-1.0% | Al2O3 1%-3% | S 0.02%-0.05% | SiO2 5%-10% | Fe < 52% | TiO2 0.01%-0.08% | P 0.01%-0.03%
2025-12-16,C06-2025121601,ER-25319,Энержи Ресурс ХХК,Energy Resources,Энержи Ресурс ХХК,Coal,Нүүрс,Баяжуулсан,Washed medium-ash semi-hard coking coal,"Баяжуулсан дунд зэрэг үнстэй, хагас хатуу коксжих нүүрс",Форвард,6,350.0,365.0,CNY,тонн,7008000.0,4.29,3.0,19200.0,reported,"Үнслэг (хуурай,%) ≤ 25.0% | Дэгдэмхий бодис  | (үнсгүй хуурай,%) >10.0%-28.0% | Хүхэр (хуурай, %) ≤ 1.0% | Нийт чийглэг (хүлээн  | авах үеийн төлөв,%) ≤ 10.0% | G индекс >20-60 | Илчлэг (ккал/кг) ≈5500"
2025-12-15,FE03-2025121501,ECM-133,Монголросцветмет ТӨҮГ,Mongolrostsvetmet (ex-Erdenes Critical Minerals),Монголросцветмет ТӨҮГ /Эрдэнэс критикал минералс ТӨҮГ/,Iron ore,Төмөр,Хүдэр,Iron ore Fe 52%,Fe-52% Төмрийн хүдэр,Форвард,5,70.0,74.0,USD,тонн,488400.0,5.71,2.0,6600.0,reported,H2O 0.5-1.0% | Al2O3 1%-3% | S 0.02%-0.05% | SiO2 5%-10% | Fe < 52% | TiO2 0.01%-0.08% | P 0.01%-0.03%
2025-12-15,C01-2025121501,ER-25318,Энержи Ресурс ХХК,Energy Resources,Энержи Ресурс ХХК,Coal,Нүүрс,Баяжуулсан,Washed coking coal,Баяжуулсан коксжих нүүрс,Форвард,5,800.0,820.0,CNY,тонн,10496000.0,2.5,2.0,12800.0,reported,"Үнслэг (хуурай,%) ≤ 11.0% | Дэгдэмхий бодис  | (үнсгүй хуурай,%) >20.0%-28.0% | Хүхэр (хуурай, %) ≤ 0.85% | Нийт чийглэг  | (хүлээн авах  | үеийн төлөв,%) ≤ 10.0% | G индекс ≥ 75"
2025-12-12,FE03-2025121202,ECM-138,Монголросцветмет ТӨҮГ,Mongolrostsvetmet (ex-Erdenes Critical Minerals),Монголросцветмет ТӨҮГ /Эрдэнэс критикал минералс ТӨҮГ/,Iron ore,Төмөр,Хүдэр,Iron ore Fe 52%,Fe-52% Төмрийн хүдэр,Форвард,1,70.0,70.0,USD,тонн,2310000.0,0.0,10.0,33000.0,reported,H2O 0.5-1.0% | Al2O3 1%-3% | S 0.02%-0.05% | SiO2 5%-10% | Fe < 52% | TiO2 0.01%-0.08% | P 0.01%-0.03%
2025-12-12,FE03-2025121201,ECM-132,Монголросцветмет ТӨҮГ,Mongolrostsvetmet (ex-Erdenes Critical Minerals),Монголросцветмет ТӨҮГ /Эрдэнэс критикал минералс ТӨҮГ/,Iron ore,Төмөр,Хүдэр,Iron ore Fe 52%,Fe-52% Төмрийн хүдэр,Форвард,4,70.0,75.0,USD,тонн,495000.0,7.14,2.0,6600.0,reported,H2O 0.5-1.0% | Al2O3 1%-3% | S 0.02%-0.05% | SiO2 5%-10% | Fe < 52% | TiO2 0.01%-0.08% | P 0.01%-0.03%
2025-12-12,C01-2025121201,ER-25316,Энержи Ресурс ХХК,Energy Resources,Энержи Ресурс ХХК,Coal,Нүүрс,Баяжуулсан,Washed coking coal,Баяжуулсан коксжих нүүрс,Форвард,6,800.0,825.0,CNY,тонн,10560000.0,3.12,2.0,12800.0,reported,"Үнслэг (хуурай,%) ≤ 11.0% | Дэгдэмхий бодис  | (үнсгүй хуурай,%) >20.0%-28.0% | Хүхэр (хуурай, %) ≤ 0.85% | Нийт чийглэг  | (хүлээн авах  | үеийн төлөв,%) ≤ 10.0% | G индекс ≥ 75"
2025-12-11,FE03-2025121101,ECM-131,Монголросцветмет ТӨҮГ,Mongolrostsvetmet (ex-Erdenes Critical Minerals),Монголросцветмет ТӨҮГ /Эрдэнэс критикал минералс ТӨҮГ/,Iron ore,Төмөр,Хүдэр,Iron ore Fe 52%,Fe-52% Төмрийн хүдэр,Форвард,6,70.0,76.5,USD,тонн,504900.0,9.29,2.0,6600.0,reported,H2O 0.5-1.0% | Al2O3 1%-3% | S 0.02%-0.05% | SiO2 5%-10% | Fe < 52% | TiO2 0.01%-0.08% | P 0.01%-0.03%
2025-12-11,C06-2025121101,ER-25315,Энержи Ресурс ХХК,Energy Resources,Энержи Ресурс ХХК,Coal,Нүүрс,Баяжуулсан,Washed medium-ash semi-hard coking coal,"Баяжуулсан дунд зэрэг үнстэй, хагас хатуу коксжих нүүрс",Форвард,8,350.0,370.0,CNY,тонн,7104000.0,5.71,3.0,19200.0,reported,"Үнслэг (хуурай,%) ≤ 25.0% | Дэгдэмхий бодис  | (үнсгүй хуурай,%) >10.0%-28.0% | Хүхэр (хуурай, %) ≤ 1.0% | Нийт чийглэг (хүлээн  | авах үеийн төлөв,%) ≤ 10.0% | G индекс >20-60 | Илчлэг (ккал/кг) ≈5500"
2025-12-11,C02-2025121102,KH-25095,Хангад Эксплорэйшн ХХК,Khangad Exploration,Хангад Эксплорэйшн ХХК,Coal,Нүүрс,Баяжуулсан,Washed semi-soft coking coal,Баяжуулсан сул коксжих нүүрс,Форвард,2,700.0,700.0,CNY,тонн,17920000.0,0.0,4.0,25600.0,reported,"Үнслэг (хуурай,%) ≤ 9.5% | Дэгдэмхий бодис  | (үнсгүй хуурай,%) > 28.0% | Хүхэр (хуурай, %) ≤ 0.85% | Нийт чийглэг  | (хүлээн авах үеийн  | төлөв,%) ≤ 10.0% | G индекс ≥65"
2025-12-10,FE03-2025121001,ECM-130,Монголросцветмет ТӨҮГ,Mongolrostsvetmet (ex-Erdenes Critical Minerals),Монголросцветмет ТӨҮГ /Эрдэнэс критикал минералс ТӨҮГ/,Iron ore,Төмөр,Хүдэр,Iron ore Fe 52%,Fe-52% Төмрийн хүдэр,Форвард,7,70.0,77.0,USD,тонн,508200.0,10.0,2.0,6600.0,reported,H2O 0.5-1.0% | Al2O3 1%-3% | S 0.02%-0.05% | SiO2 5%-10% | Fe < 52% | TiO2 0.01%-0.08% | P 0.01%-0.03%
2025-12-10,C14-2025121002,02-2025,Өсөх Зоос ХХК,Өсөх Зоос ХХК,Өсөх Зоос ХХК,Coal,Нүүрс,Боловсруулаагүй,"Дэгдэмхий бодис их, хийн нүүрс","Дэгдэмхий бодис их, хийн нүүрс",Форвард,3,350.0,354.0,CNY,тонн,13593600.0,1.14,6.0,38400.0,reported,"Хүлээн авах доод илчлэг ≥5833 | Үнс /хуурайгаар/ <20% | Дэгдэмхий /үнсгүй,  | хуурайгаар/>37.0% | Нийт хүхэр /хуурайгаар/ <1.2% | Нийт чийг /хүлээн авах  | үеийн төлөв/<10% | Барьцалдах чанар ≥60"
2025-12-10,C02-2025121004,25-16 1-3 WCO,Эрдэнэс Тавантолгой ХК,Erdenes Tavan Tolgoi,Эрдэнэс Тавантолгой ХК,Coal,Нүүрс,Баяжуулсан,Washed semi-soft coking coal,Баяжуулсан сул коксжих нүүрс,Форвард,1,96.2,96.2,USD,тонн,3078400.0,0.0,5.0,32000.0,reported,Ash (db): ≤12.0  | Total moisture (ar): ≤10.0  | Volatile (daf): >28 | Total sulphur (db): ≤0.85  | G Index (5:1): ˃80
2025-12-10,C02-2025121003,25-15 1-3 WCO,Эрдэнэс Тавантолгой ХК,Erdenes Tavan Tolgoi,Эрдэнэс Тавантолгой ХК,Coal,Нүүрс,Баяжуулсан,Washed semi-soft coking coal,Баяжуулсан сул коксжих нүүрс,Форвард,2,96.2,96.2,USD,тонн,3078400.0,0.0,5.0,32000.0,reported,Ash (db): ≤12.0  | Total moisture (ar): ≤10.0  | Volatile (daf): >28 | Total sulphur (db): ≤0.85  | G Index (5:1): ˃80
2025-12-10,C01-2025121001,ER-25314,Энержи Ресурс ХХК,Energy Resources,Энержи Ресурс ХХК,Coal,Нүүрс,Баяжуулсан,Washed coking coal,Баяжуулсан коксжих нүүрс,Форвард,7,800.0,860.0,CNY,тонн,11008000.0,7.5,2.0,12800.0,reported,"Үнслэг (хуурай,%) ≤ 11.0% | Дэгдэмхий бодис  | (үнсгүй хуурай,%) >20.0%-28.0% | Хүхэр (хуурай, %) ≤ 0.85% | Нийт чийглэг  | (хүлээн авах  | үеийн төлөв,%) ≤ 10.0% | G индекс ≥ 75"
2025-12-09,FE03-2025120901,ECM-129,Монголросцветмет ТӨҮГ,Mongolrostsvetmet (ex-Erdenes Critical Minerals),Монголросцветмет ТӨҮГ /Эрдэнэс критикал минералс ТӨҮГ/,Iron ore,Төмөр,Хүдэр,Iron ore Fe 52%,Fe-52% Төмрийн хүдэр,Форвард,4,65.0,75.5,USD,тонн,2491500.0,16.15,10.0,33000.0,reported,H2O 0.5-1.0% | Al2O3 1%-3% | S 0.02%-0.05% | SiO2 5%-10% | Fe < 52% | TiO2 0.01%-0.08% | P 0.01%-0.03%
2025-12-09,C06-2025120901,ER-25313,Энержи Ресурс ХХК,Energy Resources,Энержи Ресурс ХХК,Coal,Нүүрс,Баяжуулсан,Washed medium-ash semi-hard coking coal,"Баяжуулсан дунд зэрэг үнстэй, хагас хатуу коксжих нүүрс",Форвард,7,350.0,370.0,CNY,тонн,7104000.0,5.71,3.0,19200.0,reported,"Үнслэг (хуурай,%) ≤ 25.0% | Дэгдэмхий бодис  | (үнсгүй хуурай,%) >10.0%-28.0% | Хүхэр (хуурай, %) ≤ 1.0% | Нийт чийглэг (хүлээн  | авах үеийн төлөв,%) ≤ 10.0% | G индекс >20-60 | Илчлэг (ккал/кг) ≈5500"
2025-12-08,С04-2025120803,25-109 1-3 CO,Эрдэнэс Тавантолгой ХК,Erdenes Tavan Tolgoi,Эрдэнэс Тавантолгой ХК,Coal,Нүүрс,Боловсруулаагүй,1/3 coking coal,1/3 коксжих нүүрс,Форвард,1,94.6,94.6,USD,тонн,3027200.0,0.0,5.0,32000.0,reported,Ash (db): ≤9.0 | Total moisture (ar): ≤5.0 | Volatile (daf): >28-37.0  | Total sulphur (db): ≤1.0 | G Index (5:1): ≥75
2025-12-08,FE03-2025120801,ECM-128,Монголросцветмет ТӨҮГ,Mongolrostsvetmet (ex-Erdenes Critical Minerals),Монголросцветмет ТӨҮГ /Эрдэнэс критикал минералс ТӨҮГ/,Iron ore,Төмөр,Хүдэр,Iron ore Fe 52%,Fe-52% Төмрийн хүдэр,Форвард,6,65.0,70.5,USD,тонн,465300.0,8.46,2.0,6600.0,reported,H2O 0.5-1.0% | Al2O3 1%-3% | S 0.02%-0.05% | SiO2 5%-10% | Fe < 52% | TiO2 0.01%-0.08% | P 0.01%-0.03%
2025-12-08,C05-2025120802,25-86 OX,Эрдэнэс Тавантолгой ХК,Erdenes Tavan Tolgoi,Эрдэнэс Тавантолгой ХК,Coal,Нүүрс,Боловсруулаагүй,"Thermal coal (bituminous, non-caking)","Эрчим хүчний нүүрс /Битумт, үл барьцалдах нүүрс/",Форвард,2,47.2,47.2,USD,тонн,6041600.0,0.0,20.0,128000.0,reported,Ash (db): ˂15.0  | Total moisture (ar): ≤9.0  | Volatile (daf): 34.0 max | Total sulphur (db): 1.0 (-0.3 | +0.5) | Calorific value (ar): >6000  | G Index >5-30
2025-12-08,C05-2025120801,25-85 OX,Эрдэнэс Тавантолгой ХК,Erdenes Tavan Tolgoi,Эрдэнэс Тавантолгой ХК,Coal,Нүүрс,Боловсруулаагүй,"Thermal coal (bituminous, non-caking)","Эрчим хүчний нүүрс /Битумт, үл барьцалдах нүүрс/",Форвард,1,43.3,43.3,USD,тонн,1385600.0,0.0,5.0,32000.0,reported,Ash (db): ≤25.0  | Total moisture (ar): ≤9 | Volatile (daf): 34.0 max | Total sulphur (db): 1.0 (-0.3 | +0.5) | Calorific value (ar): 5500 (-500 | +500) | G Index >5-30
2025-12-08,C01-2025120801,ER-25312,Энержи Ресурс ХХК,Energy Resources,Энержи Ресурс ХХК,Coal,Нүүрс,Баяжуулсан,Washed coking coal,Баяжуулсан коксжих нүүрс,Форвард,6,800.0,860.0,CNY,тонн,11008000.0,7.5,2.0,12800.0,reported,"Үнслэг (хуурай,%) ≤ 11.0% | Дэгдэмхий бодис  | (үнсгүй хуурай,%) >20.0%-28.0% | Хүхэр (хуурай, %) ≤ 0.85% | Нийт чийглэг  | (хүлээн авах  | үеийн төлөв,%) ≤ 10.0% | G индекс ≥ 75"
2025-12-05,FE03-2025120501,ECM-127,Монголросцветмет ТӨҮГ,Mongolrostsvetmet (ex-Erdenes Critical Minerals),Монголросцветмет ТӨҮГ /Эрдэнэс критикал минералс ТӨҮГ/,Iron ore,Төмөр,Хүдэр,Iron ore Fe 52%,Fe-52% Төмрийн хүдэр,Форвард,3,65.0,68.5,USD,тонн,2260500.0,5.38,10.0,33000.0,reported,H2O 0.5-1.0% | Al2O3 1%-3% | S 0.02%-0.05% | SiO2 5%-10% | Fe < 52% | TiO2 0.01%-0.08% | P 0.01%-0.03%
2025-12-05,C08-2025120502,9,Андын Илч ХХК,Андын Илч ХХК,Андын Илч ХХК,Coal,Нүүрс,Боловсруулаагүй,Чийг багатай хүрэн нүүрс,Чийг багатай хүрэн нүүрс,Форвард,1,140.0,140.0,CNY,тонн,7168000.0,0.0,8.0,51200.0,reported,"Хүхэр (хуурай, %) 2,56% (+1 | -1) | Илчлэг (ккал/кг) >3500-4000 | Нийт чийглэг (хүлээн  | авах үеийн төлөв,%) ≤30,0  | Үнслэг (хуурай,%) 18,4% (+2 | -2) | Дэгдэмхий бодис  | (үнсгүй хуурай,%)>37,0"
2025-12-05,C05-2025120503,25-83 OX,Эрдэнэс Тавантолгой ХК,Erdenes Tavan Tolgoi,Эрдэнэс Тавантолгой ХК,Coal,Нүүрс,Боловсруулаагүй,"Thermal coal (bituminous, non-caking)","Эрчим хүчний нүүрс /Битумт, үл барьцалдах нүүрс/",Форвард,6,47.2,51.7,USD,тонн,3308800.0,9.53,10.0,64000.0,reported,Ash (db): ˂15.0  | Total moisture (ar): ≤9.0  | Volatile (daf): 34.0 max | Total sulphur (db): 1.0 (-0.3 | +0.5) | Calorific value (ar): >6000  | G Index >5-30
2025-12-05,C04-2025120505,25-108 1-3 CO,Эрдэнэс Тавантолгой ХК,Erdenes Tavan Tolgoi,Эрдэнэс Тавантолгой ХК,Coal,Нүүрс,Боловсруулаагүй,1/3 coking coal,1/3 коксжих нүүрс,Форвард,3,94.6,94.6,USD,тонн,3027200.0,0.0,5.0,32000.0,reported,Ash (db): ≤9.0 | Total moisture (ar): ≤5.0 | Volatile (daf): >28-37.0  | Total sulphur (db): ≤1.0 | G Index (5:1): ≥75
2025-12-04,FE03-2025120401,ECM-126,Монголросцветмет ТӨҮГ,Mongolrostsvetmet (ex-Erdenes Critical Minerals),Монголросцветмет ТӨҮГ /Эрдэнэс критикал минералс ТӨҮГ/,Iron ore,Төмөр,Хүдэр,Iron ore Fe 52%,Fe-52% Төмрийн хүдэр,Форвард,6,65.0,77.5,USD,тонн,511500.0,19.23,2.0,6600.0,reported,H2O 0.5-1.0% | Al2O3 1%-3% | S 0.02%-0.05% | SiO2 5%-10% | Fe < 52% | TiO2 0.01%-0.08% | P 0.01%-0.03%
2025-12-04,C01-2025120401,ER-25311,Энержи Ресурс ХХК,Energy Resources,Энержи Ресурс ХХК,Coal,Нүүрс,Баяжуулсан,Washed coking coal,Баяжуулсан коксжих нүүрс,Форвард,6,800.0,860.0,CNY,тонн,11008000.0,7.5,2.0,12800.0,reported,"Үнслэг (хуурай,%) ≤ 11.0% | Дэгдэмхий бодис  | (үнсгүй хуурай,%) >20.0%-28.0% | Хүхэр (хуурай, %) ≤ 0.85% | Нийт чийглэг  | (хүлээн авах  | үеийн төлөв,%) ≤ 10.0% | G индекс ≥ 75"
2025-12-03,FE03-2025120301,ECM-124,Монголросцветмет ТӨҮГ,Mongolrostsvetmet (ex-Erdenes Critical Minerals),Монголросцветмет ТӨҮГ /Эрдэнэс критикал минералс ТӨҮГ/,Iron ore,Төмөр,Хүдэр,Iron ore Fe 52%,Fe-52% Төмрийн хүдэр,Форвард,5,65.0,78.0,USD,тонн,514800.0,20.0,2.0,6600.0,reported,H2O 0.5-1.0% | Al2O3 1%-3% | S 0.02%-0.05% | SiO2 5%-10% | Fe < 52% | TiO2 0.01%-0.08% | P 0.01%-0.03%
2025-12-03,FE01-2025120302,ECM-125,Монголросцветмет ТӨҮГ,Mongolrostsvetmet (ex-Erdenes Critical Minerals),Монголросцветмет ТӨҮГ /Эрдэнэс критикал минералс ТӨҮГ/,Iron ore,Төмөр,Баяжмал,Iron concentrate Fe 65%,Fe-65% Төмрийн баяжмал,Форвард,2,85.0,86.0,USD,тонн,1702800.0,1.18,6.0,19800.0,reported,H2O 7-10% | Al2O3 0.4%-1% | S 0.02%-0.08% | SiO2 3%-8% | Fe < 65% | TiO2 0.01%-0.08% | P 0.01%-0.03%
2025-12-03,C06-2025120302,ER-25310,Энержи Ресурс ХХК,Energy Resources,Энержи Ресурс ХХК,Coal,Нүүрс,Баяжуулсан,Washed medium-ash semi-hard coking coal,"Баяжуулсан дунд зэрэг үнстэй, хагас хатуу коксжих нүүрс",Форвард,7,350.0,390.0,CNY,тонн,7488000.0,11.43,3.0,19200.0,reported,"Үнслэг (хуурай,%) ≤ 25.0% | Дэгдэмхий бодис  | (үнсгүй хуурай,%) >10.0%-28.0% | Хүхэр (хуурай, %) ≤ 1.0% | Нийт чийглэг (хүлээн  | авах үеийн төлөв,%) ≤ 10.0% | G индекс >20-60 | Илчлэг (ккал/кг) ≈5500"
2025-12-02,C01-2025120201,ER-25308,Энержи Ресурс ХХК,Energy Resources,Энержи Ресурс ХХК,Coal,Нүүрс,Баяжуулсан,Washed coking coal,Баяжуулсан коксжих нүүрс,Форвард,5,850.0,870.0,CNY,тонн,11136000.0,2.35,2.0,12800.0,reported,"Үнслэг (хуурай,%) ≤ 11.0% | Дэгдэмхий бодис  | (үнсгүй хуурай,%) >20.0%-28.0% | Хүхэр (хуурай, %) ≤ 0.85% | Нийт чийглэг  | (хүлээн авах  | үеийн төлөв,%) ≤ 10.0% | G индекс ≥ 75"
2025-12-01,C06-2025120102,ER-25307,Энержи Ресурс ХХК,Energy Resources,Энержи Ресурс ХХК,Coal,Нүүрс,Баяжуулсан,Washed medium-ash semi-hard coking coal,"Баяжуулсан дунд зэрэг үнстэй, хагас хатуу коксжих нүүрс",Форвард,6,350.0,395.0,CNY,тонн,7584000.0,12.86,3.0,19200.0,reported,"Үнслэг (хуурай,%) ≤ 25.0% | Дэгдэмхий бодис  | (үнсгүй хуурай,%) >10.0%-28.0% | Хүхэр (хуурай, %) ≤ 1.0% | Нийт чийглэг (хүлээн  | авах үеийн төлөв,%) ≤ 10.0% | G индекс >20-60 | Илчлэг (ккал/кг) ≈5500"
2025-12-01,C01-2025120101,ER-25306,Энержи Ресурс ХХК,Energy Resources,Энержи Ресурс ХХК,Coal,Нүүрс,Баяжуулсан,Washed coking coal,Баяжуулсан коксжих нүүрс,Форвард,3,850.0,855.0,CNY,тонн,10944000.0,0.59,2.0,12800.0,reported,"Үнслэг (хуурай,%) ≤ 11.0% | Дэгдэмхий бодис  | (үнсгүй хуурай,%) >20.0%-28.0% | Хүхэр (хуурай, %) ≤ 0.85% | Нийт чийглэг  | (хүлээн авах  | үеийн төлөв,%) ≤ 10.0% | G индекс ≥ 75"
2025-11-28,FE03-2025112802,ECM-123,Монголросцветмет ТӨҮГ,Mongolrostsvetmet (ex-Erdenes Critical Minerals),Монголросцветмет ТӨҮГ /Эрдэнэс критикал минералс ТӨҮГ/,Iron ore,Төмөр,Хүдэр,Iron ore Fe 52%,Fe-52% Төмрийн хүдэр,Форвард,3,65.0,78.5,USD,тонн,2590500.0,20.77,10.0,33000.0,reported,H2O 0.5-1.0% | Al2O3 1%-3% | S 0.02%-0.05% | SiO2 5%-10% | Fe < 52% | TiO2 0.01%-0.08% | P 0.01%-0.03%
2025-11-28,FE03-2025112801,ECM-122,Монголросцветмет ТӨҮГ,Mongolrostsvetmet (ex-Erdenes Critical Minerals),Монголросцветмет ТӨҮГ /Эрдэнэс критикал минералс ТӨҮГ/,Iron ore,Төмөр,Хүдэр,Iron ore Fe 52%,Fe-52% Төмрийн хүдэр,Форвард,7,65.0,79.0,USD,тонн,521400.0,21.54,2.0,6600.0,reported,H2O 0.5-1.0% | Al2O3 1%-3% | S 0.02%-0.05% | SiO2 5%-10% | Fe < 52% | TiO2 0.01%-0.08% | P 0.01%-0.03%
2025-11-28,CU01-2025112801,12-2025,Эрдэнэт Үйлдвэр ТӨҮГ,Erdenet Mining Corporation,Эрдэнэт Үйлдвэр ТӨҮГ,Copper,Зэс,Баяжмал,Copper concentrate (22.35% Cu),22.35%-ийн зэсийн агуулгатай баяжмал,Форвард,3,2461.65,2491.65,USD,тонн,11287175.0,1.22,5.0,4530.0,reported,Зэс /Cu/ 22.35% | Мөнгө /Ag/ 78 гр/тн | Хүнцэл /As/ <0.3% | Чийглэг /moisture/ 9.4% | Молибден /Мо/ <0.15% | Төмөр /Fe/ <30% | Цайр /Zn/ <0.7% | Хар тугалга /Pb/ <1.4% | Хүхэр /S/ <37% | Алт /Au/ <0.3 гр/тн | Хөнгөн цагаан /Al/ <2.0%
2025-11-28,C04-2025112804,TTOA-2025-048,Тавантолгой ХК,Tavan Tolgoi JSC,Тавантолгой ХК,Coal,Нүүрс,Боловсруулаагүй,1/3 coking coal,1/3 коксжих нүүрс,Форвард,8,65.0,77.0,USD,тонн,7884800.0,18.46,16.0,102400.0,reported,Ash (db): 16.3 (-4 | +4) | Volatile (daf): 35.4 (-3.0 | +0.9) | Total sulphur (db): 0.8 (-0.3 | +0.2) | G-index (5:1): 72.1 (-6 | +10.0) | Total moisture (ar): 2.6 (-0.5 | +2.5) | Y- index ≤25mm
2025-11-28,C04-2025112803,TTOA-2025-047,Тавантолгой ХК,Tavan Tolgoi JSC,Тавантолгой ХК,Coal,Нүүрс,Боловсруулаагүй,1/3 coking coal,1/3 коксжих нүүрс,Форвард,9,75.0,101.5,USD,тонн,10393600.0,35.33,16.0,102400.0,reported,Ash (db): 14.3 (-4 | +4) | Volatile (daf): 29.6 (-1.0 | +1.9) | Total sulphur (db): 0.8 (-0.3 | +0.2) | G-index (5:1): 79.1 (-8 | +10) | Total moisture (ar): 3.4 (-0.5 | +2.5) | Y- index ≤25mm
2025-11-28,C01-2025112801,ER-25305,Энержи Ресурс ХХК,Energy Resources,Энержи Ресурс ХХК,Coal,Нүүрс,Баяжуулсан,Washed coking coal,Баяжуулсан коксжих нүүрс,Форвард,6,850.0,870.0,CNY,тонн,11136000.0,2.35,2.0,12800.0,reported,"Үнслэг (хуурай,%) ≤ 11.0% | Дэгдэмхий бодис  | (үнсгүй хуурай,%) >20.0%-28.0% | Хүхэр (хуурай, %) ≤ 0.85% | Нийт чийглэг  | (хүлээн авах  | үеийн төлөв,%) ≤ 10.0% | G индекс ≥ 75"
2025-11-27,C06-2025112702,ER-25304,Энержи Ресурс ХХК,Energy Resources,Энержи Ресурс ХХК,Coal,Нүүрс,Баяжуулсан,Washed medium-ash semi-hard coking coal,"Баяжуулсан дунд зэрэг үнстэй, хагас хатуу коксжих нүүрс",Форвард,7,350.0,425.0,CNY,тонн,8160000.0,21.43,3.0,19200.0,reported,"Үнслэг (хуурай,%) ≤ 25.0% | Дэгдэмхий бодис  | (үнсгүй хуурай,%) >10.0%-28.0% | Хүхэр (хуурай, %) ≤ 1.0% | Нийт чийглэг (хүлээн  | авах үеийн төлөв,%) ≤ 10.0% | G индекс >20-60 | Илчлэг (ккал/кг) ≈5500"
2025-11-25,FE03-2025112501,ECM-121,Монголросцветмет ТӨҮГ,Mongolrostsvetmet (ex-Erdenes Critical Minerals),Монголросцветмет ТӨҮГ /Эрдэнэс критикал минералс ТӨҮГ/,Iron ore,Төмөр,Хүдэр,Iron ore Fe 52%,Fe-52% Төмрийн хүдэр,Форвард,3,65.0,72.0,USD,тонн,475200.0,10.77,2.0,6600.0,reported,H2O 0.5-1.0% | Al2O3 1%-3% | S 0.02%-0.05% | SiO2 5%-10% | Fe < 52% | TiO2 0.01%-0.08% | P 0.01%-0.03%
2025-11-25,C01-2025112502,ER-25302,Энержи Ресурс ХХК,Energy Resources,Энержи Ресурс ХХК,Coal,Нүүрс,Баяжуулсан,Washed coking coal,Баяжуулсан коксжих нүүрс,Форвард,2,900.0,900.0,CNY,тонн,11520000.0,0.0,2.0,12800.0,reported,"Үнслэг (хуурай,%) ≤ 11.0% | Дэгдэмхий бодис  | (үнсгүй хуурай,%) >20.0%-28.0% | Хүхэр (хуурай, %) ≤ 0.85% | Нийт чийглэг  | (хүлээн авах  | үеийн төлөв,%) ≤ 10.0% | G индекс ≥ 75"
2025-11-24,FE03-2025112401,ECM-120,Монголросцветмет ТӨҮГ,Mongolrostsvetmet (ex-Erdenes Critical Minerals),Монголросцветмет ТӨҮГ /Эрдэнэс критикал минералс ТӨҮГ/,Iron ore,Төмөр,Хүдэр,Iron ore Fe 52%,Fe-52% Төмрийн хүдэр,Форвард,5,65.0,79.5,USD,тонн,524700.0,22.31,2.0,6600.0,reported,H2O 0.5-1.0% | Al2O3 1%-3% | S 0.02%-0.05% | SiO2 5%-10% | Fe < 52% | TiO2 0.01%-0.08% | P 0.01%-0.03%
2025-11-24,C06-2025112406,ER-25301,Энержи Ресурс ХХК,Energy Resources,Энержи Ресурс ХХК,Coal,Нүүрс,Баяжуулсан,Washed medium-ash semi-hard coking coal,"Баяжуулсан дунд зэрэг үнстэй, хагас хатуу коксжих нүүрс",Форвард,10,350.0,430.0,CNY,тонн,8256000.0,22.86,3.0,19200.0,reported,"Үнслэг (хуурай,%) ≤ 25.0% | Дэгдэмхий бодис  | (үнсгүй хуурай,%) >10.0%-28.0% | Хүхэр (хуурай, %) ≤ 1.0% | Нийт чийглэг (хүлээн  | авах үеийн төлөв,%) ≤ 10.0% | G индекс >20-60 | Илчлэг (ккал/кг) ≈5500"
2025-11-24,C05-2025112403,25-82 OX,Эрдэнэс Тавантолгой ХК,Erdenes Tavan Tolgoi,Эрдэнэс Тавантолгой ХК,Coal,Нүүрс,Боловсруулаагүй,"Thermal coal (bituminous, non-caking)","Эрчим хүчний нүүрс /Битумт, үл барьцалдах нүүрс/",Форвард,1,43.9,43.9,USD,тонн,2809600.0,0.0,10.0,64000.0,reported,Ash (db): 25.0 (-5.0 | +3.0) | Total moisture (ar): 5.0 (-1.0 | +3.0) | Volatile (daf): 34.0 max | Total sulphur (db): 1.0 (-0.3 | +0.5) | Calorific value (ar): 5500 (-500 | +500) | G Index ≤5
2025-11-24,C05-2025112402,25-81 OX,Эрдэнэс Тавантолгой ХК,Erdenes Tavan Tolgoi,Эрдэнэс Тавантолгой ХК,Coal,Нүүрс,Боловсруулаагүй,"Thermal coal (bituminous, non-caking)","Эрчим хүчний нүүрс /Битумт, үл барьцалдах нүүрс/",Форвард,1,43.9,43.9,USD,тонн,11238400.0,0.0,40.0,256000.0,reported,Ash (db): 25.0 (-5.0 | +3.0) | Total moisture (ar): 5.0 (-1.0 | +3.0) | Volatile (daf): 34.0 max | Total sulphur (db): 1.0 (-0.3 | +0.5) | Calorific value (ar): 5500 (-500 | +500) | G Index ≤5
2025-11-24,C05-2025112401,25-80 OX,Эрдэнэс Тавантолгой ХК,Erdenes Tavan Tolgoi,Эрдэнэс Тавантолгой ХК,Coal,Нүүрс,Боловсруулаагүй,"Thermal coal (bituminous, non-caking)","Эрчим хүчний нүүрс /Битумт, үл барьцалдах нүүрс/",Форвард,1,43.9,43.9,USD,тонн,5619200.0,0.0,20.0,128000.0,reported,Ash (db): 25.0 (-5.0 | +3.0) | Total moisture (ar): 5.0 (-1.0 | +3.0) | Volatile (daf): 34.0 max | Total sulphur (db): 1.0 (-0.3 | +0.5) | Calorific value (ar): 5500 (-500 | +500) | G Index ≤5
2025-11-24,C01-2025112405,ER-25300,Энержи Ресурс ХХК,Energy Resources,Энержи Ресурс ХХК,Coal,Нүүрс,Баяжуулсан,Washed coking coal,Баяжуулсан коксжих нүүрс,Форвард,3,900.0,905.0,CNY,тонн,11584000.0,0.56,2.0,12800.0,reported,"Үнслэг (хуурай,%) ≤ 11.0% | Дэгдэмхий бодис  | (үнсгүй хуурай,%) >20.0%-28.0% | Хүхэр (хуурай, %) ≤ 0.85% | Нийт чийглэг  | (хүлээн авах  | үеийн төлөв,%) ≤ 10.0% | G индекс ≥ 75"
2025-11-20,FE03-2025112001,ECM-119,Монголросцветмет ТӨҮГ,Mongolrostsvetmet (ex-Erdenes Critical Minerals),Монголросцветмет ТӨҮГ /Эрдэнэс критикал минералс ТӨҮГ/,Iron ore,Төмөр,Хүдэр,Iron ore Fe 52%,Fe-52% Төмрийн хүдэр,Форвард,5,65.0,80.0,USD,тонн,528000.0,23.08,2.0,6600.0,reported,H2O 0.5-1.0% | Al2O3 1%-3% | S 0.02%-0.05% | SiO2 5%-10% | Fe < 52% | TiO2 0.01%-0.08% | P 0.01%-0.03%
2025-11-20,C06-2025112002,ER-25299,Энержи Ресурс ХХК,Energy Resources,Энержи Ресурс ХХК,Coal,Нүүрс,Баяжуулсан,Washed medium-ash semi-hard coking coal,"Баяжуулсан дунд зэрэг үнстэй, хагас хатуу коксжих нүүрс",Форвард,9,330.0,445.0,CNY,тонн,8544000.0,34.85,3.0,19200.0,reported,"Үнслэг (хуурай,%) ≤ 25.0% | Дэгдэмхий бодис  | (үнсгүй хуурай,%) >10.0%-28.0% | Хүхэр (хуурай, %) ≤ 1.0% | Нийт чийглэг (хүлээн  | авах үеийн төлөв,%) ≤ 10.0% | G индекс >20-60 | Илчлэг (ккал/кг) ≈5500"
2025-11-20,C05-2025112005,25-79 OX,Эрдэнэс Тавантолгой ХК,Erdenes Tavan Tolgoi,Эрдэнэс Тавантолгой ХК,Coal,Нүүрс,Боловсруулаагүй,"Thermal coal (bituminous, non-caking)","Эрчим хүчний нүүрс /Битумт, үл барьцалдах нүүрс/",Форвард,2,43.9,43.9,USD,тонн,5619200.0,0.0,20.0,128000.0,reported,Ash (db): 25.0 (-5.0 | +3.0) | Total moisture (ar): 5.0 (-1.0 | +3.0) | Volatile (daf): 34.0 max | Total sulphur (db): 1.0 (-0.3 | +0.5) | Calorific value (ar): 5500 (-500 | +500) | G Index ≤5
2025-11-20,C04-2025112007,25-107 1-3 CO,Эрдэнэс Тавантолгой ХК,Erdenes Tavan Tolgoi,Эрдэнэс Тавантолгой ХК,Coal,Нүүрс,Боловсруулаагүй,1/3 coking coal,1/3 коксжих нүүрс,Форвард,1,94.5,94.5,USD,тонн,6048000.0,0.0,10.0,64000.0,reported,Ash (db): ≤9.0 | Total moisture (ar): ≤5.0 | Volatile (daf): >28-37.0  | Total sulphur (db): ≤1.0 | G Index (5:1): ≥75
2025-11-20,C04-2025112004,25-105 1-3 CO,Эрдэнэс Тавантолгой ХК,Erdenes Tavan Tolgoi,Эрдэнэс Тавантолгой ХК,Coal,Нүүрс,Боловсруулаагүй,1/3 coking coal,1/3 коксжих нүүрс,Форвард,1,76.2,76.2,USD,тонн,9753600.0,0.0,20.0,128000.0,reported,Ash (db): 22.0 (-3.0 | +3.0) | Total moisture (ar): 4.0 (-1.0 | +2.0) | Volatile (daf): >28-37  | Total sulphur (db): 1.1 (-0.5 | +0.5) | G Index (5:1): ≥70
2025-11-20,C04-2025112003,25-104 1-3 CO,Эрдэнэс Тавантолгой ХК,Erdenes Tavan Tolgoi,Эрдэнэс Тавантолгой ХК,Coal,Нүүрс,Боловсруулаагүй,1/3 coking coal,1/3 коксжих нүүрс,Форвард,4,94.5,94.5,USD,тонн,6048000.0,0.0,10.0,64000.0,reported,Ash (db): ≤9.0 | Total moisture (ar): ≤5.0 | Volatile (daf): >28-37.0  | Total sulphur (db): ≤1.0 | G Index (5:1): ≥75
2025-11-20,C01-2025112001,ER-25298,Энержи Ресурс ХХК,Energy Resources,Энержи Ресурс ХХК,Coal,Нүүрс,Баяжуулсан,Washed coking coal,Баяжуулсан коксжих нүүрс,Форвард,10,800.0,895.0,CNY,тонн,11456000.0,11.88,2.0,12800.0,reported,"Үнслэг (хуурай,%) ≤ 11.0% | Дэгдэмхий бодис  | (үнсгүй хуурай,%) >20.0%-28.0% | Хүхэр (хуурай, %) ≤ 0.85% | Нийт чийглэг  | (хүлээн авах  | үеийн төлөв,%) ≤ 10.0% | G индекс ≥ 75"
2025-11-19,C09-2025111904,MTO1107,Мөнх тэнүүн оргил ХХК,Мөнх тэнүүн оргил ХХК,Мөнх тэнүүн оргил ХХК,Coal,Нүүрс,Баяжуулсан,"Баяжуулсан дунд зэрэг үнслэгтэй, сул коксжих нүүрс","Баяжуулсан дунд зэрэг үнслэгтэй, сул коксжих нүүрс",Форвард,1,330.0,330.0,CNY,тонн,31680000.0,0.0,15.0,96000.0,reported,"Үнслэг (хуурай,%) >18,0-25,0 | Дэгдэмхий бодис (үнсгүй  | хуурай,%) >28.0% | Хүхэр (хуурай, %) ≤ 1.0% | Нийт чийглэг (хүлээн авах  | үеийн төлөв,%) ≤10% | G индекс >20-60 | Илчлэг (ккал/кг) ≈5200"
2025-11-19,C03-2025111903,TTOA-2025-046,Тавантолгой ХК,Tavan Tolgoi JSC,Тавантолгой ХК,Coal,Нүүрс,Боловсруулаагүй,Medium-volatile coking coal,"Дэгдэмхий бодис дунд, коксжих нүүрс",Форвард,1,115.0,115.0,USD,тонн,11776000.0,0.0,16.0,102400.0,reported,"Ash (db): 15,1 (-4.0 | +4.0) | Volatile (daf): 27.01 (-2.0 | +0.9) | Total sulphur (db): 0.89 (-0.3 | +0.2) | G-index (5:1): 74.6(-8.0 | +10.0) | Total moisture (ar): 2,11 (-0.5 | +2.5) | Y- index ≤25mm"
2025-11-19,C02-2025111901,KH-25091,Хангад Эксплорэйшн ХХК,Khangad Exploration,Хангад Эксплорэйшн ХХК,Coal,Нүүрс,Баяжуулсан,Washed semi-soft coking coal,Баяжуулсан сул коксжих нүүрс,Форвард,5,600.0,805.0,CNY,тонн,10304000.0,34.17,2.0,12800.0,reported,"Үнслэг (хуурай,%) ≤ 9.5% | Дэгдэмхий бодис  | (үнсгүй хуурай,%) > 28.0% | Хүхэр (хуурай, %) ≤ 0.85% | Нийт чийглэг  | (хүлээн авах үеийн  | төлөв,%) ≤ 10.0% | G индекс ≥65"
2025-11-18,FE03-2025111801,ECM-118,Монголросцветмет ТӨҮГ,Mongolrostsvetmet (ex-Erdenes Critical Minerals),Монголросцветмет ТӨҮГ /Эрдэнэс критикал минералс ТӨҮГ/,Iron ore,Төмөр,Хүдэр,Iron ore Fe 52%,Fe-52% Төмрийн хүдэр,Форвард,6,65.0,77.5,USD,тонн,511500.0,19.23,2.0,6600.0,reported,H2O 0.5-1.0% | Al2O3 1%-3% | S 0.02%-0.05% | SiO2 5%-10% | Fe < 52% | TiO2 0.01%-0.08% | P 0.01%-0.03%
2025-11-18,C04-2025111803,25-102 1-3 CO,Эрдэнэс Тавантолгой ХК,Erdenes Tavan Tolgoi,Эрдэнэс Тавантолгой ХК,Coal,Нүүрс,Боловсруулаагүй,1/3 coking coal,1/3 коксжих нүүрс,Форвард,1,77.1,77.1,USD,тонн,4934400.0,0.0,10.0,64000.0,reported,Ash (db): 22.0 (-3.0 | +3.0) | Total moisture (ar): 4.0 (-1.0 | +2.0) | Volatile (daf): >28-37  | Total sulphur (db): 1.1 (-0.5 | +0.5) | G Index (5:1): ≥70
2025-11-18,C03-2025111806,TTOA-2025-045,Тавантолгой ХК,Tavan Tolgoi JSC,Тавантолгой ХК,Coal,Нүүрс,Боловсруулаагүй,Medium-volatile coking coal,"Дэгдэмхий бодис дунд, коксжих нүүрс",Форвард,4,110.0,115.5,USD,тонн,11827200.0,5.0,16.0,102400.0,reported,"Ash (db): 15.1 (-4.0 | +4.0) | Volatile (daf): 27.1 (-2.0 | +0.9) | Total sulphur (db): 0.89 (-0.3 | +0.2) | G-index (5:1): 74.6 (-8.0 | +10.0) | Total moisture (ar): 2,11 (-0.5 | +2.5) | Y- index ≤25mm"
2025-11-18,C01-2025111801,ER-25296,Энержи Ресурс ХХК,Energy Resources,Энержи Ресурс ХХК,Coal,Нүүрс,Баяжуулсан,Washed coking coal,Баяжуулсан коксжих нүүрс,Форвард,4,800.0,860.0,CNY,тонн,11008000.0,7.5,2.0,12800.0,reported,"Үнслэг (хуурай,%) ≤ 11.0% | Дэгдэмхий бодис  | (үнсгүй хуурай,%) >20.0%-28.0% | Хүхэр (хуурай, %) ≤ 0.85% | Нийт чийглэг  | (хүлээн авах  | үеийн төлөв,%) ≤ 10.0% | G индекс ≥ 75"
2025-11-17,C06-2025111702,ER-25295,Энержи Ресурс ХХК,Energy Resources,Энержи Ресурс ХХК,Coal,Нүүрс,Баяжуулсан,Washed medium-ash semi-hard coking coal,"Баяжуулсан дунд зэрэг үнстэй, хагас хатуу коксжих нүүрс",Форвард,8,330.0,430.0,CNY,тонн,8256000.0,30.3,3.0,19200.0,reported,"Үнслэг (хуурай,%) ≤ 25.0% | Дэгдэмхий бодис  | (үнсгүй хуурай,%) >10.0%-28.0% | Хүхэр (хуурай, %) ≤ 1.0% | Нийт чийглэг (хүлээн  | авах үеийн төлөв,%) ≤ 10.0% | G индекс >20-60 | Илчлэг (ккал/кг) ≈5500"
2025-11-17,C04-2025111706,25-101 1-3 CO,Эрдэнэс Тавантолгой ХК,Erdenes Tavan Tolgoi,Эрдэнэс Тавантолгой ХК,Coal,Нүүрс,Боловсруулаагүй,1/3 coking coal,1/3 коксжих нүүрс,Форвард,2,77.1,77.1,USD,тонн,9868800.0,0.0,20.0,128000.0,reported,Ash (db): 22.0 (-3.0 | +3.0) | Total moisture (ar): 4.0 (-1.0 | +2.0) | Volatile (daf): ≤37  | Total sulphur (db): 1.1 (-0.5 | +0.5) | G Index (5:1): ≥70
2025-11-17,C04-2025111705,25-100 1-3 CO,Эрдэнэс Тавантолгой ХК,Erdenes Tavan Tolgoi,Эрдэнэс Тавантолгой ХК,Coal,Нүүрс,Боловсруулаагүй,1/3 coking coal,1/3 коксжих нүүрс,Форвард,1,77.1,77.1,USD,тонн,4934400.0,0.0,10.0,64000.0,reported,Ash (db): 22.0 (-3.0 | +3.0) | Total moisture (ar): 4.0 (-1.0 | +2.0) | Volatile (daf): ≤37  | Total sulphur (db): 1.1 (-0.5 | +0.5) | G Index (5:1): ≥70
2025-11-17,C04-2025111703,25-97 1-3 CO,Эрдэнэс Тавантолгой ХК,Erdenes Tavan Tolgoi,Эрдэнэс Тавантолгой ХК,Coal,Нүүрс,Боловсруулаагүй,1/3 coking coal,1/3 коксжих нүүрс,Форвард,2,94.6,94.6,USD,тонн,12108800.0,0.0,20.0,128000.0,reported,Ash (db): ≤9.0 | Total moisture (ar): ≤5.0 | Volatile (daf): ≤37.0  | Total sulphur (db): ≤1.0 | G Index (5:1): ≥75
2025-11-17,C02-2025111704,25-14 1-3 WCO,Эрдэнэс Тавантолгой ХК,Erdenes Tavan Tolgoi,Эрдэнэс Тавантолгой ХК,Coal,Нүүрс,Баяжуулсан,Washed semi-soft coking coal,Баяжуулсан сул коксжих нүүрс,Форвард,4,98.9,102.4,USD,тонн,3276800.0,3.54,5.0,32000.0,reported,Ash (db): ≤12.0  | Total moisture (ar): ≤10.0  | Volatile (daf): >28-37.0 | Total sulphur (db): ≤0.85  | G Index (5:1): ˃80
2025-11-17,C01-2025111701,ER-25294,Энержи Ресурс ХХК,Energy Resources,Энержи Ресурс ХХК,Coal,Нүүрс,Баяжуулсан,Washed coking coal,Баяжуулсан коксжих нүүрс,Форвард,4,800.0,960.0,CNY,тонн,12288000.0,20.0,2.0,12800.0,reported,"Үнслэг (хуурай,%) ≤ 11.0% | Дэгдэмхий бодис  | (үнсгүй хуурай,%) >20.0%-28.0% | Хүхэр (хуурай, %) ≤ 0.85% | Нийт чийглэг  | (хүлээн авах  | үеийн төлөв,%) ≤ 10.0% | G индекс ≥ 75"
2025-11-14,FE03-2025111401,ECM-117,Монголросцветмет ТӨҮГ,Mongolrostsvetmet (ex-Erdenes Critical Minerals),Монголросцветмет ТӨҮГ /Эрдэнэс критикал минералс ТӨҮГ/,Iron ore,Төмөр,Хүдэр,Iron ore Fe 52%,Fe-52% Төмрийн хүдэр,Форвард,7,65.0,74.0,USD,тонн,488400.0,13.85,2.0,6600.0,reported,H2O 0.5-1.0% | Al2O3 1%-3% | S 0.02%-0.05% | SiO2 5%-10% | Fe < 52% | TiO2 0.01%-0.08% | P 0.01%-0.03%
2025-11-14,C10-2025111405,25-13 WTC,Эрдэнэс Тавантолгой ХК,Erdenes Tavan Tolgoi,Эрдэнэс Тавантолгой ХК,Coal,Нүүрс,Баяжуулсан,Washed non-coking-quality coal,Баяжуулсан коксжих чанаргүй нүүрс,Форвард,5,51.5,52.4,USD,тонн,1676800.0,1.75,5.0,32000.0,reported,Ash (db): ≤25.0  | Total moisture (ar): ≤9.0  | Volatile (daf): ˂37.0  | Total sulphur (db): ≤1.0  | Calorific value (ar): ˃6000  | G Index (5:1): <20
2025-11-14,C06-2025111402,ER-25293,Энержи Ресурс ХХК,Energy Resources,Энержи Ресурс ХХК,Coal,Нүүрс,Баяжуулсан,Washed medium-ash semi-hard coking coal,"Баяжуулсан дунд зэрэг үнстэй, хагас хатуу коксжих нүүрс",Форвард,10,330.0,435.0,CNY,тонн,8352000.0,31.82,3.0,19200.0,reported,"Үнслэг (хуурай,%) ≤ 25.0% | Дэгдэмхий бодис  | (үнсгүй хуурай,%) >10.0%-28.0% | Хүхэр (хуурай, %) ≤ 1.0% | Нийт чийглэг (хүлээн  | авах үеийн төлөв,%) ≤ 10.0% | G индекс >20-60 | Илчлэг (ккал/кг) ≈5500"
2025-11-14,C04-2025111407,25-99 1-3 CO,Эрдэнэс Тавантолгой ХК,Erdenes Tavan Tolgoi,Эрдэнэс Тавантолгой ХК,Coal,Нүүрс,Боловсруулаагүй,1/3 coking coal,1/3 коксжих нүүрс,Форвард,1,94.4,94.4,USD,тонн,3020800.0,0.0,5.0,32000.0,reported,Ash (db): ≤9.0 | Total moisture (ar): ≤5.0 | Volatile (daf): ≤37.0  | Total sulphur (db): ≤1.0 | G Index (5:1): ≥75
2025-11-14,C04-2025111406,25-98 1-3 CO,Эрдэнэс Тавантолгой ХК,Erdenes Tavan Tolgoi,Эрдэнэс Тавантолгой ХК,Coal,Нүүрс,Боловсруулаагүй,1/3 coking coal,1/3 коксжих нүүрс,Форвард,1,94.4,94.4,USD,тонн,3020800.0,0.0,5.0,32000.0,reported,Ash (db): ≤9.0 | Total moisture (ar): ≤5.0 | Volatile (daf): ≤37.0  | Total sulphur (db): ≤1.0 | G Index (5:1): ≥75
2025-11-14,C04-2025111404,25-96 13- CO,Эрдэнэс Тавантолгой ХК,Erdenes Tavan Tolgoi,Эрдэнэс Тавантолгой ХК,Coal,Нүүрс,Боловсруулаагүй,1/3 coking coal,1/3 коксжих нүүрс,Форвард,3,94.6,94.6,USD,тонн,6054400.0,0.0,10.0,64000.0,reported,Ash (db): ≤9.0 | Total moisture (ar): ≤5.0 | Volatile (daf): ≤37.0  | Total sulphur (db): ≤1.0 | G Index (5:1): ≥75
2025-11-14,C04-2025111403,25-95 1-3 CO,Эрдэнэс Тавантолгой ХК,Erdenes Tavan Tolgoi,Эрдэнэс Тавантолгой ХК,Coal,Нүүрс,Боловсруулаагүй,1/3 coking coal,1/3 коксжих нүүрс,Форвард,6,72.1,78.1,USD,тонн,4998400.0,8.32,10.0,64000.0,reported,Ash (db): 22.0 (-3.0 | +3.0) | Total moisture (ar): 4.0 (-1.0 | +2.0) | Volatile (daf): ≤37  | Total sulphur (db): 1.1 (-0.5 | +0.5) | G Index (5:1): ≥70
2025-11-14,C01-2025111401,ER-25292,Энержи Ресурс ХХК,Energy Resources,Энержи Ресурс ХХК,Coal,Нүүрс,Баяжуулсан,Washed coking coal,Баяжуулсан коксжих нүүрс,Форвард,6,800.0,975.0,CNY,тонн,12480000.0,21.88,2.0,12800.0,reported,"Үнслэг (хуурай,%) ≤ 11.0% | Дэгдэмхий бодис  | (үнсгүй хуурай,%) >20.0%-28.0% | Хүхэр (хуурай, %) ≤ 0.85% | Нийт чийглэг  | (хүлээн авах  | үеийн төлөв,%) ≤ 10.0% | G индекс ≥ 75"
2025-11-13,C04-2025111302,25-94 1-3 CO,Эрдэнэс Тавантолгой ХК,Erdenes Tavan Tolgoi,Эрдэнэс Тавантолгой ХК,Coal,Нүүрс,Боловсруулаагүй,1/3 coking coal,1/3 коксжих нүүрс,Форвард,1,72.1,72.1,USD,тонн,9228800.0,0.0,20.0,128000.0,reported,Ash (db): 22.0 (-3.0 | +3.0) | Total moisture (ar): 4.0 (-1.0 | +2.0) | Volatile (daf): ≤37  | Total sulphur (db): 1.1 (-0.5 | +0.5) | G Index (5:1): ≥70
2025-11-13,C02-2025111304,MTO1104,Мөнх тэнүүн оргил ХХК,Мөнх тэнүүн оргил ХХК,Мөнх тэнүүн оргил ХХК,Coal,Нүүрс,Баяжуулсан,Washed semi-soft coking coal,Баяжуулсан сул коксжих нүүрс,Форвард,1,108.0,108.0,USD,тонн,11059200.0,0.0,16.0,102400.0,reported,"Үнслэг (хуурай,%) ≤12.0% | Дэгдэмхий бодис (үнсгүй  | хуурай,%) >28.0% | Хүхэр (хуурай, %) ≤ 0.7% | Нийт чийглэг (хүлээн авах  | үеийн төлөв,%) ≤10% | G индекс >60"
2025-11-13,C02-2025111303,25-13 1-3 WCO,Эрдэнэс Тавантолгой ХК,Erdenes Tavan Tolgoi,Эрдэнэс Тавантолгой ХК,Coal,Нүүрс,Баяжуулсан,Washed semi-soft coking coal,Баяжуулсан сул коксжих нүүрс,Форвард,1,98.9,98.9,USD,тонн,3164800.0,0.0,5.0,32000.0,reported,Ash (db): ≤12.0  | Total moisture (ar): ≤10.0  | Volatile (daf): >28-37.0 | Total sulphur (db): ≤0.85  | G Index (5:1): ˃80
2025-11-13,C01-2025111301,ER-25291,Энержи Ресурс ХХК,Energy Resources,Энержи Ресурс ХХК,Coal,Нүүрс,Баяжуулсан,Washed coking coal,Баяжуулсан коксжих нүүрс,Форвард,6,800.0,980.0,CNY,тонн,12544000.0,22.5,2.0,12800.0,reported,"Үнслэг (хуурай,%) ≤ 11.0% | Дэгдэмхий бодис  | (үнсгүй хуурай,%) >20.0%-28.0% | Хүхэр (хуурай, %) ≤ 0.85% | Нийт чийглэг  | (хүлээн авах  | үеийн төлөв,%) ≤ 10.0% | G индекс ≥ 75"
2025-11-12,FE03-2025111201,ECM-116,Монголросцветмет ТӨҮГ,Mongolrostsvetmet (ex-Erdenes Critical Minerals),Монголросцветмет ТӨҮГ /Эрдэнэс критикал минералс ТӨҮГ/,Iron ore,Төмөр,Хүдэр,Iron ore Fe 52%,Fe-52% Төмрийн хүдэр,Форвард,3,65.0,73.0,USD,тонн,963600.0,12.31,4.0,13200.0,reported,H2O 0.5-1.0% | Al2O3 1%-3% | S 0.02%-0.05% | SiO2 5%-10% | Fe < 52% | TiO2 0.01%-0.08% | P 0.01%-0.03%
2025-11-12,C10-2025111202,25-12 WTC,Эрдэнэс Тавантолгой ХК,Erdenes Tavan Tolgoi,Эрдэнэс Тавантолгой ХК,Coal,Нүүрс,Баяжуулсан,Washed non-coking-quality coal,Баяжуулсан коксжих чанаргүй нүүрс,Форвард,6,51.5,62.9,USD,тонн,805120.0,22.14,2.0,12800.0,reported,Ash (db): ≤25.0  | Total moisture (ar): ≤9.0  | Volatile (daf): ˂37.0  | Total sulphur (db): ≤1.0  | Calorific value (ar): ˃6000  | G Index (5:1): <20
2025-11-12,C04-2025111201,25-93 1-3 CO,Эрдэнэс Тавантолгой ХК,Erdenes Tavan Tolgoi,Эрдэнэс Тавантолгой ХК,Coal,Нүүрс,Боловсруулаагүй,1/3 coking coal,1/3 коксжих нүүрс,Форвард,5,72.1,72.1,USD,тонн,18457600.0,0.0,40.0,256000.0,reported,Ash (db): 22.0 (-3.0 | +3.0) | Total moisture (ar): 4.0 (-1.0 | +2.0) | Volatile (daf): ≤37  | Total sulphur (db): 1.1 (-0.5 | +0.5) | G Index (5:1): ≥70
2025-11-12,C02-2025111203,KH-25089,Хангад Эксплорэйшн ХХК,Khangad Exploration,Хангад Эксплорэйшн ХХК,Coal,Нүүрс,Баяжуулсан,Washed semi-soft coking coal,Баяжуулсан сул коксжих нүүрс,Форвард,5,600.0,830.0,CNY,тонн,21248000.0,38.33,4.0,25600.0,reported,"Үнслэг (хуурай,%) ≤ 9.5% | Дэгдэмхий бодис  | (үнсгүй хуурай,%) > 28.0% | Хүхэр (хуурай, %) ≤ 0.85% | Нийт чийглэг  | (хүлээн авах үеийн  | төлөв,%) ≤ 10.0% | G индекс ≥65"
2025-11-11,C06-2025111102,ER-25290,Энержи Ресурс ХХК,Energy Resources,Энержи Ресурс ХХК,Coal,Нүүрс,Баяжуулсан,Washed medium-ash semi-hard coking coal,"Баяжуулсан дунд зэрэг үнстэй, хагас хатуу коксжих нүүрс",Форвард,11,330.0,420.0,CNY,тонн,8064000.0,27.27,3.0,19200.0,reported,"Үнслэг (хуурай,%) ≤ 25.0% | Дэгдэмхий бодис  | (үнсгүй хуурай,%) >10.0%-28.0% | Хүхэр (хуурай, %) ≤ 1.0% | Нийт чийглэг (хүлээн  | авах үеийн төлөв,%) ≤ 10.0% | G индекс >20-60 | Илчлэг (ккал/кг) ≈5500"
2025-11-11,C04-2025111105,25-92 1-3 CO,Эрдэнэс Тавантолгой ХК,Erdenes Tavan Tolgoi,Эрдэнэс Тавантолгой ХК,Coal,Нүүрс,Боловсруулаагүй,1/3 coking coal,1/3 коксжих нүүрс,Форвард,3,64.4,69.9,USD,тонн,4473600.0,8.54,10.0,64000.0,reported,Ash (db): 27.5 (-2.5 | +2.5) | Total moisture (ar): 4.0 (-1.0 | +2.0) | Volatile (daf): 33.0 (-1.5 | +1.5)  | Total sulphur (db): 1.1 (-0.5 | +0.5) | G Index (5:1): 70 (-5 | +5)
2025-11-11,C04-2025111104,25-91 1-3 CO,Эрдэнэс Тавантолгой ХК,Erdenes Tavan Tolgoi,Эрдэнэс Тавантолгой ХК,Coal,Нүүрс,Боловсруулаагүй,1/3 coking coal,1/3 коксжих нүүрс,Форвард,6,72.1,82.1,USD,тонн,10508800.0,13.87,20.0,128000.0,reported,Ash (db): 22.0 (-3.0 | +3.0) | Total moisture (ar): 4.0 (-1.0 | +2.0) | Volatile (daf): ≤37  | Total sulphur (db): 1.1 (-0.5 | +0.5) | G Index (5:1): ≥70
2025-11-11,C02-2025111106,25-12 1-3 WCO,Эрдэнэс Тавантолгой ХК,Erdenes Tavan Tolgoi,Эрдэнэс Тавантолгой ХК,Coal,Нүүрс,Баяжуулсан,Washed semi-soft coking coal,Баяжуулсан сул коксжих нүүрс,Форвард,4,98.9,99.4,USD,тонн,3180800.0,0.51,5.0,32000.0,reported,Ash (db): ≤12.0  | Total moisture (ar): ≤10.0  | Volatile (daf): >28-37.0  | Total sulphur (db): ≤0.85  | G Index (5:1): ˃80
2025-11-10,FE03-2025111001,ECM-115,Монголросцветмет ТӨҮГ,Mongolrostsvetmet (ex-Erdenes Critical Minerals),Монголросцветмет ТӨҮГ /Эрдэнэс критикал минералс ТӨҮГ/,Iron ore,Төмөр,Хүдэр,Iron ore Fe 52%,Fe-52% Төмрийн хүдэр,Форвард,4,65.0,73.0,USD,тонн,2409000.0,12.31,10.0,33000.0,reported,H2O 0.5-1.0% | Al2O3 1%-3% | S 0.02%-0.05% | SiO2 5%-10% | Fe < 52% | TiO2 0.01%-0.08% | P 0.01%-0.03%
2025-11-10,C01-2025111001,ER-25288,Энержи Ресурс ХХК,Energy Resources,Энержи Ресурс ХХК,Coal,Нүүрс,Баяжуулсан,Washed coking coal,Баяжуулсан коксжих нүүрс,Форвард,6,800.0,1010.0,CNY,тонн,12928000.0,26.25,2.0,12800.0,reported,"Үнслэг (хуурай,%) ≤ 11.0% | Дэгдэмхий бодис  | (үнсгүй хуурай,%) >20.0%-28.0% | Хүхэр (хуурай, %) ≤ 0.85% | Нийт чийглэг  | (хүлээн авах  | үеийн төлөв,%) ≤ 10.0% | G индекс ≥ 75"
2025-11-07,CAF01-2025110701,ECM-114,Монголросцветмет ТӨҮГ,Mongolrostsvetmet (ex-Erdenes Critical Minerals),Монголросцветмет ТӨҮГ /Эрдэнэс критикал минералс ТӨҮГ/,Fluorspar,Жонш,Баяжмал,Fluorspar concentrate CaF2 95%,CaF2-95% Хайлуур жоншны баяжмал,Форвард,1,320.0,320.0,USD,тонн,1060800.0,0.0,51.0,3315.0,reported,CAF2 95% | CACO3 2.0% | SIO2 1.4% | S 0.02-0.05% | P <0.5 | H2O 8-10%
2025-11-07,C06-2025110701,ER-25287,Энержи Ресурс ХХК,Energy Resources,Энержи Ресурс ХХК,Coal,Нүүрс,Баяжуулсан,Washed medium-ash semi-hard coking coal,"Баяжуулсан дунд зэрэг үнстэй, хагас хатуу коксжих нүүрс",Форвард,13,330.0,455.0,CNY,тонн,8736000.0,37.88,3.0,19200.0,reported,"Үнслэг (хуурай,%) ≤ 25.0% | Дэгдэмхий бодис  | (үнсгүй хуурай,%) >10.0%-28.0% | Хүхэр (хуурай, %) ≤ 1.0% | Нийт чийглэг (хүлээн  | авах үеийн төлөв,%) ≤ 10.0% | G индекс >20-60 | Илчлэг (ккал/кг) ≈5500"
2025-11-07,C02-2025110704,25-11 1-3 WCO,Эрдэнэс Тавантолгой ХК,Erdenes Tavan Tolgoi,Эрдэнэс Тавантолгой ХК,Coal,Нүүрс,Баяжуулсан,Washed semi-soft coking coal,Баяжуулсан сул коксжих нүүрс,Форвард,3,95.7,95.7,USD,тонн,3062400.0,0.0,5.0,32000.0,reported,Ash (db): ≤12.0  | Total moisture (ar): ≤10.0  | Volatile (daf): ˂37.0  | Total sulphur (db): ≤0.85  | G Index (5:1): ˃80
2025-11-06,FE03-2025110601,ECM-113,Монголросцветмет ТӨҮГ,Mongolrostsvetmet (ex-Erdenes Critical Minerals),Монголросцветмет ТӨҮГ /Эрдэнэс критикал минералс ТӨҮГ/,Iron ore,Төмөр,Хүдэр,Iron ore Fe 52%,Fe-52% Төмрийн хүдэр,Форвард,7,65.0,72.5,USD,тонн,478500.0,11.54,2.0,6600.0,reported,H2O 0.5-1.0% | Al2O3 1%-3% | S 0.02%-0.05% | SiO2 5%-10% | Fe < 52% | TiO2 0.01%-0.08% | P 0.01%-0.03%
2025-11-06,C05-2025110602,25-75 OX,Эрдэнэс Тавантолгой ХК,Erdenes Tavan Tolgoi,Эрдэнэс Тавантолгой ХК,Coal,Нүүрс,Боловсруулаагүй,"Thermal coal (bituminous, non-caking)","Эрчим хүчний нүүрс /Битумт, үл барьцалдах нүүрс/",Форвард,1,40.3,40.3,USD,тонн,2579200.0,0.0,10.0,64000.0,reported,Total moisture (ar): ≤9.0  | Volatile (daf): ≤37 | Total sulphur (db): 1.0 (-0.3 | +0.5) | Calorific value (ar): 5000 (-500 | +500) | G Index ≤5
2025-11-06,C04-2025110603,25-90 1-3 CO,Эрдэнэс Тавантолгой ХК,Erdenes Tavan Tolgoi,Эрдэнэс Тавантолгой ХК,Coal,Нүүрс,Боловсруулаагүй,1/3 coking coal,1/3 коксжих нүүрс,Форвард,4,71.5,87.0,USD,тонн,11136000.0,21.68,20.0,128000.0,reported,Ash (db): 22.0 (-3.0 | +3.0) | Total moisture (ar): 4.0 (-1.0 | +2.0) | Volatile (daf): ≤37  | Total sulphur (db): 1.1 (-0.5 | +0.5) | G Index (5:1): ≥70
2025-11-06,C01-2025110601,ER-25286,Энержи Ресурс ХХК,Energy Resources,Энержи Ресурс ХХК,Coal,Нүүрс,Баяжуулсан,Washed coking coal,Баяжуулсан коксжих нүүрс,Форвард,5,800.0,1025.0,CNY,тонн,13120000.0,28.12,2.0,12800.0,reported,"Үнслэг (хуурай,%) ≤ 11.0% | Дэгдэмхий бодис  | (үнсгүй хуурай,%) >20.0%-28.0% | Хүхэр (хуурай, %) ≤ 0.85% | Нийт чийглэг  | (хүлээн авах  | үеийн төлөв,%) ≤ 10.0% | G индекс ≥ 75"
2025-11-05,C04-2025110503,25-89 1-3 CO,Эрдэнэс Тавантолгой ХК,Erdenes Tavan Tolgoi,Эрдэнэс Тавантолгой ХК,Coal,Нүүрс,Боловсруулаагүй,1/3 coking coal,1/3 коксжих нүүрс,Форвард,5,71.5,86.5,USD,тонн,11072000.0,20.98,20.0,128000.0,reported,
2025-11-04,FE03-2025110401,ECM-112,Монголросцветмет ТӨҮГ,Mongolrostsvetmet (ex-Erdenes Critical Minerals),Монголросцветмет ТӨҮГ /Эрдэнэс критикал минералс ТӨҮГ/,Iron ore,Төмөр,Хүдэр,Iron ore Fe 52%,Fe-52% Төмрийн хүдэр,Форвард,4,65.0,70.5,USD,тонн,465300.0,8.46,2.0,6600.0,reported,H2O 0.5-1.0% | Al2O3 1%-3% | S 0.02%-0.05% | SiO2 5%-10% | Fe < 52% | TiO2 0.01%-0.08% | P 0.01%-0.03%
2025-11-04,C14-2025110401,01-2025,Өсөх Зоос ХХК,Өсөх Зоос ХХК,Өсөх Зоос ХХК,Coal,Нүүрс,Боловсруулаагүй,"Дэгдэмхий бодис их, хийн нүүрс","Дэгдэмхий бодис их, хийн нүүрс",Форвард,1,330.0,332.0,CNY,тонн,21248000.0,0.61,10.0,64000.0,reported,"Хүлээн авах доод илчлэг ≥5833 | Үнс /хуурайгаар/ <20% | Дэгдэмхий /үнсгүй,  | хуурайгаар/ >37.0% | Нийт хүхэр /хуурайгаар/ <1.2% | Нийт чийг /хүлээн авах  | үеийн төлөв/<3.5% | Барьцалдах чанар ≥60"
2025-11-04,C06-2025110403,ER-25285,Энержи Ресурс ХХК,Energy Resources,Энержи Ресурс ХХК,Coal,Нүүрс,Баяжуулсан,Washed medium-ash semi-hard coking coal,"Баяжуулсан дунд зэрэг үнстэй, хагас хатуу коксжих нүүрс",Форвард,13,330.0,420.0,CNY,тонн,8064000.0,27.27,3.0,19200.0,reported,"Үнслэг (хуурай,%) ≤ 25.0% | Дэгдэмхий бодис  | (үнсгүй хуурай,%) >10.0%-28.0% | Хүхэр (хуурай, %) ≤ 1.0% | Нийт чийглэг (хүлээн  | авах үеийн төлөв,%) ≤ 10.0% | G индекс >20-60 | Илчлэг (ккал/кг) ≈5500"
2025-11-03,FE01-2025110301,ECM-111,Монголросцветмет ТӨҮГ,Mongolrostsvetmet (ex-Erdenes Critical Minerals),Монголросцветмет ТӨҮГ /Эрдэнэс критикал минералс ТӨҮГ/,Iron ore,Төмөр,Баяжмал,Iron concentrate Fe 65%,Fe-65% Төмрийн баяжмал,Форвард,1,85.0,85.0,USD,тонн,1683000.0,0.0,6.0,19800.0,reported,H2O 7-10% | AL2O3 0.4-1% | S 0.02-0.08% | SIO2 3-8% | FE <65% | TIO2 0.01-0.08% | P 0.01-0.03%
2025-11-03,C01-2025110301,ER-25283,Энержи Ресурс ХХК,Energy Resources,Энержи Ресурс ХХК,Coal,Нүүрс,Баяжуулсан,Washed coking coal,Баяжуулсан коксжих нүүрс,Форвард,6,800.0,1040.0,CNY,тонн,13312000.0,30.0,2.0,12800.0,reported,"Үнслэг (хуурай,%) ≤ 11.0% | Дэгдэмхий бодис  | (үнсгүй хуурай,%) >20.0%-28.0% | Хүхэр (хуурай, %) ≤ 0.85% | Нийт чийглэг  | (хүлээн авах  | үеийн төлөв,%) ≤ 10.0% | G индекс ≥ 75"
2025-10-31,FE03-2025103101,ECM-110,Монголросцветмет ТӨҮГ,Mongolrostsvetmet (ex-Erdenes Critical Minerals),Монголросцветмет ТӨҮГ /Эрдэнэс критикал минералс ТӨҮГ/,Iron ore,Төмөр,Хүдэр,Iron ore Fe 52%,Fe-52% Төмрийн хүдэр,Форвард,4,65.0,68.5,USD,тонн,452100.0,5.38,2.0,6600.0,reported,H2O 0.5-1.0% | Al2O3 1%-3% | S 0.02%-0.05% | SiO2 5%-10% | Fe < 52% | TiO2 0.01%-0.08% | P 0.01%-0.03%
2025-10-31,C10-2025103104,25-11 WTC,Эрдэнэс Тавантолгой ХК,Erdenes Tavan Tolgoi,Эрдэнэс Тавантолгой ХК,Coal,Нүүрс,Баяжуулсан,Washed non-coking-quality coal,Баяжуулсан коксжих чанаргүй нүүрс,Форвард,6,51.4,57.1,USD,тонн,1461760.0,11.09,4.0,25600.0,reported,Ash (db): ≤25.0  | Total moisture (ar): ≤9.0  | Volatile (daf): ˂37.0  | Total sulphur (db): ≤1.0  | Calorific value (ar): ˃6000  | G Index (5:1): <20
2025-10-31,C06-2025103102,ER-25282,Энержи Ресурс ХХК,Energy Resources,Энержи Ресурс ХХК,Coal,Нүүрс,Баяжуулсан,Washed medium-ash semi-hard coking coal,"Баяжуулсан дунд зэрэг үнстэй, хагас хатуу коксжих нүүрс",Форвард,11,330.0,405.0,CNY,тонн,7776000.0,22.73,3.0,19200.0,reported,"Үнслэг (хуурай,%) ≤ 25.0% | Дэгдэмхий бодис  | (үнсгүй хуурай,%) >10.0%-28.0% | Хүхэр (хуурай, %) ≤ 1.0% | Нийт чийглэг (хүлээн  | авах үеийн төлөв,%) ≤ 10.0% | G индекс >20-60 | Илчлэг (ккал/кг) ≈5500"
2025-10-31,C05-2025103108,25-73 OX,Эрдэнэс Тавантолгой ХК,Erdenes Tavan Tolgoi,Эрдэнэс Тавантолгой ХК,Coal,Нүүрс,Боловсруулаагүй,"Thermal coal (bituminous, non-caking)","Эрчим хүчний нүүрс /Битумт, үл барьцалдах нүүрс/",Форвард,2,43.5,43.5,USD,тонн,11136000.0,0.0,40.0,256000.0,reported,Ash (db): 25.0 (-5.0 | +3.0) | Total moisture (ar): 5.0 (-1.0 | +3.0) | Volatile (daf): 34.0 max | Total sulphur (db): 1.0 (-0.3 | +0.5) | Calorific value (ar): 5500 (-500 | +500) | G Index ≤5
2025-10-31,C05-2025103105,25-72 OX,Эрдэнэс Тавантолгой ХК,Erdenes Tavan Tolgoi,Эрдэнэс Тавантолгой ХК,Coal,Нүүрс,Боловсруулаагүй,"Thermal coal (bituminous, non-caking)","Эрчим хүчний нүүрс /Битумт, үл барьцалдах нүүрс/",Форвард,2,48.9,48.9,USD,тонн,12518400.0,0.0,40.0,256000.0,reported,Ash (db): 25.0 (-5.0 | +3.0) | Total moisture (ar): 5.0 (-1.0 | +3.0) | Volatile (daf): 34.0 max | Total sulphur (db): 1.0 (-0.3 | +0.5) | Calorific value (ar): 5500 (-500 | +500) | G Index ≤5
2025-10-31,C04-2025103107,25-88 1-3 CO,Эрдэнэс Тавантолгой ХК,Erdenes Tavan Tolgoi,Эрдэнэс Тавантолгой ХК,Coal,Нүүрс,Боловсруулаагүй,1/3 coking coal,1/3 коксжих нүүрс,Форвард,4,96.8,98.8,USD,тонн,12646400.0,2.07,20.0,128000.0,reported,Ash (db): ≤9.0 | Total moisture (ar): ≤5.0 | Volatile (daf): ≤37.0  | Total sulphur (db): ≤1.0 | G Index (5:1): ≥75
2025-10-31,C04-2025103106,25-87 1-3 CO,Эрдэнэс Тавантолгой ХК,Erdenes Tavan Tolgoi,Эрдэнэс Тавантолгой ХК,Coal,Нүүрс,Боловсруулаагүй,1/3 coking coal,1/3 коксжих нүүрс,Форвард,6,96.8,114.8,USD,тонн,7347200.0,18.6,10.0,64000.0,reported,Ash (db): ≤9.0 | Total moisture (ar): ≤5.0 | Volatile (daf): ≤37.0  | Total sulphur (db): ≤1.0 | G Index (5:1): ≥75
2025-10-31,C02-2025103103,25-10 1-3 WCO,Эрдэнэс Тавантолгой ХК,Erdenes Tavan Tolgoi,Эрдэнэс Тавантолгой ХК,Coal,Нүүрс,Баяжуулсан,Washed semi-soft coking coal,Баяжуулсан сул коксжих нүүрс,Форвард,6,95.7,117.7,USD,тонн,2259840.0,22.99,3.0,19200.0,reported,Ash (db): ≤12.0  | Total moisture (ar): ≤10.0  | Volatile (daf): ˂37.0  | Total sulphur (db): ≤0.85  | G Index (5:1): ˃80
2025-10-31,C01-2025103101,ER-25281,Энержи Ресурс ХХК,Energy Resources,Энержи Ресурс ХХК,Coal,Нүүрс,Баяжуулсан,Washed coking coal,Баяжуулсан коксжих нүүрс,Форвард,6,800.0,1045.0,CNY,тонн,13376000.0,30.62,2.0,12800.0,reported,"Үнслэг (хуурай,%) ≤ 11.0% | Дэгдэмхий бодис  | (үнсгүй хуурай,%) >20.0%-28.0% | Хүхэр (хуурай, %) ≤ 0.85% | Нийт чийглэг  | (хүлээн авах  | үеийн төлөв,%) ≤ 10.0% | G индекс ≥ 75"
2025-10-29,FE03-2025102901,ECM-109,Монголросцветмет ТӨҮГ,Mongolrostsvetmet (ex-Erdenes Critical Minerals),Монголросцветмет ТӨҮГ /Эрдэнэс критикал минералс ТӨҮГ/,Iron ore,Төмөр,Хүдэр,Iron ore Fe 52%,Fe-52% Төмрийн хүдэр,Форвард,3,65.0,68.5,USD,тонн,452100.0,5.38,2.0,6600.0,reported,H2O 0.5-1.0% | Al2O3 1%-3% | S 0.02%-0.05% | SiO2 5%-10% | Fe < 52% | TiO2 0.01%-0.08% | P 0.01%-0.03%
2025-10-29,CU01-2025102901,11-2025,Эрдэнэт Үйлдвэр ТӨҮГ,Erdenet Mining Corporation,Эрдэнэт Үйлдвэр ТӨҮГ,Copper,Зэс,Баяжмал,Copper concentrate (22.35% Cu),22.35%-ийн зэсийн агуулгатай баяжмал,Форвард,3,2408.26,2513.26,USD,тонн,11385068.0,4.36,5.0,4530.0,reported,Зэс /Cu/ 22.35% | Мөнгө /Ag/ 78 гр/тн | Хүнцэл /As/ <0.3% | Чийглэг /moisture/ 9.4% | Молибден /Мо/ <0.15% | Төмөр /Fe/ <30% | Цайр /Zn/ <0.7% | Хар тугалга /Pb/ <1.4% | Хүхэр /S/ <37% | Алт /Au/ <0.3 гр/тн | Хөнгөн цагаан /Al/ <2.0%
2025-10-29,C06-2025102901,ER-25280,Энержи Ресурс ХХК,Energy Resources,Энержи Ресурс ХХК,Coal,Нүүрс,Баяжуулсан,Washed medium-ash semi-hard coking coal,"Баяжуулсан дунд зэрэг үнстэй, хагас хатуу коксжих нүүрс",Форвард,10,330.0,390.0,CNY,тонн,7488000.0,18.18,3.0,19200.0,reported,"Үнслэг (хуурай,%) ≤ 25.0% | Дэгдэмхий бодис  | (үнсгүй хуурай,%) >10.0%-28.0% | Хүхэр (хуурай, %) ≤ 1.0% | Нийт чийглэг (хүлээн  | авах үеийн төлөв,%) ≤ 10.0% | G индекс >20-60 | Илчлэг (ккал/кг) ≈5500"
2025-10-28,C01-2025102801,ER-25278,Энержи Ресурс ХХК,Energy Resources,Энержи Ресурс ХХК,Coal,Нүүрс,Баяжуулсан,Washed coking coal,Баяжуулсан коксжих нүүрс,Форвард,7,800.0,1005.0,CNY,тонн,12864000.0,25.62,2.0,12800.0,reported,"Үнслэг (хуурай,%) ≤ 11.0% | Дэгдэмхий бодис  | (үнсгүй хуурай,%) >20.0%-28.0% | Хүхэр (хуурай, %) ≤ 0.85% | Нийт чийглэг  | (хүлээн авах  | үеийн төлөв,%) ≤ 10.0% | G индекс ≥ 75"
2025-10-27,FE03-2025102701,ECM-108,Монголросцветмет ТӨҮГ,Mongolrostsvetmet (ex-Erdenes Critical Minerals),Монголросцветмет ТӨҮГ /Эрдэнэс критикал минералс ТӨҮГ/,Iron ore,Төмөр,Хүдэр,Iron ore Fe 52%,Fe-52% Төмрийн хүдэр,Форвард,5,65.0,70.5,USD,тонн,465300.0,8.46,2.0,6600.0,reported,H2O 0.5-1.0% | Al2O3 1%-3% | S 0.02%-0.05% | SiO2 5%-10% | Fe < 52% | TiO2 0.01%-0.08% | P 0.01%-0.03%
2025-10-24,C06-2025102402,ER-25277,Энержи Ресурс ХХК,Energy Resources,Энержи Ресурс ХХК,Coal,Нүүрс,Баяжуулсан,Washed medium-ash semi-hard coking coal,"Баяжуулсан дунд зэрэг үнстэй, хагас хатуу коксжих нүүрс",Форвард,5,330.0,385.0,CNY,тонн,7392000.0,16.67,3.0,19200.0,reported,"Үнслэг (хуурай,%) ≤ 25.0% | Дэгдэмхий бодис  | (үнсгүй хуурай,%) >10.0%-28.0% | Хүхэр (хуурай, %) ≤ 1.0% | Нийт чийглэг (хүлээн  | авах үеийн төлөв,%) ≤ 10.0% | G индекс >20-60 | Илчлэг (ккал/кг) ≈5500"
2025-10-24,C02-2025102403,KH-25086,Хангад Эксплорэйшн ХХК,Khangad Exploration,Хангад Эксплорэйшн ХХК,Coal,Нүүрс,Баяжуулсан,Washed semi-soft coking coal,Баяжуулсан сул коксжих нүүрс,Форвард,5,600.0,870.0,CNY,тонн,22272000.0,45.0,4.0,25600.0,reported,"Үнслэг (хуурай,%) ≤ 9.5% | Дэгдэмхий бодис  | (үнсгүй хуурай,%) > 28.0% | Хүхэр (хуурай, %) ≤ 0.85% | Нийт чийглэг  | (хүлээн авах үеийн  | төлөв,%) ≤ 10.0% | G индекс ≥65"
2025-10-24,C01-2025102401,ER-25276,Энержи Ресурс ХХК,Energy Resources,Энержи Ресурс ХХК,Coal,Нүүрс,Баяжуулсан,Washed coking coal,Баяжуулсан коксжих нүүрс,Форвард,6,800.0,990.0,CNY,тонн,12672000.0,23.75,2.0,12800.0,reported,"Үнслэг (хуурай,%) ≤ 11.0% | Дэгдэмхий бодис  | (үнсгүй хуурай,%) >20.0%-28.0% | Хүхэр (хуурай, %) ≤ 0.85% | Нийт чийглэг  | (хүлээн авах  | үеийн төлөв,%) ≤ 10.0% | G индекс ≥ 75"
2025-10-23,FE03-2025102301,ECM-107,Монголросцветмет ТӨҮГ,Mongolrostsvetmet (ex-Erdenes Critical Minerals),Монголросцветмет ТӨҮГ /Эрдэнэс критикал минералс ТӨҮГ/,Iron ore,Төмөр,Хүдэр,Iron ore Fe 52%,Fe-52% Төмрийн хүдэр,Форвард,3,65.0,68.0,USD,тонн,897600.0,4.62,4.0,13200.0,reported,H2O 0.5-1.0% | Al2O3 1%-3% | S 0.02%-0.05% | SiO2 5%-10% | Fe < 52% | TiO2 0.01%-0.08% | P 0.01%-0.03%
2025-10-23,C06-2025102302,ER-25275,Энержи Ресурс ХХК,Energy Resources,Энержи Ресурс ХХК,Coal,Нүүрс,Баяжуулсан,Washed medium-ash semi-hard coking coal,"Баяжуулсан дунд зэрэг үнстэй, хагас хатуу коксжих нүүрс",Форвард,7,330.0,405.0,CNY,тонн,7776000.0,22.73,3.0,19200.0,reported,"Үнслэг (хуурай,%) ≤ 25.0% | Дэгдэмхий бодис  | (үнсгүй хуурай,%) >10.0%-28.0% | Хүхэр (хуурай, %) ≤ 1.0% | Нийт чийглэг (хүлээн  | авах үеийн төлөв,%) ≤ 10.0% | G индекс >20-60 | Илчлэг (ккал/кг) ≈5500"
2025-10-23,C01-2025102301,ER-25274,Энержи Ресурс ХХК,Energy Resources,Энержи Ресурс ХХК,Coal,Нүүрс,Баяжуулсан,Washed coking coal,Баяжуулсан коксжих нүүрс,Форвард,6,800.0,1000.0,CNY,тонн,12800000.0,25.0,2.0,12800.0,reported,"Үнслэг (хуурай,%) ≤ 11.0% | Дэгдэмхий бодис  | (үнсгүй хуурай,%) >20.0%-28.0% | Хүхэр (хуурай, %) ≤ 0.85% | Нийт чийглэг  | (хүлээн авах  | үеийн төлөв,%) ≤ 10.0% | G индекс ≥ 75"
2025-10-22,C13-2025102204,TTOA-2025-043,Тавантолгой ХК,Tavan Tolgoi JSC,Тавантолгой ХК,Coal,Нүүрс,Боловсруулаагүй,1/2 барьцалдах нүүрс,1/2 барьцалдах нүүрс,Форвард,7,36.0,58.0,USD,тонн,5939200.0,61.11,16.0,102400.0,reported,Ash (db): 32.84 (-4 | +4) | Volatile (daf): 29.65 (-3 | +3) | Total sulphur (db): 0.7 (-1 | +1) | G-index (5:1): 45 (-5 | +5) | Total moisture (ar): 2.0 (-5 | +5)
2025-10-22,C13-2025102203,TTOA-2025-042,Тавантолгой ХК,Tavan Tolgoi JSC,Тавантолгой ХК,Coal,Нүүрс,Боловсруулаагүй,1/2 барьцалдах нүүрс,1/2 барьцалдах нүүрс,Форвард,6,36.0,64.0,USD,тонн,6553600.0,77.78,16.0,102400.0,reported,Ash (db): 32.84 (-4 | +4) | Volatile (daf): 29.65 (-3 | +3) | Total sulphur (db): 0.7 (-1 | +1) | G-index (5:1): 45 (-5 | +5) | Total moisture (ar): 2.0 (-5 | +5)
2025-10-22,C06-2025102202,ER-25273,Энержи Ресурс ХХК,Energy Resources,Энержи Ресурс ХХК,Coal,Нүүрс,Баяжуулсан,Washed medium-ash semi-hard coking coal,"Баяжуулсан дунд зэрэг үнстэй, хагас хатуу коксжих нүүрс",Форвард,6,330.0,405.0,CNY,тонн,7776000.0,22.73,3.0,19200.0,reported,"Үнслэг (хуурай,%) ≤ 25.0% | Дэгдэмхий бодис  | (үнсгүй хуурай,%) >10.0%-28.0% | Хүхэр (хуурай, %) ≤ 1.0% | Нийт чийглэг (хүлээн  | авах үеийн төлөв,%) ≤ 10.0% | G индекс >20-60 | Илчлэг (ккал/кг) ≈5500"
2025-10-22,C01-2025102201,ER-25272,Энержи Ресурс ХХК,Energy Resources,Энержи Ресурс ХХК,Coal,Нүүрс,Баяжуулсан,Washed coking coal,Баяжуулсан коксжих нүүрс,Форвард,6,800.0,975.0,CNY,тонн,12480000.0,21.88,2.0,12800.0,reported,"Үнслэг (хуурай,%) ≤ 11.0% | Дэгдэмхий бодис  | (үнсгүй хуурай,%) >20.0%-28.0% | Хүхэр (хуурай, %) ≤ 0.85% | Нийт чийглэг  | (хүлээн авах  | үеийн төлөв,%) ≤ 10.0% | G индекс ≥ 75"
2025-10-21,FE03-2025102101,ECM-106,Монголросцветмет ТӨҮГ,Mongolrostsvetmet (ex-Erdenes Critical Minerals),Монголросцветмет ТӨҮГ /Эрдэнэс критикал минералс ТӨҮГ/,Iron ore,Төмөр,Хүдэр,Iron ore Fe 52%,Fe-52% Төмрийн хүдэр,Форвард,4,65.0,71.0,USD,тонн,468600.0,9.23,2.0,6600.0,reported,H2O 0.5-1.0% | Al2O3 1%-3% | S 0.02%-0.05% | SiO2 5%-10% | Fe < 52% | TiO2 0.01%-0.08% | P 0.01%-0.03%
2025-10-21,C06-2025102103,ER-25271,Энержи Ресурс ХХК,Energy Resources,Энержи Ресурс ХХК,Coal,Нүүрс,Баяжуулсан,Washed medium-ash semi-hard coking coal,"Баяжуулсан дунд зэрэг үнстэй, хагас хатуу коксжих нүүрс",Форвард,5,330.0,400.0,CNY,тонн,7680000.0,21.21,3.0,19200.0,reported,"Үнслэг (хуурай,%) ≤ 25.0% | Дэгдэмхий бодис  | (үнсгүй хуурай,%) >10.0%-28.0% | Хүхэр (хуурай, %) ≤ 1.0% | Нийт чийглэг (хүлээн  | авах үеийн төлөв,%) ≤ 10.0% | G индекс >20-60 | Илчлэг (ккал/кг) ≈5500"
2025-10-21,C01-2025102101,ER-25269,Энержи Ресурс ХХК,Energy Resources,Энержи Ресурс ХХК,Coal,Нүүрс,Баяжуулсан,Washed coking coal,Баяжуулсан коксжих нүүрс,Форвард,6,800.0,975.0,CNY,тонн,12480000.0,21.88,2.0,12800.0,reported,"Үнслэг (хуурай,%) ≤ 11.0% | Дэгдэмхий бодис  | (үнсгүй хуурай,%) >20.0%-28.0% | Хүхэр (хуурай, %) ≤ 0.85% | Нийт чийглэг  | (хүлээн авах  | үеийн төлөв,%) ≤ 10.0% | G индекс ≥ 75"
2025-10-20,C06-2025102002,ER-25268,Энержи Ресурс ХХК,Energy Resources,Энержи Ресурс ХХК,Coal,Нүүрс,Баяжуулсан,Washed medium-ash semi-hard coking coal,"Баяжуулсан дунд зэрэг үнстэй, хагас хатуу коксжих нүүрс",Форвард,5,330.0,390.0,CNY,тонн,7488000.0,18.18,3.0,19200.0,reported,"Үнслэг (хуурай,%) ≤ 25.0% | Дэгдэмхий бодис  | (үнсгүй хуурай,%) >10.0%-28.0% | Хүхэр (хуурай, %) ≤ 1.0% | Нийт чийглэг (хүлээн  | авах үеийн төлөв,%) ≤ 10.0% | G индекс >20-60 | Илчлэг (ккал/кг) ≈5500"
2025-10-20,C01-2025102001,ER-25267,Энержи Ресурс ХХК,Energy Resources,Энержи Ресурс ХХК,Coal,Нүүрс,Баяжуулсан,Washed coking coal,Баяжуулсан коксжих нүүрс,Форвард,5,800.0,970.0,CNY,тонн,12416000.0,21.25,2.0,12800.0,reported,"Үнслэг (хуурай,%) ≤ 11.0% | Дэгдэмхий бодис  | (үнсгүй хуурай,%) >20.0%-28.0% | Хүхэр (хуурай, %) ≤ 0.85% | Нийт чийглэг  | (хүлээн авах  | үеийн төлөв,%) ≤ 10.0% | G индекс ≥ 75"
2025-10-17,FE03-2025101701,ECM-105,Монголросцветмет ТӨҮГ,Mongolrostsvetmet (ex-Erdenes Critical Minerals),Монголросцветмет ТӨҮГ /Эрдэнэс критикал минералс ТӨҮГ/,Iron ore,Төмөр,Хүдэр,Iron ore Fe 52%,Fe-52% Төмрийн хүдэр,Форвард,2,65.0,68.0,USD,тонн,448800.0,4.62,2.0,6600.0,reported,H2O 0.5-1.0% | Al2O3 1%-3% | S 0.02%-0.05% | SiO2 5%-10% | Fe < 52% | TiO2 0.01%-0.08% | P 0.01%-0.03%
2025-10-17,CAF02-2025101701,25-48,Очир мандал хайрхан ХХК,Очир мандал хайрхан ХХК,Очир мандал хайрхан ХХК,Fluorspar,Жонш,Хүдэр,Fluorspar ore CaF2 <55%,CaF2 <55% Хайлуур жоншны хүдэр,Форвард,1,580.0,583.0,CNY,тонн,2008435.0,0.52,53.0,3445.0,reported,CaF2 <45% /+5%/ | CaCO3 <0.85% | S <0.02% | P <0.03%
2025-10-17,C06-2025101702,ER-25266,Энержи Ресурс ХХК,Energy Resources,Энержи Ресурс ХХК,Coal,Нүүрс,Баяжуулсан,Washed medium-ash semi-hard coking coal,"Баяжуулсан дунд зэрэг үнстэй, хагас хатуу коксжих нүүрс",Форвард,7,330.0,380.0,CNY,тонн,7296000.0,15.15,3.0,19200.0,reported,"Үнслэг (хуурай,%) ≤ 25.0% | Дэгдэмхий бодис  | (үнсгүй хуурай,%) >10.0%-28.0% | Хүхэр (хуурай, %) ≤ 1.0% | Нийт чийглэг (хүлээн  | авах үеийн төлөв,%) ≤ 10.0% | G индекс >20-60 | Илчлэг (ккал/кг) ≈5500"
2025-10-17,C04-2025101703,TTOA-2025-041,Тавантолгой ХК,Tavan Tolgoi JSC,Тавантолгой ХК,Coal,Нүүрс,Боловсруулаагүй,1/3 coking coal,1/3 коксжих нүүрс,Форвард,2,60.8,63.8,USD,тонн,13066240.0,4.93,32.0,204800.0,reported,Ash (db): 24.00 (-4 | +4) | Volatile (daf): 33.00 (-2 | +2) | Total sulphur (db): 0.9 (-0.3 | +0.2) | G-index (5:1): 73 (-8 | +10) | Total moisture (ar): 1.9 (-0.5 | +2.5) | Y- index ≤25mm
2025-10-17,C01-2025101701,ER-25265,Энержи Ресурс ХХК,Energy Resources,Энержи Ресурс ХХК,Coal,Нүүрс,Баяжуулсан,Washed coking coal,Баяжуулсан коксжих нүүрс,Форвард,5,800.0,945.0,CNY,тонн,12096000.0,18.12,2.0,12800.0,reported,"Үнслэг (хуурай,%) ≤ 11.0% | Дэгдэмхий бодис  | (үнсгүй хуурай,%) >20.0%-28.0% | Хүхэр (хуурай, %) ≤ 0.85% | Нийт чийглэг  | (хүлээн авах  | үеийн төлөв,%) ≤ 10.0% | G индекс ≥ 75"
2025-10-16,C06-2025101603,ER-25264,Энержи Ресурс ХХК,Energy Resources,Энержи Ресурс ХХК,Coal,Нүүрс,Баяжуулсан,Washed medium-ash semi-hard coking coal,"Баяжуулсан дунд зэрэг үнстэй, хагас хатуу коксжих нүүрс",Форвард,9,330.0,375.0,CNY,тонн,7200000.0,13.64,3.0,19200.0,reported,"Үнслэг (хуурай,%) ≤ 25.0% | Дэгдэмхий бодис  | (үнсгүй хуурай,%) >10.0%-28.0% | Хүхэр (хуурай, %) ≤ 1.0% | Нийт чийглэг (хүлээн  | авах үеийн төлөв,%) ≤ 10.0% | G индекс >20-60 | Илчлэг (ккал/кг) ≈5500"
2025-10-16,C01-2025101602,ER-25263,Энержи Ресурс ХХК,Energy Resources,Энержи Ресурс ХХК,Coal,Нүүрс,Баяжуулсан,Washed coking coal,Баяжуулсан коксжих нүүрс,Форвард,6,800.0,915.0,CNY,тонн,11712000.0,14.38,2.0,12800.0,reported,"Үнслэг (хуурай,%) ≤ 11.0% | Дэгдэмхий бодис  | (үнсгүй хуурай,%) >20.0%-28.0% | Хүхэр (хуурай, %) ≤ 0.85% | Нийт чийглэг  | (хүлээн авах  | үеийн төлөв,%) ≤ 10.0% | G индекс ≥ 75"
2025-10-15,FE03-2025101501,ECM-104,Монголросцветмет ТӨҮГ,Mongolrostsvetmet (ex-Erdenes Critical Minerals),Монголросцветмет ТӨҮГ /Эрдэнэс критикал минералс ТӨҮГ/,Iron ore,Төмөр,Хүдэр,Iron ore Fe 52%,Fe-52% Төмрийн хүдэр,Форвард,5,65.0,70.5,USD,тонн,465300.0,8.46,2.0,6600.0,reported,H2O 0.5-1.0% | Al2O3 1%-3% | S 0.02%-0.05% | SiO2 5%-10% | Fe < 52% | TiO2 0.01%-0.08% | P 0.01%-0.03%
2025-10-15,C10-2025101505,25-10 WTC,Эрдэнэс Тавантолгой ХК,Erdenes Tavan Tolgoi,Эрдэнэс Тавантолгой ХК,Coal,Нүүрс,Баяжуулсан,Washed non-coking-quality coal,Баяжуулсан коксжих чанаргүй нүүрс,Форвард,4,47.6,52.4,USD,тонн,1676800.0,10.08,5.0,32000.0,reported,Ash (db): ≤25.0  | Total moisture (ar): ≤9.0  | Volatile (daf): ˂37.0  | Total sulphur (db): ≤1.0  | Calorific value (ar): ˃6000  | G Index (5:1): <20
2025-10-15,C10-2025101504,2025002,Саусгоби Даймонд ХХК,Саусгоби Даймонд ХХК,Саусгоби Даймонд ХХК,Coal,Нүүрс,Баяжуулсан,Washed non-coking-quality coal,Баяжуулсан коксжих чанаргүй нүүрс,Форвард,1,47.0,47.0,USD,тонн,1804800.0,0.0,6.0,38400.0,reported,Ash (db) >25 | Total sulfur (db) ˂1.5 | Total moisture (ar) ˂12 | Calorific (cal/g) >4000 | G-Index ˂20
2025-10-15,C10-2025101503,2025001,Саусгоби Даймонд ХХК,Саусгоби Даймонд ХХК,Саусгоби Даймонд ХХК,Coal,Нүүрс,Баяжуулсан,Washed non-coking-quality coal,Баяжуулсан коксжих чанаргүй нүүрс,Форвард,1,47.0,47.0,USD,тонн,2105600.0,0.0,7.0,44800.0,reported,Ash (db) >25 | Total sulfur (db) ˂1.5 | Total moisture (ar) ˂12 | Calorific (cal/g) >4000 | G-Index (3:3) ˂20
2025-10-15,C06-2025101502,ER-25262,Энержи Ресурс ХХК,Energy Resources,Энержи Ресурс ХХК,Coal,Нүүрс,Баяжуулсан,Washed medium-ash semi-hard coking coal,"Баяжуулсан дунд зэрэг үнстэй, хагас хатуу коксжих нүүрс",Форвард,8,330.0,380.0,CNY,тонн,7296000.0,15.15,3.0,19200.0,reported,"Үнслэг (хуурай,%) ≤ 25.0% | Дэгдэмхий бодис  | (үнсгүй хуурай,%) >10.0%-28.0% | Хүхэр (хуурай, %) ≤ 1.0% | Нийт чийглэг (хүлээн  | авах үеийн төлөв,%) ≤ 10.0% | G индекс >20-60 | Илчлэг (ккал/кг) ≈5500"
2025-10-15,C01-2025101501,ER-25261,Энержи Ресурс ХХК,Energy Resources,Энержи Ресурс ХХК,Coal,Нүүрс,Баяжуулсан,Washed coking coal,Баяжуулсан коксжих нүүрс,Форвард,7,800.0,930.0,CNY,тонн,11904000.0,16.25,2.0,12800.0,reported,"Үнслэг (хуурай,%) ≤ 11.0% | Дэгдэмхий бодис  | (үнсгүй хуурай,%) >20.0%-28.0% | Хүхэр (хуурай, %) ≤ 0.85% | Нийт чийглэг  | (хүлээн авах  | үеийн төлөв,%) ≤ 10.0% | G индекс ≥ 75"
2025-10-14,C06-2025101403,ER-25260,Энержи Ресурс ХХК,Energy Resources,Энержи Ресурс ХХК,Coal,Нүүрс,Баяжуулсан,Washed medium-ash semi-hard coking coal,"Баяжуулсан дунд зэрэг үнстэй, хагас хатуу коксжих нүүрс",Форвард,6,330.0,365.0,CNY,тонн,7008000.0,10.61,3.0,19200.0,reported,"Үнслэг (хуурай,%) ≤ 25.0% | Дэгдэмхий бодис  | (үнсгүй хуурай,%) >10.0%-28.0% | Хүхэр (хуурай, %) ≤ 1.0% | Нийт чийглэг (хүлээн  | авах үеийн төлөв,%) ≤ 10.0% | G индекс >20-60 | Илчлэг (ккал/кг) ≈5500"
2025-10-14,C01-2025101401,ER-25258,Энержи Ресурс ХХК,Energy Resources,Энержи Ресурс ХХК,Coal,Нүүрс,Баяжуулсан,Washed coking coal,Баяжуулсан коксжих нүүрс,Форвард,8,800.0,925.0,CNY,тонн,11840000.0,15.62,2.0,12800.0,reported,"Үнслэг (хуурай,%) ≤ 11.0% | Дэгдэмхий бодис  | (үнсгүй хуурай,%) >20.0%-28.0% | Хүхэр (хуурай, %) ≤ 0.85% | Нийт чийглэг  | (хүлээн авах  | үеийн төлөв,%) ≤ 10.0% | G индекс ≥ 75"
2025-10-13,FE03-2025101301,ECM-103,Монголросцветмет ТӨҮГ,Mongolrostsvetmet (ex-Erdenes Critical Minerals),Монголросцветмет ТӨҮГ /Эрдэнэс критикал минералс ТӨҮГ/,Iron ore,Төмөр,Хүдэр,Iron ore Fe 52%,Fe-52% Төмрийн хүдэр,Форвард,5,65.0,69.5,USD,тонн,458700.0,6.92,2.0,6600.0,reported,H2O 0.5-1.0% | Al2O3 1%-3% | S 0.02%-0.05% | SiO2 5%-10% | Fe < 52% | TiO2 0.01%-0.08% | P 0.01%-0.03%
2025-10-13,C06-2025101302,ER-25257,Энержи Ресурс ХХК,Energy Resources,Энержи Ресурс ХХК,Coal,Нүүрс,Баяжуулсан,Washed medium-ash semi-hard coking coal,"Баяжуулсан дунд зэрэг үнстэй, хагас хатуу коксжих нүүрс",Форвард,8,330.0,365.0,CNY,тонн,7008000.0,10.61,3.0,19200.0,reported,"Үнслэг (хуурай,%) ≤ 25.0% | Дэгдэмхий бодис  | (үнсгүй хуурай,%) >10.0%-28.0% | Хүхэр (хуурай, %) ≤ 1.0% | Нийт чийглэг (хүлээн  | авах үеийн төлөв,%) ≤ 10.0% | G индекс >20-60 | Илчлэг (ккал/кг) ≈5500"
2025-10-13,C01-2025101301,ER-25256,Энержи Ресурс ХХК,Energy Resources,Энержи Ресурс ХХК,Coal,Нүүрс,Баяжуулсан,Washed coking coal,Баяжуулсан коксжих нүүрс,Форвард,7,800.0,920.0,CNY,тонн,11776000.0,15.0,2.0,12800.0,reported,"Үнслэг (хуурай,%) ≤ 11.0% | Дэгдэмхий бодис  | (үнсгүй хуурай,%) >20.0%-28.0% | Хүхэр (хуурай, %) ≤ 0.85% | Нийт чийглэг  | (хүлээн авах  | үеийн төлөв,%) ≤ 10.0% | G индекс ≥ 75"
2025-10-10,CAF01-2025101001,ECM-102,Монголросцветмет ТӨҮГ,Mongolrostsvetmet (ex-Erdenes Critical Minerals),Монголросцветмет ТӨҮГ /Эрдэнэс критикал минералс ТӨҮГ/,Fluorspar,Жонш,Баяжмал,Fluorspar concentrate CaF2 95%,CaF2-95% Хайлуур жоншны баяжмал,Форвард,1,320.0,320.0,USD,тонн,1060800.0,0.0,51.0,3315.0,reported,CAF2 95% | CACO3 2.0% | SIO2 1.4% | S 0.02-0.05% | P <0.5 | H2O 8-10%
2025-10-10,C06-2025101002,ER-25255,Энержи Ресурс ХХК,Energy Resources,Энержи Ресурс ХХК,Coal,Нүүрс,Баяжуулсан,Washed medium-ash semi-hard coking coal,"Баяжуулсан дунд зэрэг үнстэй, хагас хатуу коксжих нүүрс",Форвард,6,330.0,355.0,CNY,тонн,6816000.0,7.58,3.0,19200.0,reported,"Үнслэг (хуурай,%) ≤ 25.0% | Дэгдэмхий бодис  | (үнсгүй хуурай,%) >10.0%-28.0% | Хүхэр (хуурай, %) ≤ 1.0% | Нийт чийглэг (хүлээн  | авах үеийн төлөв,%) ≤ 10.0% | G индекс >20-60 | Илчлэг (ккал/кг) ≈5500"
2025-10-10,C01-2025101001,ER-25249,Энержи Ресурс ХХК,Energy Resources,Энержи Ресурс ХХК,Coal,Нүүрс,Баяжуулсан,Washed coking coal,Баяжуулсан коксжих нүүрс,Форвард,7,800.0,920.0,CNY,тонн,11776000.0,15.0,2.0,12800.0,reported,"Үнслэг (хуурай,%) ≤ 11.0% | Дэгдэмхий бодис  | (үнсгүй хуурай,%) >20.0%-28.0% | Хүхэр (хуурай, %) ≤ 0.85% | Нийт чийглэг  | (хүлээн авах  | үеийн төлөв,%) ≤ 10.0% | G индекс ≥ 75"
2025-10-09,FE03-2025100901,ECM-101,Монголросцветмет ТӨҮГ,Mongolrostsvetmet (ex-Erdenes Critical Minerals),Монголросцветмет ТӨҮГ /Эрдэнэс критикал минералс ТӨҮГ/,Iron ore,Төмөр,Хүдэр,Iron ore Fe 52%,Fe-52% Төмрийн хүдэр,Форвард,4,65.0,72.0,USD,тонн,475200.0,10.77,2.0,6600.0,reported,H2O 0.5-1.0% | Al2O3 1%-3% | S 0.02%-0.05% | SiO2 5%-10% | Fe < 52% | TiO2 0.01%-0.08% | P 0.01%-0.03%
2025-10-09,C06-2025100903,ER-25254,Энержи Ресурс ХХК,Energy Resources,Энержи Ресурс ХХК,Coal,Нүүрс,Баяжуулсан,Washed medium-ash semi-hard coking coal,"Баяжуулсан дунд зэрэг үнстэй, хагас хатуу коксжих нүүрс",Форвард,6,330.0,350.0,CNY,тонн,6720000.0,6.06,3.0,19200.0,reported,"Үнслэг (хуурай,%) ≤ 25.0% | Дэгдэмхий бодис  | (үнсгүй хуурай,%) >10.0%-28.0% | Хүхэр (хуурай, %) ≤ 1.0% | Нийт чийглэг (хүлээн  | авах үеийн төлөв,%) ≤ 10.0% | G индекс >20-60 | Илчлэг (ккал/кг) ≈5500"
2025-10-09,C01-2025100902,ER-25253,Энержи Ресурс ХХК,Energy Resources,Энержи Ресурс ХХК,Coal,Нүүрс,Баяжуулсан,Washed coking coal,Баяжуулсан коксжих нүүрс,Форвард,7,800.0,895.0,CNY,тонн,11456000.0,11.88,2.0,12800.0,reported,"Үнслэг (хуурай,%) ≤ 11.0% | Дэгдэмхий бодис  | (үнсгүй хуурай,%) >20.0%-28.0% | Хүхэр (хуурай, %) ≤ 0.85% | Нийт чийглэг  | (хүлээн авах  | үеийн төлөв,%) ≤ 10.0% | G индекс ≥ 75"
2025-10-08,C06-2025100801,ER-25248,Энержи Ресурс ХХК,Energy Resources,Энержи Ресурс ХХК,Coal,Нүүрс,Баяжуулсан,Washed medium-ash semi-hard coking coal,"Баяжуулсан дунд зэрэг үнстэй, хагас хатуу коксжих нүүрс",Форвард,7,330.0,345.0,CNY,тонн,6624000.0,4.55,3.0,19200.0,reported,"Үнслэг (хуурай,%) ≤ 25.0% | Дэгдэмхий бодис  | (үнсгүй хуурай,%) >10.0%-28.0% | Хүхэр (хуурай, %) ≤ 1.0% | Нийт чийглэг (хүлээн  | авах үеийн төлөв,%) ≤ 10.0% | G индекс >20-60 | Илчлэг (ккал/кг) ≈5500"
2025-10-08,C05-2025100803,25-71 OX,Эрдэнэс Тавантолгой ХК,Erdenes Tavan Tolgoi,Эрдэнэс Тавантолгой ХК,Coal,Нүүрс,Боловсруулаагүй,"Thermal coal (bituminous, non-caking)","Эрчим хүчний нүүрс /Битумт, үл барьцалдах нүүрс/",Форвард,2,44.5,48.4,USD,тонн,23232000.0,8.76,75.0,480000.0,reported,Ash (db): 25.0 (-5.0 | +3.0) | Total moisture (ar): 5.0 (-1.0 | +3.0) | Volatile (daf): 34.0 max | Total sulphur (db): 1.0 (-0.3 | +0.5) | Calorific value (ar): ˃6000 | G Index ≤5
2025-10-08,C05-2025100802,25-70 OX,Эрдэнэс Тавантолгой ХК,Erdenes Tavan Tolgoi,Эрдэнэс Тавантолгой ХК,Coal,Нүүрс,Боловсруулаагүй,"Thermal coal (bituminous, non-caking)","Эрчим хүчний нүүрс /Битумт, үл барьцалдах нүүрс/",Форвард,1,40.8,40.8,USD,тонн,26112000.0,0.0,100.0,640000.0,reported,Ash (db): 25.0 (-5.0 | +3.0) | Total moisture (ar): 5.0 (-1.0 | +3.0) | Volatile (daf): 34.0 max | Total sulphur (db): 1.0 (-0.3 | +0.5) | Calorific value (ar): 5500 (-500 | +500) | G Index ≤5
2025-10-08,C01-2025100804,ER-25252,Энержи Ресурс ХХК,Energy Resources,Энержи Ресурс ХХК,Coal,Нүүрс,Баяжуулсан,Washed coking coal,Баяжуулсан коксжих нүүрс,Форвард,6,800.0,880.0,CNY,тонн,11264000.0,10.0,2.0,12800.0,reported,"Үнслэг (хуурай,%) ≤ 11.0% | Дэгдэмхий бодис  | (үнсгүй хуурай,%) >20.0%-28.0% | Хүхэр (хуурай, %) ≤ 0.85% | Нийт чийглэг  | (хүлээн авах  | үеийн төлөв,%) ≤ 10.0% | G индекс ≥ 75"
2025-10-07,FE03-2025100701,ECM-100,Монголросцветмет ТӨҮГ,Mongolrostsvetmet (ex-Erdenes Critical Minerals),Монголросцветмет ТӨҮГ /Эрдэнэс критикал минералс ТӨҮГ/,Iron ore,Төмөр,Хүдэр,Iron ore Fe 52%,Fe-52% Төмрийн хүдэр,Форвард,5,65.0,73.0,USD,тонн,481800.0,12.31,2.0,6600.0,reported,H2O 0.5-1.0% | Al2O3 1%-3% | S 0.02%-0.05% | SiO2 5%-10% | Fe < 52% | TiO2 0.01%-0.08% | P 0.01%-0.03%
2025-10-07,C06-2025100703,ER-25251,Энержи Ресурс ХХК,Energy Resources,Энержи Ресурс ХХК,Coal,Нүүрс,Баяжуулсан,Washed medium-ash semi-hard coking coal,"Баяжуулсан дунд зэрэг үнстэй, хагас хатуу коксжих нүүрс",Форвард,8,330.0,345.0,CNY,тонн,6624000.0,4.55,3.0,19200.0,reported,"Үнслэг (хуурай,%) ≤ 25.0% | Дэгдэмхий бодис  | (үнсгүй хуурай,%) >10.0%-28.0% | Хүхэр (хуурай, %) ≤ 1.0% | Нийт чийглэг (хүлээн  | авах үеийн төлөв,%) ≤ 10.0% | G индекс >20-60 | Илчлэг (ккал/кг) ≈5500"
2025-10-07,C01-2025100702,ER-25250,Энержи Ресурс ХХК,Energy Resources,Энержи Ресурс ХХК,Coal,Нүүрс,Баяжуулсан,Washed coking coal,Баяжуулсан коксжих нүүрс,Форвард,6,800.0,885.0,CNY,тонн,11328000.0,10.62,2.0,12800.0,reported,"Үнслэг (хуурай,%) ≤ 11.0% | Дэгдэмхий бодис  | (үнсгүй хуурай,%) >20.0%-28.0% | Хүхэр (хуурай, %) ≤ 0.85% | Нийт чийглэг  | (хүлээн авах  | үеийн төлөв,%) ≤ 10.0% | G индекс ≥ 75"
2025-10-06,FE01-2025100601,ECM-99,Монголросцветмет ТӨҮГ,Mongolrostsvetmet (ex-Erdenes Critical Minerals),Монголросцветмет ТӨҮГ /Эрдэнэс критикал минералс ТӨҮГ/,Iron ore,Төмөр,Баяжмал,Iron concentrate Fe 65%,Fe-65% Төмрийн баяжмал,Форвард,2,85.0,85.5,USD,тонн,1692900.0,0.59,6.0,19800.0,reported,H2O 7-10% | AL2O3 0.4-1% | S 0.02-0.08% | SIO2 3-8% | FE <65% | TIO2 0.01-0.08% | P 0.01-0.03%
2025-10-06,C06-2025100602,ER-25246,Энержи Ресурс ХХК,Energy Resources,Энержи Ресурс ХХК,Coal,Нүүрс,Баяжуулсан,Washed medium-ash semi-hard coking coal,"Баяжуулсан дунд зэрэг үнстэй, хагас хатуу коксжих нүүрс",Форвард,7,330.0,345.0,CNY,тонн,6624000.0,4.55,3.0,19200.0,reported,"Үнслэг (хуурай,%) ≤ 25.0% | Дэгдэмхий бодис  | (үнсгүй хуурай,%) >10.0%-28.0% | Хүхэр (хуурай, %) ≤ 1.0% | Нийт чийглэг (хүлээн  | авах үеийн төлөв,%) ≤ 10.0% | G индекс >20-60 | Илчлэг (ккал/кг) ≈5500"
2025-10-06,C04-2025100605,25-86 1-3 CO,Эрдэнэс Тавантолгой ХК,Erdenes Tavan Tolgoi,Эрдэнэс Тавантолгой ХК,Coal,Нүүрс,Боловсруулаагүй,1/3 coking coal,1/3 коксжих нүүрс,Форвард,1,92.6,92.6,USD,тонн,2963200.0,0.0,5.0,32000.0,reported,Ash (db): ≤9.0 | Total moisture (ar): ≤5.0 | Volatile (daf): ≤37.0  | Total sulphur (db): ≤1.0 | G Index (5:1): ≥75
2025-10-06,C04-2025100604,25-85 1-3 CO,Эрдэнэс Тавантолгой ХК,Erdenes Tavan Tolgoi,Эрдэнэс Тавантолгой ХК,Coal,Нүүрс,Боловсруулаагүй,1/3 coking coal,1/3 коксжих нүүрс,Форвард,3,92.6,92.6,USD,тонн,5926400.0,0.0,10.0,64000.0,reported,Ash (db): ≤9.0 | Total moisture (ar): ≤5.0 | Volatile (daf): ≤37.0  | Total sulphur (db): ≤1.0 | G Index (5:1): ≥75
2025-10-06,C04-2025100603,25-84 1-3 CO,Эрдэнэс Тавантолгой ХК,Erdenes Tavan Tolgoi,Эрдэнэс Тавантолгой ХК,Coal,Нүүрс,Боловсруулаагүй,1/3 coking coal,1/3 коксжих нүүрс,Форвард,3,92.6,100.6,USD,тонн,6438400.0,8.64,10.0,64000.0,reported,Ash (db): ≤9.0 | Total moisture (ar): ≤5.0 | Volatile (daf): ≤37.0  | Total sulphur (db): ≤1.0 | G Index (5:1): ≥75
2025-10-06,C01-2025100606,25-21 WCO,Эрдэнэс Тавантолгой ХК,Erdenes Tavan Tolgoi,Эрдэнэс Тавантолгой ХК,Coal,Нүүрс,Баяжуулсан,Washed coking coal,Баяжуулсан коксжих нүүрс,Форвард,4,163.6,165.6,USD,тонн,1059840.0,1.22,1.0,6400.0,reported,Ash (db): ≤10.5 | Total moisture (ar): ≤10.0 | Volatile (daf): ≤28.0  | Total sulphur (db): 0.85 | G Index (5:1): ≥80
2025-10-06,C01-2025100601,ER-25245,Энержи Ресурс ХХК,Energy Resources,Энержи Ресурс ХХК,Coal,Нүүрс,Баяжуулсан,Washed coking coal,Баяжуулсан коксжих нүүрс,Форвард,6,800.0,900.0,CNY,тонн,11520000.0,12.5,2.0,12800.0,reported,"Үнслэг (хуурай,%) ≤ 11.0% | Дэгдэмхий бодис  | (үнсгүй хуурай,%) >20.0%-28.0% | Хүхэр (хуурай, %) ≤ 0.85% | Нийт чийглэг  | (хүлээн авах  | үеийн төлөв,%) ≤ 10.0% | G индекс ≥ 75"
2025-10-03,FE03-2025100301,ECM-98,Монголросцветмет ТӨҮГ,Mongolrostsvetmet (ex-Erdenes Critical Minerals),Монголросцветмет ТӨҮГ /Эрдэнэс критикал минералс ТӨҮГ/,Iron ore,Төмөр,Хүдэр,Iron ore Fe 52%,Fe-52% Төмрийн хүдэр,Форвард,3,65.0,70.5,USD,тонн,465300.0,8.46,2.0,6600.0,reported,H2O 0.5-1.0% | Al2O3 1%-3% | S 0.02%-0.05% | SiO2 5%-10% | Fe < 52% | TiO2 0.01%-0.08% | P 0.01%-0.03%
2025-10-03,C06-2025100301,ER-25244,Энержи Ресурс ХХК,Energy Resources,Энержи Ресурс ХХК,Coal,Нүүрс,Баяжуулсан,Washed medium-ash semi-hard coking coal,"Баяжуулсан дунд зэрэг үнстэй, хагас хатуу коксжих нүүрс",Форвард,7,330.0,345.0,CNY,тонн,6624000.0,4.55,3.0,19200.0,reported,"Үнслэг (хуурай,%) ≤ 25.0% | Дэгдэмхий бодис  | (үнсгүй хуурай,%) >10.0%-28.0% | Хүхэр (хуурай, %) ≤ 1.0% | Нийт чийглэг (хүлээн  | авах үеийн төлөв,%) ≤ 10.0% | G индекс >20-60 | Илчлэг (ккал/кг) ≈5500"
2025-10-02,FE03-2025100201,ECM-97,Монголросцветмет ТӨҮГ,Mongolrostsvetmet (ex-Erdenes Critical Minerals),Монголросцветмет ТӨҮГ /Эрдэнэс критикал минералс ТӨҮГ/,Iron ore,Төмөр,Хүдэр,Iron ore Fe 52%,Fe-52% Төмрийн хүдэр,Форвард,5,65.0,73.0,USD,тонн,481800.0,12.31,2.0,6600.0,reported,H2O 0.5-1.0% | Al2O3 1%-3% | S 0.02%-0.05% | SiO2 5%-10% | Fe < 52% | TiO2 0.01%-0.08% | P 0.01%-0.03%
2025-10-02,C01-2025100201,ER-25243,Энержи Ресурс ХХК,Energy Resources,Энержи Ресурс ХХК,Coal,Нүүрс,Баяжуулсан,Washed coking coal,Баяжуулсан коксжих нүүрс,Форвард,8,800.0,900.0,CNY,тонн,11520000.0,12.5,2.0,12800.0,reported,"Үнслэг (хуурай,%) ≤ 11.0% | Дэгдэмхий бодис  | (үнсгүй хуурай,%) >20.0%-28.0% | Хүхэр (хуурай, %) ≤ 0.85% | Нийт чийглэг  | (хүлээн авах  | үеийн төлөв,%) ≤ 10.0% | G индекс ≥ 75"
2025-10-01,FE01-2025100101,ECM-96,Монголросцветмет ТӨҮГ,Mongolrostsvetmet (ex-Erdenes Critical Minerals),Монголросцветмет ТӨҮГ /Эрдэнэс критикал минералс ТӨҮГ/,Iron ore,Төмөр,Баяжмал,Iron concentrate Fe 65%,Fe-65% Төмрийн баяжмал,Форвард,2,85.0,85.0,USD,тонн,1683000.0,0.0,6.0,19800.0,reported,H2O 7-10% | AL2O3 0.4-1% | S 0.02-0.08% | SIO2 3-8% | FE <65% | TIO2 0.01-0.08% | P 0.01-0.03%
2025-10-01,C06-2025100101,ER-25242,Энержи Ресурс ХХК,Energy Resources,Энержи Ресурс ХХК,Coal,Нүүрс,Баяжуулсан,Washed medium-ash semi-hard coking coal,"Баяжуулсан дунд зэрэг үнстэй, хагас хатуу коксжих нүүрс",Форвард,8,330.0,350.0,CNY,тонн,6720000.0,6.06,3.0,19200.0,reported,"Үнслэг (хуурай,%) ≤ 25.0% | Дэгдэмхий бодис  | (үнсгүй хуурай,%) >10.0%-28.0% | Хүхэр (хуурай, %) ≤ 1.0% | Нийт чийглэг (хүлээн  | авах үеийн төлөв,%) ≤ 10.0% | G индекс >20-60 | Илчлэг (ккал/кг) ≈5500"
2025-09-30,C06-2025093008,ER-25241,Энержи Ресурс ХХК,Energy Resources,Энержи Ресурс ХХК,Coal,Нүүрс,Баяжуулсан,Washed medium-ash semi-hard coking coal,"Баяжуулсан дунд зэрэг үнстэй, хагас хатуу коксжих нүүрс",Форвард,10,330.0,350.0,CNY,тонн,6720000.0,6.06,3.0,19200.0,reported,"Үнслэг (хуурай,%) ≤ 25.0% | Дэгдэмхий бодис  | (үнсгүй хуурай,%) >10.0%-28.0% | Хүхэр (хуурай, %) ≤ 1.0% | Нийт чийглэг (хүлээн  | авах үеийн төлөв,%) ≤ 10.0% | G индекс >20-60 | Илчлэг (ккал/кг) ≈5500"
2025-09-30,C05-2025093006,25-69 OX,Эрдэнэс Тавантолгой ХК,Erdenes Tavan Tolgoi,Эрдэнэс Тавантолгой ХК,Coal,Нүүрс,Боловсруулаагүй,"Thermal coal (bituminous, non-caking)","Эрчим хүчний нүүрс /Битумт, үл барьцалдах нүүрс/",Форвард,1,40.0,40.0,USD,тонн,2560000.0,0.0,10.0,64000.0,reported,Ash (db): 25.0 (-5.0 | +3.0) | Total moisture (ar): 5.0 (-1.0 | +3.0) | Volatile (daf): 34.0 max | Total sulphur (db): 1.0 (-0.3 | +0.5) | Calorific value (ar): 5500 (-500 | +500) | G Index ≤5
2025-09-30,C05-2025093005,25-68 OX,Эрдэнэс Тавантолгой ХК,Erdenes Tavan Tolgoi,Эрдэнэс Тавантолгой ХК,Coal,Нүүрс,Боловсруулаагүй,"Thermal coal (bituminous, non-caking)","Эрчим хүчний нүүрс /Битумт, үл барьцалдах нүүрс/",Форвард,1,40.0,40.0,USD,тонн,5120000.0,0.0,20.0,128000.0,reported,Ash (db): 25.0 (-5.0 | +3.0) | Total moisture (ar): 5.0 (-1.0 | +3.0) | Volatile (daf): 34.0 max | Total sulphur (db): 1.0 (-0.3 | +0.5) | Calorific value (ar): 5500 (-500 | +500) | G Index ≤5
2025-09-30,C05-2025093002,25-66 OX,Эрдэнэс Тавантолгой ХК,Erdenes Tavan Tolgoi,Эрдэнэс Тавантолгой ХК,Coal,Нүүрс,Боловсруулаагүй,"Thermal coal (bituminous, non-caking)","Эрчим хүчний нүүрс /Битумт, үл барьцалдах нүүрс/",Форвард,1,35.0,35.0,USD,тонн,17920000.0,0.0,80.0,512000.0,reported,Ash (db): 25.0 (-5.0 | +3.0) | Total moisture (ar): 5.0 (-1.0 | +3.0) | Volatile (daf): 34.0 max | Total sulphur (db): 1.0 (-0.3 | +0.5) | Calorific value (ar): 5500 (-500 | +500) | G Index ≤5
2025-09-30,C04-2025093003,25-83 1-3 CO,Эрдэнэс Тавантолгой ХК,Erdenes Tavan Tolgoi,Эрдэнэс Тавантолгой ХК,Coal,Нүүрс,Боловсруулаагүй,1/3 coking coal,1/3 коксжих нүүрс,Форвард,4,64.6,71.6,USD,тонн,36659200.0,10.84,80.0,512000.0,reported,Ash (db): 21.5 (-3.5 | +3.5) | Total moisture (ar): 4.0 (-1.0 | +2.0) | Volatile (daf): 33.0 (-1.5 | +1.5) | Total sulphur (db): 1.1 (-0.5 | +0.5) | G Index (5:1): 70 (-5.0 | +5.0)
2025-09-30,C01-2025093007,ER-25240,Энержи Ресурс ХХК,Energy Resources,Энержи Ресурс ХХК,Coal,Нүүрс,Баяжуулсан,Washed coking coal,Баяжуулсан коксжих нүүрс,Форвард,8,800.0,905.0,CNY,тонн,11584000.0,13.12,2.0,12800.0,reported,"Үнслэг (хуурай,%) ≤ 11.0% | Дэгдэмхий бодис  | (үнсгүй хуурай,%) >20.0%-28.0% | Хүхэр (хуурай, %) ≤ 0.85% | Нийт чийглэг  | (хүлээн авах  | үеийн төлөв,%) ≤ 10.0% | G индекс ≥ 75"
2025-09-29,FE03-2025092901,ECM-95,Монголросцветмет ТӨҮГ,Mongolrostsvetmet (ex-Erdenes Critical Minerals),Монголросцветмет ТӨҮГ /Эрдэнэс критикал минералс ТӨҮГ/,Iron ore,Төмөр,Хүдэр,Iron ore Fe 52%,Fe-52% Төмрийн хүдэр,Форвард,7,65.0,72.5,USD,тонн,478500.0,11.54,2.0,6600.0,reported,H2O 0.5-1.0% | Al2O3 1%-3% | S 0.02%-0.05% | SiO2 5%-10% | Fe < 52% | TiO2 0.01%-0.08% | P 0.01%-0.03%
2025-09-29,CU01-2025092901,10-2025,Эрдэнэт Үйлдвэр ТӨҮГ,Erdenet Mining Corporation,Эрдэнэт Үйлдвэр ТӨҮГ,Copper,Зэс,Баяжмал,Copper concentrate (22.35% Cu),22.35%-ийн зэсийн агуулгатай баяжмал,Форвард,4,2250.61,2300.61,USD,тонн,10421763.0,2.22,5.0,4530.0,reported,Зэс /Cu/ 22.35% | Мөнгө /Ag/ 78 гр/тн | Хүнцэл /As/ <0.3% | Чийглэг /moisture/ 9.4% | Молибден /Мо/ <0.15% | Төмөр /Fe/ <30% | Цайр /Zn/ <0.7% | Хар тугалга /Pb/ <1.4% | Хүхэр /S/ <37% | Алт /Au/ <0.3 гр/тн | Хөнгөн цагаан /Al/ <2.0%
2025-09-29,C08-2025092903,8,Андын Илч ХХК,Андын Илч ХХК,Андын Илч ХХК,Coal,Нүүрс,Боловсруулаагүй,Чийг багатай хүрэн нүүрс,Чийг багатай хүрэн нүүрс,Форвард,1,140.0,140.0,CNY,тонн,2688000.0,0.0,3.0,19200.0,reported,"Хүхэр 2,51% |  Илчлэг 4673kcal |  Чийг 25,1% |  Үнслэг 14,9% |  Дэгдэмхий 43,1%"
2025-09-29,C05-2025092905,25-65 OX,Эрдэнэс Тавантолгой ХК,Erdenes Tavan Tolgoi,Эрдэнэс Тавантолгой ХК,Coal,Нүүрс,Боловсруулаагүй,"Thermal coal (bituminous, non-caking)","Эрчим хүчний нүүрс /Битумт, үл барьцалдах нүүрс/",Форвард,2,40.0,40.0,USD,тонн,10240000.0,0.0,40.0,256000.0,reported,Ash (db): 25.0 (-5.0 | +3.0) | Total moisture (ar): 5.0 (-1.0 | +3.0) | Volatile (daf): 34.0 max | Total sulphur (db): 1.0 (-0.3 | +0.5) | Calorific value (ar): 5500 (-500 | +500) | G Index ≤5
2025-09-29,C05-2025092904,25-64 OX,Эрдэнэс Тавантолгой ХК,Erdenes Tavan Tolgoi,Эрдэнэс Тавантолгой ХК,Coal,Нүүрс,Боловсруулаагүй,"Thermal coal (bituminous, non-caking)","Эрчим хүчний нүүрс /Битумт, үл барьцалдах нүүрс/",Форвард,2,40.0,40.0,USD,тонн,512000.0,0.0,2.0,12800.0,reported,Ash (db): 25.0 (-5.0 | +3.0) | Total moisture (ar): 5.0 (-1.0 | +3.0) | Volatile (daf): 34.0 max | Total sulphur (db): 1.0 (-0.3 | +0.5) | Calorific value (ar): 5500 (-500 | +500) | G Index ≤5
2025-09-29,C04-2025092902,ТТОА-2025-039,Тавантолгой ХК,Tavan Tolgoi JSC,Тавантолгой ХК,Coal,Нүүрс,Боловсруулаагүй,1/3 coking coal,1/3 коксжих нүүрс,Форвард,1,60.8,60.8,USD,тонн,778240.0,0.0,2.0,12800.0,reported,Ash (db): 24.00 (-4 | +4) | Volatile (daf): 33.00 (-3 | +3) | Total sulphur (db): 0.9 (-1 | +1) | G-index (5:1): 73 (-8 | +10) | Total moisture (ar): 1.9 (-5 | +5) | Y- index ≤25mm
2025-09-26,C10-2025092604,25-09 WTC,Эрдэнэс Тавантолгой ХК,Erdenes Tavan Tolgoi,Эрдэнэс Тавантолгой ХК,Coal,Нүүрс,Баяжуулсан,Washed non-coking-quality coal,Баяжуулсан коксжих чанаргүй нүүрс,Форвард,3,45.0,54.9,USD,тонн,1756800.0,22.0,5.0,32000.0,reported,Ash (db): ≤25.0  | Total moisture (ar): ≤9.0  | Volatile (daf): ˂37.0  | Total sulphur (db): ≤1.0  | Calorific value (ar): ˃6000  | G Index (5:1): <20
2025-09-26,C08-2025092605,7,Андын Илч ХХК,Андын Илч ХХК,Андын Илч ХХК,Coal,Нүүрс,Боловсруулаагүй,Чийг багатай хүрэн нүүрс,Чийг багатай хүрэн нүүрс,Форвард,1,140.0,140.0,CNY,тонн,7168000.0,0.0,8.0,51200.0,reported,"Хүхэр 2,51% |  Илчлэг 4673kcal |  Чийг 25,1% |  Үнслэг 14,9% |  Дэгдэмхий 43,1%"
2025-09-26,C06-2025092601,ER-25238,Энержи Ресурс ХХК,Energy Resources,Энержи Ресурс ХХК,Coal,Нүүрс,Баяжуулсан,Washed medium-ash semi-hard coking coal,"Баяжуулсан дунд зэрэг үнстэй, хагас хатуу коксжих нүүрс",Форвард,6,330.0,340.0,CNY,тонн,6528000.0,3.03,3.0,19200.0,reported,"Үнслэг (хуурай,%) ≤ 25.0% | Дэгдэмхий бодис  | (үнсгүй хуурай,%) >10.0%-28.0% | Хүхэр (хуурай, %) ≤ 1.0% | Нийт чийглэг (хүлээн  | авах үеийн төлөв,%) ≤ 10.0% | G индекс >20-60 | Илчлэг (ккал/кг) ≈5500"
2025-09-26,C05-2025092603,25-63 ОX,Эрдэнэс Тавантолгой ХК,Erdenes Tavan Tolgoi,Эрдэнэс Тавантолгой ХК,Coal,Нүүрс,Боловсруулаагүй,"Thermal coal (bituminous, non-caking)","Эрчим хүчний нүүрс /Битумт, үл барьцалдах нүүрс/",Форвард,1,35.0,35.0,USD,тонн,4480000.0,0.0,20.0,128000.0,reported,Ash (db): 25.0 (-5.0 | +3.0) | Total moisture (ar): 5.0 (-1.0 | +3.0) | Volatile (daf): 34.0 max | Total sulphur (db): 1.0 (-0.3 | +0.5) | Calorific value (ar): 5500 (-500 | +500) | G Index ≤5
2025-09-25,FE03-2025092501,ECM-94,Монголросцветмет ТӨҮГ,Mongolrostsvetmet (ex-Erdenes Critical Minerals),Монголросцветмет ТӨҮГ /Эрдэнэс критикал минералс ТӨҮГ/,Iron ore,Төмөр,Хүдэр,Iron ore Fe 52%,Fe-52% Төмрийн хүдэр,Форвард,6,65.0,72.0,USD,тонн,475200.0,10.77,2.0,6600.0,reported,H2O 0.5-1.0% | Al2O3 1%-3% | S 0.02%-0.05% | SiO2 5%-10% | Fe < 52% | TiO2 0.01%-0.08% | P 0.01%-0.03%
2025-09-25,C05-2025092504,25-62 OX,Эрдэнэс Тавантолгой ХК,Erdenes Tavan Tolgoi,Эрдэнэс Тавантолгой ХК,Coal,Нүүрс,Боловсруулаагүй,"Thermal coal (bituminous, non-caking)","Эрчим хүчний нүүрс /Битумт, үл барьцалдах нүүрс/",Форвард,7,40.0,51.7,USD,тонн,661760.0,29.25,2.0,12800.0,reported,Ash (db): 25.0 (-5.0 | +3.0) | Total moisture (ar): 5.0 (-1.0 | +3.0) | Volatile (daf): 34.0 max | Total sulphur (db): 1.0 (-0.3 | +0.5) | Calorific value (ar): ˃6000 | G Index ≤5
2025-09-25,C02-2025092503,25-09 1-3 WCO,Эрдэнэс Тавантолгой ХК,Erdenes Tavan Tolgoi,Эрдэнэс Тавантолгой ХК,Coal,Нүүрс,Баяжуулсан,Washed semi-soft coking coal,Баяжуулсан сул коксжих нүүрс,Форвард,3,90.4,100.4,USD,тонн,3212800.0,11.06,5.0,32000.0,reported,Ash (db): ≤12.0  | Total moisture (ar): ≤10.0  | Volatile (daf): ˂37.0  | Total sulphur (db): ≤0.85  | G Index (5:1): ˃80
2025-09-25,C01-2025092501,ER-25236,Энержи Ресурс ХХК,Energy Resources,Энержи Ресурс ХХК,Coal,Нүүрс,Баяжуулсан,Washed coking coal,Баяжуулсан коксжих нүүрс,Форвард,8,800.0,920.0,CNY,тонн,11776000.0,15.0,2.0,12800.0,reported,"Үнслэг (хуурай,%) ≤ 11.0% | Дэгдэмхий бодис  | (үнсгүй хуурай,%) >20.0%-28.0% | Хүхэр (хуурай, %) ≤ 0.85% | Нийт чийглэг  | (хүлээн авах  | үеийн төлөв,%) ≤ 10.0% | G индекс ≥ 75"
2025-09-24,C06-2025092401,ER-25235,Энержи Ресурс ХХК,Energy Resources,Энержи Ресурс ХХК,Coal,Нүүрс,Баяжуулсан,Washed medium-ash semi-hard coking coal,"Баяжуулсан дунд зэрэг үнстэй, хагас хатуу коксжих нүүрс",Форвард,5,330.0,365.0,CNY,тонн,7008000.0,10.61,3.0,19200.0,reported,"Үнслэг (хуурай,%) ≤ 25.0% | Дэгдэмхий бодис  | (үнсгүй хуурай,%) >10.0%-28.0% | Хүхэр (хуурай, %) ≤ 1.0% | Нийт чийглэг (хүлээн  | авах үеийн төлөв,%) ≤ 10.0% | G индекс >20-60 | Илчлэг (ккал/кг) ≈5500"
2025-09-24,C04-2025092404,25-82 1-3 CO,Эрдэнэс Тавантолгой ХК,Erdenes Tavan Tolgoi,Эрдэнэс Тавантолгой ХК,Coal,Нүүрс,Боловсруулаагүй,1/3 coking coal,1/3 коксжих нүүрс,Форвард,3,64.6,67.6,USD,тонн,4326400.0,4.64,10.0,64000.0,reported,Ash (db): 21.5 (-3.5 | +3.5) | Total moisture (ar): 4.0 (-1.0 | +2.0) | Volatile (daf): 33.0 (-1.5 | +1.5) | Total sulphur (db): 1.1 (-0.5 | +0.5) | G Index (5:1): 70 (-5.0 | +5.0)
2025-09-24,C02-2025092403,25-08 1-3 WCO,Эрдэнэс Тавантолгой ХК,Erdenes Tavan Tolgoi,Эрдэнэс Тавантолгой ХК,Coal,Нүүрс,Баяжуулсан,Washed semi-soft coking coal,Баяжуулсан сул коксжих нүүрс,Форвард,3,90.4,97.9,USD,тонн,3132800.0,8.3,5.0,32000.0,reported,Ash (db): ≤12.0  | Total moisture (ar): ≤10.0  | Volatile (daf): ˂37.0  | Total sulphur (db): ≤0.85  | G Index (5:1): ˃80
2025-09-23,FE03-2025092301,ECM-93,Монголросцветмет ТӨҮГ,Mongolrostsvetmet (ex-Erdenes Critical Minerals),Монголросцветмет ТӨҮГ /Эрдэнэс критикал минералс ТӨҮГ/,Iron ore,Төмөр,Хүдэр,Iron ore Fe 52%,Fe-52% Төмрийн хүдэр,Форвард,7,65.0,71.5,USD,тонн,471900.0,10.0,2.0,6600.0,reported,H2O 0.5-1.0% | Al2O3 1%-3% | S 0.02%-0.05% | SiO2 5%-10% | Fe < 52% | TiO2 0.01%-0.08% | P 0.01%-0.03%
2025-09-23,C06-2025092301,ER-25234,Энержи Ресурс ХХК,Energy Resources,Энержи Ресурс ХХК,Coal,Нүүрс,Баяжуулсан,Washed medium-ash semi-hard coking coal,"Баяжуулсан дунд зэрэг үнстэй, хагас хатуу коксжих нүүрс",Форвард,7,330.0,370.0,CNY,тонн,7104000.0,12.12,3.0,19200.0,reported,"Үнслэг (хуурай,%) ≤ 25.0% | Дэгдэмхий бодис  | (үнсгүй хуурай,%) >10.0%-28.0% | Хүхэр (хуурай, %) ≤ 1.0% | Нийт чийглэг (хүлээн  | авах үеийн төлөв,%) ≤ 10.0% | G индекс >20-60 | Илчлэг (ккал/кг) ≈5500"
2025-09-23,C05-2025092304,25-61 OX,Эрдэнэс Тавантолгой ХК,Erdenes Tavan Tolgoi,Эрдэнэс Тавантолгой ХК,Coal,Нүүрс,Боловсруулаагүй,"Thermal coal (bituminous, non-caking)","Эрчим хүчний нүүрс /Битумт, үл барьцалдах нүүрс/",Форвард,6,35.0,41.0,USD,тонн,1312000.0,17.14,5.0,32000.0,reported,Ash (db): 25.0 (-5.0 | +3.0) | Total moisture (ar): 5.0 (-1.0 | +3.0) | Volatile (daf): 34.0 max | Total sulphur (db): 1.0 (-0.3 | +0.5) | Calorific value (ar): 5500 (-500 | +500) | G Index ≤5
2025-09-23,C02-2025092303,25-07 1-3 WCO,Эрдэнэс Тавантолгой ХК,Erdenes Tavan Tolgoi,Эрдэнэс Тавантолгой ХК,Coal,Нүүрс,Баяжуулсан,Washed semi-soft coking coal,Баяжуулсан сул коксжих нүүрс,Форвард,3,90.4,94.9,USD,тонн,3036800.0,4.98,5.0,32000.0,reported,Ash (db): ≤12.0  | Total moisture (ar): ≤10.0  | Volatile (daf): ˂37.0  | Total sulphur (db): ≤0.85  | G Index (5:1): ˃80
2025-09-23,C02-2025092302,25-06 1-3 WCO,Эрдэнэс Тавантолгой ХК,Erdenes Tavan Tolgoi,Эрдэнэс Тавантолгой ХК,Coal,Нүүрс,Баяжуулсан,Washed semi-soft coking coal,Баяжуулсан сул коксжих нүүрс,Форвард,3,90.4,94.9,USD,тонн,3036800.0,4.98,5.0,32000.0,reported,Ash (db): ≤12.0  | Total moisture (ar): ≤10.0  | Volatile (daf): ˂37.0  | Total sulphur (db): ≤0.85  | G Index (5:1): ˃80
2025-09-22,C05-2025092201,25-60 OX,Эрдэнэс Тавантолгой ХК,Erdenes Tavan Tolgoi,Эрдэнэс Тавантолгой ХК,Coal,Нүүрс,Боловсруулаагүй,"Thermal coal (bituminous, non-caking)","Эрчим хүчний нүүрс /Битумт, үл барьцалдах нүүрс/",Форвард,2,41.6,41.6,USD,тонн,1331200.0,0.0,5.0,32000.0,reported,Ash (db): 25.0 (-5.0 | +3.0) | Total moisture (ar): 5.0 (-1.0 | +3.0) | Volatile (daf): 34.0 max | Total sulphur (db): 1.0 (-0.3 | +0.5) | Calorific value (ar): 5500 (-500 | +500) | G Index ≤5
2025-09-22,C04-2025092202,25-81 1-3 CO,Эрдэнэс Тавантолгой ХК,Erdenes Tavan Tolgoi,Эрдэнэс Тавантолгой ХК,Coal,Нүүрс,Боловсруулаагүй,1/3 coking coal,1/3 коксжих нүүрс,Форвард,2,64.8,66.3,USD,тонн,2121600.0,2.31,5.0,32000.0,reported,Ash (db): 21.5 (-3.5 | +3.5) | Total moisture (ar): 4.0 (-1.0 | +2.0) | Volatile (daf): 33.0 (-1.5 | +1.5) | Total sulphur (db): 1.1 (-0.5 | +0.5) | G Index (5:1): 70 (-5.0 | +5.0)
2025-09-22,C02-2025092203,25-05 1-3 WCO,Эрдэнэс Тавантолгой ХК,Erdenes Tavan Tolgoi,Эрдэнэс Тавантолгой ХК,Coal,Нүүрс,Баяжуулсан,Washed semi-soft coking coal,Баяжуулсан сул коксжих нүүрс,Форвард,2,91.4,92.4,USD,тонн,2956800.0,1.09,5.0,32000.0,reported,Ash (db): ≤12.0  | Total moisture (ar): ≤10.0  | Volatile (daf): ˂37.0  | Total sulphur (db): ≤0.85  | G Index (5:1): ˃80
2025-09-22,C01-2025092205,MTO0911,Мөнх тэнүүн оргил ХХК,Мөнх тэнүүн оргил ХХК,Мөнх тэнүүн оргил ХХК,Coal,Нүүрс,Баяжуулсан,Washed coking coal,Баяжуулсан коксжих нүүрс,Форвард,1,92.0,92.0,USD,тонн,11776000.0,0.0,20.0,128000.0,reported,"Үнслэг (хуурай,%) 12.5(+-1) | Дэгдэмхий бодис (үнсгүй  | хуурай,%) | >20.0%- | 28.0% | Хүхэр (хуурай, %) 0.7(+-1) | Нийт чийг 10(+-1) | G индекс ≥65"
2025-09-22,C01-2025092204,ER-25232,Энержи Ресурс ХХК,Energy Resources,Энержи Ресурс ХХК,Coal,Нүүрс,Баяжуулсан,Washed coking coal,Баяжуулсан коксжих нүүрс,Форвард,6,800.0,910.0,CNY,тонн,11648000.0,13.75,2.0,12800.0,reported,"Үнслэг (хуурай,%) ≤ 11.0% | Дэгдэмхий бодис  | (үнсгүй хуурай,%) >20.0%-28.0% | Хүхэр (хуурай, %) ≤ 0.85% | Нийт чийглэг  | (хүлээн авах  | үеийн төлөв,%) ≤ 10.0% | G индекс ≥ 75"
2025-09-19,С04-2025091905,25-80 1-3 CO,Эрдэнэс Тавантолгой ХК,Erdenes Tavan Tolgoi,Эрдэнэс Тавантолгой ХК,Coal,Нүүрс,Боловсруулаагүй,1/3 coking coal,1/3 коксжих нүүрс,Форвард,4,64.8,68.8,USD,тонн,4403200.0,6.17,10.0,64000.0,reported,Ash (db): 21.5 (-3.5 | +3.5) | Total moisture (ar): 4.0 (-1.0 | +2.0) | Volatile (daf): 33.0 (-1.5 | +1.5) | Total sulphur (db): 1.1 (-0.5 | +0.5) | G Index (5:1): 70 (-5.0 | +5.0)
2025-09-19,С02-2025091906,25-04 1-3 WCO,Эрдэнэс Тавантолгой ХК,Erdenes Tavan Tolgoi,Эрдэнэс Тавантолгой ХК,Coal,Нүүрс,Баяжуулсан,Washed semi-soft coking coal,Баяжуулсан сул коксжих нүүрс,Форвард,1,91.4,91.4,USD,тонн,1169920.0,0.0,2.0,12800.0,reported,Ash (db): ≤12.0  | Total moisture (ar): ≤10.0  | Volatile (daf): ˂37.0  | Total sulphur (db): ≤0.85  | G Index (5:1): ˃80
2025-09-19,FE03-2025091901,ECM-91,Монголросцветмет ТӨҮГ,Mongolrostsvetmet (ex-Erdenes Critical Minerals),Монголросцветмет ТӨҮГ /Эрдэнэс критикал минералс ТӨҮГ/,Iron ore,Төмөр,Хүдэр,Iron ore Fe 52%,Fe-52% Төмрийн хүдэр,Форвард,7,63.0,71.0,USD,тонн,468600.0,12.7,2.0,6600.0,reported,H2O 0.5-1.0% | Al2O3 1%-3% | S 0.02%-0.05% | SiO2 5%-10% | Fe < 52% | TiO2 0.01%-0.08% | P 0.01%-0.03%
2025-09-19,C06-2025091902,KH-25079,Хангад Эксплорэйшн ХХК,Khangad Exploration,Хангад Эксплорэйшн ХХК,Coal,Нүүрс,Баяжуулсан,Washed medium-ash semi-hard coking coal,"Баяжуулсан дунд зэрэг үнстэй, хагас хатуу коксжих нүүрс",Форвард,8,330.0,360.0,CNY,тонн,6912000.0,9.09,3.0,19200.0,reported,"Үнслэг (хуурай,%) ≤ 25.0% | Дэгдэмхий бодис  | (үнсгүй хуурай,%) >10.0%-28.0% | Хүхэр (хуурай, %) ≤ 1.0% | Нийт чийглэг (хүлээн  | авах үеийн төлөв,%) ≤ 10.0% | G индекс >20-60 | Илчлэг (ккал/кг) ≈5500"
2025-09-19,C05-2025091904,25-59 OX,Эрдэнэс Тавантолгой ХК,Erdenes Tavan Tolgoi,Эрдэнэс Тавантолгой ХК,Coal,Нүүрс,Боловсруулаагүй,"Thermal coal (bituminous, non-caking)","Эрчим хүчний нүүрс /Битумт, үл барьцалдах нүүрс/",Форвард,1,41.6,41.6,USD,тонн,2662400.0,0.0,10.0,64000.0,reported,Ash (db): 25.0 (-5.0 | +3.0) | Total moisture (ar): 5.0 (-1.0 | +3.0) | Volatile (daf): 34.0 max | Total sulphur (db): 1.0 (-0.3 | +0.5) | Calorific value (ar): 5500 (-500 | +500) | G Index ≤5
2025-09-19,C03-2025091903,TTOA-2025-038,Тавантолгой ХК,Tavan Tolgoi JSC,Тавантолгой ХК,Coal,Нүүрс,Боловсруулаагүй,Medium-volatile coking coal,"Дэгдэмхий бодис дунд, коксжих нүүрс",Форвард,3,96.0,96.0,USD,тонн,3072000.0,0.0,5.0,32000.0,reported,"Ash (db): 15,00 (-4.0 | +4.0) | Volatile (daf): 26.00 (-2.0 | +2.0) | Total sulphur (db): 0.9 (-0.3 | +0.2) | G-index (5:1): 71 (-10.0 | +10.0) | Total moisture (ar): 1,9 (-0.5 | +2.5) | Y- index ≤25mm"
2025-09-19,C01-2025091901,ER-25231,Энержи Ресурс ХХК,Energy Resources,Энержи Ресурс ХХК,Coal,Нүүрс,Баяжуулсан,Washed coking coal,Баяжуулсан коксжих нүүрс,Форвард,5,800.0,890.0,CNY,тонн,11392000.0,11.25,2.0,12800.0,reported,"Үнслэг (хуурай,%) ≤ 11.0% | Дэгдэмхий бодис  | (үнсгүй хуурай,%) >20.0%-28.0% | Хүхэр (хуурай, %) ≤ 0.85% | Нийт чийглэг  | (хүлээн авах  | үеийн төлөв,%) ≤ 10.0% | G индекс ≥ 75"
2025-09-18,C06-2025091802,KH-25078,Хангад Эксплорэйшн ХХК,Khangad Exploration,Хангад Эксплорэйшн ХХК,Coal,Нүүрс,Баяжуулсан,Washed medium-ash semi-hard coking coal,"Баяжуулсан дунд зэрэг үнстэй, хагас хатуу коксжих нүүрс",Форвард,7,330.0,350.0,CNY,тонн,6720000.0,6.06,3.0,19200.0,reported,"Үнслэг (хуурай,%) ≤ 25.0% | Дэгдэмхий бодис | (үнсгүй хуурай,%) >10.0%-28.0% | Хүхэр (хуурай, %) ≤ 1.0% | Нийт чийглэг (хүлээн | авах үеийн төлөв,%) ≤ 10.0% | G индекс >20-60 | Илчлэг (ккал/кг) ≈5500"
2025-09-18,C05-2025091804,25-58 OX,Эрдэнэс Тавантолгой ХК,Erdenes Tavan Tolgoi,Эрдэнэс Тавантолгой ХК,Coal,Нүүрс,Боловсруулаагүй,"Thermal coal (bituminous, non-caking)","Эрчим хүчний нүүрс /Битумт, үл барьцалдах нүүрс/",Форвард,3,41.6,41.9,USD,тонн,5363200.0,0.72,20.0,128000.0,reported,Ash (db): 25.0 (-5.0 | +3.0) | Total moisture (ar): 5.0 (-1.0 | +3.0) | Volatile (daf): 34.0 max | Total sulphur (db): 1.0 (-0.3 | +0.5) | Calorific value (ar): 5500 (-500 | +500) | G Index ≤5
2025-09-18,C05-2025091803,25-57 OX,Эрдэнэс Тавантолгой ХК,Erdenes Tavan Tolgoi,Эрдэнэс Тавантолгой ХК,Coal,Нүүрс,Боловсруулаагүй,"Thermal coal (bituminous, non-caking)","Эрчим хүчний нүүрс /Битумт, үл барьцалдах нүүрс/",Форвард,1,36.4,36.4,USD,тонн,1164800.0,0.0,5.0,32000.0,reported,Ash (db): 25.0 (-5.0 | +3.0) | Total moisture (ar): 5.0 (-1.0 | +3.0) | Volatile (daf): 34.0 max | Total sulphur (db): 1.0 (-0.3 | +0.5) | Calorific value (ar): 5500 (-500 | +500) | G Index ≤5
2025-09-18,C04-2025091806,25-79 1-3 CO,Эрдэнэс Тавантолгой ХК,Erdenes Tavan Tolgoi,Эрдэнэс Тавантолгой ХК,Coal,Нүүрс,Боловсруулаагүй,1/3 coking coal,1/3 коксжих нүүрс,Форвард,2,64.8,68.3,USD,тонн,8742400.0,5.4,20.0,128000.0,reported,Ash (db): 21.5 (-3.5 | +3.5) | Total moisture (ar): 4.0 (-1.0 | +2.0) | Volatile (daf): 33.0 (-1.5 | +1.5) | Total sulphur (db): 1.1 (-0.5 | +0.5) | G Index (5:1): 70 (-5.0 | +5.0)
2025-09-18,C02-2025092801,KH-25077,Хангад Эксплорэйшн ХХК,Khangad Exploration,Хангад Эксплорэйшн ХХК,Coal,Нүүрс,Баяжуулсан,Washed semi-soft coking coal,Баяжуулсан сул коксжих нүүрс,Форвард,3,600.0,715.0,CNY,тонн,9152000.0,19.17,2.0,12800.0,reported,"нслэг (хуурай,%) ≤ 9.5% | Дэгдэмхий бодис | (үнсгүй хуурай,%) > 28.0% | Хүхэр (хуурай, %) ≤ 0.85% | Нийт чийглэг | (хүлээн авах үеийн | төлөв,%) ≤ 10.0% | G индекс ≥65"
2025-09-17,FE03-2025091701,ECM-90,Монголросцветмет ТӨҮГ,Mongolrostsvetmet (ex-Erdenes Critical Minerals),Монголросцветмет ТӨҮГ /Эрдэнэс критикал минералс ТӨҮГ/,Iron ore,Төмөр,Хүдэр,Iron ore Fe 52%,Fe-52% Төмрийн хүдэр,Форвард,7,63.0,69.0,USD,тонн,455400.0,9.52,2.0,6600.0,reported,H2O 0.5-1.0% | Al2O3 1%-3% | S 0.02%-0.05% | SiO2 5%-10% | Fe < 52% | TiO2 0.01%-0.08% | P 0.01%-0.03%
2025-09-17,C06-2025091702,KH-25076,Хангад Эксплорэйшн ХХК,Khangad Exploration,Хангад Эксплорэйшн ХХК,Coal,Нүүрс,Баяжуулсан,Washed medium-ash semi-hard coking coal,"Баяжуулсан дунд зэрэг үнстэй, хагас хатуу коксжих нүүрс",Форвард,6,330.0,350.0,CNY,тонн,6720000.0,6.06,3.0,19200.0,reported,"Үнслэг (хуурай,%) ≤ 25.0% | Дэгдэмхий бодис  | (үнсгүй хуурай,%) >10.0%-28.0% | Хүхэр (хуурай, %) ≤ 1.0% | Нийт чийглэг (хүлээн  | авах үеийн төлөв,%) ≤ 10.0% | G индекс >20-60 | Илчлэг (ккал/кг) ≈5500"
2025-09-17,C02-2025091701,KH-25075,Хангад Эксплорэйшн ХХК,Khangad Exploration,Хангад Эксплорэйшн ХХК,Coal,Нүүрс,Баяжуулсан,Washed semi-soft coking coal,Баяжуулсан сул коксжих нүүрс,Форвард,6,600.0,715.0,CNY,тонн,9152000.0,19.17,2.0,12800.0,reported,"Үнслэг (хуурай,%) ≤ 9.5% | Дэгдэмхий бодис  | (үнсгүй хуурай,%) > 28.0% | Хүхэр (хуурай, %) ≤ 0.85% | Нийт чийглэг  | (хүлээн авах үеийн  | төлөв,%) ≤ 10.0% | G индекс ≥65"
2025-09-16,C06-2025091602,KH-25074,Хангад Эксплорэйшн ХХК,Khangad Exploration,Хангад Эксплорэйшн ХХК,Coal,Нүүрс,Баяжуулсан,Washed medium-ash semi-hard coking coal,"Баяжуулсан дунд зэрэг үнстэй, хагас хатуу коксжих нүүрс",Форвард,7,330.0,345.0,CNY,тонн,6624000.0,4.55,3.0,19200.0,reported,"Үнслэг (хуурай,%) ≤ 25.0% | Дэгдэмхий бодис  | (үнсгүй хуурай,%) >10.0%-28.0% | Хүхэр (хуурай, %) ≤ 1.0% | Нийт чийглэг (хүлээн  | авах үеийн төлөв,%) ≤ 10.0% | G индекс >20-60 | Илчлэг (ккал/кг) ≈5500"
2025-09-16,C02-2025091601,KH-25073,Хангад Эксплорэйшн ХХК,Khangad Exploration,Хангад Эксплорэйшн ХХК,Coal,Нүүрс,Баяжуулсан,Washed semi-soft coking coal,Баяжуулсан сул коксжих нүүрс,Форвард,6,600.0,690.0,CNY,тонн,8832000.0,15.0,2.0,12800.0,reported,"Үнслэг (хуурай,%) ≤ 9.5% | Дэгдэмхий бодис  | (үнсгүй хуурай,%) > 28.0% | Хүхэр (хуурай, %) ≤ 0.85% | Нийт чийглэг  | (хүлээн авах үеийн  | төлөв,%) ≤ 10.0% | G индекс ≥65"
2025-09-15,FE03-2025091501,ECM-89,Монголросцветмет ТӨҮГ,Mongolrostsvetmet (ex-Erdenes Critical Minerals),Монголросцветмет ТӨҮГ /Эрдэнэс критикал минералс ТӨҮГ/,Iron ore,Төмөр,Хүдэр,Iron ore Fe 52%,Fe-52% Төмрийн хүдэр,Форвард,5,63.0,68.5,USD,тонн,452100.0,8.73,2.0,6600.0,reported,H2O 0.5-1.0% | Al2O3 1%-3% | S 0.02%-0.05% | SiO2 5%-10% | Fe < 52% | TiO2 0.01%-0.08% | P 0.01%-0.03%
2025-09-15,C06-2025091503,KH-25072,Хангад Эксплорэйшн ХХК,Khangad Exploration,Хангад Эксплорэйшн ХХК,Coal,Нүүрс,Баяжуулсан,Washed medium-ash semi-hard coking coal,"Баяжуулсан дунд зэрэг үнстэй, хагас хатуу коксжих нүүрс",Форвард,8,330.0,340.0,CNY,тонн,6528000.0,3.03,3.0,19200.0,reported,"Үнслэг (хуурай,%) ≤ 25.0% | Дэгдэмхий бодис  | (үнсгүй хуурай,%) >10.0%-28.0% | Хүхэр (хуурай, %) ≤ 1.0% | Нийт чийглэг (хүлээн  | авах үеийн төлөв,%) ≤ 10.0% | G индекс >20-60 | Илчлэг (ккал/кг) ≈5500"
2025-09-15,C02-2025091501,25-03 1-3 WCO,Эрдэнэс Тавантолгой ХК,Erdenes Tavan Tolgoi,Эрдэнэс Тавантолгой ХК,Coal,Нүүрс,Баяжуулсан,Washed semi-soft coking coal,Баяжуулсан сул коксжих нүүрс,Форвард,2,91.4,94.4,USD,тонн,3020800.0,3.28,5.0,32000.0,reported,Ash (db): ≤12.0  | Total moisture (ar): ≤10.0  | Volatile (daf): ˂37.0  | Total sulphur (db): ≤0.85  | G Index (5:1): ˃80
2025-09-15,C01-2025091502,ER-25230,Энержи Ресурс ХХК,Energy Resources,Энержи Ресурс ХХК,Coal,Нүүрс,Баяжуулсан,Washed coking coal,Баяжуулсан коксжих нүүрс,Форвард,6,800.0,850.0,CNY,тонн,10880000.0,6.25,2.0,12800.0,reported,"Үнслэг (хуурай,%) ≤ 11.0% | Дэгдэмхий бодис  | (үнсгүй хуурай,%) >20.0%-28.0% | Хүхэр (хуурай, %) ≤ 0.85% | Нийт чийглэг  | (хүлээн авах  | үеийн төлөв,%) ≤ 10.0% | G индекс ≥ 75"
2025-09-12,FE01-2025091201,ECM-92,Монголросцветмет ТӨҮГ,Mongolrostsvetmet (ex-Erdenes Critical Minerals),Монголросцветмет ТӨҮГ /Эрдэнэс критикал минералс ТӨҮГ/,Iron ore,Төмөр,Баяжмал,Iron concentrate Fe 65%,Fe-65% Төмрийн баяжмал,Форвард,3,83.0,88.0,USD,тонн,1742400.0,6.02,6.0,19800.0,reported,H2O 7-10% | AL2O3 0.4-1% | S 0.02-0.08% | SIO2 3-8% | FE <65% | TIO2 0.01-0.08% | P 0.01-0.03%
2025-09-12,C06-2025091201,ER-25229,Энержи Ресурс ХХК,Energy Resources,Энержи Ресурс ХХК,Coal,Нүүрс,Баяжуулсан,Washed medium-ash semi-hard coking coal,"Баяжуулсан дунд зэрэг үнстэй, хагас хатуу коксжих нүүрс",Форвард,9,330.0,335.0,CNY,тонн,6432000.0,1.52,3.0,19200.0,reported,"Үнслэг (хуурай,%) ≤ 25.0% | Дэгдэмхий бодис  | (үнсгүй хуурай,%) >10.0%-28.0% | Хүхэр (хуурай, %) ≤ 1.0% | Нийт чийглэг (хүлээн  | авах үеийн төлөв,%) ≤ 10.0% | G индекс >20-60 | Илчлэг (ккал/кг) ≈5500"
2025-09-12,C02-2025091205,25-02 1-3 WCO,Эрдэнэс Тавантолгой ХК,Erdenes Tavan Tolgoi,Эрдэнэс Тавантолгой ХК,Coal,Нүүрс,Баяжуулсан,Washed semi-soft coking coal,Баяжуулсан сул коксжих нүүрс,Форвард,2,91.4,91.4,USD,тонн,2924800.0,0.0,5.0,32000.0,reported,Ash (db): ≤12.0  | Total moisture (ar): ≤10.0  | Volatile (daf): ˂37.0  | Total sulphur (db): ≤0.85  | G Index (5:1): ˃80
2025-09-11,FE03-2025091101,ECM-86,Монголросцветмет ТӨҮГ,Mongolrostsvetmet (ex-Erdenes Critical Minerals),Монголросцветмет ТӨҮГ /Эрдэнэс критикал минералс ТӨҮГ/,Iron ore,Төмөр,Хүдэр,Iron ore Fe 52%,Fe-52% Төмрийн хүдэр,Форвард,5,63.0,68.0,USD,тонн,448800.0,7.94,2.0,6600.0,reported,H2O 0.5-1.0% | Al2O3 1%-3% | S 0.02%-0.05% | SiO2 5%-10% | Fe < 52% | TiO2 0.01%-0.08% | P 0.01%-0.03%
2025-09-11,C03-2025091105,TTOA-2025-037,Тавантолгой ХК,Tavan Tolgoi JSC,Тавантолгой ХК,Coal,Нүүрс,Боловсруулаагүй,Medium-volatile coking coal,"Дэгдэмхий бодис дунд, коксжих нүүрс",Форвард,7,90.0,101.5,USD,тонн,5196800.0,12.78,8.0,51200.0,reported,"Ash (db): 15,09 (-4.0 | +4.0) | Volatile (daf): 26.00 (-2.0 | +2.0) | Total sulphur (db): 0.98 (-0.3 | +0.2) | G-index (5:1): 72 (-10.0 | +10.0) | Total moisture (ar): 1,93 (-0.5 | +2.5) | Y- index ≤25mm"
2025-09-11,C03-2025091104,TTOA-2025-036,Тавантолгой ХК,Tavan Tolgoi JSC,Тавантолгой ХК,Coal,Нүүрс,Боловсруулаагүй,Medium-volatile coking coal,"Дэгдэмхий бодис дунд, коксжих нүүрс",Форвард,7,90.0,101.0,USD,тонн,5171200.0,12.22,8.0,51200.0,reported,"Ash (db): 15,09 (-4.0 | +4.0) | Volatile (daf): 26.00 (-2.0 | +2.0) | Total sulphur (db): 0.98 (-0.3 | +0.2) | G-index (5:1): 72 (-10.0 | +10.0) | Total moisture (ar): 1,93 (-0.5 | +2.5) | Y- index ≤25mm"
2025-09-11,C02- 2025091104,25-01 1-3 WCO,Эрдэнэс Тавантолгой ХК,Erdenes Tavan Tolgoi,Эрдэнэс Тавантолгой ХК,Coal,Нүүрс,Баяжуулсан,Washed semi-soft coking coal,Баяжуулсан сул коксжих нүүрс,Форвард,2,91.4,96.9,USD,тонн,1860480.0,6.02,3.0,19200.0,reported,Ash (db): ≤12.0  | Total moisture (ar): ≤10.0  | Volatile (daf): ˂37.0  | Total sulphur (db): ≤0.85  | G Index (5:1): ˃80
2025-09-11,C01-2025091101,ER-25228,Энержи Ресурс ХХК,Energy Resources,Энержи Ресурс ХХК,Coal,Нүүрс,Баяжуулсан,Washed coking coal,Баяжуулсан коксжих нүүрс,Форвард,6,800.0,840.0,CNY,тонн,10752000.0,5.0,2.0,12800.0,reported,"Үнслэг (хуурай,%) ≤ 11.0% | Дэгдэмхий бодис  | (үнсгүй хуурай,%) >20.0%-28.0% | Хүхэр (хуурай, %) ≤ 0.85% | Нийт чийглэг  | (хүлээн авах  | үеийн төлөв,%)  | ≤ 10.0% | G индекс ≥ 75"
2025-09-10,С04-2025091003,25-74 1-3 CO,Эрдэнэс Тавантолгой ХК,Erdenes Tavan Tolgoi,Эрдэнэс Тавантолгой ХК,Coal,Нүүрс,Боловсруулаагүй,1/3 coking coal,1/3 коксжих нүүрс,Форвард,1,64.8,64.8,USD,тонн,4147200.0,0.0,10.0,64000.0,reported,Ash (db): 21.5 (-3.5 | +3.5) | Total moisture (ar): 4.0 (-1.0 | +2.0) | Volatile (daf): 33.0 (-1.5 | +1.5) | Total sulphur (db): 1.1 (-0.5 | +0.5) | G Index (5:1): 70 (-5.0 | +5.0)
2025-09-10,CAF01-2025091001,ECM-85,Монголросцветмет ТӨҮГ,Mongolrostsvetmet (ex-Erdenes Critical Minerals),Монголросцветмет ТӨҮГ /Эрдэнэс критикал минералс ТӨҮГ/,Fluorspar,Жонш,Баяжмал,Fluorspar concentrate CaF2 95%,CaF2-95% Хайлуур жоншны баяжмал,Форвард,3,300.0,329.0,USD,тонн,1090635.0,9.67,51.0,3315.0,reported,CAF2 95% | CACO3 2.0% | SIO2 1.4% | S 0.02-0.05% | P <0.5 | H2O 8-10%
2025-09-10,C10-2025091004,25-08 WTC,Эрдэнэс Тавантолгой ХК,Erdenes Tavan Tolgoi,Эрдэнэс Тавантолгой ХК,Coal,Нүүрс,Баяжуулсан,Washed non-coking-quality coal,Баяжуулсан коксжих чанаргүй нүүрс,Форвард,2,46.8,46.8,USD,тонн,599040.0,0.0,2.0,12800.0,reported,Ash (db): ≤22.0  | Total moisture (ar): ≤9.0  | Volatile (daf): ˂37.0  | Total sulphur (db): ≤1.0  | Calorific value (ar): ≥6000  | G Index (5:1): <20
2025-09-09,FE03-2025090901,ECM-84,Монголросцветмет ТӨҮГ,Mongolrostsvetmet (ex-Erdenes Critical Minerals),Монголросцветмет ТӨҮГ /Эрдэнэс критикал минералс ТӨҮГ/,Iron ore,Төмөр,Хүдэр,Iron ore Fe 52%,Fe-52% Төмрийн хүдэр,Форвард,6,63.0,68.0,USD,тонн,448800.0,7.94,2.0,6600.0,reported,H2O 0.5-1.0% | Al2O3 1%-3% | S 0.02%-0.05% | SiO2 5%-10% | Fe < 52% | TiO2 0.01%-0.08% | P 0.01%-0.03%
2025-09-09,C06-2025090901,ER-25227,Энержи Ресурс ХХК,Energy Resources,Энержи Ресурс ХХК,Coal,Нүүрс,Баяжуулсан,Washed medium-ash semi-hard coking coal,"Баяжуулсан дунд зэрэг үнстэй, хагас хатуу коксжих нүүрс",Форвард,2,330.0,335.0,CNY,тонн,6432000.0,1.52,3.0,19200.0,reported,"Үнслэг (хуурай,%) ≤ 25.0% | Дэгдэмхий бодис  | (үнсгүй хуурай,%) >10.0%-28.0% | Хүхэр (хуурай, %) ≤ 1.0% | Нийт чийглэг (хүлээн  | авах үеийн төлөв,%) ≤ 10.0% | G индекс >20-60 | Илчлэг (ккал/кг) ≈5500"
2025-09-09,C01-2025090905,25-20 WCO,Эрдэнэс Тавантолгой ХК,Erdenes Tavan Tolgoi,Эрдэнэс Тавантолгой ХК,Coal,Нүүрс,Баяжуулсан,Washed coking coal,Баяжуулсан коксжих нүүрс,Форвард,4,122.1,133.6,USD,тонн,2565120.0,9.42,3.0,19200.0,reported,Ash (db): ≤10.5 | Total moisture (ar): ≤10.0 | Volatile (daf): ≤28.0  | Total sulphur (db): 0.85 | G Index (5:1): ≥80
2025-09-08,FE01-2025090801,ECM-88,Монголросцветмет ТӨҮГ,Mongolrostsvetmet (ex-Erdenes Critical Minerals),Монголросцветмет ТӨҮГ /Эрдэнэс критикал минералс ТӨҮГ/,Iron ore,Төмөр,Баяжмал,Iron concentrate Fe 65%,Fe-65% Төмрийн баяжмал,Форвард,2,83.0,83.0,USD,тонн,1643400.0,0.0,6.0,19800.0,reported,H2O 7-10% | AL2O3 0.4-1% | S 0.02-0.08% | SIO2 3-8% | FE <65% | TIO2 0.01-0.08% | P 0.01-0.03%
2025-09-08,C04-2025090803,25-71 1-3 CO,Эрдэнэс Тавантолгой ХК,Erdenes Tavan Tolgoi,Эрдэнэс Тавантолгой ХК,Coal,Нүүрс,Боловсруулаагүй,1/3 coking coal,1/3 коксжих нүүрс,Форвард,2,71.9,72.9,USD,тонн,1399680.0,1.39,3.0,19200.0,reported,Ash (db): ≤18.0 | Total moisture (ar): 4.0 (-1.0 | +2.0) | Volatile (daf): 33.0 (-1.5 | +1.5) | Total sulphur (db): 1.1 (-0.5 | +0.5) | G Index (5:1): 75 (-5.0 | +5.0)
2025-09-08,C01-2025090801,ER-25226,Энержи Ресурс ХХК,Energy Resources,Энержи Ресурс ХХК,Coal,Нүүрс,Баяжуулсан,Washed coking coal,Баяжуулсан коксжих нүүрс,Форвард,5,800.0,840.0,CNY,тонн,10752000.0,5.0,2.0,12800.0,reported,"Үнслэг (хуурай,%) ≤ 11.0% | Дэгдэмхий бодис  | (үнсгүй хуурай,%) >20.0%-28.0% | Хүхэр (хуурай, %) ≤ 0.85% | Нийт чийглэг  | (хүлээн авах  | үеийн төлөв,%)  | ≤ 10.0% | G индекс ≥ 75"
2025-09-05,FE03-2025090502,ECM-87,Монголросцветмет ТӨҮГ,Mongolrostsvetmet (ex-Erdenes Critical Minerals),Монголросцветмет ТӨҮГ /Эрдэнэс критикал минералс ТӨҮГ/,Iron ore,Төмөр,Хүдэр,Iron ore Fe 52%,Fe-52% Төмрийн хүдэр,Форвард,5,63.0,67.5,USD,тонн,445500.0,7.14,2.0,6600.0,reported,H2O 0.5-1.0% | Al2O3 1%-3% | S 0.02%-0.05% | SiO2 5%-10% | Fe < 52% | TiO2 0.01%-0.08% | P 0.01%-0.03%
2025-09-05,FE03-2025090501,ECM-83,Монголросцветмет ТӨҮГ,Mongolrostsvetmet (ex-Erdenes Critical Minerals),Монголросцветмет ТӨҮГ /Эрдэнэс критикал минералс ТӨҮГ/,Iron ore,Төмөр,Хүдэр,Iron ore Fe 52%,Fe-52% Төмрийн хүдэр,Форвард,6,63.0,66.5,USD,тонн,438900.0,5.56,2.0,6600.0,reported,H2O 0.5-1.0% | Al2O3 1%-3% | S 0.02%-0.05% | SiO2 5%-10% | Fe < 52% | TiO2 0.01%-0.08% | P 0.01%-0.03%
2025-09-05,C06-2025090502,ER-25225,Энержи Ресурс ХХК,Energy Resources,Энержи Ресурс ХХК,Coal,Нүүрс,Баяжуулсан,Washed medium-ash semi-hard coking coal,"Баяжуулсан дунд зэрэг үнстэй, хагас хатуу коксжих нүүрс",Форвард,1,330.0,330.0,CNY,тонн,6336000.0,0.0,3.0,19200.0,reported,"Үнслэг (хуурай,%) ≤ 25.0% | Дэгдэмхий бодис  | (үнсгүй хуурай,%) >10.0%-28.0% | Хүхэр (хуурай, %) ≤ 1.0% | Нийт чийглэг (хүлээн  | авах үеийн төлөв,%) ≤ 10.0% | G индекс >20-60 | Илчлэг (ккал/кг) ≈5500"
2025-09-05,C01-2025090501,ER-25224,Энержи Ресурс ХХК,Energy Resources,Энержи Ресурс ХХК,Coal,Нүүрс,Баяжуулсан,Washed coking coal,Баяжуулсан коксжих нүүрс,Форвард,6,800.0,835.0,CNY,тонн,10688000.0,4.38,2.0,12800.0,reported,"Үнслэг (хуурай,%) ≤ 11.0% | Дэгдэмхий бодис | (үнсгүй хуурай,%) >20.0%-28.0% | Хүхэр (хуурай, %) ≤ 0.85% | Нийт чийглэг | (хүлээн авах | үеийн төлөв,%)≤ 10.0% | G индекс ≥ 75"
2025-09-04,CAF01-2025090401,ECM-82,Монголросцветмет ТӨҮГ,Mongolrostsvetmet (ex-Erdenes Critical Minerals),Монголросцветмет ТӨҮГ /Эрдэнэс критикал минералс ТӨҮГ/,Fluorspar,Жонш,Баяжмал,Fluorspar concentrate CaF2 95%,CaF2-95% Хайлуур жоншны баяжмал,Форвард,2,300.0,330.0,USD,тонн,1093950.0,10.0,51.0,3315.0,reported,CAF2 95% | CACO3 2.0% | SIO2 1.4% | S 0.02-0.05% | P <0.5 | H2O 8-10%
2025-09-04,C06-2025090402,ER-25223,Энержи Ресурс ХХК,Energy Resources,Энержи Ресурс ХХК,Coal,Нүүрс,Баяжуулсан,Washed medium-ash semi-hard coking coal,"Баяжуулсан дунд зэрэг үнстэй, хагас хатуу коксжих нүүрс",Форвард,1,330.0,330.0,CNY,тонн,6336000.0,0.0,3.0,19200.0,reported,"Үнслэг (хуурай,%) ≤ 25.0% | Дэгдэмхий бодис  | (үнсгүй хуурай,%) >10.0%-28.0% | Хүхэр (хуурай, %) ≤ 1.0% | Нийт чийглэг (хүлээн  | авах үеийн төлөв,%) ≤ 10.0% | G индекс >20-60 | Илчлэг (ккал/кг) ≈5500"
2025-09-04,C01-2025090401,ER-25222,Энержи Ресурс ХХК,Energy Resources,Энержи Ресурс ХХК,Coal,Нүүрс,Баяжуулсан,Washed coking coal,Баяжуулсан коксжих нүүрс,Форвард,2,800.0,825.0,CNY,тонн,10560000.0,3.12,2.0,12800.0,reported,"Үнслэг (хуурай,%) ≤ 11.0% | Дэгдэмхий бодис  | (үнсгүй хуурай,%) >20.0%-28.0% | Хүхэр (хуурай, %) ≤ 0.85% | Нийт чийглэг  | (хүлээн авах  | үеийн төлөв,%)  | ≤ 10.0% | G индекс ≥ 75"
2025-09-03,FE03-2025090301,ECM-81,Монголросцветмет ТӨҮГ,Mongolrostsvetmet (ex-Erdenes Critical Minerals),Монголросцветмет ТӨҮГ /Эрдэнэс критикал минералс ТӨҮГ/,Iron ore,Төмөр,Хүдэр,Iron ore Fe 52%,Fe-52% Төмрийн хүдэр,Форвард,4,63.0,65.5,USD,тонн,432300.0,3.97,2.0,6600.0,reported,H2O 0.5-1.0% | Al2O3 1%-3% | S 0.02%-0.05% | SiO2 5%-10% | Fe < 52% | TiO2 0.01%-0.08% | P 0.01%-0.03%
2025-09-03,C06-2025090302,ER-25221,Энержи Ресурс ХХК,Energy Resources,Энержи Ресурс ХХК,Coal,Нүүрс,Баяжуулсан,Washed medium-ash semi-hard coking coal,"Баяжуулсан дунд зэрэг үнстэй, хагас хатуу коксжих нүүрс",Форвард,2,330.0,330.0,CNY,тонн,6336000.0,0.0,3.0,19200.0,reported,"Үнслэг (хуурай,%) ≤ 25.0% | Дэгдэмхий бодис  | (үнсгүй хуурай,%) >10.0%-28.0% | Хүхэр (хуурай, %) ≤ 1.0% | Нийт чийглэг (хүлээн  | авах үеийн төлөв,%) ≤ 10.0% | G индекс >20-60 | Илчлэг (ккал/кг) ≈5500"
2025-09-03,C04-2025090305,25-66 1-3 CO,Эрдэнэс Тавантолгой ХК,Erdenes Tavan Tolgoi,Эрдэнэс Тавантолгой ХК,Coal,Нүүрс,Боловсруулаагүй,1/3 coking coal,1/3 коксжих нүүрс,Форвард,1,73.4,73.4,USD,тонн,1409280.0,0.0,3.0,19200.0,reported,Ash (db): ≤18.0 | Total moisture (ar): 4.0 (-1.0 | +2.0) | Volatile (daf): 33.0 (-1.5 | +1.5) | Total sulphur (db): 1.1 (-0.5 | +0.5) | G Index (5:1): 75 (-5.0 | +5.0)
2025-09-03,C01-2025090301,ER-25220,Энержи Ресурс ХХК,Energy Resources,Энержи Ресурс ХХК,Coal,Нүүрс,Баяжуулсан,Washed coking coal,Баяжуулсан коксжих нүүрс,Форвард,6,800.0,840.0,CNY,тонн,10752000.0,5.0,2.0,12800.0,reported,"Үнслэг (хуурай,%) ≤ 11.0% | Дэгдэмхий бодис  | (үнсгүй хуурай,%) >20.0%-28.0% | Хүхэр (хуурай, %) ≤ 0.85% | Нийт чийглэг  | (хүлээн авах үеийн төлөв,%) ≤ 10.0% | G индекс ≥ 75"
2025-09-02,C06-2025090202,ER-25219,Энержи Ресурс ХХК,Energy Resources,Энержи Ресурс ХХК,Coal,Нүүрс,Баяжуулсан,Washed medium-ash semi-hard coking coal,"Баяжуулсан дунд зэрэг үнстэй, хагас хатуу коксжих нүүрс",Форвард,2,330.0,330.0,CNY,тонн,6336000.0,0.0,3.0,19200.0,reported,"Үнслэг (хуурай,%) ≤ 25.0% | Дэгдэмхий бодис  | (үнсгүй хуурай,%) >10.0%-28.0% | Хүхэр (хуурай, %) ≤ 1.0% | Нийт чийглэг (хүлээн  | авах үеийн төлөв,%) ≤ 10.0% | G индекс >20-60 | Илчлэг (ккал/кг) ≈5500"
2025-09-02,C05-2025090208,25-46 OX,Эрдэнэс Тавантолгой ХК,Erdenes Tavan Tolgoi,Эрдэнэс Тавантолгой ХК,Coal,Нүүрс,Боловсруулаагүй,"Thermal coal (bituminous, non-caking)","Эрчим хүчний нүүрс /Битумт, үл барьцалдах нүүрс/",Форвард,2,44.1,46.2,USD,тонн,1478400.0,4.76,5.0,32000.0,reported,Ash (db): 25.0 (-5.0 | +3.0) | Total moisture (ar): 5.0 (-1.0 | +3.0) | Volatile (daf): 34.0 max | Total sulphur (db): 1.0 (-0.3 | +0.5) | Calorific value (ar): >6000  | G Index ≤5
2025-09-02,C01-2025090201,ER-25218,Энержи Ресурс ХХК,Energy Resources,Энержи Ресурс ХХК,Coal,Нүүрс,Баяжуулсан,Washed coking coal,Баяжуулсан коксжих нүүрс,Форвард,8,800.0,835.0,CNY,тонн,10688000.0,4.38,2.0,12800.0,reported,"Үнслэг (хуурай,%) ≤ 11.0% | Дэгдэмхий бодис  | (үнсгүй хуурай,%) >20.0%-28.0% | Хүхэр (хуурай, %) ≤ 0.85% | Нийт чийглэг  | (хүлээн авах  | үеийн төлөв,%) ≤ 10.0% | G индекс ≥ 75"
2025-09-01,FE03-2025090101,ECM-79,Монголросцветмет ТӨҮГ,Mongolrostsvetmet (ex-Erdenes Critical Minerals),Монголросцветмет ТӨҮГ /Эрдэнэс критикал минералс ТӨҮГ/,Iron ore,Төмөр,Хүдэр,Iron ore Fe 52%,Fe-52% Төмрийн хүдэр,Форвард,4,63.0,66.5,USD,тонн,877800.0,5.56,4.0,13200.0,reported,H2O 0.5-1.0% | Al2O3 1%-3% | S 0.02%-0.05% | SiO2 5%-10% | Fe < 52% | TiO2 0.01%-0.08% | P 0.01%-0.03%
2025-09-01,C06-2025090102,ER-25217,Энержи Ресурс ХХК,Energy Resources,Энержи Ресурс ХХК,Coal,Нүүрс,Баяжуулсан,Washed medium-ash semi-hard coking coal,"Баяжуулсан дунд зэрэг үнстэй, хагас хатуу коксжих нүүрс",Форвард,1,330.0,330.0,CNY,тонн,6336000.0,0.0,3.0,19200.0,reported,"Үнслэг (хуурай,%) ≤ 25.0% | Дэгдэмхий бодис  | (үнсгүй хуурай,%) >10.0%-28.0% | Хүхэр (хуурай, %) ≤ 1.0% | Нийт чийглэг (хүлээн  | авах үеийн төлөв,%) ≤ 10.0% | G индекс >20-60 | Илчлэг (ккал/кг) ≈5500"
2025-09-01,C01-2025090101,ER-25216,Энержи Ресурс ХХК,Energy Resources,Энержи Ресурс ХХК,Coal,Нүүрс,Баяжуулсан,Washed coking coal,Баяжуулсан коксжих нүүрс,Форвард,7,800.0,840.0,CNY,тонн,10752000.0,5.0,2.0,12800.0,reported,"Үнслэг (хуурай,%) ≤ 11.0% | Дэгдэмхий бодис  | (үнсгүй хуурай,%) >20.0%-28.0% | Хүхэр (хуурай, %) ≤ 0.85% | Нийт чийглэг  | (хүлээн авах  | үеийн төлөв,%) ≤ 10.0% | G индекс ≥ 75"
2025-08-29,C04-2025082905,25-64 1-3 CO,Эрдэнэс Тавантолгой ХК,Erdenes Tavan Tolgoi,Эрдэнэс Тавантолгой ХК,Coal,Нүүрс,Боловсруулаагүй,1/3 coking coal,1/3 коксжих нүүрс,Форвард,1,66.0,66.0,USD,тонн,4224000.0,0.0,10.0,64000.0,reported,Ash (db): 21.5 (-3.5 | +3.5) | Total moisture (ar): 4.0 (-1.0 | +2.0) | Volatile (daf): 33.0 (-1.5 | +1.5) | Total sulphur (db): 1.1 (-0.5 | +0.5) | G Index (5:1): 70 (-5.0 | +5.0)
2025-08-29,C01-2025082901,ER-25214,Энержи Ресурс ХХК,Energy Resources,Энержи Ресурс ХХК,Coal,Нүүрс,Баяжуулсан,Washed coking coal,Баяжуулсан коксжих нүүрс,Форвард,6,800.0,835.0,CNY,тонн,10688000.0,4.38,2.0,12800.0,reported,"Үнслэг (хуурай,%) ≤ 11.0% | Дэгдэмхий бодис  | (үнсгүй хуурай,%) >20.0%-28.0% | Хүхэр (хуурай, %) ≤ 0.85% | Нийт чийглэг  | (хүлээн авах  | үеийн төлөв,%) ≤ 10.0% | G индекс ≥ 75"
2025-08-28,FE03-2025082801,ECM-78,Монголросцветмет ТӨҮГ,Mongolrostsvetmet (ex-Erdenes Critical Minerals),Монголросцветмет ТӨҮГ /Эрдэнэс критикал минералс ТӨҮГ/,Iron ore,Төмөр,Хүдэр,Iron ore Fe 52%,Fe-52% Төмрийн хүдэр,Форвард,3,63.0,65.0,USD,тонн,429000.0,3.17,2.0,6600.0,reported,H2O 0.5-1.0% | Al2O3 1%-3% | S 0.02%-0.05% | SiO2 5%-10% | Fe < 52% | TiO2 0.01%-0.08% | P 0.01%-0.03%
2025-08-28,C06-2025082802,ER-25213,Энержи Ресурс ХХК,Energy Resources,Энержи Ресурс ХХК,Coal,Нүүрс,Баяжуулсан,Washed medium-ash semi-hard coking coal,"Баяжуулсан дунд зэрэг үнстэй, хагас хатуу коксжих нүүрс",Форвард,4,330.0,330.0,CNY,тонн,6336000.0,0.0,3.0,19200.0,reported,"Үнслэг (хуурай,%) ≤ 25.0% | Дэгдэмхий бодис  | (үнсгүй хуурай,%) >10.0%-28.0% | Хүхэр (хуурай, %) ≤ 1.0% | Нийт чийглэг (хүлээн  | авах үеийн төлөв,%) ≤ 10.0% | G индекс >20-60 | Илчлэг (ккал/кг) ≈5500"
2025-08-28,C05-2025082804,25-43-OX,Эрдэнэс Тавантолгой ХК,Erdenes Tavan Tolgoi,Эрдэнэс Тавантолгой ХК,Coal,Нүүрс,Боловсруулаагүй,"Thermal coal (bituminous, non-caking)","Эрчим хүчний нүүрс /Битумт, үл барьцалдах нүүрс/",Форвард,2,46.0,46.0,USD,тонн,2944000.0,0.0,10.0,64000.0,reported,Ash (db): 25.0 (-5.0 | +3.0) | Total moisture (ar): 5.0 (-1.0 | +3.0) | Volatile (daf): 34.0 max | Total sulphur (db): 1.0 (-0.3 | +0.5) | Calorific value (ar): >6000  | G Index ≤5
2025-08-28,C04-2025082805,25-62 1-3 CO,Эрдэнэс Тавантолгой ХК,Erdenes Tavan Tolgoi,Эрдэнэс Тавантолгой ХК,Coal,Нүүрс,Боловсруулаагүй,1/3 coking coal,1/3 коксжих нүүрс,Форвард,1,66.0,66.0,USD,тонн,8448000.0,0.0,20.0,128000.0,reported,Ash (db): 21.5 (-3.5 | +3.5) | Total moisture (ar): 4.0 (-1.0 | +2.0) | Volatile (daf): 33.0 (-1.5 | +1.5) | Total sulphur (db): 1.1 (-0.5 | +0.5) | G Index (5:1): 70 (-5.0 | +5.0)
2025-08-28,C01-2025082801,ER-25212,Энержи Ресурс ХХК,Energy Resources,Энержи Ресурс ХХК,Coal,Нүүрс,Баяжуулсан,Washed coking coal,Баяжуулсан коксжих нүүрс,Форвард,6,800.0,835.0,CNY,тонн,10688000.0,4.38,2.0,12800.0,reported,"Үнслэг (хуурай,%) ≤ 11.0% | Дэгдэмхий бодис  | (үнсгүй хуурай,%) >20.0%-28.0% | Хүхэр (хуурай, %) ≤ 0.85% | Нийт чийглэг  | (хүлээн авах  | үеийн төлөв,%) ≤ 10.0% | G индекс ≥ 75"
2025-08-27,CU01-2025082701,09-2025,Эрдэнэт Үйлдвэр ТӨҮГ,Erdenet Mining Corporation,Эрдэнэт Үйлдвэр ТӨҮГ,Copper,Зэс,Баяжмал,Copper concentrate (22.35% Cu),22.35%-ийн зэсийн агуулгатай баяжмал,Форвард,2,2179.99,2189.99,USD,тонн,9920655.0,0.46,5.0,4530.0,reported,Зэс /Cu/ 22.35% | Мөнгө /Ag/ 78 гр/тн | Хүнцэл /As/ <0.3% | Чийглэг /moisture/ 9.4% | Молибден /Мо/ <0.15% | Төмөр /Fe/ <30% | Цайр /Zn/ <0.7% | Хар тугалга /Pb/ <1.4% | Хүхэр /S/ <37% | Алт /Au/ <0.3 гр/тн | Хөнгөн цагаан /Al/ <2.0%
2025-08-27,C10-2025082705,25-07 WTC,Эрдэнэс Тавантолгой ХК,Erdenes Tavan Tolgoi,Эрдэнэс Тавантолгой ХК,Coal,Нүүрс,Баяжуулсан,Washed non-coking-quality coal,Баяжуулсан коксжих чанаргүй нүүрс,Форвард,1,46.7,46.7,USD,тонн,896640.0,0.0,3.0,19200.0,reported,Ash (db): ≤22.0  | Total moisture (ar): ≤9.0  | Volatile (daf): ˂37.0  | Total sulphur (db): ≤1.0  | Calorific value (ar): ≥6000  | G Index (5:1): <20
2025-08-27,C06-2025082702,ER-25211,Энержи Ресурс ХХК,Energy Resources,Энержи Ресурс ХХК,Coal,Нүүрс,Баяжуулсан,Washed medium-ash semi-hard coking coal,"Баяжуулсан дунд зэрэг үнстэй, хагас хатуу коксжих нүүрс",Форвард,3,330.0,335.0,CNY,тонн,6432000.0,1.52,3.0,19200.0,reported,"Үнслэг (хуурай,%) ≤ 25.0% | Дэгдэмхий бодис  | (үнсгүй хуурай,%) >10.0%-28.0% | Хүхэр (хуурай, %) ≤ 1.0% | Нийт чийглэг (хүлээн  | авах үеийн төлөв,%) ≤ 10.0% | G индекс >20-60 | Илчлэг (ккал/кг) ≈5500"
2025-08-27,C01-2025082701,ER-25210,Энержи Ресурс ХХК,Energy Resources,Энержи Ресурс ХХК,Coal,Нүүрс,Баяжуулсан,Washed coking coal,Баяжуулсан коксжих нүүрс,Форвард,5,800.0,825.0,CNY,тонн,10560000.0,3.12,2.0,12800.0,reported,"Үнслэг (хуурай,%) ≤ 11.0% | Дэгдэмхий бодис  | (үнсгүй хуурай,%) >20.0%-28.0% | Хүхэр (хуурай, %) ≤ 0.85% | Нийт чийглэг  | (хүлээн авах  | үеийн төлөв,%) ≤ 10.0% | G индекс ≥ 75"
2025-08-26,FE03-2025082601,ECM-77,Монголросцветмет ТӨҮГ,Mongolrostsvetmet (ex-Erdenes Critical Minerals),Монголросцветмет ТӨҮГ /Эрдэнэс критикал минералс ТӨҮГ/,Iron ore,Төмөр,Хүдэр,Iron ore Fe 52%,Fe-52% Төмрийн хүдэр,Форвард,3,63.0,64.0,USD,тонн,422400.0,1.59,2.0,6600.0,reported,H2O 0.5-1.0% | Al2O3 1%-3% | S 0.02%-0.05% | SiO2 5%-10% | Fe < 52% | TiO2 0.01%-0.08% | P 0.01%-0.03%
2025-08-26,C06-2025082602,ER-25209,Энержи Ресурс ХХК,Energy Resources,Энержи Ресурс ХХК,Coal,Нүүрс,Баяжуулсан,Washed medium-ash semi-hard coking coal,"Баяжуулсан дунд зэрэг үнстэй, хагас хатуу коксжих нүүрс",Форвард,3,330.0,330.0,CNY,тонн,6336000.0,0.0,3.0,19200.0,reported,"Үнслэг (хуурай,%) ≤ 25.0% | Дэгдэмхий бодис  | (үнсгүй хуурай,%) >10.0%-28.0% | Хүхэр (хуурай, %) ≤ 1.0% | Нийт чийглэг (хүлээн  | авах үеийн төлөв,%) ≤ 10.0% | G индекс >20-60 | Илчлэг (ккал/кг) ≈5500"
2025-08-26,C04-2025082605,25-60 1-3 CO,Эрдэнэс Тавантолгой ХК,Erdenes Tavan Tolgoi,Эрдэнэс Тавантолгой ХК,Coal,Нүүрс,Боловсруулаагүй,1/3 coking coal,1/3 коксжих нүүрс,Форвард,1,74.4,74.4,USD,тонн,2380800.0,0.0,5.0,32000.0,reported,Ash (db): ≤18.0 | Total moisture (ar): 4.0 (-1.0 | +2.0) | Volatile (daf): 33.0 (-1.5 | +1.5) | Total sulphur (db): 1.1 (-0.5 | +0.5) | G Index (5:1): 75 (-5.0 | +5.0)
2025-08-26,C04-2025082604,25-59 1-3 CO,Эрдэнэс Тавантолгой ХК,Erdenes Tavan Tolgoi,Эрдэнэс Тавантолгой ХК,Coal,Нүүрс,Боловсруулаагүй,1/3 coking coal,1/3 коксжих нүүрс,Форвард,1,67.0,67.0,USD,тонн,4288000.0,0.0,10.0,64000.0,reported,Ash (db): 21.5 (-3.5 | +3.5) | Total moisture (ar): 4.0 (-1.0 | +2.0) | Volatile (daf): 33.0 (-1.5 | +1.5) | Total sulphur (db): 1.1 (-0.5 | +0.5) | G Index (5:1): 70 (-5.0 | +5.0)
2025-08-26,C01-2025082603,25-19 WCO,Эрдэнэс Тавантолгой ХК,Erdenes Tavan Tolgoi,Эрдэнэс Тавантолгой ХК,Coal,Нүүрс,Баяжуулсан,Washed coking coal,Баяжуулсан коксжих нүүрс,Форвард,5,122.9,131.9,USD,тонн,2532480.0,7.32,3.0,19200.0,reported,Ash (db): ≤10.5 | Total moisture (ar): ≤10.0 | Volatile (daf): ≤28.0  | Total sulphur (db): 0.85 | G Index (5:1): ≥80
2025-08-26,C01-2025082601,ER-25208,Энержи Ресурс ХХК,Energy Resources,Энержи Ресурс ХХК,Coal,Нүүрс,Баяжуулсан,Washed coking coal,Баяжуулсан коксжих нүүрс,Форвард,3,800.0,820.0,CNY,тонн,10496000.0,2.5,2.0,12800.0,reported,"Үнслэг (хуурай,%) ≤ 11.0% | Дэгдэмхий бодис  | (үнсгүй хуурай,%) >20.0%-28.0% | Хүхэр (хуурай, %) ≤ 0.85% | Нийт чийглэг  | (хүлээн авах  | үеийн төлөв,%)  | ≤ 10.0% | G индекс ≥ 75"
2025-08-25,C08-2025082203,6,Андын Илч ХХК,Андын Илч ХХК,Андын Илч ХХК,Coal,Нүүрс,Боловсруулаагүй,Чийг багатай хүрэн нүүрс,Чийг багатай хүрэн нүүрс,Форвард,1,140.0,140.0,CNY,тонн,14336000.0,0.0,16.0,102400.0,reported,"Хүхэр- 1,63% | Илчлэг- 4260kcal | Чийг- 29,4% | Үнслэг- 13,1% | Дэгдэмхий- 46,8%"
2025-08-25,C06-2025082502,ER-25207,Энержи Ресурс ХХК,Energy Resources,Энержи Ресурс ХХК,Coal,Нүүрс,Баяжуулсан,Washed medium-ash semi-hard coking coal,"Баяжуулсан дунд зэрэг үнстэй, хагас хатуу коксжих нүүрс",Форвард,3,330.0,330.0,CNY,тонн,6336000.0,0.0,3.0,19200.0,reported,"Үнслэг (хуурай,%) ≤ 25.0% | Дэгдэмхий бодис (үнсгүй хуурай,%) >10.0%-28.0% | Хүхэр (хуурай, %) ≤ 1.0% | Нийт чийглэг (хүлээн авах үеийн төлөв,%) ≤ 10.0% | G индекс >20-60 | Илчлэг (ккал/кг) ≈5500"
2025-08-25,C01-2025082501,ER-25206,Энержи Ресурс ХХК,Energy Resources,Энержи Ресурс ХХК,Coal,Нүүрс,Баяжуулсан,Washed coking coal,Баяжуулсан коксжих нүүрс,Форвард,3,800.0,800.0,CNY,тонн,10240000.0,0.0,2.0,12800.0,reported,"Үнслэг (хуурай,%) ≤ 11.0% | Дэгдэмхий бодис  | (үнсгүй хуурай,%) >20.0%-28.0% | Хүхэр (хуурай, %) ≤ 0.85% | Нийт чийглэг  | (хүлээн авах  | үеийн төлөв,%) ≤ 10.0% | G индекс ≥ 75"
2025-08-22,FE03-2025082201,ECM-76,Монголросцветмет ТӨҮГ,Mongolrostsvetmet (ex-Erdenes Critical Minerals),Монголросцветмет ТӨҮГ /Эрдэнэс критикал минералс ТӨҮГ/,Iron ore,Төмөр,Хүдэр,Iron ore Fe 52%,Fe-52% Төмрийн хүдэр,Форвард,3,63.0,66.0,USD,тонн,435600.0,4.76,2.0,6600.0,reported,H20 0.5-1.0% | A1203 1%-3% | S 0.02%-0.05% | Si02 5%-10% | Fe <52% | Ti02 0.01%-0.08% | P 0.01%-0.03%
2025-08-22,C06-2025082202,ER-25205,Энержи Ресурс ХХК,Energy Resources,Энержи Ресурс ХХК,Coal,Нүүрс,Баяжуулсан,Washed medium-ash semi-hard coking coal,"Баяжуулсан дунд зэрэг үнстэй, хагас хатуу коксжих нүүрс",Форвард,3,330.0,335.0,CNY,тонн,6432000.0,1.52,3.0,19200.0,reported,"Үнслэг (хуурай,%) ≤ 25.0% | Дэгдэмхий бодис (үнсгүй хуурай,%) >10.0%-28.0% | Хүхэр (хуурай, %) ≤ 1.0% | Нийт чийглэг (хүлээн авах үеийн төлөв,%) ≤ 10.0% | G индекс >20-60 | Илчлэг (ккал/кг) ≈5500"
2025-08-22,C05-2025082204,25-38 OX,Эрдэнэс Тавантолгой ХК,Erdenes Tavan Tolgoi,Эрдэнэс Тавантолгой ХК,Coal,Нүүрс,Боловсруулаагүй,"Thermal coal (bituminous, non-caking)","Эрчим хүчний нүүрс /Битумт, үл барьцалдах нүүрс/",Форвард,2,36.3,36.6,USD,тонн,18739200.0,0.83,80.0,512000.0,reported,Ash (db): 25.0 (-5.0 | +3.0) | Total moisture (ar): 5.0 (-1.0 | +3.0) | Volatile (daf): 34.0 max | Total sulphur (db): 1.0 (-0.3 | +0.5) | Calorific value (ar): 5500 (-500 | +500) | G Index ≤5
2025-08-22,C01-2025082201,ER-25204,Энержи Ресурс ХХК,Energy Resources,Энержи Ресурс ХХК,Coal,Нүүрс,Баяжуулсан,Washed coking coal,Баяжуулсан коксжих нүүрс,Форвард,3,800.0,825.0,CNY,тонн,10560000.0,3.12,2.0,12800.0,reported,"Үнслэг (хуурай,%) ≤ 11.0% | Дэгдэмхий бодис  | (үнсгүй хуурай,%) >20.0%-28.0% | Хүхэр (хуурай, %) ≤ 0.85% | Нийт чийглэг  | (хүлээн авах  | үеийн төлөв,%) ≤ 10.0% | G индекс ≥ 75"
2025-08-21,C06-2025082102,ER-25203,Энержи Ресурс ХХК,Energy Resources,Энержи Ресурс ХХК,Coal,Нүүрс,Баяжуулсан,Washed medium-ash semi-hard coking coal,"Баяжуулсан дунд зэрэг үнстэй, хагас хатуу коксжих нүүрс",Форвард,4,330.0,340.0,CNY,тонн,6528000.0,3.03,3.0,19200.0,reported,"Үнслэг (хуурай,%) ≤ 25.0% | Дэгдэмхий бодис (үнсгүй хуурай,%) >10.0%-28.0% | Хүхэр (хуурай, %) ≤ 1.0% | Нийт чийглэг (хүлээн авах үеийн төлөв,%) ≤ 10.0% | G индекс >20-60 | Илчлэг (ккал/кг) ≈5500"
2025-08-21,C05-2025082103,25-37 OX,Эрдэнэс Тавантолгой ХК,Erdenes Tavan Tolgoi,Эрдэнэс Тавантолгой ХК,Coal,Нүүрс,Боловсруулаагүй,"Thermal coal (bituminous, non-caking)","Эрчим хүчний нүүрс /Битумт, үл барьцалдах нүүрс/",Форвард,4,36.4,38.5,USD,тонн,1232000.0,5.77,5.0,32000.0,reported,Ash (db): 25.0 (-5.0 | +3.0) | Total moisture (ar): 5.0 (-1.0 | +3.0) | Volatile (daf): 34.0 max | Total sulphur (db): 1.0 (-0.3 | +0.5) | Calorific value (ar): 5500 (-500 | +500) | G Index ≤5
2025-08-21,C01-2025082101,ER-25202,Энержи Ресурс ХХК,Energy Resources,Энержи Ресурс ХХК,Coal,Нүүрс,Баяжуулсан,Washed coking coal,Баяжуулсан коксжих нүүрс,Форвард,3,800.0,850.0,CNY,тонн,10880000.0,6.25,2.0,12800.0,reported,"Үнслэг (хуурай,%) ≤ 11.0% | Дэгдэмхий бодис  | (үнсгүй хуурай,%) >20.0%-28.0% | Хүхэр (хуурай, %) ≤ 0.85% | Нийт чийглэг  | (хүлээн авах  | үеийн төлөв,%) ≤ 10.0% | G индекс ≥ 75"
2025-08-20,FE03-2025082001,ECM-75,Монголросцветмет ТӨҮГ,Mongolrostsvetmet (ex-Erdenes Critical Minerals),Монголросцветмет ТӨҮГ /Эрдэнэс критикал минералс ТӨҮГ/,Iron ore,Төмөр,Хүдэр,Iron ore Fe 52%,Fe-52% Төмрийн хүдэр,Форвард,4,63.0,65.5,USD,тонн,432300.0,3.97,2.0,6600.0,reported,H20 0.5-1.0% | A1203 1%-3% | S 0.02%-0.05% | Si02 5%-10% | Fe <52% | Ti02 0.01%-0.08% | P 0.01%-0.03%
2025-08-20,C06-2025082002,ER-25201,Энержи Ресурс ХХК,Energy Resources,Энержи Ресурс ХХК,Coal,Нүүрс,Баяжуулсан,Washed medium-ash semi-hard coking coal,"Баяжуулсан дунд зэрэг үнстэй, хагас хатуу коксжих нүүрс",Форвард,4,330.0,340.0,CNY,тонн,6528000.0,3.03,3.0,19200.0,reported,"Үнслэг (хуурай,%) ≤ 25.0% | Дэгдэмхий бодис (үнсгүй хуурай,%) >10.0%-28.0% | Хүхэр (хуурай, %) ≤ 1.0% | Нийт чийглэг (хүлээн авах үеийн төлөв,%) ≤ 10.0% | G индекс >20-60 | Илчлэг (ккал/кг) ≈5500"
2025-08-20,C05-2025082003,25-36 OX,Эрдэнэс Тавантолгой ХК,Erdenes Tavan Tolgoi,Эрдэнэс Тавантолгой ХК,Coal,Нүүрс,Боловсруулаагүй,"Thermal coal (bituminous, non-caking)","Эрчим хүчний нүүрс /Битумт, үл барьцалдах нүүрс/",Форвард,2,36.4,37.0,USD,тонн,2368000.0,1.65,10.0,64000.0,reported,Ash (db): 25.0 (-5.0 | +3.0) | Total moisture (ar): 5.0 (-1.0 | +3.0) | Volatile (daf): 34.0 max | Total sulphur (db): 1.0 (-0.3 | +0.5) | Calorific value (ar): 5500 (-500 | +500) | G Index ≤5
2025-08-20,C01-2025082001,ER-25200,Энержи Ресурс ХХК,Energy Resources,Энержи Ресурс ХХК,Coal,Нүүрс,Баяжуулсан,Washed coking coal,Баяжуулсан коксжих нүүрс,Форвард,3,800.0,800.0,CNY,тонн,10240000.0,0.0,2.0,12800.0,reported,"Үнслэг (хуурай,%) ≤ 11.0% | Дэгдэмхий бодис  | (үнсгүй хуурай,%) >20.0%-28.0% | Хүхэр (хуурай, %) ≤ 0.85% | Нийт чийглэг  | (хүлээн авах  | үеийн төлөв,%) ≤ 10.0% | G индекс ≥ 75"
2025-08-19,C06-2025081902,ER-25199,Энержи Ресурс ХХК,Energy Resources,Энержи Ресурс ХХК,Coal,Нүүрс,Баяжуулсан,Washed medium-ash semi-hard coking coal,"Баяжуулсан дунд зэрэг үнстэй, хагас хатуу коксжих нүүрс",Форвард,6,330.0,350.0,CNY,тонн,6720000.0,6.06,3.0,19200.0,reported,"Үнслэг (хуурай,%) ≤ 25.0% | Дэгдэмхий бодис (үнсгүй хуурай,%) >10.0%-28.0% | Хүхэр (хуурай, %) ≤ 1.0% | Нийт чийглэг (хүлээн авах үеийн төлөв,%) ≤ 10.0% | G индекс >20-60 | Илчлэг (ккал/кг) ≈5500"
2025-08-19,C05-2025081903,25-35 OX,Эрдэнэс Тавантолгой ХК,Erdenes Tavan Tolgoi,Эрдэнэс Тавантолгой ХК,Coal,Нүүрс,Боловсруулаагүй,"Thermal coal (bituminous, non-caking)","Эрчим хүчний нүүрс /Битумт, үл барьцалдах нүүрс/",Форвард,2,36.4,37.3,USD,тонн,1193600.0,2.47,5.0,32000.0,reported,Ash (db): 25.0 (-5.0 | +3.0) | Total moisture (ar): 5.0 (-1.0 | +3.0) | Volatile (daf): 34.0 max | Total sulphur (db): 1.0 (-0.3 | +0.5) | Calorific value (ar): 5500 (-500 | +500) | G Index ≤5
2025-08-19,C01-2025081901,ER-25198,Энержи Ресурс ХХК,Energy Resources,Энержи Ресурс ХХК,Coal,Нүүрс,Баяжуулсан,Washed coking coal,Баяжуулсан коксжих нүүрс,Форвард,2,800.0,835.0,CNY,тонн,10688000.0,4.38,2.0,12800.0,reported,"Үнслэг (хуурай,%) ≤ 11.0% | Дэгдэмхий бодис  | (үнсгүй хуурай,%) >20.0%-28.0% | Хүхэр (хуурай, %) ≤ 0.85% | Нийт чийглэг  | (хүлээн авах  | үеийн төлөв,%) ≤ 10.0% | G индекс ≥ 75"
2025-08-18,FE03-2025081801,ECM-74,Монголросцветмет ТӨҮГ,Mongolrostsvetmet (ex-Erdenes Critical Minerals),Монголросцветмет ТӨҮГ /Эрдэнэс критикал минералс ТӨҮГ/,Iron ore,Төмөр,Хүдэр,Iron ore Fe 52%,Fe-52% Төмрийн хүдэр,Форвард,3,63.0,65.0,USD,тонн,429000.0,3.17,2.0,6600.0,reported,H20 0.5-1.0% | A1203 1%-3% | S 0.02%-0.05% | Si02 5%-10% | Fe <52% | Ti02 0.01%-0.08% | P 0.01%-0.03%
2025-08-18,C06-2025081802,ER-25197,Энержи Ресурс ХХК,Energy Resources,Энержи Ресурс ХХК,Coal,Нүүрс,Баяжуулсан,Washed medium-ash semi-hard coking coal,"Баяжуулсан дунд зэрэг үнстэй, хагас хатуу коксжих нүүрс",Форвард,5,330.0,350.0,CNY,тонн,6720000.0,6.06,3.0,19200.0,reported,"Үнслэг (хуурай,%) ≤ 25.0% | Дэгдэмхий бодис (үнсгүй хуурай,%) >10.0%-28.0% | Хүхэр (хуурай, %) ≤ 1.0% | Нийт чийглэг (хүлээн авах үеийн төлөв,%) ≤ 10.0% | G индекс >20-60 | Илчлэг (ккал/кг) ≈5500"
2025-08-18,C05-2025081803,25-34 OX,Эрдэнэс Тавантолгой ХК,Erdenes Tavan Tolgoi,Эрдэнэс Тавантолгой ХК,Coal,Нүүрс,Боловсруулаагүй,"Thermal coal (bituminous, non-caking)","Эрчим хүчний нүүрс /Битумт, үл барьцалдах нүүрс/",Форвард,1,36.4,36.4,USD,тонн,698880.0,0.0,3.0,19200.0,reported,Ash (db): 25.0 (-5.0 | +3.0) | Total moisture (ar): 5.0 (-1.0 | +3.0) | Volatile (daf): 34.0 max | Total sulphur (db): 1.0 (-0.3 | +0.5) | Calorific value (ar): 5500 (-500 | +500) | G Index ≤5
2025-08-18,C01-2025081801,ER-25196,Энержи Ресурс ХХК,Energy Resources,Энержи Ресурс ХХК,Coal,Нүүрс,Баяжуулсан,Washed coking coal,Баяжуулсан коксжих нүүрс,Форвард,2,800.0,860.0,CNY,тонн,11008000.0,7.5,2.0,12800.0,reported,"Үнслэг (хуурай,%) ≤ 11.0% | Дэгдэмхий бодис  | (үнсгүй хуурай,%) >20.0%-28.0% | Хүхэр (хуурай, %) ≤ 0.85% | Нийт чийглэг  | (хүлээн авах  | үеийн төлөв,%) ≤ 10.0% | G индекс ≥ 75"
2025-08-15,C10-2025081504,25-06-WTC,Эрдэнэс Тавантолгой ХК,Erdenes Tavan Tolgoi,Эрдэнэс Тавантолгой ХК,Coal,Нүүрс,Баяжуулсан,Washed non-coking-quality coal,Баяжуулсан коксжих чанаргүй нүүрс,Форвард,5,44.7,51.6,USD,тонн,990720.0,15.44,3.0,19200.0,reported,Ash (db): ≤22.0 | Total moisture (ar): ≤9.0 | Volatile (daf): ˂37.0 | Sulphur (db): ≤1.0 | Calorific value (ar): ≥6000
2025-08-15,C06-2025081502,ER-25195,Энержи Ресурс ХХК,Energy Resources,Энержи Ресурс ХХК,Coal,Нүүрс,Баяжуулсан,Washed medium-ash semi-hard coking coal,"Баяжуулсан дунд зэрэг үнстэй, хагас хатуу коксжих нүүрс",Форвард,7,330.0,355.0,CNY,тонн,6816000.0,7.58,3.0,19200.0,reported,"Үнслэг (хуурай,%) ≤ 25.0% | Дэгдэмхий бодис (үнсгүй хуурай,%) >10.0%-28.0% | Хүхэр (хуурай, %) ≤ 1.0% | Нийт чийглэг (хүлээн авах үеийн төлөв,%) ≤ 10.0% | G индекс >20-60 | Илчлэг (ккал/кг) ≈5500"
2025-08-15,C01-2025081501,ER-25194,Энержи Ресурс ХХК,Energy Resources,Энержи Ресурс ХХК,Coal,Нүүрс,Баяжуулсан,Washed coking coal,Баяжуулсан коксжих нүүрс,Форвард,3,800.0,880.0,CNY,тонн,11264000.0,10.0,2.0,12800.0,reported,"Үнслэг (хуурай,%) ≤ 11.0% | Дэгдэмхий бодис  | (үнсгүй хуурай,%) >20.0%-28.0% | Хүхэр (хуурай, %) ≤ 0.85% | Нийт чийглэг  | (хүлээн авах  | үеийн төлөв,%) ≤ 10.0% | G индекс ≥ 75"
2025-08-14,FE03-2025081401,ECM-73,Монголросцветмет ТӨҮГ,Mongolrostsvetmet (ex-Erdenes Critical Minerals),Монголросцветмет ТӨҮГ /Эрдэнэс критикал минералс ТӨҮГ/,Iron ore,Төмөр,Хүдэр,Iron ore Fe 52%,Fe-52% Төмрийн хүдэр,Форвард,4,63.0,65.5,USD,тонн,432300.0,3.97,2.0,6600.0,reported,H20 0.5-1.0% | A1203 1%-3% | S 0.02%-0.05% | Si02 5%-10% | Fe <52% | Ti02 0.01%-0.08% | P 0.01%-0.03%
2025-08-14,FE02-2025081402,DMP-2565,Дарханы Төмөрлөгийн Үйлдвэр ХХК,Дарханы Төмөрлөгийн Үйлдвэр ХХК,Дарханы Төмөрлөгийн Үйлдвэр ХХК,Iron ore,Төмөр,Баяжмал,Fe-58% Төмрийн баяжмал,Fe-58% Төмрийн баяжмал,Форвард,1,59.0,59.0,USD,тонн,3504600.0,0.0,18.0,59400.0,reported,"Fe 58% (дундаж) | S 2.5% (дундаж) | H20 2.5% (дундаж) | Al203 2.0% (дундаж) | SiO2 5.0% (дундаж) | TiO2 0.1% (дундаж) | P 0.01% (дундаж) | Ширхэглэл 0-10 мм (нунтаг), 10-40 мм (бүхэл)"
2025-08-14,FE01-2025081404,DMP-2567,Дарханы Төмөрлөгийн Үйлдвэр ХХК,Дарханы Төмөрлөгийн Үйлдвэр ХХК,Дарханы Төмөрлөгийн Үйлдвэр ХХК,Iron ore,Төмөр,Баяжмал,Iron concentrate Fe 65%,Fe-65% Төмрийн баяжмал,Форвард,1,78.0,78.0,USD,тонн,772200.0,0.0,3.0,9900.0,reported,FE 65% (дундаж) | S 1.0% (дундаж) | H2O 2.5% (дундаж) | AL2O3 1.0% (дундаж) | SIO2 1.5% (дундаж) | TIO2 0.1% (дундаж) | P 0.01% (дундаж) | Ширхэглэл 0-0.074 mm (нунтаг)
2025-08-14,FE01-2025081403,DMP-2566,Дарханы Төмөрлөгийн Үйлдвэр ХХК,Дарханы Төмөрлөгийн Үйлдвэр ХХК,Дарханы Төмөрлөгийн Үйлдвэр ХХК,Iron ore,Төмөр,Баяжмал,Fe-62% Төмрийн баяжмал,Fe-62% Төмрийн баяжмал,Форвард,1,70.0,70.0,USD,тонн,1848000.0,0.0,8.0,26400.0,reported,"Fe 62% (дундаж) | S 3.5% (дундаж) | H20 2.5% (дундаж) | Al203 1.0% (дундаж) | SiO2 3.5% (дундаж) | TiO2 0.2% (дундаж) | P 0.01% (дундаж) | Ширхэглэл 0-0.074 мм (нунтаг),"
2025-08-14,C10-2025081405,ETT-25-05-WTO,Эрдэнэс Тавантолгой ХК,Erdenes Tavan Tolgoi,Эрдэнэс Тавантолгой ХК,Coal,Нүүрс,Баяжуулсан,Washed non-coking-quality coal,Баяжуулсан коксжих чанаргүй нүүрс,Форвард,6,44.7,50.4,USD,тонн,967680.0,12.75,3.0,19200.0,reported,Ash (db): ≤22.0 | Total moisture (ar): ≤9.0 | Volatile (daf): ˂37.0 | Sulphur (db): ≤1.0 | Calorific value (ar): ≥6000
2025-08-14,C06-2025081402,ER-25193,Энержи Ресурс ХХК,Energy Resources,Энержи Ресурс ХХК,Coal,Нүүрс,Баяжуулсан,Washed medium-ash semi-hard coking coal,"Баяжуулсан дунд зэрэг үнстэй, хагас хатуу коксжих нүүрс",Форвард,7,330.0,360.0,CNY,тонн,6912000.0,9.09,3.0,19200.0,reported,"Үнслэг (хуурай,%) ≤ 25.0% | Дэгдэмхий бодис (үнсгүй хуурай,%) >10.0%-28.0% | Хүхэр (хуурай, %) ≤ 1.0% | Нийт чийглэг (хүлээн авах үеийн төлөв,%) ≤ 10.0% | G индекс >20-60 | Илчлэг (ккал/кг) ≈5500"
2025-08-14,C05-2025081403,ETT-25-33-OX,Эрдэнэс Тавантолгой ХК,Erdenes Tavan Tolgoi,Эрдэнэс Тавантолгой ХК,Coal,Нүүрс,Боловсруулаагүй,"Thermal coal (bituminous, non-caking)","Эрчим хүчний нүүрс /Битумт, үл барьцалдах нүүрс/",Форвард,4,34.2,39.9,USD,тонн,1276800.0,16.67,5.0,32000.0,reported,Ash (db): 25.0 (-5.0 | +3.0) | Total moisture (ar): 5.0 (-1.0 | +3.0) | Volatile (daf): 34.0 max | Total sulphur (db): 1.0 (-0.3 | +0.5) | Calorific value (ar): 5500 (-500 | +500) | G Index ≤5
2025-08-14,C01-2025081406,25-16-WCO,Эрдэнэс Тавантолгой ХК,Erdenes Tavan Tolgoi,Эрдэнэс Тавантолгой ХК,Coal,Нүүрс,Баяжуулсан,Washed coking coal,Баяжуулсан коксжих нүүрс,Форвард,6,119.6,131.9,USD,тонн,2532480.0,10.28,3.0,19200.0,reported,Ash (db): ≤10.5 | Total moisture (ar): ≤10.0 | Volatile (daf): ≤28.0 | Total sulphur (db): ≤0.85 | G Index: ≥80
2025-08-14,C01-2025081401,ER-25192,Энержи Ресурс ХХК,Energy Resources,Энержи Ресурс ХХК,Coal,Нүүрс,Баяжуулсан,Washed coking coal,Баяжуулсан коксжих нүүрс,Форвард,3,800.0,865.0,CNY,тонн,11072000.0,8.12,2.0,12800.0,reported,"Үнслэг (хуурай,%) ≤ 11.0% | Дэгдэмхий бодис  | (үнсгүй хуурай,%) >20.0%-28.0% | Хүхэр (хуурай, %) ≤ 0.85% | Нийт чийглэг  | (хүлээн авах  | үеийн төлөв,%) ≤ 10.0% | G индекс ≥ 75"
2025-08-13,FE02-2025081303,DMP-2564,Дарханы Төмөрлөгийн Үйлдвэр ХХК,Дарханы Төмөрлөгийн Үйлдвэр ХХК,Дарханы Төмөрлөгийн Үйлдвэр ХХК,Iron ore,Төмөр,Баяжмал,Fe-58% Төмрийн баяжмал,Fe-58% Төмрийн баяжмал,Форвард,2,59.0,65.0,USD,тонн,3861000.0,10.17,18.0,59400.0,reported,"Fe 58% (дундаж) | S 2.5% (дундаж) | H20 2.5% (дундаж) | Al203 2.0% (дундаж) | SiO2 5.0% (дундаж) | TiO2 0.1% (дундаж) | P 0.01% (дундаж) | Ширхэглэл 0-10 мм (нунтаг), 10-40 мм (бүхэл)"
2025-08-13,FE02-2025081302,DMP-2563,Дарханы Төмөрлөгийн Үйлдвэр ХХК,Дарханы Төмөрлөгийн Үйлдвэр ХХК,Дарханы Төмөрлөгийн Үйлдвэр ХХК,Iron ore,Төмөр,Баяжмал,Fe-58% Төмрийн баяжмал,Fe-58% Төмрийн баяжмал,Форвард,4,55.0,64.0,USD,тонн,3801600.0,16.36,18.0,59400.0,reported,"Fe 58% (дундаж) | S 3.5% (дундаж) | H20 2.5% (дундаж) | Al203 1.0% (дундаж) | SiO2 6.0% (дундаж) | TiO2 0.1% (дундаж) | P 0.02% (дундаж) | Ширхэглэл 0-10 мм (нунтаг), 10-40 мм (бүхэл)"
2025-08-13,FE02-2025081301,DMP-2562,Дарханы Төмөрлөгийн Үйлдвэр ХХК,Дарханы Төмөрлөгийн Үйлдвэр ХХК,Дарханы Төмөрлөгийн Үйлдвэр ХХК,Iron ore,Төмөр,Баяжмал,Fe-58% Төмрийн баяжмал,Fe-58% Төмрийн баяжмал,Форвард,4,55.0,63.5,USD,тонн,3771900.0,15.45,18.0,59400.0,reported,"Fe 58% (дундаж) | S 3.5% (дундаж) | H20 2.5% (дундаж) | Al203 1.0% (дундаж) | SiO2 6.0% (дундаж) | TiO2 0.1% (дундаж) | P 0.02% (дундаж) | Ширхэглэл 0-10 мм (нунтаг), 10-40 мм (бүхэл)"
2025-08-13,CaF01-2025081301,ECM-72,Монголросцветмет ТӨҮГ,Mongolrostsvetmet (ex-Erdenes Critical Minerals),Монголросцветмет ТӨҮГ /Эрдэнэс критикал минералс ТӨҮГ/,Fluorspar,Жонш,Баяжмал,Fluorspar concentrate CaF2 95%,CaF2-95% Хайлуур жоншны баяжмал,Форвард,1,300.0,300.0,USD,тонн,994500.0,0.0,51.0,3315.0,reported,CAF2 95% | CACO3 2.0% | SIO2 1.4% | S 0.02-0.05% | P <0.5 | H2O 8-10%
2025-08-13,C06-2025081302,ER-25191,Энержи Ресурс ХХК,Energy Resources,Энержи Ресурс ХХК,Coal,Нүүрс,Баяжуулсан,Washed medium-ash semi-hard coking coal,"Баяжуулсан дунд зэрэг үнстэй, хагас хатуу коксжих нүүрс",Форвард,7,330.0,350.0,CNY,тонн,6720000.0,6.06,3.0,19200.0,reported,"Үнслэг (хуурай,%) ≤ 25.0% | Дэгдэмхий бодис (үнсгүй хуурай,%) >10.0%-28.0% | Хүхэр (хуурай, %) ≤ 1.0% | Нийт чийглэг (хүлээн авах үеийн төлөв,%) ≤ 10.0% | G индекс >20-60 | Илчлэг (ккал/кг) ≈5500"
2025-08-13,C05-2025081304,ETT-2532-OX,Эрдэнэс Тавантолгой ХК,Erdenes Tavan Tolgoi,Эрдэнэс Тавантолгой ХК,Coal,Нүүрс,Боловсруулаагүй,"Thermal coal (bituminous, non-caking)","Эрчим хүчний нүүрс /Битумт, үл барьцалдах нүүрс/",Форвард,4,34.2,40.2,USD,тонн,2572800.0,17.54,10.0,64000.0,reported,Ash (db): 25.0 (-5.0 | +3.0) | Total moisture (ar): 5.0 (-1.0 | +3.0) | Volatile (daf): 34.0 max | Total sulphur (db): 1.0 (-0.3 | +0.5) | Calorific value (ar): 5500 (-500 | +500) | G Index ≤5
2025-08-13,C04-2025081303,ETT-25-53-1-3-CO,Эрдэнэс Тавантолгой ХК,Erdenes Tavan Tolgoi,Эрдэнэс Тавантолгой ХК,Coal,Нүүрс,Боловсруулаагүй,1/3 coking coal,1/3 коксжих нүүрс,Форвард,2,72.2,75.2,USD,тонн,38502400.0,4.16,80.0,512000.0,reported,Ash (db): 18.5 (-5.0 | +5.0) | Total moisture (ar): 4.0 (-1.0 | +2.0) | Volatile (daf): 33.0 (-1.5 | +1.5) | Total sulphur (db): 1.1 (-0.5 | +0.5) | G Index (5:1): 70 (-5.0 | +10.0
2025-08-13,C01-2025081305,ETT-2518-WCO,Эрдэнэс Тавантолгой ХК,Erdenes Tavan Tolgoi,Эрдэнэс Тавантолгой ХК,Coal,Нүүрс,Баяжуулсан,Washed coking coal,Баяжуулсан коксжих нүүрс,Форвард,6,119.6,140.3,USD,тонн,2693760.0,17.31,3.0,19200.0,reported,Ash (db): ≤10.5 | Total moisture (ar): ≤10.0 | Volatile (daf): ≤28.0 | Total sulphur (db): ≤0.85 | G Index: ≥80
2025-08-13,C01-2025081301,ER-25190,Энержи Ресурс ХХК,Energy Resources,Энержи Ресурс ХХК,Coal,Нүүрс,Баяжуулсан,Washed coking coal,Баяжуулсан коксжих нүүрс,Форвард,5,800.0,900.0,CNY,тонн,11520000.0,12.5,2.0,12800.0,reported,"Үнслэг (хуурай,%) ≤ 11.0% | Дэгдэмхий бодис  | (үнсгүй хуурай,%) >20.0%-28.0% | Хүхэр (хуурай, %) ≤ 0.85% | Нийт чийглэг  | (хүлээн авах  | үеийн төлөв,%)  | ≤ 10.0% | G индекс ≥ 75"
2025-08-12,FE03-2025081201,ECM-71,Монголросцветмет ТӨҮГ,Mongolrostsvetmet (ex-Erdenes Critical Minerals),Монголросцветмет ТӨҮГ /Эрдэнэс критикал минералс ТӨҮГ/,Iron ore,Төмөр,Хүдэр,Iron ore Fe 52%,Fe-52% Төмрийн хүдэр,Форвард,1,63.0,63.0,USD,тонн,415800.0,0.0,2.0,6600.0,reported,H20 0.5-1.0% | A1203 1%-3% | S 0.02%-0.05% | Si02 5%-10% | Fe <52% | Ti02 0.01%-0.08% | P 0.01%-0.03%
2025-08-12,FE02-2025081204,DMP-2561,Дарханы Төмөрлөгийн Үйлдвэр ХХК,Дарханы Төмөрлөгийн Үйлдвэр ХХК,Дарханы Төмөрлөгийн Үйлдвэр ХХК,Iron ore,Төмөр,Баяжмал,Fe-58% Төмрийн баяжмал,Fe-58% Төмрийн баяжмал,Форвард,1,55.0,55.0,USD,тонн,6534000.0,0.0,36.0,118800.0,reported,"Fe 58% (дундаж) | S 3.5% (дундаж) | H20 2.5% (дундаж) | Al203 1.0% (дундаж) | SiO2 6.0% (дундаж) | TiO2 0.1% (дундаж) | P 0.02% (дундаж) | Ширхэглэл 0-10 мм (нунтаг), 10-40 мм (бүхэл)"
2025-08-12,FE02-2025081203,DMP-2560,Дарханы Төмөрлөгийн Үйлдвэр ХХК,Дарханы Төмөрлөгийн Үйлдвэр ХХК,Дарханы Төмөрлөгийн Үйлдвэр ХХК,Iron ore,Төмөр,Баяжмал,Fe-58% Төмрийн баяжмал,Fe-58% Төмрийн баяжмал,Форвард,2,55.0,60.5,USD,тонн,7187400.0,10.0,36.0,118800.0,reported,"Fe 58% (дундаж) | S 3.5% (дундаж) | H20 2.5% (дундаж) | Al203 1.0% (дундаж) | SiO2 6.0% (дундаж) | TiO2 0.1% (дундаж) | P 0.02% (дундаж) | Ширхэглэл 0-10 мм (нунтаг), 10-40 мм (бүхэл)"
2025-08-12,FE02-2025081202,DMP-2559,Дарханы Төмөрлөгийн Үйлдвэр ХХК,Дарханы Төмөрлөгийн Үйлдвэр ХХК,Дарханы Төмөрлөгийн Үйлдвэр ХХК,Iron ore,Төмөр,Баяжмал,Fe-58% Төмрийн баяжмал,Fe-58% Төмрийн баяжмал,Форвард,2,55.0,55.0,USD,тонн,6534000.0,0.0,36.0,118800.0,reported,"FE 58% (дундаж) | S 3.5% (дундаж) | H2O 2.5% (дундаж) | AL2O3 1.0% (дундаж) | SIO2 6.0% (дундаж) | TIO2 0.1% (дундаж) | P 0.02% (дундаж) | Ширхэглэл 0-10mm (нунтаг), 10-40mm (бүхэл)"
2025-08-12,C06-2025081202,ER-25189,Энержи Ресурс ХХК,Energy Resources,Энержи Ресурс ХХК,Coal,Нүүрс,Баяжуулсан,Washed medium-ash semi-hard coking coal,"Баяжуулсан дунд зэрэг үнстэй, хагас хатуу коксжих нүүрс",Форвард,6,330.0,345.0,CNY,тонн,6624000.0,4.55,3.0,19200.0,reported,"Үнслэг (хуурай,%) ≤ 25.0% | Дэгдэмхий бодис (үнсгүй хуурай,%) >10.0%-28.0% | Хүхэр (хуурай, %) ≤ 1.0% | Нийт чийглэг (хүлээн авах үеийн төлөв,%) ≤ 10.0% | G индекс >20-60 | Илчлэг (ккал/кг) ≈5500"
2025-08-12,C05-2025081205,ETT-2530-OX,Эрдэнэс Тавантолгой ХК,Erdenes Tavan Tolgoi,Эрдэнэс Тавантолгой ХК,Coal,Нүүрс,Боловсруулаагүй,"Thermal coal (bituminous, non-caking)","Эрчим хүчний нүүрс /Битумт, үл барьцалдах нүүрс/",Форвард,4,34.2,39.9,USD,тонн,766080.0,16.67,3.0,19200.0,reported,Ash (db): 25.0 (-5.0 | +3.0) | Total moisture (ar): 5.0 (-1.0 | +3.0) | Volatile (daf): 34.0 max | Total sulphur (db): 1.0 (-0.3 | +0.5) | Calorific value (ar): 5500 (-500 | +500) | G Index ≤5
2025-08-12,C05-2025081203,ETT-2531-OX,Эрдэнэс Тавантолгой ХК,Erdenes Tavan Tolgoi,Эрдэнэс Тавантолгой ХК,Coal,Нүүрс,Боловсруулаагүй,"Thermal coal (bituminous, non-caking)","Эрчим хүчний нүүрс /Битумт, үл барьцалдах нүүрс/",Форвард,3,34.2,39.0,USD,тонн,1248000.0,14.04,5.0,32000.0,reported,Ash (db): 25.0 (-5.0 | +3.0) | Total moisture (ar): 5.0 (-1.0 | +3.0) | Volatile (daf): 34.0 max | Total sulphur (db): 1.0 (-0.3 | +0.5) | Calorific value (ar): 5500 (-500 | +500) | G Index ≤5
2025-08-12,C04-2025081204,ETT-2552-1-3-CO,Эрдэнэс Тавантолгой ХК,Erdenes Tavan Tolgoi,Эрдэнэс Тавантолгой ХК,Coal,Нүүрс,Боловсруулаагүй,1/3 coking coal,1/3 коксжих нүүрс,Форвард,1,66.4,66.4,USD,тонн,4249600.0,0.0,10.0,64000.0,reported,Ash (db): 23.5 (-5.0 | +5.0) | Total moisture (ar): 4.0 (-1.0 | +2.0) | Volatile (daf): 33.0 (-1.5 | +1.5) | Total sulphur (db): 1.1 (-0.5 | +0.5) | G Index (5:1): 70 (-5.0 | +10.0)
2025-08-12,C01-2025081206,ETT-2517-WCO,Эрдэнэс Тавантолгой ХК,Erdenes Tavan Tolgoi,Эрдэнэс Тавантолгой ХК,Coal,Нүүрс,Баяжуулсан,Washed coking coal,Баяжуулсан коксжих нүүрс,Форвард,4,119.6,133.4,USD,тонн,2561280.0,11.54,3.0,19200.0,reported,Ash (db): ≤10.5 | Total moisture (ar): ≤10.0 | Volatile (daf): ≤28.0 | Total sulphur (db): ≤0.85 | G Index: ≥80
2025-08-12,C01-2025081201,ER-25188,Энержи Ресурс ХХК,Energy Resources,Энержи Ресурс ХХК,Coal,Нүүрс,Баяжуулсан,Washed coking coal,Баяжуулсан коксжих нүүрс,Форвард,5,800.0,895.0,CNY,тонн,11456000.0,11.88,2.0,12800.0,reported,"Үнслэг (хуурай,%) ≤ 11.0% | Дэгдэмхий бодис | (үнсгүй хуурай,%) >20.0%-28.0% | Хүхэр (хуурай, %) ≤ 0.85% | Нийт чийглэг | (хүлээн авах | үеийн төлөв,%) ≤ 10.0% | G индекс ≥ 75"
2025-08-11,C06-2025081102,ER-25187,Энержи Ресурс ХХК,Energy Resources,Энержи Ресурс ХХК,Coal,Нүүрс,Баяжуулсан,Washed medium-ash semi-hard coking coal,"Баяжуулсан дунд зэрэг үнстэй, хагас хатуу коксжих нүүрс",Форвард,5,330.0,350.0,CNY,тонн,6720000.0,6.06,3.0,19200.0,reported,"Үнслэг (хуурай,%) ≤ 25.0% | Дэгдэмхий бодис (үнсгүй хуурай,%) >10.0%-28.0% | Хүхэр (хуурай, %) ≤ 1.0% | Нийт чийглэг (хүлээн авах үеийн төлөв,%) ≤ 10.0% | G индекс >20-60 | Илчлэг (ккал/кг) ≈5500"
2025-08-11,C01-2025081101,ER-25186,Энержи Ресурс ХХК,Energy Resources,Энержи Ресурс ХХК,Coal,Нүүрс,Баяжуулсан,Washed coking coal,Баяжуулсан коксжих нүүрс,Форвард,4,800.0,880.0,CNY,тонн,11264000.0,10.0,2.0,12800.0,reported,"Үнслэг (хуурай,%) ≤ 11.0% | Дэгдэмхий бодис (үнсгүй хуурай,%) >20.0%-28.0% | Хүхэр (хуурай, %) ≤ 0.85% | Нийт чийглэг (хүлээн авах үеийн төлөв,%) ≤ 10.0% | G индекс ≥ 75"
2025-08-08,FE03-2025080801,ECM-70,Монголросцветмет ТӨҮГ,Mongolrostsvetmet (ex-Erdenes Critical Minerals),Монголросцветмет ТӨҮГ /Эрдэнэс критикал минералс ТӨҮГ/,Iron ore,Төмөр,Хүдэр,Iron ore Fe 52%,Fe-52% Төмрийн хүдэр,Форвард,3,63.0,65.5,USD,тонн,432300.0,3.97,2.0,6600.0,reported,H20 0.5-1.0% | A1203 1%-3% | S 0.02%-0.05% | Si02 5%-10% | Fe <52% | Ti02 0.01%-0.08% | P 0.01%-0.03%
2025-08-08,C05-2025080803,ETT-2529-OX,Эрдэнэс Тавантолгой ХК,Erdenes Tavan Tolgoi,Эрдэнэс Тавантолгой ХК,Coal,Нүүрс,Боловсруулаагүй,"Thermal coal (bituminous, non-caking)","Эрчим хүчний нүүрс /Битумт, үл барьцалдах нүүрс/",Форвард,2,34.2,38.1,USD,тонн,4876800.0,11.4,20.0,128000.0,reported,Ash (db): 25.0 (-5.0 | +3.0) | Total moisture (ar): 5.0 (-1.0 | +3.0) | Volatile (daf): 34.0 max | Total sulphur (db): 1.0 (-0.3 | +0.5) | Calorific value (ar): 5500 (-500 | +500) | G Index ≤5
2025-08-08,C01-2025080801,ER-25185,Энержи Ресурс ХХК,Energy Resources,Энержи Ресурс ХХК,Coal,Нүүрс,Баяжуулсан,Washed coking coal,Баяжуулсан коксжих нүүрс,Форвард,3,800.0,840.0,CNY,тонн,10752000.0,5.0,2.0,12800.0,reported,"Үнслэг (хуурай,%) ≤ 11.0% | Дэгдэмхий бодис (үнсгүй хуурай,%) >20.0%-28.0% | Хүхэр (хуурай, %) ≤ 0.85% | Нийт чийглэг (хүлээн авах үеийн төлөв,%) ≤ 10.0% | G индекс ≥ 75"
2025-08-07,CaF01-2025080701,ECM-69,Монголросцветмет ТӨҮГ,Mongolrostsvetmet (ex-Erdenes Critical Minerals),Монголросцветмет ТӨҮГ /Эрдэнэс критикал минералс ТӨҮГ/,Fluorspar,Жонш,Баяжмал,Fluorspar concentrate CaF2 95%,CaF2-95% Хайлуур жоншны баяжмал,Форвард,1,300.0,300.0,USD,тонн,994500.0,0.0,51.0,3315.0,reported,CaF2 95%  | CaCO3 2.0% | SiO2 1.4% | S 0.02-0.05% | P <0.5 | H2O 8-10%
2025-08-07,C06-2025080701,ER-25184,Энержи Ресурс ХХК,Energy Resources,Энержи Ресурс ХХК,Coal,Нүүрс,Баяжуулсан,Washed medium-ash semi-hard coking coal,"Баяжуулсан дунд зэрэг үнстэй, хагас хатуу коксжих нүүрс",Форвард,6,330.0,360.0,CNY,тонн,6912000.0,9.09,3.0,19200.0,reported,"Үнслэг (хуурай,%) ≤ 25.0% | Дэгдэмхий бодис | (үнсгүй хуурай,%) >10.0%-28.0% | Хүхэр (хуурай, %) ≤ 1.0% | Нийт чийглэг (хүлээн | авах үеийн төлөв,%) ≤ 10.0% | G индекс >20-60 | Илчлэг (ккал/кг) ≈5500"
2025-08-07,C05-2025080703,ETT-2528-OX,Эрдэнэс Тавантолгой ХК,Erdenes Tavan Tolgoi,Эрдэнэс Тавантолгой ХК,Coal,Нүүрс,Боловсруулаагүй,"Thermal coal (bituminous, non-caking)","Эрчим хүчний нүүрс /Битумт, үл барьцалдах нүүрс/",Форвард,2,34.2,35.7,USD,тонн,2284800.0,4.39,10.0,64000.0,reported,Ash (db): 25.0 (-5.0 | +3.0) | Total moisture (ar): 5.0 (-1.0 | +3.0) | Volatile (daf): 34.0 max | Total sulphur (db): 1.0 (-0.3 | +0.5) | Calorific value (ar): 5500 (-500 | +500) | G Index ≤5
2025-08-06,FE03-2025080601,ECM-68,Монголросцветмет ТӨҮГ,Mongolrostsvetmet (ex-Erdenes Critical Minerals),Монголросцветмет ТӨҮГ /Эрдэнэс критикал минералс ТӨҮГ/,Iron ore,Төмөр,Хүдэр,Iron ore Fe 52%,Fe-52% Төмрийн хүдэр,Форвард,5,63.0,65.5,USD,тонн,864600.0,3.97,4.0,13200.0,reported,H20 0.5-1.0% | A1203 1%-3% | S 0.02%-0.05% | Si02 5%-10% | Fe <52% | Ti02 0.01%-0.08% | P 0.01%-0.03%
2025-08-06,C05-2025080603,ETT-2527-OX,Эрдэнэс Тавантолгой ХК,Erdenes Tavan Tolgoi,Эрдэнэс Тавантолгой ХК,Coal,Нүүрс,Боловсруулаагүй,"Thermal coal (bituminous, non-caking)","Эрчим хүчний нүүрс /Битумт, үл барьцалдах нүүрс/",Форвард,2,34.2,35.1,USD,тонн,1123200.0,2.63,5.0,32000.0,reported,Ash (db): 25.0 (-5.0 | +3.0) | Total moisture (ar): 5.0 (-1.0 | +3.0) | Volatile (daf): 34.0 max | Total sulphur (db): 1.0 (-0.3 | +0.5) | Calorific value (ar): 5500 (-500 | +500) | G Index ≤5
2025-08-06,C01-2025080601,ER-25183,Энержи Ресурс ХХК,Energy Resources,Энержи Ресурс ХХК,Coal,Нүүрс,Баяжуулсан,Washed coking coal,Баяжуулсан коксжих нүүрс,Форвард,1,800.0,800.0,CNY,тонн,10240000.0,0.0,2.0,12800.0,reported,"Үнслэг (хуурай,%) ≤ 11.0% | Дэгдэмхий бодис | (үнсгүй хуурай,%) >20.0%-28.0% | Хүхэр (хуурай, %) ≤ 0.85% | Нийт чийглэг | (хүлээн авах | үеийн төлөв,%) | ≤ 10.0% | G индекс ≥ 75"
2025-08-05,FE01-2025080501,ECM-67,Монголросцветмет ТӨҮГ,Mongolrostsvetmet (ex-Erdenes Critical Minerals),Монголросцветмет ТӨҮГ /Эрдэнэс критикал минералс ТӨҮГ/,Iron ore,Төмөр,Баяжмал,Iron concentrate Fe 65%,Fe-65% Төмрийн баяжмал,Форвард,2,83.0,84.5,USD,тонн,1673100.0,1.81,6.0,19800.0,reported,H2O 7-10% | AL2O3 0.4-1% | S 0.02-0.08% | SIO2 3-8% | FE <65% | TIO2 0.01-0.08% | P 0.01-0.03%
2025-08-05,C06-2025080501,ER-25182,Энержи Ресурс ХХК,Energy Resources,Энержи Ресурс ХХК,Coal,Нүүрс,Баяжуулсан,Washed medium-ash semi-hard coking coal,"Баяжуулсан дунд зэрэг үнстэй, хагас хатуу коксжих нүүрс",Форвард,4,330.0,355.0,CNY,тонн,6816000.0,7.58,3.0,19200.0,reported,"Үнслэг (хуурай,%) ≤ 25.0% | Дэгдэмхий бодис | (үнсгүй хуурай,%) >10.0%-28.0% | Хүхэр (хуурай, %) ≤ 1.0% | Нийт чийглэг (хүлээн | авах үеийн төлөв,%) ≤ 10.0% | G индекс >20-60 | Илчлэг (ккал/кг) ≈5500"
2025-08-05,C03-2025080502,TTOA-2025-035,Тавантолгой ХК,Tavan Tolgoi JSC,Тавантолгой ХК,Coal,Нүүрс,Боловсруулаагүй,Medium-volatile coking coal,"Дэгдэмхий бодис дунд, коксжих нүүрс",Форвард,8,78.0,90.5,USD,тонн,90934400.0,16.03,157.0,1004800.0,reported,"Ash (db): 15,09 (-4.0 | +4.0) | Volatile (daf): 26.00 (-2.0 | +2.0) | Total sulphur (db): 0.98 (-0.3 | +0.2) | G-index (5:1): 72 (-10.0 | +10.0) | Total moisture (ar): 1,93 (-0.5 | +2.5) | Y- index ≤25mm"
2025-08-04,FE03-2025080401,ECM-66,Монголросцветмет ТӨҮГ,Mongolrostsvetmet (ex-Erdenes Critical Minerals),Монголросцветмет ТӨҮГ /Эрдэнэс критикал минералс ТӨҮГ/,Iron ore,Төмөр,Хүдэр,Iron ore Fe 52%,Fe-52% Төмрийн хүдэр,Форвард,4,63.0,65.0,USD,тонн,858000.0,3.17,4.0,13200.0,reported,H20 0.5-1.0% | A1203 1%-3% | S 0.02%-0.05% | Si02 5%-10% | Fe <52% | Ti02 0.01%-0.08% | P 0.01%-0.03%
2025-08-04,C01-2025080401,ER-25181,Энержи Ресурс ХХК,Energy Resources,Энержи Ресурс ХХК,Coal,Нүүрс,Баяжуулсан,Washed coking coal,Баяжуулсан коксжих нүүрс,Форвард,1,800.0,800.0,CNY,тонн,10240000.0,0.0,2.0,12800.0,reported,"Үнслэг (хуурай,%) ≤ 11.0% | Дэгдэмхий бодис | (үнсгүй хуурай,%) >20.0%-28.0% | Хүхэр (хуурай, %) ≤ 0.85% | Нийт чийглэг | (хүлээн авах | үеийн төлөв,%) | ≤ 10.0% | G индекс ≥ 75"
2025-08-01,C04-2025080102,TTOA-2025-034,Тавантолгой ХК,Tavan Tolgoi JSC,Тавантолгой ХК,Coal,Нүүрс,Боловсруулаагүй,1/3 coking coal,1/3 коксжих нүүрс,Форвард,1,60.8,60.8,USD,тонн,6225920.0,0.0,16.0,102400.0,reported,
2025-07-31,FE03-2025073101,ECM-64,Монголросцветмет ТӨҮГ,Mongolrostsvetmet (ex-Erdenes Critical Minerals),Монголросцветмет ТӨҮГ /Эрдэнэс критикал минералс ТӨҮГ/,Iron ore,Төмөр,Хүдэр,Iron ore Fe 52%,Fe-52% Төмрийн хүдэр,Форвард,8,59.0,65.5,USD,тонн,432300.0,11.02,2.0,6600.0,reported,H20 0.5-1.0% | A1203 1%-3% | S 0.02%-0.05% | Si02 5%-10% | Fe <52% | Ti02 0.01%-0.08% | P 0.01%-0.03%
2025-07-31,C04-2025073102,25-48-1-3 CO,Эрдэнэс Тавантолгой ХК,Erdenes Tavan Tolgoi,Эрдэнэс Тавантолгой ХК,Coal,Нүүрс,Боловсруулаагүй,1/3 coking coal,1/3 коксжих нүүрс,Форвард,7,63.2,75.5,USD,тонн,9664000.0,19.46,20.0,128000.0,reported,Ash (db): 18.5 (-5.0 | +5.0) | Total moisture (ar): 4.0 (-1.0 | +2.0) | Volatile (daf): 33.0 (-1.5 | +1.5) | Total sulphur (db): 1.1 (-0.5 | +0.5) | G-Index (5:1): 70 (-5.0 | +10.0)
2025-07-30,CU01-2025073001,08-2025,Эрдэнэт Үйлдвэр ТӨҮГ,Erdenet Mining Corporation,Эрдэнэт Үйлдвэр ТӨҮГ,Copper,Зэс,Баяжмал,Copper concentrate (22.35% Cu),22.35%-ийн зэсийн агуулгатай баяжмал,Форвард,1,2211.36,2211.36,USD,тонн,10017461.0,0.0,5.0,4530.0,reported,Зэс /Cu/ 22.35% | Мөнгө /Ag/ 78 гр/тн | Хүнцэл /As/ <0.3% | Чийглэг /moisture/ 9.4% | Молибден /Мо/ <0.15% | Төмөр /Fe/ <30% | Цайр /Zn/ <0.7% | Хар тугалга /Pb/ <1.4% | Хүхэр /S/ <37% | Алт /Au/ <0.3 гр/тн | Хөнгөн цагаан /Al/ <2.0%
2025-07-30,CAF01-2025073001,ECM-65,Монголросцветмет ТӨҮГ,Mongolrostsvetmet (ex-Erdenes Critical Minerals),Монголросцветмет ТӨҮГ /Эрдэнэс критикал минералс ТӨҮГ/,Fluorspar,Жонш,Баяжмал,CaF2 97% хайлуур жоншны баяжмал,CaF2 97% хайлуур жоншны баяжмал,Форвард,1,320.0,320.0,USD,тонн,1060800.0,0.0,51.0,3315.0,reported,CaF2 < 97% | CaCO3 2.0% | SiO2 1.4% | S 0.02-0.05% | P <0.5 | H2O 7.0-8.0%
2025-07-30,C05-2025073003,25-25-OX,Эрдэнэс Тавантолгой ХК,Erdenes Tavan Tolgoi,Эрдэнэс Тавантолгой ХК,Coal,Нүүрс,Боловсруулаагүй,"Thermal coal (bituminous, non-caking)","Эрчим хүчний нүүрс /Битумт, үл барьцалдах нүүрс/",Форвард,1,33.9,33.9,USD,тонн,2169600.0,0.0,10.0,64000.0,reported,Ash (db): 25.0 (-5.0 | +3.0) | Total moisture (ar): 5.0 (-1.0 | +3.0) | Volatile (daf): 34.0 max | Total sulphur (db): 1.0 (-0.3 | +0.5) | Calorific value (ar): 5500 (-500 | +500) | G Index ≤5
2025-07-30,C04-2025073004,25-47-1-3 CO,Эрдэнэс Тавантолгой ХК,Erdenes Tavan Tolgoi,Эрдэнэс Тавантолгой ХК,Coal,Нүүрс,Боловсруулаагүй,1/3 coking coal,1/3 коксжих нүүрс,Форвард,5,63.2,71.3,USD,тонн,4563200.0,12.82,10.0,64000.0,reported,Ash (db): 18.5 (-5.0 | +5.0) | Total moisture (ar): 4.0 (-1.0 | +2.0) | Volatile (daf): 33.0 (-1.5 | +1.5) | Total sulphur (db): 1.1 (-0.5 | +0.5) | G-Index (5:1): 70 (-5.0 | +10.0)
2025-07-30,C04-2025073002,ETT-2546-1-3-CO,Эрдэнэс Тавантолгой ХК,Erdenes Tavan Tolgoi,Эрдэнэс Тавантолгой ХК,Coal,Нүүрс,Боловсруулаагүй,1/3 coking coal,1/3 коксжих нүүрс,Форвард,6,63.2,72.2,USD,тонн,2310400.0,14.24,5.0,32000.0,reported,Ash (db): 18.5 (-5.0 | +5.0) | Total moisture (ar): 4.0 (-1.0 | +2.0) | Volatile (daf): 33.0 (-1.5 | +1.5) | Total sulphur (db): 1.1 (-0.5 | +0.5) | G-Index (5:1): 70 (-5.0 | +10.0)
2025-07-30,C02-2025073005,25-1-WSSCC,Эрдэнэс Тавантолгой ХК,Erdenes Tavan Tolgoi,Эрдэнэс Тавантолгой ХК,Coal,Нүүрс,Баяжуулсан,Washed semi-soft coking coal,Баяжуулсан сул коксжих нүүрс,Форвард,6,86.8,95.2,USD,тонн,1218560.0,9.68,2.0,12800.0,reported,Ash (db): ≤10.5 | Total moisture (ar): ≤11.0 | Volatile (daf): ≤33.0 | Total sulphur (db): ≤0.8 | G-Index (5:1): ≥85
2025-07-29,FE03-2025072901,ECM-63,Монголросцветмет ТӨҮГ,Mongolrostsvetmet (ex-Erdenes Critical Minerals),Монголросцветмет ТӨҮГ /Эрдэнэс критикал минералс ТӨҮГ/,Iron ore,Төмөр,Хүдэр,Iron ore Fe 52%,Fe-52% Төмрийн хүдэр,Форвард,9,59.0,66.5,USD,тонн,438900.0,12.71,2.0,6600.0,reported,H20 0.5-1.0% | A1203 1%-3% | S 0.02%-0.05% | Si02 5%-10% | Fe <52% | Ti02 0.01%-0.08% | P 0.01%-0.03%
2025-07-29,C05-2025072902,25-24-OX,Эрдэнэс Тавантолгой ХК,Erdenes Tavan Tolgoi,Эрдэнэс Тавантолгой ХК,Coal,Нүүрс,Боловсруулаагүй,"Thermal coal (bituminous, non-caking)","Эрчим хүчний нүүрс /Битумт, үл барьцалдах нүүрс/",Форвард,3,33.9,33.9,USD,тонн,1084800.0,0.0,5.0,32000.0,reported,Ash (db): 25.0 (-5.0 | +3.0) | Total moisture (ar): 5.0 (-1.0 | +3.0) | Volatile (daf): 34.0 max | Total sulphur (db): 1.0 (-0.3 | +0.5) | Calorific value (ar): 5500 (-500 | +500) | G Index ≤5
2025-07-29,C03-2025072903,TTL 7-29,Тавантолгой ХК,Tavan Tolgoi JSC,Тавантолгой ХК,Coal,Нүүрс,Боловсруулаагүй,Medium-volatile coking coal,"Дэгдэмхий бодис дунд, коксжих нүүрс",Форвард,6,78.0,78.5,USD,тонн,78876800.0,0.64,157.0,1004800.0,reported,"Ash (db): 15,09 (-4.0 | +4.0) | Volatile (daf): 26.00 (-2.0 | +2.0) | Total sulphur (db): 0.98 (-0.3 | +0.2) | G-index (5:1): 72 (-10.0 | +10.0) | Total moisture (ar): 1,93 (-0.5 | +2.5) | Y- index ≤25mm"
2025-07-29,C01-2025072904,25-15-WCO,Эрдэнэс Тавантолгой ХК,Erdenes Tavan Tolgoi,Эрдэнэс Тавантолгой ХК,Coal,Нүүрс,Баяжуулсан,Washed coking coal,Баяжуулсан коксжих нүүрс,Форвард,8,98.2,122.2,USD,тонн,2346240.0,24.44,3.0,19200.0,reported,Ash (db): 10.5 max | Total moisture (ar): 10.0 max | Volatile (daf): 28.0 max | Total sulphur (db): 0.8 max | G-Index: 75 min
2025-07-28,FE03-2025072801,ECM-62,Монголросцветмет ТӨҮГ,Mongolrostsvetmet (ex-Erdenes Critical Minerals),Монголросцветмет ТӨҮГ /Эрдэнэс критикал минералс ТӨҮГ/,Iron ore,Төмөр,Хүдэр,Iron ore Fe 52%,Fe-52% Төмрийн хүдэр,Форвард,6,59.0,66.5,USD,тонн,438900.0,12.71,2.0,6600.0,reported,H20 0.5-1.0% | A1203 1%-3% | S 0.02%-0.05% | Si02 5%-10% | Fe <52% | Ti02 0.01%-0.08% | P 0.01%-0.03%
2025-07-28,FE02-2025072803,DMP-2557,Дарханы Төмөрлөгийн Үйлдвэр ХХК,Дарханы Төмөрлөгийн Үйлдвэр ХХК,Дарханы Төмөрлөгийн Үйлдвэр ХХК,Iron ore,Төмөр,Баяжмал,Fe-58% Төмрийн баяжмал,Fe-58% Төмрийн баяжмал,Форвард,1,59.0,59.0,USD,тонн,3504600.0,0.0,18.0,59400.0,reported,"FE 58% (дундаж) | S 2.5% (дундаж) | AL2O3 2.0% (дундаж) | SIO2 5.0% (дундаж) | TIO2 0.1% (дундаж) | P 0.01% (дундаж) | Ширхэглэл 0-10mm (нунтаг), 10-40mm (бүхэл)"
2025-07-28,FE02-2025072802,DMP-2558,Дарханы Төмөрлөгийн Үйлдвэр ХХК,Дарханы Төмөрлөгийн Үйлдвэр ХХК,Дарханы Төмөрлөгийн Үйлдвэр ХХК,Iron ore,Төмөр,Баяжмал,Fe-58% Төмрийн баяжмал,Fe-58% Төмрийн баяжмал,Форвард,3,55.0,65.5,USD,тонн,3890700.0,19.09,18.0,59400.0,reported,"FE 58% (дундаж) | S 3.5% (дундаж) | AL2O3 1.0% (дундаж) | SIO2 6.0% (дундаж) | TIO2 0.1% (дундаж) | P 0.02% (дундаж) | Ширхэглэл 0-10mm (нунтаг), 10-40mm (бүхэл)"
2025-07-28,C01-2025072801,ER-25178,Энержи Ресурс ХХК,Energy Resources,Энержи Ресурс ХХК,Coal,Нүүрс,Баяжуулсан,Washed coking coal,Баяжуулсан коксжих нүүрс,Форвард,4,750.0,840.0,CNY,тонн,10752000.0,12.0,2.0,12800.0,reported,"Үнслэг (хуурай,%) ≤ 11.0% | Дэгдэмхий бодис | (үнсгүй хуурай,%) >20.0%-28.0% | Хүхэр (хуурай, %) ≤ 0.85% | Нийт чийглэг | (хүлээн авах | үеийн төлөв,%) | ≤ 10.0% | G индекс ≥ 75"
2025-07-25,FE03-2025072501,ECM-61,Монголросцветмет ТӨҮГ,Mongolrostsvetmet (ex-Erdenes Critical Minerals),Монголросцветмет ТӨҮГ /Эрдэнэс критикал минералс ТӨҮГ/,Iron ore,Төмөр,Хүдэр,Iron ore Fe 52%,Fe-52% Төмрийн хүдэр,Форвард,5,59.0,64.5,USD,тонн,425700.0,9.32,2.0,6600.0,reported,H20 0.5-1.0% | A1203 1%-3% | S 0.02%-0.05% | Si02 5%-10% | Fe <52% | Ti02 0.01%-0.08% | P 0.01%-0.03%
2025-07-24,FE03-2025072401,ECM-60,Монголросцветмет ТӨҮГ,Mongolrostsvetmet (ex-Erdenes Critical Minerals),Монголросцветмет ТӨҮГ /Эрдэнэс критикал минералс ТӨҮГ/,Iron ore,Төмөр,Хүдэр,Iron ore Fe 52%,Fe-52% Төмрийн хүдэр,Форвард,4,59.0,64.0,USD,тонн,422400.0,8.47,2.0,6600.0,reported,H20 0.5-1.0% | A1203 1%-3% | S 0.02%-0.05% | Si02 5%-10% | Fe <52% | Ti02 0.01%-0.08% | P 0.01%-0.03%
2025-07-23,FE03-2025072301,ECM-59,Монголросцветмет ТӨҮГ,Mongolrostsvetmet (ex-Erdenes Critical Minerals),Монголросцветмет ТӨҮГ /Эрдэнэс критикал минералс ТӨҮГ/,Iron ore,Төмөр,Хүдэр,Iron ore Fe 52%,Fe-52% Төмрийн хүдэр,Форвард,4,59.0,64.0,USD,тонн,422400.0,8.47,2.0,6600.0,reported,H20 0.5-1.0% | A1203 1%-3% | S 0.02%-0.05% | Si02 5%-10%  | Fe  <52% | Ti02 0.01%-0.08% | P 0.01%-0.03%
2025-07-23,C04-2025072302,ETT-2545-1-3-CO,Эрдэнэс Тавантолгой ХК,Erdenes Tavan Tolgoi,Эрдэнэс Тавантолгой ХК,Coal,Нүүрс,Боловсруулаагүй,1/3 coking coal,1/3 коксжих нүүрс,Форвард,4,63.2,70.7,USD,тонн,2262400.0,11.87,5.0,32000.0,reported,Ash (db) 18.5 (-5.0 | +5.0) | Total moisture (ar) 4.0 (-1.0 | +2.0) | Volatile (daf) 33.0 (-1.5 | +1.5) | Total sulfur (db) 1.1 (-0.5 | +0.5) | G-index (5:1) 70 (-5.0 | +10.0)
2025-07-22,CAF01-2025072201,ECM-58,Монголросцветмет ТӨҮГ,Mongolrostsvetmet (ex-Erdenes Critical Minerals),Монголросцветмет ТӨҮГ /Эрдэнэс критикал минералс ТӨҮГ/,Fluorspar,Жонш,Баяжмал,Fluorspar concentrate CaF2 95%,CaF2-95% Хайлуур жоншны баяжмал,Форвард,1,300.0,300.0,USD,тонн,994500.0,0.0,51.0,3315.0,reported,CaF2 95%  | CaCO3 2.0% | SiO2 1.4% | S 0.02-0.05% | P <0.5 | H2O 8-10%
2025-07-21,FE03-2025072101,ECM-57,Монголросцветмет ТӨҮГ,Mongolrostsvetmet (ex-Erdenes Critical Minerals),Монголросцветмет ТӨҮГ /Эрдэнэс критикал минералс ТӨҮГ/,Iron ore,Төмөр,Хүдэр,Iron ore Fe 52%,Fe-52% Төмрийн хүдэр,Форвард,3,59.0,63.0,USD,тонн,415800.0,6.78,2.0,6600.0,reported,H2O-0.5-1.0% | Al2O3-1%-3% | S-0.02%-0.05% | SiO2-5%-10% | Fe-<52% | TiO2-0.01%-0.08% | P-0.01%-0.03%
2025-07-18,C03-2025071802,TTOA-2025-031,Тавантолгой ХК,Tavan Tolgoi JSC,Тавантолгой ХК,Coal,Нүүрс,Боловсруулаагүй,Medium-volatile coking coal,"Дэгдэмхий бодис дунд, коксжих нүүрс",Форвард,4,78.0,82.0,USD,тонн,20467200.0,5.13,39.0,249600.0,reported,"Ash (db): 15,09 (-4.0 | +4.0) | Volatile (daf): 26.00 (-2.0 | +2.0) | Total sulphur (db): 0.98 (-0.3 | +0.2) | G-index (5:1): 72 (-7.0 | +10.0) | Total moisture (ar): 1,93 (-0.5 | +2.5) | Y- index ≤25mm"
2025-07-18,C03-2025071801,TTOA-2025-032,Тавантолгой ХК,Tavan Tolgoi JSC,Тавантолгой ХК,Coal,Нүүрс,Боловсруулаагүй,Medium-volatile coking coal,"Дэгдэмхий бодис дунд, коксжих нүүрс",Форвард,5,78.0,82.0,USD,тонн,20467200.0,5.13,39.0,249600.0,reported,"Ash (db): 15,09 (-4.0 | +4.0) | Volatile (daf): 26.00 (-2.0 | +2.0) | Total sulphur (db): 0.98 (-0.3 | +0.2) | G-index (5:1): 72 (-7.0 | +10.0) | Total moisture (ar): 1,93 (-0.5 | +2.5) | Y- index ≤25mm"
2025-07-09,FE03-2025070903,DMP-2556,Дарханы Төмөрлөгийн Үйлдвэр ХХК,Дарханы Төмөрлөгийн Үйлдвэр ХХК,Дарханы Төмөрлөгийн Үйлдвэр ХХК,Iron ore,Төмөр,Баяжмал,Fe-58% Төмрийн баяжмал,Fe-58% Төмрийн баяжмал,Форвард,4,55.0,64.5,USD,тонн,3831300.0,17.27,18.0,59400.0,reported,"FE 58% (average) | S 3.5% (average) | H2O 2.5% (average) | AL2O3 1.0% (average) | SI02 6.0% (average) | TIO2 0.1% (average) | P 0.02% (average) | Fraction 0-10mm, 10-40 mm"
2025-07-09,FE03-2025070901,ECM-56,Монголросцветмет ТӨҮГ,Mongolrostsvetmet (ex-Erdenes Critical Minerals),Монголросцветмет ТӨҮГ /Эрдэнэс критикал минералс ТӨҮГ/,Iron ore,Төмөр,Хүдэр,Iron ore Fe 52%,Fe-52% Төмрийн хүдэр,Форвард,4,59.0,63.0,USD,тонн,415800.0,6.78,2.0,12800.0,reported,H2O-0.5-1.0% | Al2O3-1%-3% | S-0.02%-0.05% | SiO2-5%-10% | Fe-<52% | TiO2-0.01%-0.08% | P-0.01%-0.03%
2025-07-09,FE02-2025070902,DMP-2555,Дарханы Төмөрлөгийн Үйлдвэр ХХК,Дарханы Төмөрлөгийн Үйлдвэр ХХК,Дарханы Төмөрлөгийн Үйлдвэр ХХК,Iron ore,Төмөр,Баяжмал,Fe-58% Төмрийн баяжмал,Fe-58% Төмрийн баяжмал,Форвард,4,55.0,64.5,USD,тонн,3831300.0,17.27,18.0,59400.0,reported,"FE 58% (average) | S 3.5% (average) | H2O 2.5% (average) | AL2O3 1.0% (average) | SI02 6.0% (average) | TIO2 0.1% (average) | P 0.02% (average) | Fraction 0-10mm, 10-40 mm"
2025-07-09,C08-2025070901,AND-05,Андын Илч ХХК,Андын Илч ХХК,Андын Илч ХХК,Coal,Нүүрс,Боловсруулаагүй,Чийг багатай хүрэн нүүрс,Чийг багатай хүрэн нүүрс,Форвард,1,140.0,140.0,CNY,тонн,1792000.0,0.0,2.0,12800.0,reported,Хүхэр 1.84% | Илчлэг 4568kcal | Чийг 25.2% | Үнслэг 15.0% | Дэгдэмхий 44.4%
2025-07-09,C01-2025070902,ETT-2514-WCO,Эрдэнэс Тавантолгой ХК,Erdenes Tavan Tolgoi,Эрдэнэс Тавантолгой ХК,Coal,Нүүрс,Баяжуулсан,Washed coking coal,Баяжуулсан коксжих нүүрс,Форвард,6,92.1,98.6,USD,тонн,3155200.0,7.06,5.0,32000.0,reported,Ash (db): 10.5 max | Total moisture (ar): 10.0 max | Volatile (daf): 28.0 max | Total sulphur (db): 0.8 max | G-Index: 75 min
2025-07-08,CAF201-2025070801,ECM-55,Монголросцветмет ТӨҮГ,Mongolrostsvetmet (ex-Erdenes Critical Minerals),Монголросцветмет ТӨҮГ /Эрдэнэс критикал минералс ТӨҮГ/,Fluorspar,Жонш,Баяжмал,Fluorspar concentrate CaF2 95%,CaF2-95% Хайлуур жоншны баяжмал,Форвард,1,300.0,300.0,USD,тонн,994500.0,0.0,51.0,3315.0,reported,CAF2 95% | CACO3 2.0% | SIO2 1.4% | S 0.02-0.05% | P <0.5 | H2O 8-10%
2025-07-08,C3-2025070803,ETT-2503-CO,Эрдэнэс Тавантолгой ХК,Erdenes Tavan Tolgoi,Эрдэнэс Тавантолгой ХК,Coal,Нүүрс,Боловсруулаагүй,Medium-volatile coking coal,"Дэгдэмхий бодис дунд, коксжих нүүрс",Форвард,6,80.2,87.7,USD,тонн,2806400.0,9.35,5.0,32000.0,reported,Ash (db): 13.5 (-2.0 | +2.0) | Total moisture (ar): 3.0 (-1.5 | +1.5) | Volatile (daf): 27.0 (-1.0 | +1.0) | Total sulphur (db): 0.9 (-0.3 | +0.5) | G-Index (5:1): 75 (-5.0 | +5.0)
2025-07-08,C05-2025070802,ETT-2521-OX,Эрдэнэс Тавантолгой ХК,Erdenes Tavan Tolgoi,Эрдэнэс Тавантолгой ХК,Coal,Нүүрс,Боловсруулаагүй,"Thermal coal (bituminous, non-caking)","Эрчим хүчний нүүрс /Битумт, үл барьцалдах нүүрс/",Форвард,1,32.9,32.9,USD,тонн,1052800.0,0.0,5.0,32000.0,reported,Ash (db): 25.0 (-5.0 | +3.0) | Total moisture (ar): 5.0 (-1.0 | +3.0) | Volatile (daf): 34.0 max | Total sulphur (db): 1.0 (-0.3 | +0.5) | Calorific value (ar): 5500 (-500 | +500) | G-Index: ≤5.0
2025-07-08,C03-2025070805,ETT-2505-CO,Эрдэнэс Тавантолгой ХК,Erdenes Tavan Tolgoi,Эрдэнэс Тавантолгой ХК,Coal,Нүүрс,Боловсруулаагүй,Medium-volatile coking coal,"Дэгдэмхий бодис дунд, коксжих нүүрс",Форвард,4,80.2,90.2,USD,тонн,11545600.0,12.47,20.0,128000.0,reported,Ash (db): 13.5 (-2.0 | +2.0) | Total moisture (ar): 3.0 (-1.5 | +1.5) | Volatile (daf): 27.0 (-1.0 | +1.0) | Total sulphur (db): 0.9 (-0.3 | +0.5) | G-Index (5:1): 75 (-5.0 | +5.0)
2025-07-08,C03-2025070804,ETT-2504-CO,Эрдэнэс Тавантолгой ХК,Erdenes Tavan Tolgoi,Эрдэнэс Тавантолгой ХК,Coal,Нүүрс,Боловсруулаагүй,Medium-volatile coking coal,"Дэгдэмхий бодис дунд, коксжих нүүрс",Форвард,5,80.2,88.2,USD,тонн,5644800.0,9.98,10.0,64000.0,reported,Ash (db): 13.5 (-2.0 | +2.0) | Total moisture (ar): 3.0 (-1.5 | +1.5) | Volatile (daf): 27.0 (-1.0 | +1.0) | Total sulphur (db): 0.9 (-0.3 | +0.5) | G-Index (5:1): 75 (-5.0 | +5.0)
2025-07-07,FE03-2025070701,ECM-54,Монголросцветмет ТӨҮГ,Mongolrostsvetmet (ex-Erdenes Critical Minerals),Монголросцветмет ТӨҮГ /Эрдэнэс критикал минералс ТӨҮГ/,Iron ore,Төмөр,Хүдэр,Iron ore Fe 52%,Fe-52% Төмрийн хүдэр,Форвард,5,59.0,64.0,USD,тонн,422400.0,8.47,2.0,6600.0,reported,H2O-0.5-1.0% | Al2O3-1%-3% | S-0.02%-0.05% | SiO2-5%-10% | Fe-<52% | TiO2-0.01%-0.08% | P-0.01%-0.03%
2025-07-04,FE03-2025070401,ECM-53,Монголросцветмет ТӨҮГ,Mongolrostsvetmet (ex-Erdenes Critical Minerals),Монголросцветмет ТӨҮГ /Эрдэнэс критикал минералс ТӨҮГ/,Iron ore,Төмөр,Хүдэр,Iron ore Fe 52%,Fe-52% Төмрийн хүдэр,Форвард,5,59.0,64.5,USD,тонн,425700.0,9.32,2.0,6600.0,reported,H2O-0.5-1.0% | Al2O3-1%-3% | S-0.02%-0.05% | SiO2-5%-10% | Fe-<52% | TiO2-0.01%-0.08% | P-0.01%-0.03%
2025-07-04,C05-2025070405,ETT-2522-OX,Эрдэнэс Тавантолгой ХК,Erdenes Tavan Tolgoi,Эрдэнэс Тавантолгой ХК,Coal,Нүүрс,Боловсруулаагүй,"Thermal coal (bituminous, non-caking)","Эрчим хүчний нүүрс /Битумт, үл барьцалдах нүүрс/",Форвард,1,32.9,32.9,USD,тонн,8422400.0,0.0,40.0,256000.0,reported,Ash (db): 25.0 (-5.0 | +3.0) | Total moisture (ar): 5.0 (-1.0 | +3.0) | Volatile (daf): 34.0 max | Total sulphur (db): 1.0 (-0.3 | +0.5) | Calorific value (ar): 5500 (-500 | +500) | G Index ≤5
2025-07-04,C05-2025070402,ETT-25-20-OX,Эрдэнэс Тавантолгой ХК,Erdenes Tavan Tolgoi,Эрдэнэс Тавантолгой ХК,Coal,Нүүрс,Боловсруулаагүй,"Thermal coal (bituminous, non-caking)","Эрчим хүчний нүүрс /Битумт, үл барьцалдах нүүрс/",Форвард,2,32.9,33.2,USD,тонн,2124800.0,0.91,10.0,64000.0,reported,Volatile (daf): 37.0 max | Calorific value (ar): ≥5500 | G Index ≤5
2025-07-04,C03-2025070403,TTOA-2025-028,Тавантолгой ХК,Tavan Tolgoi JSC,Тавантолгой ХК,Coal,Нүүрс,Боловсруулаагүй,Medium-volatile coking coal,"Дэгдэмхий бодис дунд, коксжих нүүрс",Форвард,2,78.0,78.0,USD,тонн,7987200.0,0.0,16.0,102400.0,reported,"Ash (db): 15,09 (-4.0 | +4.0) | Volatile (daf): 26.00 (-2.0 | +2.0) | Total sulphur (db): 0.98 (-0.3 | +0.2) | G-index (5:1): 72 (-7.0 | +10.0) | Total moisture (ar): 1,93 (-0.5 | +2.5) | Y- index ≤25mm"
2025-07-03,FE03-2025070301,ECM-52,Монголросцветмет ТӨҮГ,Mongolrostsvetmet (ex-Erdenes Critical Minerals),Монголросцветмет ТӨҮГ /Эрдэнэс критикал минералс ТӨҮГ/,Iron ore,Төмөр,Хүдэр,Iron ore Fe 52%,Fe-52% Төмрийн хүдэр,Форвард,7,59.0,63.0,USD,тонн,415800.0,6.78,2.0,6600.0,reported,H2O-0.5-1.0% | Al2O3-1%-3% | S-0.02%-0.05% | SiO2-5%-10% | Fe-<52% | TiO2-0.01%-0.08% | P-0.01%-0.03%
2025-07-03,C03-2025070304,TTOA-2025-026,Тавантолгой ХК,Tavan Tolgoi JSC,Тавантолгой ХК,Coal,Нүүрс,Боловсруулаагүй,Medium-volatile coking coal,"Дэгдэмхий бодис дунд, коксжих нүүрс",Форвард,1,78.0,78.0,USD,тонн,7987200.0,0.0,16.0,102400.0,reported,"Ash (db): 15,09 (-4.0 | +4.0) | Volatile (daf): 26.00 (-2.0 | +2.0) | Total sulphur (db): 0.98 (-0.3 | +0.2) | G-index (5:1): 72 (-7.0 | +10.0) | Total moisture (ar): 1,93 (-0.5 | +2.5) | Y- index ≤25mm"
2025-07-03,C03-2025070302,ETT-2502-CO,Эрдэнэс Тавантолгой ХК,Erdenes Tavan Tolgoi,Эрдэнэс Тавантолгой ХК,Coal,Нүүрс,Боловсруулаагүй,Medium-volatile coking coal,"Дэгдэмхий бодис дунд, коксжих нүүрс",Форвард,6,80.0,87.0,USD,тонн,2784000.0,8.75,5.0,32000.0,reported,Ash (db): 13.5 (-2.0 | +2.0) | Total moisture (ar): 3.0 (-1.5 | +1.5) | Volatile (daf): 27.0 (-1.0 | +1.0) | Total sulphur (db): 0.9 (-0.3 | +0.5) | G-Index (5:1): 75 (-5.0 | +5.0)
2025-07-02,FE01-2025070201,ECM-51,Монголросцветмет ТӨҮГ,Mongolrostsvetmet (ex-Erdenes Critical Minerals),Монголросцветмет ТӨҮГ /Эрдэнэс критикал минералс ТӨҮГ/,Iron ore,Төмөр,Баяжмал,Iron concentrate Fe 65%,Fe-65% Төмрийн баяжмал,Форвард,3,78.0,82.5,USD,тонн,1633500.0,5.77,6.0,19800.0,reported,H20 7-10% | AL2O3 0.4-1.0% | S 0.02-0.08% | SIO2 3-8% | FE <65% | TIO2 0.01-0.08% | P 0.01-0.03%
2025-07-02,C03-2025070203,TTOA-2025-024,Тавантолгой ХК,Tavan Tolgoi JSC,Тавантолгой ХК,Coal,Нүүрс,Боловсруулаагүй,Medium-volatile coking coal,"Дэгдэмхий бодис дунд, коксжих нүүрс",Форвард,2,78.0,78.0,USD,тонн,7987200.0,0.0,16.0,102400.0,reported,"Ash (db): 15,09 (-4.0 | +4.0) | Volatile (daf): 26.00 (-2.0 | +2.0) | Total sulphur (db): 0.98 (-0.3 | +0.2) | G-index (5:1): 72 (-7.0 | +10.0) | Total moisture (ar): 1,93 (-0.5 | +2.5) | Y- index ≤25mm"
2025-07-01,FE03-2025070101,ECM-50,Монголросцветмет ТӨҮГ,Mongolrostsvetmet (ex-Erdenes Critical Minerals),Монголросцветмет ТӨҮГ /Эрдэнэс критикал минералс ТӨҮГ/,Iron ore,Төмөр,Хүдэр,Iron ore Fe 52%,Fe-52% Төмрийн хүдэр,Форвард,6,59.0,63.0,USD,тонн,415800.0,6.78,2.0,6600.0,reported,H2O-0.5-1.0% | Al2O3-1%-3% | S-0.02%-0.05% | SiO2-5%-10% | Fe-<52% | TiO2-0.01%-0.08% | P-0.01%-0.03%
2025-06-27,FE03-2025062701,ECM-47,Монголросцветмет ТӨҮГ,Mongolrostsvetmet (ex-Erdenes Critical Minerals),Монголросцветмет ТӨҮГ /Эрдэнэс критикал минералс ТӨҮГ/,Iron ore,Төмөр,Хүдэр,Iron ore Fe 52%,Fe-52% Төмрийн хүдэр,Форвард,6,59.0,62.0,USD,тонн,409200.0,5.08,2.0,6600.0,reported,H2O-0.5-1.0% | Al2O3-1%-3% | S-0.02%-0.05% | SiO2-5%-10% | Fe-<52% | TiO2-0.01%-0.08% | P-0.01%-0.03%
2025-06-27,C10-2025062703,ETT-2504-WTC,Эрдэнэс Тавантолгой ХК,Erdenes Tavan Tolgoi,Эрдэнэс Тавантолгой ХК,Coal,Нүүрс,Баяжуулсан,Washed non-coking-quality coal,Баяжуулсан коксжих чанаргүй нүүрс,Форвард,3,40.4,45.2,USD,тонн,1446400.0,11.88,5.0,32000.0,reported,Ash (db): ≤22.0 | Total moisture (ar): ≤9.0 | Volatile (daf): ˂37.0 | Sulphur (db): ≤1.0 | Calorific value (ar): ≥6000 | G Index ≤20
2025-06-26,FE03-2025062601,ECM-48,Монголросцветмет ТӨҮГ,Mongolrostsvetmet (ex-Erdenes Critical Minerals),Монголросцветмет ТӨҮГ /Эрдэнэс критикал минералс ТӨҮГ/,Iron ore,Төмөр,Хүдэр,Iron ore Fe 52%,Fe-52% Төмрийн хүдэр,Форвард,2,59.0,61.5,USD,тонн,1826550.0,4.24,9.0,29700.0,reported,H2O-0.5-1.0% | Al2O3-1%-3% | S-0.02%-0.05% | SiO2-5%-10% | Fe-<52% | TiO2-0.01%-0.08% | P-0.01%-0.03%
2025-06-26,C10-2025062604,ETT-2503-WTC,Эрдэнэс Тавантолгой ХК,Erdenes Tavan Tolgoi,Эрдэнэс Тавантолгой ХК,Coal,Нүүрс,Баяжуулсан,Washed non-coking-quality coal,Баяжуулсан коксжих чанаргүй нүүрс,Форвард,5,36.9,44.7,USD,тонн,1430400.0,21.14,5.0,32000.0,reported,Ash (db): ≤22.0 | Total moisture (ar): ≤9.0 | Volatile (daf): ˂37.0 | Sulphur (db): ≤1.0 | Calorific value (ar): ≥6000 | G Index ≤20
2025-06-26,C03-2025062603,TTOA-2025-022,Тавантолгой ХК,Tavan Tolgoi JSC,Тавантолгой ХК,Coal,Нүүрс,Боловсруулаагүй,Medium-volatile coking coal,"Дэгдэмхий бодис дунд, коксжих нүүрс",Форвард,1,78.0,78.0,USD,тонн,7987200.0,0.0,16.0,102400.0,reported,"Ash (db): 15,09 (-4.0 | +4.0) | Volatile (daf): 26.00 (-2.0 | +2.0) | Total sulphur (db): 0.98 (-0.3 | +0.2) | G-index (5:1): 72 (-7.0 | +10.0) | Total moisture (ar): 1,93 (-0.5 | +2.5) | Y- index ≤25mm"
2025-06-25,FE03-2025062501,ECM-46,Монголросцветмет ТӨҮГ,Mongolrostsvetmet (ex-Erdenes Critical Minerals),Монголросцветмет ТӨҮГ /Эрдэнэс критикал минералс ТӨҮГ/,Iron ore,Төмөр,Хүдэр,Iron ore Fe 52%,Fe-52% Төмрийн хүдэр,Форвард,4,59.0,61.0,USD,тонн,402600.0,3.39,2.0,6600.0,reported,H2O-0.5-1.0% | Al2O3-1%-3% | S-0.02%-0.05% | SiO2-5%-10% | Fe-<52% | TiO2-0.01%-0.08% | P-0.01%-0.03%
2025-06-25,CU01-2025062501,EMC-7,Эрдэнэт Үйлдвэр ТӨҮГ,Erdenet Mining Corporation,Эрдэнэт Үйлдвэр ТӨҮГ,Copper,Зэс,Баяжмал,Copper concentrate (22.35% Cu),22.35%-ийн зэсийн агуулгатай баяжмал,Форвард,2,2193.74,2223.74,USD,тонн,10073542.0,1.37,5.0,4530.0,reported,Зэс /Cu/ 22.35% | Мөнгө /Ag/ 78 гр/тн | Хүнцэл /As/ <0.3% | Чийглэг /moisture/ 9.4% | Молибден /Мо/ <0.15% | Төмөр /Fe/ <30% | Цайр /Zn/ <0.7% | Хар тугалга /Pb/ <1.4% | Хүхэр /S/ <37% | Алт /Au/ <0.3 гр/тн | Хөнгөн цагаан /Al/ <2.0%
2025-06-24,FE01-2025062401,ECM-45,Монголросцветмет ТӨҮГ,Mongolrostsvetmet (ex-Erdenes Critical Minerals),Монголросцветмет ТӨҮГ /Эрдэнэс критикал минералс ТӨҮГ/,Iron ore,Төмөр,Баяжмал,Iron concentrate Fe 65%,Fe-65% Төмрийн баяжмал,Форвард,3,78.0,80.5,USD,тонн,1593900.0,3.21,6.0,19800.0,reported,H2O 7-10% | AL2O3 0.4-1% | S 0.02-0.08% | SI02 3-8% | FE <65% | TIO2 0.01-.08% | P 0.01-0.03%
2025-06-23,FE03-2025062301,ECM-44,Монголросцветмет ТӨҮГ,Mongolrostsvetmet (ex-Erdenes Critical Minerals),Монголросцветмет ТӨҮГ /Эрдэнэс критикал минералс ТӨҮГ/,Iron ore,Төмөр,Хүдэр,Iron ore Fe 52%,Fe-52% Төмрийн хүдэр,Форвард,4,59.0,60.5,USD,тонн,399300.0,2.54,2.0,6600.0,reported,H2O-0.5-1.0% | Al2O3-1%-3% | S-0.02%-0.05% | SiO2-5%-10% | Fe-<52% | TiO2-0.01%-0.08% | P-0.01%-0.03%
2025-06-23,C05-2025062303,ETT-25-19-OX,Эрдэнэс Тавантолгой ХК,Erdenes Tavan Tolgoi,Эрдэнэс Тавантолгой ХК,Coal,Нүүрс,Боловсруулаагүй,"Thermal coal (bituminous, non-caking)","Эрчим хүчний нүүрс /Битумт, үл барьцалдах нүүрс/",Форвард,1,35.1,35.1,USD,тонн,2246400.0,0.0,10.0,64000.0,reported,Ash (db): 21.5 (-5.0 | +5.0) | Total moisture (ar): 6.0 (-3.0 | +3.0) | Volatile (daf): 34.0 max | Total sulphur (db): 1.5 max | Calorific value (ar): 5500 (-500 | +700) | G-Index: <5.0
2025-06-20,CAF201-2025062001,ECM-49,Монголросцветмет ТӨҮГ,Mongolrostsvetmet (ex-Erdenes Critical Minerals),Монголросцветмет ТӨҮГ /Эрдэнэс критикал минералс ТӨҮГ/,Fluorspar,Жонш,Баяжмал,Fluorspar concentrate CaF2 95%,CaF2-95% Хайлуур жоншны баяжмал,Форвард,2,300.0,300.0,USD,тонн,994500.0,0.0,51.0,3315.0,reported,CaF2~95% | CaCO3 2.0% | Si02 1.4% | S 0.02%-0.05% | P <0.5 | H2O 8-10%
2025-06-19,FE03-2025061901,ECM-43,Монголросцветмет ТӨҮГ,Mongolrostsvetmet (ex-Erdenes Critical Minerals),Монголросцветмет ТӨҮГ /Эрдэнэс критикал минералс ТӨҮГ/,Iron ore,Төмөр,Хүдэр,Iron ore Fe 52%,Fe-52% Төмрийн хүдэр,Форвард,4,59.0,60.5,USD,тонн,399300.0,2.54,2.0,6600.0,reported,H2O-0.5-1.0% | Al2O3-1%-3% | S-0.02%-0.05% | SiO2-5%-10% | Fe-<52% | TiO2-0.01%-0.08% | P-0.01%-0.03%
2025-06-17,FE03-2025061701,ECM-42,Монголросцветмет ТӨҮГ,Mongolrostsvetmet (ex-Erdenes Critical Minerals),Монголросцветмет ТӨҮГ /Эрдэнэс критикал минералс ТӨҮГ/,Iron ore,Төмөр,Хүдэр,Iron ore Fe 52%,Fe-52% Төмрийн хүдэр,Форвард,4,59.0,60.5,USD,тонн,399300.0,2.54,2.0,6600.0,reported,H2O-0.5-1.0% | Al2O3-1%-3% | S-0.02%-0.05% | SiO2-5%-10% | Fe-<52% | TiO2-0.01%-0.08% | P-0.01%-0.03%
2025-06-13,FE03-2025061301,ECM-40,Монголросцветмет ТӨҮГ,Mongolrostsvetmet (ex-Erdenes Critical Minerals),Монголросцветмет ТӨҮГ /Эрдэнэс критикал минералс ТӨҮГ/,Iron ore,Төмөр,Хүдэр,Iron ore Fe 52%,Fe-52% Төмрийн хүдэр,Форвард,5,59.0,61.5,USD,тонн,405900.0,4.24,2.0,6600.0,reported,H2O-0.5-1.0% | Al2O3-1%-3% | S-0.02%-0.05% | SiO2-5%-10% | Fe-<52% | TiO2-0.01%-0.08% | P-0.01%-0.03%
2025-06-12,FE02-2025061201,ECM-38,Монголросцветмет ТӨҮГ,Mongolrostsvetmet (ex-Erdenes Critical Minerals),Монголросцветмет ТӨҮГ /Эрдэнэс критикал минералс ТӨҮГ/,Iron ore,Төмөр,Хүдэр,Iron ore Fe 52%,Fe-52% Төмрийн хүдэр,Форвард,5,59.0,61.5,USD,тонн,405900.0,4.24,2.0,6600.0,reported,H2O-0.5-1.0% | Al2O3-1%-3% | S-0.02%-0.05% | SiO2-5%-10% | Fe-<52% | TiO2-0.01%-0.08% | P-0.01%-0.03%
2025-06-09,FE03-2025060901,ECM-36,Монголросцветмет ТӨҮГ,Mongolrostsvetmet (ex-Erdenes Critical Minerals),Монголросцветмет ТӨҮГ /Эрдэнэс критикал минералс ТӨҮГ/,Iron ore,Төмөр,Хүдэр,Iron ore Fe 52%,Fe-52% Төмрийн хүдэр,Форвард,2,59.0,60.0,USD,тонн,396000.0,1.69,2.0,6600.0,reported,H2O-0.5-1.0% | Al2O3-1%-3% | S-0.02%-0.05% | SiO2-5%-10% | Fe-<52% | TiO2-0.01%-0.08% | P-0.01%-0.03%
2025-06-06,CaF01-2025060601,ECM-41,Монголросцветмет ТӨҮГ,Mongolrostsvetmet (ex-Erdenes Critical Minerals),Монголросцветмет ТӨҮГ /Эрдэнэс критикал минералс ТӨҮГ/,Fluorspar,Жонш,Хайлуур жонш,Fluorspar concentrate CaF2 95%,CaF2-95% Хайлуур жоншны баяжмал,Форвард,1,300.0,300.0,USD,тонн,994500.0,0.0,51.0,3315.0,reported,CaF2~95% | CaCO3 2.0% | Si02 1.4% | S 0.02%-0.05% | P <0.5 | H2O 8-10%
2025-06-06,C05-2025060604,ETT-25-18-OX,Эрдэнэс Тавантолгой ХК,Erdenes Tavan Tolgoi,Эрдэнэс Тавантолгой ХК,Coal,Нүүрс,Боловсруулаагүй,"Thermal coal (bituminous, non-caking)","Эрчим хүчний нүүрс /Битумт, үл барьцалдах нүүрс/",Форвард,2,34.7,35.0,USD,тонн,448000.0,0.86,2.0,12800.0,reported,Ash (db) 21.5 (-5.0 | +5.0) | Total moisture (ar) 6.0 (-3.0 | +3.0) | Volatile (daf) 34.0 max | Total sulfur (db) 1.5 max | Calorific value (ar) 5500 (-500 | +700) | G-index (5:1) <5
2025-06-06,C05-2025060603,ETT-25-17-OX,Эрдэнэс Тавантолгой ХК,Erdenes Tavan Tolgoi,Эрдэнэс Тавантолгой ХК,Coal,Нүүрс,Боловсруулаагүй,"Thermal coal (bituminous, non-caking)","Эрчим хүчний нүүрс /Битумт, үл барьцалдах нүүрс/",Форвард,2,34.6,34.9,USD,тонн,1116800.0,0.87,5.0,32000.0,reported,sh (db) 21.5 (-5.0 | +5.0) | Total moisture (ar) 6.0 (-3.0 | +3.0) | Volatile (daf) 34.0 max | Total sulfur (db) 1.5 max | Calorific value (ar) 5500 (-500 | +700) | G-index (5:1) <5
2025-06-05,FE03-2025060501,ECM-34,Монголросцветмет ТӨҮГ,Mongolrostsvetmet (ex-Erdenes Critical Minerals),Монголросцветмет ТӨҮГ /Эрдэнэс критикал минералс ТӨҮГ/,Iron ore,Төмөр,Хүдэр,Iron ore Fe 52%,Fe-52% Төмрийн хүдэр,Форвард,3,61.0,62.5,USD,тонн,412500.0,2.46,2.0,6600.0,reported,H2O-0.5-1.0% | Al2O3-1%-3% | S-0.02%-0.05% | SiO2-5%-10% | Fe-<52% | TiO2-0.01%-0.08% | P-0.01%-0.03%
2025-06-04,FE01-2025060401,ECM-33,Монголросцветмет ТӨҮГ,Mongolrostsvetmet (ex-Erdenes Critical Minerals),Монголросцветмет ТӨҮГ /Эрдэнэс критикал минералс ТӨҮГ/,Iron ore,Төмөр,Баяжмал,Iron concentrate Fe 65%,Fe-65% Төмрийн баяжмал,Форвард,2,83.0,84.0,USD,тонн,1663200.0,1.2,6.0,19800.0,reported,H20-7-10% | Al2O3-0.4%-1% | S-0.02%-0.08% | SiO2-3%-8% | FE-<65% | TiO2-0.01%-0.08% | P-0.01%-0.03%
2025-06-03,FE03-2025060301,ECM-32,Монголросцветмет ТӨҮГ,Mongolrostsvetmet (ex-Erdenes Critical Minerals),Монголросцветмет ТӨҮГ /Эрдэнэс критикал минералс ТӨҮГ/,Iron ore,Төмөр,Хүдэр,Iron ore Fe 52%,Fe-52% Төмрийн хүдэр,Форвард,1,61.0,61.0,USD,тонн,402600.0,0.0,2.0,6600.0,reported,H20 0.5-1.0% | A1203 1%-3% | S 0.02%-0.05% | Si02 5%-10% | Fe <52% | Ti02 0.01%-0.08% | P 0.01%-0.03%
2025-05-30,FE03-2025053001,ECM-31,Монголросцветмет ТӨҮГ,Mongolrostsvetmet (ex-Erdenes Critical Minerals),Монголросцветмет ТӨҮГ /Эрдэнэс критикал минералс ТӨҮГ/,Iron ore,Төмөр,Хүдэр,Iron ore Fe 52%,Fe-52% Төмрийн хүдэр,Форвард,2,61.0,62.5,USD,тонн,412500.0,2.46,2.0,6600.0,reported,H20 0.5-1.0% | A1203 1%-3% | S 0.02%-0.05% | ISi02 5%-10% | Fe <52% | Ti02 0.01%-0.08% | P 0.01%-0.03%
2025-05-30,CU01-2025053001,EMC-06,Эрдэнэт Үйлдвэр ТӨҮГ,Erdenet Mining Corporation,Эрдэнэт Үйлдвэр ТӨҮГ,Copper,Зэс,Баяжмал,Copper concentrate (22.35% Cu),22.35%-ийн зэсийн агуулгатай баяжмал,Форвард,3,2138.08,2178.08,USD,тонн,9866702.0,1.87,5.0,4530.0,reported,Copper /Cu/ 22.35% | Silver /Ag/ 78 гр/тн | Arsenic /As/ <0.3% | Moisture 9.4% | Molybdenum /Мо/ <0.15% | Iron /Fe/ <30% | Zinc /Zn/ <0.7% | Lead /Pb/ <1.4% | Sulfur /S/ <37% | Gold /Au/ <0.3 гр/тн | Aluminum /Al/ <2.0%
2025-05-28,FE03-2025052801,ECM-30,Монголросцветмет ТӨҮГ,Mongolrostsvetmet (ex-Erdenes Critical Minerals),Монголросцветмет ТӨҮГ /Эрдэнэс критикал минералс ТӨҮГ/,Iron ore,Төмөр,Хүдэр,Iron ore Fe 52%,Fe-52% Төмрийн хүдэр,Форвард,3,61.0,63.0,USD,тонн,415800.0,3.28,2.0,6600.0,reported,H20 0.5-1.0% | A1203 1%-3% | S 0.02%-0.05% | Si02 5%-10% | Fe <52% | Ti02 0.01%-0.08% | P 0.01%-0.03%
2025-05-26,FE03-2025052601,ECM-29,Монголросцветмет ТӨҮГ,Mongolrostsvetmet (ex-Erdenes Critical Minerals),Монголросцветмет ТӨҮГ /Эрдэнэс критикал минералс ТӨҮГ/,Iron ore,Төмөр,Хүдэр,Iron ore Fe 52%,Fe-52% Төмрийн хүдэр,Форвард,2,61.0,62.5,USD,тонн,412500.0,2.46,2.0,6600.0,reported,H20 0.5-1.0% | A1203 1%-3% | S 0.02%-0.05% | Si02 5%-10% | Fe <52% | Ti02 0.01%-0.08% | P 0.01%-0.03%
2025-05-23,FE03-2025052301,ECM-27,Монголросцветмет ТӨҮГ,Mongolrostsvetmet (ex-Erdenes Critical Minerals),Монголросцветмет ТӨҮГ /Эрдэнэс критикал минералс ТӨҮГ/,Iron ore,Төмөр,Хүдэр,Iron ore Fe 52%,Fe-52% Төмрийн хүдэр,Форвард,5,59.0,65.0,USD,тонн,429000.0,10.17,2.0,6600.0,reported,H20 0.5-1.0% | A1203 1%-3% | S 0.02%-0.05% | Si02 5%-10% | Fe <52% | Ti02 0.01%-0.08% | P 0.01%-0.03%
2025-05-23,C02-2025052302,KH-25062,Хангад Эксплорэйшн ХХК,Khangad Exploration,Хангад Эксплорэйшн ХХК,Coal,Нүүрс,Баяжуулсан,Washed semi-soft coking coal,Баяжуулсан сул коксжих нүүрс,Форвард,4,600.0,605.0,CNY,тонн,7744000.0,0.83,2.0,12800.0,reported,"Ash (dry,%) ≤ 9.5% | Volatile matter | (dry, ash free basis,%) > 28.0% | Sulfur (dry, %) ≤ 0.85% | Total moisture | (as recieved,%) ≤ 10.0% | G index ≥65"
2025-05-22,FE03-2025052201,ECM-26,Монголросцветмет ТӨҮГ,Mongolrostsvetmet (ex-Erdenes Critical Minerals),Монголросцветмет ТӨҮГ /Эрдэнэс критикал минералс ТӨҮГ/,Iron ore,Төмөр,Хүдэр,Iron ore Fe 52%,Fe-52% Төмрийн хүдэр,Форвард,6,59.0,64.0,USD,тонн,422400.0,8.47,2.0,6600.0,reported,H20 0.5-1.0% | A1203 1%-3% | S 0.02%-0.05% | Si02 5%-10% | Fe <52% | Ti02 0.01%-0.08% | P 0.01%-0.03%
2025-05-20,FE03-2025052001,ECM-24,Монголросцветмет ТӨҮГ,Mongolrostsvetmet (ex-Erdenes Critical Minerals),Монголросцветмет ТӨҮГ /Эрдэнэс критикал минералс ТӨҮГ/,Iron ore,Төмөр,Хүдэр,Iron ore Fe 52%,Fe-52% Төмрийн хүдэр,Форвард,6,59.0,64.0,USD,тонн,422400.0,8.47,2.0,6600.0,reported,H20 0.5-1.0% | A1203 1%-3% | S 0.02%-0.05% | Si02 5%-10% | Fe <52% | Ti02 0.01%-0.08% | P 0.01%-0.03%
2025-05-19,FE03-2025051901,ECM-28,Монголросцветмет ТӨҮГ,Mongolrostsvetmet (ex-Erdenes Critical Minerals),Монголросцветмет ТӨҮГ /Эрдэнэс критикал минералс ТӨҮГ/,Iron ore,Төмөр,Хүдэр,Iron ore Fe 52%,Fe-52% Төмрийн хүдэр,Форвард,6,59.0,64.0,USD,тонн,422400.0,8.47,2.0,6600.0,reported,H20 0.5-1.0% | A1203 1%-3% | S 0.02%-0.05% | Si02 5%-10% | Fe <52% | Ti02 0.01%-0.08% | P 0.01%-0.03%
2025-05-16,FE3-2025051601,ECM-22,Монголросцветмет ТӨҮГ,Mongolrostsvetmet (ex-Erdenes Critical Minerals),Монголросцветмет ТӨҮГ /Эрдэнэс критикал минералс ТӨҮГ/,Iron ore,Төмөр,Хүдэр,Iron ore Fe 52%,Fe-52% Төмрийн хүдэр,Форвард,4,59.0,62.5,USD,тонн,412500.0,5.93,2.0,6600.0,reported,H20 0.5-1.0% | A1203 1%-3% | S 0.02%-0.05% | Si02 5%-10% | Fe <52% | Ti02 0.01%-0.08% | P 0.01%-0.03%
2025-05-16,C02-2025051602,KH-25060,Хангад Эксплорэйшн ХХК,Khangad Exploration,Хангад Эксплорэйшн ХХК,Coal,Нүүрс,Баяжуулсан,Washed semi-soft coking coal,Баяжуулсан сул коксжих нүүрс,Форвард,5,600.0,670.0,CNY,тонн,8576000.0,11.67,2.0,12800.0,reported,"Ash (dry,%) ≤ 9.5% | Volatile matter | (dry, ash free basis,%) > 28.0% | Sulfur (dry, %) ≤ 0.85% | Total moisture | (as recieved,%) ≤ 10.0% | G index ≥65"
2025-05-14,FE03-2025051401,ECM-21,Монголросцветмет ТӨҮГ,Mongolrostsvetmet (ex-Erdenes Critical Minerals),Монголросцветмет ТӨҮГ /Эрдэнэс критикал минералс ТӨҮГ/,Iron ore,Төмөр,Хүдэр,Iron ore Fe 52%,Fe-52% Төмрийн хүдэр,Форвард,3,59.0,61.0,USD,тонн,402600.0,3.39,2.0,6600.0,reported,H20 0.5-1.0% | A1203 1%-3% | S 0.02%-0.05% | Si02 5%-10% | Fe <52% | Ti02 0.01%-0.08% | P 0.01%-0.03%
2025-05-14,CU01-2025051401,EMC-05,Эрдэнэт Үйлдвэр ТӨҮГ,Erdenet Mining Corporation,Эрдэнэт Үйлдвэр ТӨҮГ,Copper,Зэс,Баяжмал,Copper concentrate (22.35% Cu),22.35%-ийн зэсийн агуулгатай баяжмал,Форвард,2,2087.41,2172.41,USD,тонн,9841017.0,4.07,5.0,4530.0,reported,Copper /Cu/ 22.35% | Silver /Ag/ 78 гр/тн | Arsenic /As/ <0.3% | Moisture 9.4% | Molybdenum /Мо/ <0.15% | Iron /Fe/ <30% | Zinc /Zn/ <0.7% | Lead /Pb/ <1.4% | Sulfur /S/ <37% | Gold /Au/ <0.3 гр/тн | Aluminum /Al/ <2.0%
2025-05-12,FE03-2025051201,ECM-20,Монголросцветмет ТӨҮГ,Mongolrostsvetmet (ex-Erdenes Critical Minerals),Монголросцветмет ТӨҮГ /Эрдэнэс критикал минералс ТӨҮГ/,Iron ore,Төмөр,Хүдэр,Iron ore Fe 52%,Fe-52% Төмрийн хүдэр,Форвард,2,59.0,59.5,USD,тонн,392700.0,0.85,2.0,6600.0,reported,H20 - 0.5-1.0% | A1203 - 1%-3% | S - 0.02%-0.05% | Si02 - 5%-10% | Fe - <52% | Ti02 - 0.01%-0.08% | P - 0.01%-0.03%
2025-05-09,C02-2025050902,KH-25058,Хангад Эксплорэйшн ХХК,Khangad Exploration,Хангад Эксплорэйшн ХХК,Coal,Нүүрс,Баяжуулсан,Washed semi-soft coking coal,Баяжуулсан сул коксжих нүүрс,Форвард,7,600.0,660.0,CNY,тонн,8448000.0,10.0,2.0,12800.0,reported,"Ash (dry,%) ≤ 9.5% | Volatile matter | (dry, ash free basis,%) > 28.0% | Sulfur (dry, %) ≤ 0.85% | Total moisture | (as recieved,%) ≤ 10.0% | G index ≥65"
2025-05-08,FE03-2025050801,ECM-19,Монголросцветмет ТӨҮГ,Mongolrostsvetmet (ex-Erdenes Critical Minerals),Монголросцветмет ТӨҮГ /Эрдэнэс критикал минералс ТӨҮГ/,Iron ore,Төмөр,Хүдэр,Iron ore Fe 52%,Fe-52% Төмрийн хүдэр,Форвард,3,59.0,61.5,USD,тонн,405900.0,4.24,2.0,6600.0,reported,H20 - 0.5-1.0% | A1203 - 1%-3% | S - 0.02%-0.05% | Si02 - 5%-10% | Fe - <52% | Ti02 - 0.01%-0.08% | P - 0.01%-0.03%
2025-05-07,FE01-2025050701,ECM-18,Монголросцветмет ТӨҮГ,Mongolrostsvetmet (ex-Erdenes Critical Minerals),Монголросцветмет ТӨҮГ /Эрдэнэс критикал минералс ТӨҮГ/,Iron ore,Төмөр,Баяжмал,Iron concentrate Fe 65%,Fe-65% Төмрийн баяжмал,Форвард,1,79.0,79.0,USD,тонн,1564200.0,0.0,6.0,19800.0,reported,H2O - 7-10% | A1203 - 0.4%-1% | S - 0.02%-0.08% | Si02 - 3%-8% | Fe - <65% | Ti02 - 0.01%-0.08% | P - 0.01%-0.03%
2025-05-02,C02-2025050202,KH-25056,Хангад Эксплорэйшн ХХК,Khangad Exploration,Хангад Эксплорэйшн ХХК,Coal,Нүүрс,Баяжуулсан,Washed semi-soft coking coal,Баяжуулсан сул коксжих нүүрс,Форвард,5,600.0,645.0,CNY,тонн,8256000.0,7.5,2.0,12800.0,reported,"Үнслэг (хуурай,%) ≤ 9.5% | Дэгдэмхий бодис | (үнсгүй хуурай,%) > 28.0% | Хүхэр (хуурай, %) ≤ 0.85% | Нийт чийглэг | (хүлээн авах үеийн | төлөв,%) | ≤ 10.0% | G индекс ≥65"
2025-04-30,FE03-2025043001,EMC-15,Монголросцветмет ТӨҮГ,Mongolrostsvetmet (ex-Erdenes Critical Minerals),Монголросцветмет ТӨҮГ /Эрдэнэс критикал минералс ТӨҮГ/,Iron ore,Төмөр,Хүдэр,Iron ore Fe 52%,Fe-52% Төмрийн хүдэр,Форвард,1,61.0,61.0,USD,тонн,402600.0,0.0,2.0,6600.0,reported,H20-0.5-1.0% | A1203-1% 3% | S-0.02%-0.05% | Si02-5%-10% | Fe-<52% | Ti02-0.01%-0.08% | P-0.01%-0.03%
2025-04-29,FE02-2025042901,DMP-2550,Дарханы Төмөрлөгийн Үйлдвэр ХХК,Дарханы Төмөрлөгийн Үйлдвэр ХХК,Дарханы Төмөрлөгийн Үйлдвэр ХХК,Iron ore,Төмөр,Баяжмал,Fe-58% Төмрийн баяжмал,Fe-58% Төмрийн баяжмал,Форвард,4,55.0,64.5,USD,тонн,3831300.0,17.27,18.0,59400.0,reported,Fe-58% (Дундаж) | S-3.5% (Дундаж) | AI2O3-1.0% (Дундаж) | SiO2-6.0% (Дундаж) | TiO2-0.1%(Дундаж) | P-0.02% (Дундаж) |  Ширхэглэл- 0-10мм /нунтаг/ 10-40мм /бүхэл/
2025-04-28,FE03-2025042803,EMC-13,Монголросцветмет ТӨҮГ,Mongolrostsvetmet (ex-Erdenes Critical Minerals),Монголросцветмет ТӨҮГ /Эрдэнэс критикал минералс ТӨҮГ/,Iron ore,Төмөр,Хүдэр,Iron ore Fe 52%,Fe-52% Төмрийн хүдэр,Форвард,2,61.0,61.5,USD,тонн,405900.0,0.82,2.0,6600.0,reported,H20-0.5-1.0% | A1203-1% 3% | S-0.02%-0.05% | Si02-5%-10% | Fe-<52% | Ti02-0.01%-0.08% | P-0.01%-0.03%
2025-04-28,FE03-2025042801,EMC-12,Монголросцветмет ТӨҮГ,Mongolrostsvetmet (ex-Erdenes Critical Minerals),Монголросцветмет ТӨҮГ /Эрдэнэс критикал минералс ТӨҮГ/,Iron ore,Төмөр,Хүдэр,Iron ore Fe 52%,Fe-52% Төмрийн хүдэр,Форвард,2,61.0,61.0,USD,тонн,1409100.0,0.0,7.0,23100.0,reported,H20-0.5-1.0% | A1203-1% 3% | S-0.02%-0.05% | Si02-5%-10% | Fe-<52% | Ti02-0.01%-0.08% | P-0.01%-0.03%
2025-04-28,FE02-2025042802,DMP-2549,Дарханы Төмөрлөгийн Үйлдвэр ХХК,Дарханы Төмөрлөгийн Үйлдвэр ХХК,Дарханы Төмөрлөгийн Үйлдвэр ХХК,Iron ore,Төмөр,Баяжмал,Fe-58% Төмрийн баяжмал,Fe-58% Төмрийн баяжмал,Форвард,4,55.0,59.5,USD,тонн,3534300.0,8.18,18.0,59400.0,reported,Fe-58% (Дундаж) | S-3.5% (Дундаж) | AI2O3-1.0% (Дундаж) | SiO2-6.0% (Дундаж) | TiO2-0.1%(Дундаж) | P-0.02% (Дундаж) |  Ширхэглэл- 0-10мм /нунтаг/ 10-40мм /бүхэл/
2025-04-25,FE03-2025042501,EMC-11,Монголросцветмет ТӨҮГ,Mongolrostsvetmet (ex-Erdenes Critical Minerals),Монголросцветмет ТӨҮГ /Эрдэнэс критикал минералс ТӨҮГ/,Iron ore,Төмөр,Хүдэр,Iron ore Fe 52%,Fe-52% Төмрийн хүдэр,Форвард,2,60.0,61.5,USD,тонн,1420650.0,2.5,7.0,23100.0,reported,H20-0.5-1.0% | A1203-1% 3% | S-0.02%-0.05% | Si02-5%-10% | Fe-<52% | Ti02-0.01%-0.08% | P-0.01%-0.03%
2025-04-25,FE02-2025042502,DMP-2548,Дарханы Төмөрлөгийн Үйлдвэр ХХК,Дарханы Төмөрлөгийн Үйлдвэр ХХК,Дарханы Төмөрлөгийн Үйлдвэр ХХК,Iron ore,Төмөр,Баяжмал,Fe-58% Төмрийн баяжмал,Fe-58% Төмрийн баяжмал,Форвард,3,59.0,63.5,USD,тонн,3771900.0,7.63,18.0,59400.0,reported,Fe-58% (Дундаж) | S-2.5% (Дундаж) | AI2O3-2.0% (Дундаж) | SiO2-5.0% (Дундаж) | TiO2-0.1%(Дундаж) | P-0.01% (Дундаж) |  Ширхэглэл- 0-10мм /нунтаг/ 10-40мм /бүхэл/
2025-04-25,C04-2025042505,ETT-2530-1-3-CO,Эрдэнэс Тавантолгой ХК,Erdenes Tavan Tolgoi,Эрдэнэс Тавантолгой ХК,Coal,Нүүрс,Боловсруулаагүй,1/3 coking coal,1/3 коксжих нүүрс,Форвард,2,67.4,67.4,USD,тонн,34508800.0,0.0,80.0,512000.0,reported,Ash (db): 20.0 (-5.0 | +5.0) | Total moisture (ar): 4.5 (-1.5 | +1.5) | Volatile (daf): 32.5 (-1.5 | +1.5) | Total sulphur (db): 1.1 (-0.5 | +0.5) | G-Index (5:1): 70 (-5.0 | +10.0)
2025-04-25,C02-2025042502,KH-25054,Хангад Эксплорэйшн ХХК,Khangad Exploration,Хангад Эксплорэйшн ХХК,Coal,Нүүрс,Баяжуулсан,Washed semi-soft coking coal,Баяжуулсан сул коксжих нүүрс,Форвард,2,600.0,630.0,CNY,тонн,8064000.0,5.0,2.0,12800.0,reported,"Үнслэг (хуурай,%) ≤ 9.5% | Дэгдэмхий бодис | (үнсгүй хуурай,%) > 28.0% | Хүхэр (хуурай, %) ≤ 0.85% | Нийт чийглэг | (хүлээн авах үеийн | төлөв,%) | ≤ 10.0% | G индекс ≥65"
2025-04-24,FE03-2025042401,ECM-10,Монголросцветмет ТӨҮГ,Mongolrostsvetmet (ex-Erdenes Critical Minerals),Монголросцветмет ТӨҮГ /Эрдэнэс критикал минералс ТӨҮГ/,Iron ore,Төмөр,Хүдэр,Iron ore Fe 52%,Fe-52% Төмрийн хүдэр,Форвард,4,60.0,61.5,USD,тонн,405900.0,2.5,2.0,6600.0,reported,H20-0.5-1.0% | A1203-1% 3% | S-0.02%-0.05% | Si02-5%-10% | Fe-<52% | Ti02-0.01%-0.08% | P-0.01%-0.03%
2025-04-24,FE02-2025042402,DMP-2547,Дарханы Төмөрлөгийн Үйлдвэр ХХК,Дарханы Төмөрлөгийн Үйлдвэр ХХК,Дарханы Төмөрлөгийн Үйлдвэр ХХК,Iron ore,Төмөр,Баяжмал,Fe-58% Төмрийн баяжмал,Fe-58% Төмрийн баяжмал,Форвард,3,59.0,63.0,USD,тонн,3742200.0,6.78,18.0,59400.0,reported,Fe-58% (Дундаж) | S-2.5% (Дундаж) | AI2O3-2.0% (Дундаж) | SiO2-5.0% (Дундаж) | TiO2-0.1%(Дундаж) | P-0.01% (Дундаж) |  Ширхэглэл- 0-10мм /нунтаг/ 10-40мм /бүхэл/
2025-04-23,FE03-2025042301,ECM-09,Монголросцветмет ТӨҮГ,Mongolrostsvetmet (ex-Erdenes Critical Minerals),Монголросцветмет ТӨҮГ /Эрдэнэс критикал минералс ТӨҮГ/,Iron ore,Төмөр,Хүдэр,Iron ore Fe 52%,Fe-52% Төмрийн хүдэр,Форвард,1,60.0,60.0,USD,тонн,1188000.0,0.0,6.0,19800.0,reported,H20-0.5-1.0% | A1203-1% 3% | S-0.02%-0.05% | Si02-5%-10% | Fe-<52% | Ti02-0.01%-0.08% | P-0.01%-0.03%
2025-04-23,FE02-2025042302,DMP-2546,Дарханы Төмөрлөгийн Үйлдвэр ХХК,Дарханы Төмөрлөгийн Үйлдвэр ХХК,Дарханы Төмөрлөгийн Үйлдвэр ХХК,Iron ore,Төмөр,Баяжмал,Fe-58% Төмрийн баяжмал,Fe-58% Төмрийн баяжмал,Форвард,5,55.0,60.5,USD,тонн,3593700.0,10.0,18.0,59400.0,reported,Fe-58% (Дундаж) | S-3.5% (Дундаж) | AI2O3-1.0% (Дундаж) | SiO2-6.0% (Дундаж) | TiO2-0.1%(Дундаж) | P-0.02% (Дундаж) |  Ширхэглэл- 0-10мм /нунтаг/ 10-40мм /бүхэл/
2025-04-22,FE03-2025042201,ECM-08,Монголросцветмет ТӨҮГ,Mongolrostsvetmet (ex-Erdenes Critical Minerals),Монголросцветмет ТӨҮГ /Эрдэнэс критикал минералс ТӨҮГ/,Iron ore,Төмөр,Хүдэр,Iron ore Fe 52%,Fe-52% Төмрийн хүдэр,Форвард,1,60.0,60.0,USD,тонн,396000.0,0.0,2.0,6600.0,reported,H20-0.5-1.0% | A1203-1% 3% | S-0.02%-0.05% | Si02-5%-10% | Fe-<52% | Ti02-0.01%-0.08% | P-0.01%-0.03%
2025-04-22,FE02-2025042202,DMP-2545,Дарханы Төмөрлөгийн Үйлдвэр ХХК,Дарханы Төмөрлөгийн Үйлдвэр ХХК,Дарханы Төмөрлөгийн Үйлдвэр ХХК,Iron ore,Төмөр,Баяжмал,Fe-58% Төмрийн баяжмал,Fe-58% Төмрийн баяжмал,Форвард,6,55.0,59.5,USD,тонн,3534300.0,8.18,18.0,59400.0,reported,Fe-58% (Дундаж) | S-3.5% (Дундаж) | AI2O3-1.0% (Дундаж) | SiO2-6.0% (Дундаж) | TiO2-0.1%(Дундаж) | P-0.02% (Дундаж) |  Ширхэглэл- 0-10мм /нунтаг/ 10-40мм /бүхэл/
2025-04-22,C01-2025042201,ER-25090,Энержи Ресурс ХХК,Energy Resources,Энержи Ресурс ХХК,Coal,Нүүрс,Баяжуулсан,Washed coking coal,Баяжуулсан коксжих нүүрс,Форвард,1,800.0,800.0,CNY,тонн,10240000.0,0.0,2.0,12800.0,reported,"Үнслэг (хуурай,%) ≤ 11.0% | Дэгдэмхий бодис | (үнсгүй хуурай,%) >20.0%-28.0% | Хүхэр (хуурай, %) ≤ 0.85% | Нийт чийглэг | (хүлээн авах | үеийн төлөв,%) | ≤ 10.0% | G индекс ≥ 75"
2025-04-21,FE02-2025042101,DMP-2544,Дарханы Төмөрлөгийн Үйлдвэр ХХК,Дарханы Төмөрлөгийн Үйлдвэр ХХК,Дарханы Төмөрлөгийн Үйлдвэр ХХК,Iron ore,Төмөр,Баяжмал,Fe-58% Төмрийн баяжмал,Fe-58% Төмрийн баяжмал,Форвард,6,55.0,61.0,USD,тонн,3623400.0,10.91,18.0,59400.0,reported,Fe-58% (Дундаж) | S-3.5% (Дундаж) | AI2O3-1.0% (Дундаж) | SiO2-6.0% (Дундаж) | TiO2-0.1%(Дундаж) | P-0.02% (Дундаж) |  Ширхэглэл- 0-10мм /нунтаг/ 10-40мм /бүхэл/
2025-04-21,C08-2025042102,ANDIIN ILCH 03,Андын Илч ХХК,Андын Илч ХХК,Андын Илч ХХК,Coal,Нүүрс,Боловсруулаагүй,Чийг багатай хүрэн нүүрс,Чийг багатай хүрэн нүүрс,Форвард,1,140.0,140.0,CNY,тонн,5376000.0,0.0,6.0,38400.0,reported,"Хүхэр 2,04% |  Илчлэг 4342%< |  Чийг 21.9% |  Үнслэг 12,6% |  Дэгдэмхий 47,6%"
2025-04-18,FE02-2025041802,DMP-2543,Дарханы Төмөрлөгийн Үйлдвэр ХХК,Дарханы Төмөрлөгийн Үйлдвэр ХХК,Дарханы Төмөрлөгийн Үйлдвэр ХХК,Iron ore,Төмөр,Баяжмал,Fe-58% Төмрийн баяжмал,Fe-58% Төмрийн баяжмал,Форвард,4,55.0,58.0,USD,тонн,3445200.0,5.45,18.0,59400.0,reported,Fe-58% (Дундаж) | S-3.5% (Дундаж) | AI2O3-1.0% (Дундаж) | SiO2-6.0% (Дундаж) | TiO2-0.1%(Дундаж) | P-0.02% (Дундаж) |  Ширхэглэл- 0-10мм /нунтаг/ 10-40мм /бүхэл/
2025-04-18,C04-2025041802,ETT-25-24-1-3-CO,Эрдэнэс Тавантолгой ХК,Erdenes Tavan Tolgoi,Эрдэнэс Тавантолгой ХК,Coal,Нүүрс,Боловсруулаагүй,1/3 coking coal,1/3 коксжих нүүрс,Форвард,1,67.4,67.4,USD,тонн,8627200.0,0.0,20.0,128000.0,reported,Ash (db): 20.0 (-5.0 | +5.0) | Total moisture (ar): 4.5 (-1.5 | +1.5) | Volatile (daf): 32.5 (-1.5 | +1.5) | Total sulphur (db): 1.1 (-0.5 | +0.5) | G-Index (5:1): 70 (-5.0 | +10.0)
2025-04-18,C02-2025041804,KH-25052,Хангад Эксплорэйшн ХХК,Khangad Exploration,Хангад Эксплорэйшн ХХК,Coal,Нүүрс,Баяжуулсан,Washed semi-soft coking coal,Баяжуулсан сул коксжих нүүрс,Форвард,4,600.0,640.0,CNY,тонн,8192000.0,6.67,2.0,12800.0,reported,"Үнслэг (хуурай,%) ≤ 9.5% | Дэгдэмхий бодис | (үнсгүй хуурай,%) > 28.0% | Хүхэр (хуурай, %) ≤ 0.85% | Нийт чийглэг | (хүлээн авах үеийн | төлөв,%) | ≤ 10.0% | G индекс ≥65"
2025-04-17,FE02-2025041702,DMP-2542,Дарханы Төмөрлөгийн Үйлдвэр ХХК,Дарханы Төмөрлөгийн Үйлдвэр ХХК,Дарханы Төмөрлөгийн Үйлдвэр ХХК,Iron ore,Төмөр,Баяжмал,Fe-58% Төмрийн баяжмал,Fe-58% Төмрийн баяжмал,Форвард,4,55.0,57.5,USD,тонн,3415500.0,4.55,18.0,59400.0,reported,Fe-58% (Дундаж) | S-3.5% (Дундаж) | AI2O3-1.0% (Дундаж) | SiO2-6.0% (Дундаж) | TiO2-0.1%(Дундаж) | P-0.02% (Дундаж) |  Ширхэглэл- 0-10мм /нунтаг/ 10-40мм /бүхэл/
2025-04-16,FE03-2025041601,ECM-05,Монголросцветмет ТӨҮГ,Mongolrostsvetmet (ex-Erdenes Critical Minerals),Монголросцветмет ТӨҮГ /Эрдэнэс критикал минералс ТӨҮГ/,Iron ore,Төмөр,Хүдэр,Iron ore Fe 52%,Fe-52% Төмрийн хүдэр,Форвард,2,63.0,63.0,USD,тонн,415800.0,0.0,2.0,6600.0,reported,H20-0.5-1.0% | A1203-1% 3% | S-0.02%-0.05% | Si02-5%-10% | Fe-<52% | Ti02-0.01%-0.08% | P-0.01%-0.03%
2025-04-16,C10-2025041601,ER-25084,Энержи Ресурс ХХК,Energy Resources,Энержи Ресурс ХХК,Coal,Нүүрс,Баяжуулсан,Washed non-coking-quality coal,Баяжуулсан коксжих чанаргүй нүүрс,Форвард,1,350.0,350.0,CNY,тонн,8960000.0,0.0,4.0,25600.0,reported,"Үнслэг (хуурай,%) ≤ 23.0% | Дэгдэмхий бодис | (үнсгүй хуурай,%) ≤ 37.0% | Хүхэр (хуурай, %) ≤ 1.0% | Нийт чийглэг | (хүлээн авах | үеийн төлөв,%) | ≤ 9.0% | Илчлэг (ккал/кг) ≈5500"
2025-04-15,C02-2025041502,KH-25050,Хангад Эксплорэйшн ХХК,Khangad Exploration,Хангад Эксплорэйшн ХХК,Coal,Нүүрс,Баяжуулсан,Washed semi-soft coking coal,Баяжуулсан сул коксжих нүүрс,Форвард,1,600.0,600.0,CNY,тонн,7680000.0,0.0,2.0,12800.0,reported,"Үнслэг (хуурай,%) ≤ 9.5% | Дэгдэмхий бодис | (үнсгүй хуурай,%) > 28.0% | Хүхэр (хуурай, %) ≤ 0.85% | Нийт чийглэг | (хүлээн авах үеийн | төлөв,%) | ≤ 10.0% | G индекс ≥65"
2025-04-14,FE03-2025041401,ECM-04,Монголросцветмет ТӨҮГ,Mongolrostsvetmet (ex-Erdenes Critical Minerals),Монголросцветмет ТӨҮГ /Эрдэнэс критикал минералс ТӨҮГ/,Iron ore,Төмөр,Хүдэр,Iron ore Fe 52%,Fe-52% Төмрийн хүдэр,Форвард,1,63.0,63.0,USD,тонн,415800.0,0.0,2.0,6600.0,reported,H20-0.5-1.0% | A1203-1% 3% | S-0.02%-0.05% | Si02-5%-10% | Fe-<52% | Ti02-0.01%-0.08% | P-0.01%-0.03%
2025-04-11,C02-2025041102,KH-25049,Хангад Эксплорэйшн ХХК,Khangad Exploration,Хангад Эксплорэйшн ХХК,Coal,Нүүрс,Баяжуулсан,Washed semi-soft coking coal,Баяжуулсан сул коксжих нүүрс,Форвард,1,600.0,600.0,CNY,тонн,7680000.0,0.0,2.0,12800.0,reported,"Ash (dry,%) ≤ 9.5% | Volatile matter | (dry, ash free basis,%) > 28.0% | Sulfur (dry, %) ≤ 0.85% | Total moisture | (as recieved,%) ≤ 10.0% | G index ≥65"
2025-04-10,C10-2025041002,KH-25048,Хангад Эксплорэйшн ХХК,Khangad Exploration,Хангад Эксплорэйшн ХХК,Coal,Нүүрс,Баяжуулсан,Washed non-coking-quality coal,Баяжуулсан коксжих чанаргүй нүүрс,Форвард,2,350.0,350.0,CNY,тонн,8960000.0,0.0,4.0,25600.0,reported,"Ash (dry,%) ≤ 23.0% | Volatile matter | (dry, ash free basis,%) ≤ 37.0% | Sulfur (dry, %) ≤ 1.0% | Total moisture | (as recieved,%) ≤ 9.0% | Calorific Value (Kcal/kg) ≈5500"
2025-04-10,C03-2025041003,TTOA-2025-005,Тавантолгой ХК,Tavan Tolgoi JSC,Тавантолгой ХК,Coal,Нүүрс,Боловсруулаагүй,Medium-volatile coking coal,"Дэгдэмхий бодис дунд, коксжих нүүрс",Форвард,1,90.0,90.0,USD,тонн,31680000.0,0.0,55.0,352000.0,reported,"Ash (db): 15,09 (-4.0 | +4.0) | Volatile (daf): 26.00 (-5.0 | +2.0) | Total sulphur (db): 0.98 (-2.0 | +2.0) | G-index (5:1): 72 (-7.0 | +10.0) | Total moisture (ar): 1,93 (-0.5 | +2.5) | Y- index ≤25mm"
2025-04-09,C10-2025040901,ER-25078,Энержи Ресурс ХХК,Energy Resources,Энержи Ресурс ХХК,Coal,Нүүрс,Баяжуулсан,Washed non-coking-quality coal,Баяжуулсан коксжих чанаргүй нүүрс,Форвард,3,350.0,350.0,CNY,тонн,8960000.0,0.0,4.0,25600.0,reported,"Ash (dry,%) ≤ 23.0% | Volatile matter | (dry, ash free basis,%) ≤ 37.0% | Sulfur (dry, %) ≤ 1.0% | Total moisture | (as recieved,%) ≤ 9.0% | Calorific Value (Kcal/kg) ≈5500"
2025-04-09,C02-2025040902,KH-25047,Хангад Эксплорэйшн ХХК,Khangad Exploration,Хангад Эксплорэйшн ХХК,Coal,Нүүрс,Баяжуулсан,Washed semi-soft coking coal,Баяжуулсан сул коксжих нүүрс,Форвард,1,600.0,600.0,CNY,тонн,7680000.0,0.0,2.0,12800.0,reported,"Ash (dry,%) ≤ 9.5% | Volatile matter | (dry, ash free basis,%) > 28.0% | Sulfur (dry, %) ≤ 0.85% | Total moisture | (as recieved,%) ≤ 10.0% | G index ≥65"
2025-04-08,C10-2025040802,KH-25046,Хангад Эксплорэйшн ХХК,Khangad Exploration,Хангад Эксплорэйшн ХХК,Coal,Нүүрс,Баяжуулсан,Washed semi-soft coking coal,Баяжуулсан сул коксжих нүүрс,Форвард,3,600.0,635.0,CNY,тонн,12192000.0,5.83,3.0,19200.0,reported,"Үнслэг (хуурай,%) ≤ 9.5% | Дэгдэмхий бодис | (үнсгүй хуурай,%) > 28.0% | Хүхэр (хуурай, %) ≤ 0.85% | Нийт чийглэг | (хүлээн авах үеийн | төлөв,%) | ≤ 10.0% | G индекс ≥65"
2025-04-08,C03-2025040803,ETT-25-01-CO,Эрдэнэс Тавантолгой ХК,Erdenes Tavan Tolgoi,Эрдэнэс Тавантолгой ХК,Coal,Нүүрс,Боловсруулаагүй,Medium-volatile coking coal,"Дэгдэмхий бодис дунд, коксжих нүүрс",Форвард,5,90.3,94.3,USD,тонн,3017600.0,4.43,5.0,32000.0,reported,Ash (db): 14.5 (-3.0 | +3.0) | Total moisture (ar): 3.0 (-1.0 | +1.0) | Volatile (daf): 27.0 (-2.0 | +2.0) | Total sulphur (db): 1.1 (-0.5 | +0.5) | G-Index (5:1): 70 (-5.0 | +10.0)
2025-04-07,C02-2025040702,KH-25045,Хангад Эксплорэйшн ХХК,Khangad Exploration,Хангад Эксплорэйшн ХХК,Coal,Нүүрс,Баяжуулсан,Washed semi-soft coking coal,Баяжуулсан сул коксжих нүүрс,Форвард,3,600.0,645.0,CNY,тонн,8256000.0,7.5,2.0,12800.0,reported,"Үнслэг (хуурай,%) ≤ 9.5% | Дэгдэмхий бодис | (үнсгүй хуурай,%) > 28.0% | Хүхэр (хуурай, %) ≤ 0.85% | Нийт чийглэг | (хүлээн авах үеийн | төлөв,%) | ≤ 10.0% | G индекс ≥65"
2025-04-04,C02-2025040402,KH-25044,Хангад Эксплорэйшн ХХК,Khangad Exploration,Хангад Эксплорэйшн ХХК,Coal,Нүүрс,Баяжуулсан,Washed semi-soft coking coal,Баяжуулсан сул коксжих нүүрс,Форвард,3,600.0,650.0,CNY,тонн,8320000.0,8.33,2.0,12800.0,reported,"Ash (dry,%) ≤ 9.5% | Volatile matter | (dry, ash free basis,%) > 28.0% | Sulfur (dry, %) ≤ 0.85% | Total moisture | (as recieved,%) ≤ 10.0% | G index ≥65"
2025-04-03,FE01-2025040301,MRTSM-346,Монголросцветмет ТӨҮГ,Mongolrostsvetmet (ex-Erdenes Critical Minerals),Монголросцветмет ТӨҮГ /Эрдэнэс критикал минералс ТӨҮГ/,Iron ore,Төмөр,Баяжмал,Iron concentrate Fe 65%,Fe-65% Төмрийн баяжмал,Форвард,2,88.0,88.5,USD,тонн,1752300.0,0.57,6.0,19800.0,reported,H2O 7-10% | AI2O3 04%-1% | S 0.02%-0.08% | SiO2 3%-8% | FE <65% | TiO2 0.01%-0.08% | P 0.01%-0.03%
2025-04-03,C10-2025040302,KH-25043,Хангад Эксплорэйшн ХХК,Khangad Exploration,Хангад Эксплорэйшн ХХК,Coal,Нүүрс,Баяжуулсан,Washed non-coking-quality coal,Баяжуулсан коксжих чанаргүй нүүрс,Форвард,1,350.0,350.0,CNY,тонн,8960000.0,0.0,4.0,25600.0,reported,"Үнслэг (хуурай,%) ≤ 23.0% | Дэгдэмхий бодис | (үнсгүй хуурай,%) ≤ 37.0% | Хүхэр (хуурай, %) ≤ 1.0% | Нийт чийглэг | (хүлээн авах | үеийн төлөв,%) | ≤ 9.0% | Илчлэг (ккал/кг) ≈5500"
2025-04-03,C01-2025040301,ER-25074,Энержи Ресурс ХХК,Energy Resources,Энержи Ресурс ХХК,Coal,Нүүрс,Баяжуулсан,Washed coking coal,Баяжуулсан коксжих нүүрс,Форвард,1,800.0,800.0,CNY,тонн,10240000.0,0.0,2.0,12800.0,reported,"Үнслэг (хуурай,%) ≤ 11.0% | Дэгдэмхий бодис | (үнсгүй хуурай,%) >20.0%-28.0% | Хүхэр (хуурай, %) ≤ 0.85% | Нийт чийглэг | (хүлээн авах | үеийн төлөв,%) | ≤ 10.0% | G индекс ≥ 75"
2025-04-02,C02-2025040202,KH-25042,Хангад Эксплорэйшн ХХК,Khangad Exploration,Хангад Эксплорэйшн ХХК,Coal,Нүүрс,Баяжуулсан,Washed semi-soft coking coal,Баяжуулсан сул коксжих нүүрс,Форвард,3,600.0,625.0,CNY,тонн,8000000.0,4.17,2.0,12800.0,reported,"Ash (dry,%) ≤ 9.5% | Volatile matter | (dry, ash free basis,%) > 28.0% | Sulfur (dry, %) ≤ 0.85% | Total moisture | (as recieved,%) ≤ 10.0% | G index ≥65"
2025-04-01,C02-2025040102,KH-25041,Хангад Эксплорэйшн ХХК,Khangad Exploration,Хангад Эксплорэйшн ХХК,Coal,Нүүрс,Баяжуулсан,Washed semi-soft coking coal,Баяжуулсан сул коксжих нүүрс,Форвард,1,600.0,600.0,CNY,тонн,11520000.0,0.0,3.0,19200.0,reported,"Ash (dry,%) ≤ 9.5% | Volatile matter | (dry, ash free basis,%) > 28.0% | Sulfur (dry, %) ≤ 0.85% | Total moisture | (as recieved,%) ≤ 10.0% | G index ≥65"
2025-03-31,FE03-2025033101,MRTSM-344,Монголросцветмет ТӨҮГ,Mongolrostsvetmet (ex-Erdenes Critical Minerals),Монголросцветмет ТӨҮГ /Эрдэнэс критикал минералс ТӨҮГ/,Iron ore,Төмөр,Хүдэр,Iron ore Fe 52%,Fe-52% Төмрийн хүдэр,Форвард,1,65.0,65.0,USD,тонн,429000.0,0.0,2.0,6600.0,reported,H20 0.5-1.0% | A1203 1%-3% | S 0.02%-0.05% | Si02 5%-10% | Fe <52% | Ti02 0.01%-0.08% | P 0.01%-0.03%
2025-03-31,C02-2025033102,KH-25040,Хангад Эксплорэйшн ХХК,Khangad Exploration,Хангад Эксплорэйшн ХХК,Coal,Нүүрс,Баяжуулсан,Washed semi-soft coking coal,Баяжуулсан сул коксжих нүүрс,Форвард,2,600.0,600.0,CNY,тонн,7680000.0,0.0,2.0,12800.0,reported,"Ash (dry,%) ≤ 9.5% | Volatile matter | (dry, ash free basis,%) > 28.0% | Sulfur (dry, %) ≤ 0.85% | Total moisture | (as recieved,%) ≤ 10.0% | G index ≥65"
2025-03-27,CaF03-2025032701,OMKH-25-02,Очир мандал хайрхан ХХК,Очир мандал хайрхан ХХК,Очир мандал хайрхан ХХК,Fluorspar,Жонш,Хүдэр,Fluorspar ore CaF2 <55%,CaF2 <55% Хайлуур жоншны хүдэр,Форвард,2,720.0,1002.0,CNY,тонн,1563120.0,39.17,24.0,1560.0,reported,CaF2 <54% /-5%/ | CaCO3 <0.90% | S <0.04% | P <0.04%
2025-03-26,FE01-2025032601,MRTSM-342,Монголросцветмет ТӨҮГ,Mongolrostsvetmet (ex-Erdenes Critical Minerals),Монголросцветмет ТӨҮГ /Эрдэнэс критикал минералс ТӨҮГ/,Iron ore,Төмөр,Баяжмал,Iron concentrate Fe 65%,Fe-65% Төмрийн баяжмал,Форвард,2,88.0,89.0,USD,тонн,1762200.0,1.14,6.0,19800.0,reported,H20 7-10% | A1203 0.4%-1% | S 0.02%-0.08% | Si02 3%-8% | Fe<65% | Ti02 0.01%-0.08% | P 0.01%-0.03%
2025-03-26,C02-2025032602,KH-25038,Хангад Эксплорэйшн ХХК,Khangad Exploration,Хангад Эксплорэйшн ХХК,Coal,Нүүрс,Баяжуулсан,Washed semi-soft coking coal,Баяжуулсан сул коксжих нүүрс,Форвард,1,600.0,600.0,CNY,тонн,7680000.0,0.0,2.0,12800.0,reported,"Ash (dry,%) ≤ 9.5% | Volatile matter | (dry, ash free basis,%) > 28.0% | Sulfur (dry, %) ≤ 0.85% | Total moisture | (as recieved,%) ≤ 10.0% | G index ≥65"
2025-03-25,FE03-2025032501,MRTSM-341,Монголросцветмет ТӨҮГ,Mongolrostsvetmet (ex-Erdenes Critical Minerals),Монголросцветмет ТӨҮГ /Эрдэнэс критикал минералс ТӨҮГ/,Iron ore,Төмөр,Хүдэр,Iron ore Fe 52%,Fe-52% Төмрийн хүдэр,Форвард,2,65.0,65.0,USD,тонн,429000.0,0.0,2.0,6600.0,reported,H20 0.5-1.0% | A1203 1%-3% | S 0.02%-0.05% | Si02 5%-10% | Fe < 52% | Ti02 0.01%-0.08% | P 0.01%-0.03%
2025-03-24,CaF03-2025032401,OMKH-25-01,Очир мандал хайрхан ХХК,Очир мандал хайрхан ХХК,Очир мандал хайрхан ХХК,Fluorspar,Жонш,Хүдэр,CaF2- <42% Хайлуур жоншны хүдэр,CaF2- <42% Хайлуур жоншны хүдэр,Форвард,2,550.0,583.0,CNY,тонн,2008435.0,6.0,53.0,3445.0,reported,CaF2 <42% /+5%/ | CaCO3 <0.90% | S <0.16% | P <0.03% | H2O <0.25%
2025-03-24,C02-2025032402,KH-25036,Хангад Эксплорэйшн ХХК,Khangad Exploration,Хангад Эксплорэйшн ХХК,Coal,Нүүрс,Баяжуулсан,Washed semi-soft coking coal,Баяжуулсан сул коксжих нүүрс,Форвард,3,600.0,610.0,CNY,тонн,7808000.0,1.67,2.0,12800.0,reported,"Ash (dry,%) ≤ 9.5% | Volatile matter | (dry, ash free basis,%) > 28.0% | Sulfur (dry, %) ≤ 0.85% | Total moisture | (as recieved,%) ≤ 10.0% | G index ≥65"
2025-03-21,FE03-2025032101,MRTSM-340,Монголросцветмет ТӨҮГ,Mongolrostsvetmet (ex-Erdenes Critical Minerals),Монголросцветмет ТӨҮГ /Эрдэнэс критикал минералс ТӨҮГ/,Iron ore,Төмөр,Хүдэр,Iron ore Fe 52%,Fe-52% Төмрийн хүдэр,Форвард,2,65.0,65.0,USD,тонн,429000.0,0.0,2.0,6600.0,reported,H20 0.5-1.0% | A1203 1%-3% | S 0.02%-0.05% | Si02 5%-10% | Fe < 52% | Ti02 0.01%-0.08% | P 0.01%-0.03%
2025-03-19,FE03-2025031901,MRTSM-339,Монголросцветмет ТӨҮГ,Mongolrostsvetmet (ex-Erdenes Critical Minerals),Монголросцветмет ТӨҮГ /Эрдэнэс критикал минералс ТӨҮГ/,Iron ore,Төмөр,Хүдэр,Iron ore Fe 52%,Fe-52% Төмрийн хүдэр,Форвард,2,65.0,66.0,USD,тонн,435600.0,1.54,2.0,6600.0,reported,H20 0.5-1.0% | A1203 1%-3% | S 0.02%-0.05% |  Si02 5%-10% | Fe < 52% | Ti02 0.01%-0.08% | P 0.01%-0.03%
2025-03-19,C02-2025031902,KH-25034,Хангад Эксплорэйшн ХХК,Khangad Exploration,Хангад Эксплорэйшн ХХК,Coal,Нүүрс,Баяжуулсан,Washed semi-soft coking coal,Баяжуулсан сул коксжих нүүрс,Форвард,3,600.0,610.0,CNY,тонн,7808000.0,1.67,2.0,12800.0,reported,"Ash (dry,%) ≤ 9.5% | Volatile matter | (dry, ash free basis,%) > 28.0% | Sulfur (dry, %) ≤ 0.85% | Total moisture | (as recieved,%) ≤ 10.0% | G index ≥65"
2025-03-18,C08-2025031803,AND-02,Андын Илч ХХК,Андын Илч ХХК,Андын Илч ХХК,Coal,Нүүрс,Боловсруулаагүй,Чийг багатай хүрэн нүүрс,Чийг багатай хүрэн нүүрс,Форвард,1,180.0,180.0,CNY,тонн,6912000.0,0.0,6.0,38400.0,reported,Sulphur 2.35o/o | Moisture/H2O/ 25% | Cabrillc value (w/moisture) 4658.00%< | Caloriflc value (ca1) 3694.0r
2025-03-17,FE03-2025031701,MRTSM-338,Монголросцветмет ТӨҮГ,Mongolrostsvetmet (ex-Erdenes Critical Minerals),Монголросцветмет ТӨҮГ /Эрдэнэс критикал минералс ТӨҮГ/,Iron ore,Төмөр,Хүдэр,Iron ore Fe 52%,Fe-52% Төмрийн хүдэр,Форвард,2,65.0,65.5,USD,тонн,432300.0,0.77,2.0,6600.0,reported,H20 0.5-1.0% | A1203 1%-3% | S 0.02%-0.05% | Si02 5%-10% | Fe < 52% | Ti02 0.01%-0.08% | P 0.01%-0.03%
2025-03-13,FE03-2025031301,MRTSM-336,Монголросцветмет ТӨҮГ,Mongolrostsvetmet (ex-Erdenes Critical Minerals),Монголросцветмет ТӨҮГ /Эрдэнэс критикал минералс ТӨҮГ/,Iron ore,Төмөр,Хүдэр,Iron ore Fe 52%,Fe-52% Төмрийн хүдэр,Форвард,3,65.0,66.5,USD,тонн,438900.0,2.31,2.0,6600.0,reported,H20 0.5-1.0% | A1203 1%-3% | S 0.02%-0.05% | Si02 5%-10% | Fe < 52% | Ti02 0.01%-0.08% | P 0.01%-0.03%
2025-03-13,C06-2025031304,ETT-25-12-WCO,Эрдэнэс Тавантолгой ХК,Erdenes Tavan Tolgoi,Эрдэнэс Тавантолгой ХК,Coal,Нүүрс,Баяжуулсан,Washed coking coal,Баяжуулсан коксжих нүүрс,Форвард,1,114.7,114.7,USD,тонн,3670400.0,0.0,5.0,32000.0,reported,Ash (db): ≤10.5 | Total moisture (ar): ˂10.0 | Volatile (daf): <28.0 | Total sulphur (db): ˂0.8 | G-Index: ˃75
2025-03-13,C01-2025031302,ETT-25-11-WCO,Эрдэнэс Тавантолгой ХК,Erdenes Tavan Tolgoi,Эрдэнэс Тавантолгой ХК,Coal,Нүүрс,Баяжуулсан,Washed coking coal,Баяжуулсан коксжих нүүрс,Форвард,2,114.7,114.7,USD,тонн,7340800.0,0.0,10.0,64000.0,reported,Ash (db): ≤10.5 | Total moisture (ar): ˂10.0 | Volatile (daf): <28.0 | Total sulphur (db): ˂0.8 | G-Index: ˃75
2025-03-12,FE03-2025031202,MRTSM-337,Монголросцветмет ТӨҮГ,Mongolrostsvetmet (ex-Erdenes Critical Minerals),Монголросцветмет ТӨҮГ /Эрдэнэс критикал минералс ТӨҮГ/,Iron ore,Төмөр,Хүдэр,Iron ore Fe 52%,Fe-52% Төмрийн хүдэр,Форвард,2,65.0,66.5,USD,тонн,1316700.0,2.31,6.0,19800.0,reported,H20 0.5-1.0% | A1203 1%-3% | S 0.02%-0.05% | Si02 5%-10% | Fe < 52% | Ti02 0.01%-0.08% | P 0.01%-0.03%
2025-03-12,FE01-2025031201,MRTSM-335,Монголросцветмет ТӨҮГ,Mongolrostsvetmet (ex-Erdenes Critical Minerals),Монголросцветмет ТӨҮГ /Эрдэнэс критикал минералс ТӨҮГ/,Iron ore,Төмөр,Баяжмал,Iron concentrate Fe 65%,Fe-65% Төмрийн баяжмал,Форвард,1,88.0,88.0,USD,тонн,1742400.0,0.0,6.0,19800.0,reported,H20 7-10% | A1203 0.4%-1% | S 0.02%-0.08% | Si02 3%-8% | Fe <65% | Ti02 0.01%-0.08% | P 0.01%-0.03%
2025-03-12,C10-2025031201,ER-25052,Энержи Ресурс ХХК,Energy Resources,Энержи Ресурс ХХК,Coal,Нүүрс,Баяжуулсан,Washed non-coking-quality coal,Баяжуулсан коксжих чанаргүй нүүрс,Форвард,1,360.0,360.0,CNY,тонн,9216000.0,0.0,4.0,25600.0,reported,"Ash (dry,%) ≤ 23.0% | Volatile matter | (dry, ash free basis,%) ≤ 37.0% | Sulfur (dry, %) ≤ 1.0% | Total moisture | (as recieved,%) ≤ 9.0% | Calorific Value | (Kcal/kg) ≈5500"
2025-03-11,FE03-2025031101,MRTSM-334,Монголросцветмет ТӨҮГ,Mongolrostsvetmet (ex-Erdenes Critical Minerals),Монголросцветмет ТӨҮГ /Эрдэнэс критикал минералс ТӨҮГ/,Iron ore,Төмөр,Хүдэр,Iron ore Fe 52%,Fe-52% Төмрийн хүдэр,Форвард,2,65.0,66.0,USD,тонн,435600.0,1.54,2.0,6600.0,reported,H20 0.5-1.0% | A1203 1%-3% | S 0.02%-0.05% | Si02 5%-10% | Fe <52% | Ti02 0.01%-0.08% | P 0.01%-0.03%
2025-03-11,C10-2025031102,KH-25028,Хангад Эксплорэйшн ХХК,Khangad Exploration,Хангад Эксплорэйшн ХХК,Coal,Нүүрс,Баяжуулсан,Washed non-coking-quality coal,Баяжуулсан коксжих чанаргүй нүүрс,Форвард,1,360.0,360.0,CNY,тонн,9216000.0,0.0,4.0,25600.0,reported,"Ash (dry,%) ≤ 23.0% | Volatile matter | (dry, ash free basis,%) ≤ 37.0% | Sulfur (dry, %) ≤ 1.0% | Total moisture | (as recieved,%) ≤ 9.0% | Calorific Value | (Kcal/kg) ≈5500"
2025-03-10,C01-2025031001,ER-25050,Энержи Ресурс ХХК,Energy Resources,Энержи Ресурс ХХК,Coal,Нүүрс,Баяжуулсан,Washed coking coal,Баяжуулсан коксжих нүүрс,Форвард,1,800.0,800.0,CNY,тонн,10240000.0,0.0,2.0,12800.0,reported,"Ash (dry,%) ≤ 11.0% | Volatile matter | (dry, ash free basis,%) >20.0%-28.0% | Sulfur (dry, %) ≤ 0.85% | Total moisture | (as recieved,%) ≤ 10.0% | G index ≥ 75"
2025-03-07,FE03-2025030701,MRTSM-330,Монголросцветмет ТӨҮГ,Mongolrostsvetmet (ex-Erdenes Critical Minerals),Монголросцветмет ТӨҮГ /Эрдэнэс критикал минералс ТӨҮГ/,Iron ore,Төмөр,Хүдэр,Iron ore Fe 52%,Fe-52% Төмрийн хүдэр,Форвард,3,65.0,66.0,USD,тонн,435600.0,1.54,2.0,6600.0,reported,H20 0.5-1.0% | A1203 1%-3% | S 0.02%-0.05% | Si02 5%-10% | Fe 52% | Ti02 0.01%-0.08% | P 0.01%-0.03%
2025-03-07,FE02-2025030702,MRTSM-332,Монголросцветмет ТӨҮГ,Mongolrostsvetmet (ex-Erdenes Critical Minerals),Монголросцветмет ТӨҮГ /Эрдэнэс критикал минералс ТӨҮГ/,Iron ore,Төмөр,Хүдэр,Iron ore Fe 52%,Fe-52% Төмрийн хүдэр,Форвард,3,65.0,66.5,USD,тонн,438900.0,2.31,2.0,6600.0,reported,H20 0.5-1.0% | A1203 1%-3% | S 0.02%-0.05% | Si02 5%-10% | Fe 52% | Ti02 0.01%-0.08% | P 0.01%-0.03%
2025-03-07,CAF02-2025030701,MRTSM-333,Монголросцветмет ТӨҮГ,Mongolrostsvetmet (ex-Erdenes Critical Minerals),Монголросцветмет ТӨҮГ /Эрдэнэс критикал минералс ТӨҮГ/,Fluorspar,Жонш,Хайлуур жонш,CaF2 97% хайлуур жоншны баяжмал,CaF2 97% хайлуур жоншны баяжмал,Форвард,3,360.0,382.0,USD,тонн,1266330.0,6.11,51.0,3315.0,reported,CaF2 | 97% | CaCO3 2.0% | Si02 1.4% | S 0.02%-0.05% | P 0.5 | H2O 7.0-8.0%
2025-03-06,FE03-2025030601,MRTSM-329,Монголросцветмет ТӨҮГ,Mongolrostsvetmet (ex-Erdenes Critical Minerals),Монголросцветмет ТӨҮГ /Эрдэнэс критикал минералс ТӨҮГ/,Iron ore,Төмөр,Хүдэр,Iron ore Fe 52%,Fe-52% Төмрийн хүдэр,Форвард,2,65.0,65.0,USD,тонн,429000.0,0.0,2.0,6600.0,reported,H20 0.5-1.0% | A1203 1%-3% | S 0.02%-0.05% | Si02 5%-10% | Fe 52% | Ti02 0.01%-0.08% | P 0.01%-0.03%
2025-03-06,FE01-2025030602,MRTSM-331,Монголросцветмет ТӨҮГ,Mongolrostsvetmet (ex-Erdenes Critical Minerals),Монголросцветмет ТӨҮГ /Эрдэнэс критикал минералс ТӨҮГ/,Iron ore,Төмөр,Баяжмал,Iron concentrate Fe 65%,Fe-65% Төмрийн баяжмал,Форвард,2,88.0,88.0,USD,тонн,1742400.0,0.0,6.0,19800.0,reported,H20 7-10% | A1203 0.4%-1% | S 0.02%-0.08% | Si02 3%-8% | Fe <65% | Ti02 0.01%-0.08% | P 0.01%-0.03%
2025-02-28,CU01-2025022801,EMC-02-25,Эрдэнэт Үйлдвэр ТӨҮГ,Erdenet Mining Corporation,Эрдэнэт Үйлдвэр ТӨҮГ,Copper,Зэс,Баяжмал,Copper concentrate (22.35% Cu),22.35%-ийн зэсийн агуулгатай баяжмал,Форвард,1,2104.91,2104.91,USD,тонн,9535242.0,0.0,5.0,4530.0,reported,Copper /Cu/ 22.35% | Silver /Ag/ 78 гр/тн | Arsenic /As/ <0.3% | Moisture 9.4% | Molybdenum /Мо/ <0.15% | Iron /Fe/ <30% | Zinc /Zn/ <0.7% | Lead /Pb/ <1.4% | Sulfur /S/ <37% | Gold /Au/ <0.3 гр/тн | Aluminum /Al/ <2.0%
2025-02-28,C01-2025022805,ETT-25-10-WCO,Эрдэнэс Тавантолгой ХК,Erdenes Tavan Tolgoi,Эрдэнэс Тавантолгой ХК,Coal,Нүүрс,Баяжуулсан,Washed coking coal,Баяжуулсан коксжих нүүрс,Форвард,1,114.4,114.4,USD,тонн,1464320.0,0.0,2.0,12800.0,reported,Ash (db) ≤10.5 | Volatile (daf) <28.0 | Total sulfur (db) ˂0.8 | Total moisture (ar) ˂10.0 | G-Index (5:1) ˃75
2025-02-28,C01-2025022804,ETT-25-09-WCO,Эрдэнэс Тавантолгой ХК,Erdenes Tavan Tolgoi,Эрдэнэс Тавантолгой ХК,Coal,Нүүрс,Баяжуулсан,Washed coking coal,Баяжуулсан коксжих нүүрс,Форвард,2,114.4,114.4,USD,тонн,3660800.0,0.0,5.0,32000.0,reported,Ash (db) ≤10.5 | Volatile (daf) <28.0 | Total sulfur (db) ˂0.8 | Total moisture (ar) ˂10.0 | G-Index (5:1) ˃75
2025-02-28,C01-2025022803,ETT-25-08-WCO,Эрдэнэс Тавантолгой ХК,Erdenes Tavan Tolgoi,Эрдэнэс Тавантолгой ХК,Coal,Нүүрс,Баяжуулсан,Washed coking coal,Баяжуулсан коксжих нүүрс,Форвард,1,114.4,114.4,USD,тонн,7321600.0,0.0,10.0,64000.0,reported,Ash (db) ≤10.5 | Volatile (daf) <28.0 | Total sulfur (db) ˂0.8 | Total moisture (ar) ˂10.0 | G-Index (5:1) ˃75
2025-02-27,FE03-2025022701,MRTSM-327,Монголросцветмет ТӨҮГ,Mongolrostsvetmet (ex-Erdenes Critical Minerals),Монголросцветмет ТӨҮГ /Эрдэнэс критикал минералс ТӨҮГ/,Iron ore,Төмөр,Хүдэр,Iron ore Fe 52%,Fe-52% Төмрийн хүдэр,Форвард,2,65.0,65.5,USD,тонн,432300.0,0.77,2.0,6600.0,reported,H20 0.5-1.0% | A1203 1%-3% | S 0.02%-0.05% | Si02 5%-10% | Fe 52% | Ti02 0.01%-0.08% | P 0.01%-0.03%
2025-02-25,FE03-2025022501,MRTSM-326,Монголросцветмет ТӨҮГ,Mongolrostsvetmet (ex-Erdenes Critical Minerals),Монголросцветмет ТӨҮГ /Эрдэнэс критикал минералс ТӨҮГ/,Iron ore,Төмөр,Хүдэр,Iron ore Fe 52%,Fe-52% Төмрийн хүдэр,Форвард,1,65.0,65.0,USD,тонн,429000.0,0.0,2.0,6600.0,reported,H20 0.5-1.0% | A1203 1%-3% | S 0.02%-0.05% | Si02 5%-10% | Fe 52% | Ti02 0.01%-0.08% | P 0.01%-0.03%
2025-02-21,FE03-2025022101,MRTSM-325,Монголросцветмет ТӨҮГ,Mongolrostsvetmet (ex-Erdenes Critical Minerals),Монголросцветмет ТӨҮГ /Эрдэнэс критикал минералс ТӨҮГ/,Iron ore,Төмөр,Хүдэр,Iron ore Fe 52%,Fe-52% Төмрийн хүдэр,Форвард,2,65.0,65.5,USD,тонн,432300.0,0.77,2.0,6600.0,reported,H20 0.5-1.0% | A1203 1%-3% | S 0.02%-0.05% |  Si02 5%-10% | Fe 52% | Ti02 0.01%-0.08% | P 0.01%-0.03%
2025-02-21,CaF02-2025022101,MRTSM-328,Монголросцветмет ТӨҮГ,Mongolrostsvetmet (ex-Erdenes Critical Minerals),Монголросцветмет ТӨҮГ /Эрдэнэс критикал минералс ТӨҮГ/,Fluorspar,Жонш,Хайлуур жонш,CaF2 97% хайлуур жоншны баяжмал,CaF2 97% хайлуур жоншны баяжмал,Форвард,1,360.0,360.0,USD,тонн,1193400.0,0.0,51.0,3315.0,reported,CaF2 | 97% | CaCO3 2.0% | Si02 1.4% | S 0.02%-0.05% | P 0.5 | H2O 7.0-8.0%
2025-02-20,C04-2025022004,ETT-25-18-1-3-CO,Эрдэнэс Тавантолгой ХК,Erdenes Tavan Tolgoi,Эрдэнэс Тавантолгой ХК,Coal,Нүүрс,Боловсруулаагүй,1/3 coking coal,1/3 коксжих нүүрс,Форвард,1,72.4,72.4,USD,тонн,4633600.0,0.0,10.0,64000.0,reported,
2025-02-19,FE03-2025021901,MRTSM-323,Монголросцветмет ТӨҮГ,Mongolrostsvetmet (ex-Erdenes Critical Minerals),Монголросцветмет ТӨҮГ /Эрдэнэс критикал минералс ТӨҮГ/,Iron ore,Төмөр,Хүдэр,Iron ore Fe 52%,Fe-52% Төмрийн хүдэр,Форвард,2,65.0,65.0,USD,тонн,429000.0,0.0,2.0,6600.0,reported,
2025-02-17,FE03-2025021701,MRTSM-322,Монголросцветмет ТӨҮГ,Mongolrostsvetmet (ex-Erdenes Critical Minerals),Монголросцветмет ТӨҮГ /Эрдэнэс критикал минералс ТӨҮГ/,Iron ore,Төмөр,Хүдэр,Iron ore Fe 52%,Fe-52% Төмрийн хүдэр,Форвард,2,65.0,65.0,USD,тонн,429000.0,0.0,2.0,6600.0,reported,
2025-02-14,FE01-2025021401,MRTSM-321,Монголросцветмет ТӨҮГ,Mongolrostsvetmet (ex-Erdenes Critical Minerals),Монголросцветмет ТӨҮГ /Эрдэнэс критикал минералс ТӨҮГ/,Iron ore,Төмөр,Баяжмал,Iron concentrate Fe 65%,Fe-65% Төмрийн баяжмал,Форвард,1,88.0,88.0,USD,тонн,1742400.0,0.0,6.0,19800.0,reported,H20 7-10% | AL2O3 0.4-1% | S 0.02-.0.08% | SIO2 3-8% | FE <65% | TIO2 0.01-0.08% | P 0.01-0.03%
2025-02-13,FE03-2025021301,MRTSM-320,Монголросцветмет ТӨҮГ,Mongolrostsvetmet (ex-Erdenes Critical Minerals),Монголросцветмет ТӨҮГ /Эрдэнэс критикал минералс ТӨҮГ/,Iron ore,Төмөр,Хүдэр,Iron ore Fe 52%,Fe-52% Төмрийн хүдэр,Форвард,3,63.0,63.5,USD,тонн,419100.0,0.79,2.0,6600.0,reported,
2025-02-11,FE03-2025021102,MRTSM-319,Монголросцветмет ТӨҮГ,Mongolrostsvetmet (ex-Erdenes Critical Minerals),Монголросцветмет ТӨҮГ /Эрдэнэс критикал минералс ТӨҮГ/,Iron ore,Төмөр,Хүдэр,Iron ore Fe 52%,Fe-52% Төмрийн хүдэр,Форвард,2,63.0,64.0,USD,тонн,422400.0,1.59,2.0,6600.0,reported,H2O 0.5-1.0% | Al203 1%-3% | S 0.02%-0.05% | SiO2 5%-10% | Fe <52% | TiO2 0.01%-0.08% | P 0.01%-0.03%
2025-02-11,FE02-2025021101,DMP-2524,Дарханы Төмөрлөгийн Үйлдвэр ХХК,Дарханы Төмөрлөгийн Үйлдвэр ХХК,Дарханы Төмөрлөгийн Үйлдвэр ХХК,Iron ore,Төмөр,Баяжмал,Fe-58% Төмрийн баяжмал,Fe-58% Төмрийн баяжмал,Форвард,1,59.0,59.0,USD,тонн,7009200.0,0.0,36.0,118800.0,reported,"Fe 58% (average) | S 2.5% (average) | Al2О3 2.0% (average) | SiO2 5.0% (average) | TiO2 0.1% (average) | P 0.01% (average) | Fraction 0-10 мм, 10-40 мм"
2025-02-10,FE02-2025021001,DMP-2523,Дарханы Төмөрлөгийн Үйлдвэр ХХК,Дарханы Төмөрлөгийн Үйлдвэр ХХК,Дарханы Төмөрлөгийн Үйлдвэр ХХК,Iron ore,Төмөр,Баяжмал,Fe-58% Төмрийн баяжмал,Fe-58% Төмрийн баяжмал,Форвард,1,59.0,59.0,USD,тонн,7009200.0,0.0,36.0,118800.0,reported,"Fe 58% (average) | S 2.5% (average) | Al2О3 2.0% (average) | SiO2 5.0% (average) | TiO2 0.1% (average) | P 0.01% (average) | Fraction 0-10 мм, 10-40 мм"
2025-02-07,FE03-2025020701,MRTSM-318,Монголросцветмет ТӨҮГ,Mongolrostsvetmet (ex-Erdenes Critical Minerals),Монголросцветмет ТӨҮГ /Эрдэнэс критикал минералс ТӨҮГ/,Iron ore,Төмөр,Хүдэр,Iron ore Fe 52%,Fe-52% Төмрийн хүдэр,Форвард,3,63.0,66.0,USD,тонн,435600.0,4.76,2.0,6600.0,reported,H2O 0.5-1.0% | Al203 1%-3% | S 0.02%-0.05% | SiO2 5%-10% | Fe <52% | TiO2 0.01%-0.08% | P 0.01%-0.03%
2025-02-07,FE02-2025020702,DMP-2522,Дарханы Төмөрлөгийн Үйлдвэр ХХК,Дарханы Төмөрлөгийн Үйлдвэр ХХК,Дарханы Төмөрлөгийн Үйлдвэр ХХК,Iron ore,Төмөр,Баяжмал,Fe-58% Төмрийн баяжмал,Fe-58% Төмрийн баяжмал,Форвард,1,59.0,59.0,USD,тонн,7009200.0,0.0,36.0,118800.0,reported,"Fe 58% (average) | S 2.5% (average) | Al2О3 2.0% (average) | SiO2 5.0% (average) | TiO2 0.1% (average) | P 0.01% (average) | Fraction 0-10 мм, 10-40 мм"
2025-02-06,FE02-2025020601,DMP-2521,Дарханы Төмөрлөгийн Үйлдвэр ХХК,Дарханы Төмөрлөгийн Үйлдвэр ХХК,Дарханы Төмөрлөгийн Үйлдвэр ХХК,Iron ore,Төмөр,Баяжмал,Fe-58% Төмрийн баяжмал,Fe-58% Төмрийн баяжмал,Форвард,1,59.0,59.0,USD,тонн,7009200.0,0.0,36.0,118800.0,reported,"Fe 58% (average) | S 2.5% (average) | Al2О3 2.0% (average) | SiO2 5.0% (average) | TiO2 0.1% (average) | P 0.01% (average) | Fraction 0-10 мм, 10-40 мм"
2025-02-05,FE03-2025020503,MRTSM-317,Монголросцветмет ТӨҮГ,Mongolrostsvetmet (ex-Erdenes Critical Minerals),Монголросцветмет ТӨҮГ /Эрдэнэс критикал минералс ТӨҮГ/,Iron ore,Төмөр,Хүдэр,Iron ore Fe 52%,Fe-52% Төмрийн хүдэр,Форвард,3,63.0,65.0,USD,тонн,429000.0,3.17,2.0,6600.0,reported,H2O 0.5-1.0% | Al203 1%-3% | S 0.02%-0.05% | SiO2 5%-10% | Fe <52% | TiO2 0.01%-0.08% | P 0.01%-0.03%
2025-02-05,FE02-2025020502,DMP-2516,Дарханы Төмөрлөгийн Үйлдвэр ХХК,Дарханы Төмөрлөгийн Үйлдвэр ХХК,Дарханы Төмөрлөгийн Үйлдвэр ХХК,Iron ore,Төмөр,Баяжмал,Fe-58% Төмрийн баяжмал,Fe-58% Төмрийн баяжмал,Форвард,1,55.0,55.0,USD,тонн,3267000.0,0.0,18.0,59400.0,reported,"Fe 58% (average) | S 3.5% (average) | Al2О3 1.0% (average) | SiO2 6.0% (average) | TiO2 0.1% (average) | P 0.02% (average) | Fraction 0-10 мм, 10-40 мм"
2025-02-05,FE02-2025020501,DMP-2515,Дарханы Төмөрлөгийн Үйлдвэр ХХК,Дарханы Төмөрлөгийн Үйлдвэр ХХК,Дарханы Төмөрлөгийн Үйлдвэр ХХК,Iron ore,Төмөр,Баяжмал,Fe-58% Төмрийн баяжмал,Fe-58% Төмрийн баяжмал,Форвард,1,55.0,55.0,USD,тонн,3267000.0,0.0,18.0,59400.0,reported,"Fe 58% (average) | S 3.5% (average) | Al2О3 1.0% (average) | SiO2 6.0% (average) | TiO2 0.1% (average) | P 0.02% (average) | Fraction 0-10 мм, 10-40 мм"
2025-02-04,FE02-2025020402,DMP-2520,Дарханы Төмөрлөгийн Үйлдвэр ХХК,Дарханы Төмөрлөгийн Үйлдвэр ХХК,Дарханы Төмөрлөгийн Үйлдвэр ХХК,Iron ore,Төмөр,Баяжмал,Fe-58% Төмрийн баяжмал,Fe-58% Төмрийн баяжмал,Форвард,1,55.0,55.0,USD,тонн,3267000.0,0.0,18.0,59400.0,reported,"Fe 58% (average) | S 3.5% (average) | Al2О3 1.0% (average) | SiO2 6.0% (average) | TiO2 0.1% (average) | P 0.02% (average) | Fraction 0-10 мм, 10-40 мм"
2025-02-04,FE02-2025020401,DMP-2519,Дарханы Төмөрлөгийн Үйлдвэр ХХК,Дарханы Төмөрлөгийн Үйлдвэр ХХК,Дарханы Төмөрлөгийн Үйлдвэр ХХК,Iron ore,Төмөр,Баяжмал,Fe-58% Төмрийн баяжмал,Fe-58% Төмрийн баяжмал,Форвард,1,55.0,55.0,USD,тонн,3267000.0,0.0,18.0,59400.0,reported,"Fe 58% (average) | S 3.5% (average) | Al2О3 1.0% (average) | SiO2 6.0% (average) | TiO2 0.1% (average) | P 0.02% (average) | Fraction 0-10 мм, 10-40 мм"
2025-02-03,FE03-2025020303,MRTSM-316,Монголросцветмет ТӨҮГ,Mongolrostsvetmet (ex-Erdenes Critical Minerals),Монголросцветмет ТӨҮГ /Эрдэнэс критикал минералс ТӨҮГ/,Iron ore,Төмөр,Хүдэр,Iron ore Fe 52%,Fe-52% Төмрийн хүдэр,Форвард,3,63.0,65.0,USD,тонн,429000.0,3.17,2.0,6600.0,reported,H2O 0.5-1.0% | Al203 1%-3% | S 0.02%-0.05% | SiO2 5%-10% | Fe <52% | TiO2 0.01%-0.08% | P 0.01%-0.03%
2025-02-03,FE02-2025020302,DMP-2518,Дарханы Төмөрлөгийн Үйлдвэр ХХК,Дарханы Төмөрлөгийн Үйлдвэр ХХК,Дарханы Төмөрлөгийн Үйлдвэр ХХК,Iron ore,Төмөр,Баяжмал,Fe-58% Төмрийн баяжмал,Fe-58% Төмрийн баяжмал,Форвард,1,55.0,55.0,USD,тонн,3267000.0,0.0,18.0,59400.0,reported,"Fe 58% (average) | S 3.5% (average) | Al2О3 1.0% (average) | SiO2 6.0% (average) | TiO2 0.1% (average) | P 0.02% (average) | Fraction 0-10 мм, 10-40 мм"
2025-02-03,FE02-2025020301,DMP-2517,Дарханы Төмөрлөгийн Үйлдвэр ХХК,Дарханы Төмөрлөгийн Үйлдвэр ХХК,Дарханы Төмөрлөгийн Үйлдвэр ХХК,Iron ore,Төмөр,Баяжмал,Fe-58% Төмрийн баяжмал,Fe-58% Төмрийн баяжмал,Форвард,1,55.0,55.0,USD,тонн,3267000.0,0.0,18.0,59400.0,reported,"Fe 58% (average) | S 3.5% (average) | Al2О3 1.0% (average) | SiO2 6.0% (average) | TiO2 0.1% (average) | P 0.02% (average) | Fraction 0-10 мм, 10-40 мм"
2025-01-31,C04-2025013106,ETT-25-07-1-3-CO,Эрдэнэс Тавантолгой ХК,Erdenes Tavan Tolgoi,Эрдэнэс Тавантолгой ХК,Coal,Нүүрс,Боловсруулаагүй,1/3 coking coal,1/3 коксжих нүүрс,Форвард,1,72.4,72.4,USD,тонн,4633600.0,0.0,10.0,64000.0,reported,Ash (db) 23.5 (-5.0 | +5.0) | Total moisture (ar) 3.0 (-1.0 | +1.0) | Volatile (daf) 33.0 (-1.5 | +1.5) | Total sulfur (db) 1.1 (-0.5 | +0.5) | G-Index (5:1) 70 (-5.0 | +10.0)
2025-01-31,C04-2025013104,ETT-25-05-1-3-CO,Эрдэнэс Тавантолгой ХК,Erdenes Tavan Tolgoi,Эрдэнэс Тавантолгой ХК,Coal,Нүүрс,Боловсруулаагүй,1/3 coking coal,1/3 коксжих нүүрс,Форвард,1,72.4,72.4,USD,тонн,2316800.0,0.0,5.0,32000.0,reported,Ash (db) 23.5 (-5.0 | +5.0) | Total moisture (ar) 3.0 (-1.0 | +1.0) | Volatile (daf) 33.0 (-1.5 | +1.5) | Total sulfur (db) 1.1 (-0.5 | +0.5) | G-Index (5:1) 70 (-5.0 | +10.0)
2025-01-31,C04-2025013103,ETT-25-04-1-3-CO,Эрдэнэс Тавантолгой ХК,Erdenes Tavan Tolgoi,Эрдэнэс Тавантолгой ХК,Coal,Нүүрс,Боловсруулаагүй,1/3 coking coal,1/3 коксжих нүүрс,Форвард,1,72.4,72.4,USD,тонн,2316800.0,0.0,5.0,32000.0,reported,Ash (db) 23.5 (-5.0 | +5.0) | Total moisture (ar) 3.0 (-1.0 | +1.0) | Volatile (daf) 33.0 (-1.5 | +1.5) | Total sulfur (db) 1.1 (-0.5 | +0.5) | G-Index (5:1) 70 (-5.0 | +10.0)
2025-01-30,FE03-2025013001,MRTSM-312,Монголросцветмет ТӨҮГ,Mongolrostsvetmet (ex-Erdenes Critical Minerals),Монголросцветмет ТӨҮГ /Эрдэнэс критикал минералс ТӨҮГ/,Iron ore,Төмөр,Хүдэр,Iron ore Fe 52%,Fe-52% Төмрийн хүдэр,Форвард,4,60.0,64.5,USD,тонн,425700.0,7.5,2.0,6600.0,reported,H2O 0.5-1.0% | Al203 1%-3% | S 0.02%-0.05% | SiO2 5%-10% | Fe <52% | TiO2 0.01%-0.08% | P 0.01%-0.03%
2025-01-30,FE02-2025013003,DMP-2514,Дарханы Төмөрлөгийн Үйлдвэр ХХК,Дарханы Төмөрлөгийн Үйлдвэр ХХК,Дарханы Төмөрлөгийн Үйлдвэр ХХК,Iron ore,Төмөр,Баяжмал,Fe-58% Төмрийн баяжмал,Fe-58% Төмрийн баяжмал,Форвард,1,55.0,55.0,USD,тонн,3267000.0,0.0,18.0,59400.0,reported,"Fe 58% (average) | S 3.5% (average) | Al2О3 1.0% (average) | SiO2 6.0% (average) | TiO2 0.1% (average) | P 0.02% (average) | Fraction 0-10 мм, 10-40 мм"
2025-01-30,FE02-2025013002,DMP-2513,Дарханы Төмөрлөгийн Үйлдвэр ХХК,Дарханы Төмөрлөгийн Үйлдвэр ХХК,Дарханы Төмөрлөгийн Үйлдвэр ХХК,Iron ore,Төмөр,Баяжмал,Fe-58% Төмрийн баяжмал,Fe-58% Төмрийн баяжмал,Форвард,1,55.0,55.0,USD,тонн,3267000.0,0.0,18.0,59400.0,reported,"Fe 58% (average) | S 3.5% (average) | Al2О3 1.0% (average) | SiO2 6.0% (average) | TiO2 0.1% (average) | P 0.02% (average) | Fraction 0-10 мм, 10-40 мм"
2025-01-29,FE02-2025012902,DMP-2512,Дарханы Төмөрлөгийн Үйлдвэр ХХК,Дарханы Төмөрлөгийн Үйлдвэр ХХК,Дарханы Төмөрлөгийн Үйлдвэр ХХК,Iron ore,Төмөр,Баяжмал,Fe-58% Төмрийн баяжмал,Fe-58% Төмрийн баяжмал,Форвард,2,55.0,56.0,USD,тонн,3326400.0,1.82,18.0,59400.0,reported,"Fe 58% (average) | S 3.5% (average) | Al2О3 1.0% (average) | SiO2 6.0% (average) | TiO2 0.1% (average) | P 0.02% (average) | Fraction 0-10 мм, 10-40 мм"
2025-01-29,FE02-2025012901,DMP-2511,Дарханы Төмөрлөгийн Үйлдвэр ХХК,Дарханы Төмөрлөгийн Үйлдвэр ХХК,Дарханы Төмөрлөгийн Үйлдвэр ХХК,Iron ore,Төмөр,Баяжмал,Fe-58% Төмрийн баяжмал,Fe-58% Төмрийн баяжмал,Форвард,2,55.0,56.5,USD,тонн,3356100.0,2.73,18.0,59400.0,reported,"Fe 58% (average) | S 3.5% (average) | Al2О3 1.0% (average) | SiO2 6.0% (average) | TiO2 0.1% (average) | P 0.02% (average) | Fraction 0-10 мм, 10-40 мм"
2025-01-28,FE03-2025012801,MRTSM-311,Монголросцветмет ТӨҮГ,Mongolrostsvetmet (ex-Erdenes Critical Minerals),Монголросцветмет ТӨҮГ /Эрдэнэс критикал минералс ТӨҮГ/,Iron ore,Төмөр,Хүдэр,Iron ore Fe 52%,Fe-52% Төмрийн хүдэр,Форвард,5,60.0,64.5,USD,тонн,425700.0,7.5,2.0,6600.0,reported,
2025-01-24,FE03-2025012401,MRTSM-310,Монголросцветмет ТӨҮГ,Mongolrostsvetmet (ex-Erdenes Critical Minerals),Монголросцветмет ТӨҮГ /Эрдэнэс критикал минералс ТӨҮГ/,Iron ore,Төмөр,Хүдэр,Iron ore Fe 52%,Fe-52% Төмрийн хүдэр,Форвард,4,60.0,64.5,USD,тонн,425700.0,7.5,2.0,6600.0,reported,H2O 0.5-1.0% | Al203 1%-3% | S 0.02%-0.05% | SiO2 5%-10% | Fe <52% | TiO2 0.01%-0.08% | P 0.01%-0.03%
2025-01-24,FE02-2025012402,DMP-2509,Дарханы Төмөрлөгийн Үйлдвэр ХХК,Дарханы Төмөрлөгийн Үйлдвэр ХХК,Дарханы Төмөрлөгийн Үйлдвэр ХХК,Iron ore,Төмөр,Баяжмал,Fe-58% Төмрийн баяжмал,Fe-58% Төмрийн баяжмал,Форвард,1,59.0,59.0,USD,тонн,3504600.0,0.0,18.0,59400.0,reported,"Fe 58% (average) | S 2.5% (average) | Al2О3 2.0% (average) | SiO2 5.0% (average) | TiO2 0.1% (average) | P 0.01% (average) | Fraction 0-10 мм, 10-40 мм"
2025-01-23,FE02-2025012302,DMP-2508,Дарханы Төмөрлөгийн Үйлдвэр ХХК,Дарханы Төмөрлөгийн Үйлдвэр ХХК,Дарханы Төмөрлөгийн Үйлдвэр ХХК,Iron ore,Төмөр,Баяжмал,Fe-58% Төмрийн баяжмал,Fe-58% Төмрийн баяжмал,Форвард,1,59.0,59.0,USD,тонн,3504600.0,0.0,18.0,59400.0,reported,"Fe 58% (average) | S 2.5% (average) | Al2О3 2.0% (average) | SiO2 5.0% (average) | TiO2 0.1% (average) | P 0.01% (average) | Fraction 0-10 мм, 10-40 мм"
2025-01-23,FE02-2025012301,DMP-2507,Дарханы Төмөрлөгийн Үйлдвэр ХХК,Дарханы Төмөрлөгийн Үйлдвэр ХХК,Дарханы Төмөрлөгийн Үйлдвэр ХХК,Iron ore,Төмөр,Баяжмал,Fe-58% Төмрийн баяжмал,Fe-58% Төмрийн баяжмал,Форвард,1,59.0,59.0,USD,тонн,3504600.0,0.0,18.0,59400.0,reported,"Fe 58% (average) | S 2.5% (average) | Al2О3 2.0% (average) | SiO2 5.0% (average) | TiO2 0.1% (average) | P 0.01% (average) | Fraction 0-10 мм, 10-40 мм"
2025-01-22,FE03-2025012201,MRTSM-309,Монголросцветмет ТӨҮГ,Mongolrostsvetmet (ex-Erdenes Critical Minerals),Монголросцветмет ТӨҮГ /Эрдэнэс критикал минералс ТӨҮГ/,Iron ore,Төмөр,Хүдэр,Iron ore Fe 52%,Fe-52% Төмрийн хүдэр,Форвард,6,60.0,64.5,USD,тонн,425700.0,7.5,2.0,6600.0,reported,H2O 0.5-1.0% | Al203 1%-3% | S 0.02%-0.05% | SiO2 5%-10% | Fe <52% | TiO2 0.01%-0.08% | P 0.01%-0.03%
2025-01-22,FE02-2025012203,DMP-2506,Дарханы Төмөрлөгийн Үйлдвэр ХХК,Дарханы Төмөрлөгийн Үйлдвэр ХХК,Дарханы Төмөрлөгийн Үйлдвэр ХХК,Iron ore,Төмөр,Баяжмал,Fe-58% Төмрийн баяжмал,Fe-58% Төмрийн баяжмал,Форвард,1,59.0,59.0,USD,тонн,3345300.0,0.0,18.0,56700.0,reported,"Fe 58% (average) | S 2.5% (average) | Al2О3 2.0% (average) | SiO2 5.0% (average) | TiO2 0.1% (average) | P 0.01% (average) | Fraction 0-10 мм, 10-40 мм"
2025-01-22,FE02-2025012202,DMP-2505,Дарханы Төмөрлөгийн Үйлдвэр ХХК,Дарханы Төмөрлөгийн Үйлдвэр ХХК,Дарханы Төмөрлөгийн Үйлдвэр ХХК,Iron ore,Төмөр,Баяжмал,Fe-58% Төмрийн баяжмал,Fe-58% Төмрийн баяжмал,Форвард,1,59.0,59.0,USD,тонн,3345300.0,0.0,18.0,56700.0,reported,"Fe 58% (average) | S 2.5% (average) | Al2О3 2.0% (average) | SiO2 5.0% (average) | TiO2 0.1% (average) | P 0.01% (average) | Fraction 0-10 мм, 10-40 мм"
2025-01-21,FE03-2025012101,MRTSM-314,Монголросцветмет ТӨҮГ,Mongolrostsvetmet (ex-Erdenes Critical Minerals),Монголросцветмет ТӨҮГ /Эрдэнэс критикал минералс ТӨҮГ/,Iron ore,Төмөр,Хүдэр,Iron ore Fe 52%,Fe-52% Төмрийн хүдэр,Форвард,4,60.0,64.0,USD,тонн,1267200.0,6.67,6.0,19800.0,reported,H2O 0.5-1.0% | Al203 1%-3% | S 0.02%-0.05% | SiO2 5%-10% | Fe <52% | TiO2 0.01%-0.08% | P 0.01%-0.03%
2025-01-21,FE02-2025012103,DMP-2504,Дарханы Төмөрлөгийн Үйлдвэр ХХК,Дарханы Төмөрлөгийн Үйлдвэр ХХК,Дарханы Төмөрлөгийн Үйлдвэр ХХК,Iron ore,Төмөр,Баяжмал,Fe-58% Төмрийн баяжмал,Fe-58% Төмрийн баяжмал,Форвард,1,59.0,59.0,USD,тонн,3345300.0,0.0,18.0,56700.0,reported,"Fe 58% (average) | S 2.5% (average) | Al2О3 2.0% (average) | SiO2 5.0% (average) | TiO2 0.1% (average) | P 0.01% (average) | Fraction 0-10 мм, 10-40 мм"
2025-01-21,FE02-2025012102,DMP-2503,Дарханы Төмөрлөгийн Үйлдвэр ХХК,Дарханы Төмөрлөгийн Үйлдвэр ХХК,Дарханы Төмөрлөгийн Үйлдвэр ХХК,Iron ore,Төмөр,Баяжмал,Fe-58% Төмрийн баяжмал,Fe-58% Төмрийн баяжмал,Форвард,1,59.0,59.0,USD,тонн,3345300.0,0.0,18.0,56700.0,reported,"Fe 58% (average) | S 2.5% (average) | Al2О3 2.0% (average) | SiO2 5.0% (average) | TiO2 0.1% (average) | P 0.01% (average) | Fraction 0-10 мм, 10-40 мм"
2025-01-20,FE03-2025012001,MRTSM-308,Монголросцветмет ТӨҮГ,Mongolrostsvetmet (ex-Erdenes Critical Minerals),Монголросцветмет ТӨҮГ /Эрдэнэс критикал минералс ТӨҮГ/,Iron ore,Төмөр,Хүдэр,Iron ore Fe 52%,Fe-52% Төмрийн хүдэр,Форвард,9,60.0,66.5,USD,тонн,438900.0,10.83,2.0,6600.0,reported,H2O 0.5-1.0% | Al203 1%-3% | S 0.02%-0.05% | SiO2 5%-10% | Fe <52% | TiO2 0.01%-0.08% | P 0.01%-0.03%
2025-01-20,FE02-2025012003,DMP-2502,Дарханы Төмөрлөгийн Үйлдвэр ХХК,Дарханы Төмөрлөгийн Үйлдвэр ХХК,Дарханы Төмөрлөгийн Үйлдвэр ХХК,Iron ore,Төмөр,Баяжмал,Fe-58% Төмрийн баяжмал,Fe-58% Төмрийн баяжмал,Форвард,1,59.0,59.0,USD,тонн,3345300.0,0.0,18.0,56700.0,reported,"Fe 58% (average) | S 2.5% (average) | Al2О3 2.0% (average) | SiO2 5.0% (average) | TiO2 0.1% (average) | P 0.01% (average) | Fraction 0-10 мм, 10-40 мм"
2025-01-20,FE02-2025012002,DMP-2501,Дарханы Төмөрлөгийн Үйлдвэр ХХК,Дарханы Төмөрлөгийн Үйлдвэр ХХК,Дарханы Төмөрлөгийн Үйлдвэр ХХК,Iron ore,Төмөр,Баяжмал,Fe-58% Төмрийн баяжмал,Fe-58% Төмрийн баяжмал,Форвард,1,59.0,59.0,USD,тонн,3345300.0,0.0,18.0,56700.0,reported,"Fe 58% (average) | S 2.5% (average) | Al2О3 2.0% (average) | SiO2 5.0% (average) | TiO2 0.1% (average) | P 0.01% (average) | Fraction 0-10 мм, 10-40 мм"
2025-01-17,FE02-2025011002,DMP-24192,Дарханы Төмөрлөгийн Үйлдвэр ХХК,Дарханы Төмөрлөгийн Үйлдвэр ХХК,Дарханы Төмөрлөгийн Үйлдвэр ХХК,Iron ore,Төмөр,Баяжмал,Fe-58% Төмрийн баяжмал,Fe-58% Төмрийн баяжмал,Форвард,1,59.0,59.0,USD,тонн,3504600.0,0.0,18.0,59400.0,reported,"Fe 58% (average) | S 2.5% (average) | Al2О3 2.0% (average) | SiO2 5.0% (average) | TiO2 0.1% (average) | P 0.01% (average) | Fraction 0-10 мм, 10-40 мм"
2025-01-17,FE01-2025011701,MRTSM-313,Монголросцветмет ТӨҮГ,Mongolrostsvetmet (ex-Erdenes Critical Minerals),Монголросцветмет ТӨҮГ /Эрдэнэс критикал минералс ТӨҮГ/,Iron ore,Төмөр,Баяжмал,Iron concentrate Fe 65%,Fe-65% Төмрийн баяжмал,Форвард,2,85.0,85.0,USD,тонн,1683000.0,0.0,6.0,19800.0,reported,H2O 7-10% | Al203 0.4%-1% | S 0.02%-0.08% | SiO2 3%-8% | Fe <65% | TiO2 0.01%-0.08% | P 0.01%-0.03%
2025-01-16,FE03-2025011601,MRTSM-307,Монголросцветмет ТӨҮГ,Mongolrostsvetmet (ex-Erdenes Critical Minerals),Монголросцветмет ТӨҮГ /Эрдэнэс критикал минералс ТӨҮГ/,Iron ore,Төмөр,Хүдэр,Iron ore Fe 52%,Fe-52% Төмрийн хүдэр,Форвард,11,60.0,65.0,USD,тонн,429000.0,8.33,2.0,6600.0,reported,H2O 0.5-1.0% | Al203 1%-3% | S 0.02%-0.05% | SiO2 5%-10% | Fe <52% | TiO2 0.01%-0.08% | P 0.01%-0.03%
2025-01-16,C10-2025011603,ETT-25-01-WTC,Эрдэнэс Тавантолгой ХК,Erdenes Tavan Tolgoi,Эрдэнэс Тавантолгой ХК,Coal,Нүүрс,Баяжуулсан,Washed non-coking-quality coal,Баяжуулсан коксжих чанаргүй нүүрс,Форвард,1,48.8,48.8,USD,тонн,624640.0,0.0,2.0,12800.0,reported,Ash (db) ≥22.0 | Volatile (daf) 28.0 max | Total sulfur (db) 2.0 max | Total moisture (ar) 10.0 max | Calorific value ≥5500 | G-Index (5:1) ≤20
2025-01-15,FE03-2025011501,MRTSM-306,Монголросцветмет ТӨҮГ,Mongolrostsvetmet (ex-Erdenes Critical Minerals),Монголросцветмет ТӨҮГ /Эрдэнэс критикал минералс ТӨҮГ/,Iron ore,Төмөр,Хүдэр,Iron ore Fe 52%,Fe-52% Төмрийн хүдэр,Форвард,3,60.0,64.0,USD,тонн,3168000.0,6.67,15.0,49500.0,reported,H2O 0.5-1.0% | Al203 1%-3% | S 0.02%-0.05% | SiO2 5%-10% | Fe <52% | TiO2 0.01%-0.08% | P 0.01%-0.03%
2025-01-15,C10-2025011502,ER-25016,Энержи Ресурс ХХК,Energy Resources,Энержи Ресурс ХХК,Coal,Нүүрс,Баяжуулсан,Washed non-coking-quality coal,Баяжуулсан коксжих чанаргүй нүүрс,Форвард,2,380.0,380.0,CNY,тонн,7296000.0,0.0,3.0,19200.0,reported,"Ash (dry,%) ≤ 23.0% | Volatile matter | (dry, ash free basis,%) ≤ 37.0% | Sulfur (dry, %) ≤ 1.0% | Total moisture | (as recieved,%) ≤ 9.0% | Calorific Value | (Kcal/kg) ≈5500"
2025-01-15,C01-2025011504,ETT-25-02-WCC,Эрдэнэс Тавантолгой ХК,Erdenes Tavan Tolgoi,Эрдэнэс Тавантолгой ХК,Coal,Нүүрс,Баяжуулсан,Washed coking coal,Баяжуулсан коксжих нүүрс,Форвард,1,122.0,122.0,USD,тонн,2342400.0,0.0,3.0,19200.0,reported,Ash (db) ≤10.5 | Volatile (daf) <28.0 | Total sulfur (db) ˂0.8 | Total moisture (ar) ˂10.0 | G-Index (5:1) ˃75
2025-01-15,C01-2025011503,ETT-25-01-WCC,Эрдэнэс Тавантолгой ХК,Erdenes Tavan Tolgoi,Эрдэнэс Тавантолгой ХК,Coal,Нүүрс,Баяжуулсан,Washed coking coal,Баяжуулсан коксжих нүүрс,Форвард,1,122.0,122.0,USD,тонн,2342400.0,0.0,3.0,19200.0,reported,Ash (db) ≤10.5 | Volatile (daf) <28.0 | Total sulfur (db) ˂0.8 | Total moisture (ar) ˂10.0 | G-Index (5:1) ˃75
2025-01-14,FE03-2024011401,MRTSM-305,Монголросцветмет ТӨҮГ,Mongolrostsvetmet (ex-Erdenes Critical Minerals),Монголросцветмет ТӨҮГ /Эрдэнэс критикал минералс ТӨҮГ/,Iron ore,Төмөр,Хүдэр,Iron ore Fe 52%,Fe-52% Төмрийн хүдэр,Форвард,7,60.0,64.5,USD,тонн,425700.0,7.5,2.0,6600.0,reported,
2025-01-13,C10-2025011301,ER-25013,Энержи Ресурс ХХК,Energy Resources,Энержи Ресурс ХХК,Coal,Нүүрс,Баяжуулсан,Washed non-coking-quality coal,Баяжуулсан коксжих чанаргүй нүүрс,Форвард,1,380.0,380.0,CNY,тонн,7296000.0,0.0,3.0,19200.0,reported,"Ash (dry,%) ≤ 23.0% | Volatile matter | (dry, ash free basis,%) ≤ 37.0% | Sulfur (dry, %) ≤ 1.0% | Total moisture | (as recieved,%) ≤ 9.0% | Calorific Value | (Kcal/kg) ≈5500"
2025-01-10,FE03-2025011001,MRTSM-304,Монголросцветмет ТӨҮГ,Mongolrostsvetmet (ex-Erdenes Critical Minerals),Монголросцветмет ТӨҮГ /Эрдэнэс критикал минералс ТӨҮГ/,Iron ore,Төмөр,Хүдэр,Iron ore Fe 52%,Fe-52% Төмрийн хүдэр,Форвард,7,60.0,62.5,USD,тонн,412500.0,4.17,2.0,6600.0,reported,
2025-01-09,FE03-2025010901,MRTSM-303,Монголросцветмет ТӨҮГ,Mongolrostsvetmet (ex-Erdenes Critical Minerals),Монголросцветмет ТӨҮГ /Эрдэнэс критикал минералс ТӨҮГ/,Iron ore,Төмөр,Хүдэр,Iron ore Fe 52%,Fe-52% Төмрийн хүдэр,Форвард,4,60.0,61.0,USD,тонн,805200.0,1.67,4.0,13200.0,reported,H2O 0.5-1.0% | Al203 1%-3% | S 0.02%-0.05% | SiO2 5%-10% | Fe <52% | TiO2 0.01%-0.08% | P 0.01%-0.03%
2025-01-09,C10-2025010902,KH-25003,Хангад Эксплорэйшн ХХК,Khangad Exploration,Хангад Эксплорэйшн ХХК,Coal,Нүүрс,Баяжуулсан,Washed non-coking-quality coal,Баяжуулсан коксжих чанаргүй нүүрс,Форвард,3,380.0,380.0,CNY,тонн,7296000.0,0.0,3.0,19200.0,reported,"Ash (dry,%) ≤ 23.0% | Volatile matter | (dry, ash free basis,%) ≤ 37.0% | Sulfur (dry, %) ≤ 1.0% | Total moisture | (as recieved,%) ≤ 9.0% | Calorific Value | (Kcal/kg) ≈5500"
2025-01-08,FE03-2025010801,MRTSM-301,Монголросцветмет ТӨҮГ,Mongolrostsvetmet (ex-Erdenes Critical Minerals),Монголросцветмет ТӨҮГ /Эрдэнэс критикал минералс ТӨҮГ/,Iron ore,Төмөр,Хүдэр,Iron ore Fe 52%,Fe-52% Төмрийн хүдэр,Форвард,5,60.0,61.0,USD,тонн,402600.0,1.67,2.0,6600.0,reported,H2O 0.5-1.0% | Al203 1%-3% | S 0.02%-0.05% | SiO2 5%-10% | Fe <52% | TiO2 0.01%-0.08% | P 0.01%-0.03%
2025-01-08,FE01-2025010802,MRTSM-302,Монголросцветмет ТӨҮГ,Mongolrostsvetmet (ex-Erdenes Critical Minerals),Монголросцветмет ТӨҮГ /Эрдэнэс критикал минералс ТӨҮГ/,Iron ore,Төмөр,Баяжмал,Iron concentrate Fe 65%,Fe-65% Төмрийн баяжмал,Форвард,2,85.0,86.0,USD,тонн,1702800.0,1.18,6.0,19800.0,reported,H2O 7-10% | Al203 0.4%-1% | S 0.02%-0.08% | SiO2 3%-8% | Fe <65% | TiO2 0.01%-0.08% | P 0.01%-0.03%
2025-01-08,C10-2025010802,ER-25008,Энержи Ресурс ХХК,Energy Resources,Энержи Ресурс ХХК,Coal,Нүүрс,Баяжуулсан,Washed non-coking-quality coal,Баяжуулсан коксжих чанаргүй нүүрс,Форвард,2,380.0,380.0,CNY,тонн,7296000.0,0.0,3.0,19200.0,reported,"Ash (dry,%) ≤ 23.0% | Volatile matter | (dry, ash free basis,%) ≤ 37.0% | Sulfur (dry, %) ≤ 1.0% | Total moisture | (as recieved,%) ≤ 9.0% | Calorific Value | (Kcal/kg) ≈5500"
2025-01-06,FE03-2025010601,MRTSM-300,Монголросцветмет ТӨҮГ,Mongolrostsvetmet (ex-Erdenes Critical Minerals),Монголросцветмет ТӨҮГ /Эрдэнэс критикал минералс ТӨҮГ/,Iron ore,Төмөр,Хүдэр,Iron ore Fe 52%,Fe-52% Төмрийн хүдэр,Форвард,4,60.0,60.5,USD,тонн,399300.0,0.83,2.0,6600.0,reported,
2025-01-03,FE03-2025010301,MRTSM-298,Монголросцветмет ТӨҮГ,Mongolrostsvetmet (ex-Erdenes Critical Minerals),Монголросцветмет ТӨҮГ /Эрдэнэс критикал минералс ТӨҮГ/,Iron ore,Төмөр,Хүдэр,Iron ore Fe 52%,Fe-52% Төмрийн хүдэр,Форвард,4,60.0,60.5,USD,тонн,399300.0,0.83,2.0,6600.0,reported,
2024-12-31,FE03-2024123101,MRTSM-297,Монголросцветмет ТӨҮГ,Mongolrostsvetmet (ex-Erdenes Critical Minerals),Монголросцветмет ТӨҮГ /Эрдэнэс критикал минералс ТӨҮГ/,Iron ore,Төмөр,Хүдэр,Iron ore Fe 52%,Fe-52% Төмрийн хүдэр,Форвард,3,60.0,60.0,USD,тонн,396000.0,0.0,2.0,6600.0,reported,
2024-12-30,FE03-2024123001,MRTSM-292,Монголросцветмет ТӨҮГ,Mongolrostsvetmet (ex-Erdenes Critical Minerals),Монголросцветмет ТӨҮГ /Эрдэнэс критикал минералс ТӨҮГ/,Iron ore,Төмөр,Хүдэр,Iron ore Fe 52%,Fe-52% Төмрийн хүдэр,Форвард,1,60.0,60.0,USD,тонн,396000.0,0.0,2.0,6600.0,reported,H2O 0.5-1.0% | Al203 1%-3% | S 0.02%-0.05% | SiO2 5%-10% | Fe <52% | TiO2 0.01%-0.08% | P 0.01%-0.03%
2024-12-30,FE02-2024123002,DMP-24186,Дарханы Төмөрлөгийн Үйлдвэр ХХК,Дарханы Төмөрлөгийн Үйлдвэр ХХК,Дарханы Төмөрлөгийн Үйлдвэр ХХК,Iron ore,Төмөр,Баяжмал,Fe-58% Төмрийн баяжмал,Fe-58% Төмрийн баяжмал,Форвард,1,56.0,56.0,USD,тонн,3326400.0,0.0,18.0,59400.0,reported,"Fe (58%) | S (3.5%) | Al2O3 (1.0%) | SiO2 (6.0%) | TiO2 (0.1%) | P (0.02%) | Fraction (0-10mm, 10-40mm)"
2024-12-20,C08-2024122003,AND-04,Андын Илч ХХК,Андын Илч ХХК,Андын Илч ХХК,Coal,Нүүрс,Боловсруулаагүй,Чийг багатай хүрэн нүүрс,Чийг багатай хүрэн нүүрс,Форвард,1,190.0,190.0,CNY,тонн,9728000.0,0.0,8.0,51200.0,reported,Sulphur-2.01% | Moisture/H2O/- 29.3% | Calorific value with (moisture) - 4197.00< | Calolific value with (cal)  - 3383.00 /cal/-kg | Ash - 18.70% | volatile - 46.30%
2024-12-19,FE03-2024121902,MRTSM-294,Монголросцветмет ТӨҮГ,Mongolrostsvetmet (ex-Erdenes Critical Minerals),Монголросцветмет ТӨҮГ /Эрдэнэс критикал минералс ТӨҮГ/,Iron ore,Төмөр,Хүдэр,Iron ore Fe 52%,Fe-52% Төмрийн хүдэр,Форвард,1,63.5,63.5,USD,тонн,838200.0,0.0,4.0,13200.0,reported,H2O 0.5-1.0% | Al203 1%-3% | S 0.02%-0.05% | SiO2 5%-10% | Fe <52% | TiO2 0.01%-0.08% | P 0.01%-0.03%
2024-12-19,FE01-2024121901,MRTSM-295,Монголросцветмет ТӨҮГ,Mongolrostsvetmet (ex-Erdenes Critical Minerals),Монголросцветмет ТӨҮГ /Эрдэнэс критикал минералс ТӨҮГ/,Iron ore,Төмөр,Баяжмал,Iron concentrate Fe 65%,Fe-65% Төмрийн баяжмал,Форвард,1,85.0,85.0,USD,тонн,1683000.0,0.0,6.0,19800.0,reported,H2O 7-10% | Al203 0.4%-1% | S 0.02%-0.08% | SiO2 3%-8% | Fe <65% | TiO2 0.01%-0.08% | P 0.01%-0.03%
2024-12-18,FE03-2024121801,MRTSM-288,Монголросцветмет ТӨҮГ,Mongolrostsvetmet (ex-Erdenes Critical Minerals),Монголросцветмет ТӨҮГ /Эрдэнэс критикал минералс ТӨҮГ/,Iron ore,Төмөр,Хүдэр,Iron ore Fe 52%,Fe-52% Төмрийн хүдэр,Форвард,1,63.5,63.5,USD,тонн,419100.0,0.0,2.0,6600.0,reported,H2O 0.5-1.0% | Al203 1%-3% | S 0.02%-0.05% | SiO2 5%-10% | Fe <52% | TiO2 0.01%-0.08% | P 0.01%-0.03%
2024-12-18,FE02-2024121802,DMP-24183,Дарханы Төмөрлөгийн Үйлдвэр ХХК,Дарханы Төмөрлөгийн Үйлдвэр ХХК,Дарханы Төмөрлөгийн Үйлдвэр ХХК,Iron ore,Төмөр,Баяжмал,Fe-58% Төмрийн баяжмал,Fe-58% Төмрийн баяжмал,Форвард,1,56.0,56.0,USD,тонн,1108800.0,0.0,6.0,19800.0,reported,"Fe (58%) | S (3.5%) | Al2O3 (1.0%) | SiO2 (6.0%) | TiO2 (0.1%) | P (0.02%) | Fraction (0-10mm, 10-40mm)"
2024-12-18,C08-2024121802,PCC-24004,Премиумкөүл Корпораци ХХК,Премиумкөүл Корпораци ХХК,Премиумкөүл Корпораци ХХК,Coal,Нүүрс,Боловсруулаагүй,Чийг багатай хүрэн нүүрс,Чийг багатай хүрэн нүүрс,Форвард,1,180.0,180.0,CNY,тонн,11520000.0,0.0,10.0,64000.0,reported,"Sulfur: ≤1.5% | Moisture: <30% | Calorific value: 3,500 - 4,000 Kcal Qnet ar | Ash: ≤15% | Volatile: >37%"
2024-12-17,FE02-2024121701,DMP-24182,Дарханы Төмөрлөгийн Үйлдвэр ХХК,Дарханы Төмөрлөгийн Үйлдвэр ХХК,Дарханы Төмөрлөгийн Үйлдвэр ХХК,Iron ore,Төмөр,Баяжмал,Fe-58% Төмрийн баяжмал,Fe-58% Төмрийн баяжмал,Форвард,1,56.0,56.0,USD,тонн,1108800.0,0.0,6.0,19800.0,reported,
2024-12-13,C04-2024121302,ETT-24-25-1-3 CO,Эрдэнэс Тавантолгой ХК,Erdenes Tavan Tolgoi,Эрдэнэс Тавантолгой ХК,Coal,Нүүрс,Боловсруулаагүй,1/3 coking coal,1/3 коксжих нүүрс,Форвард,3,72.1,72.6,USD,тонн,37171200.0,0.69,80.0,512000.0,reported,
2024-12-12,FE03-2024121201,MRTSM-286,Монголросцветмет ТӨҮГ,Mongolrostsvetmet (ex-Erdenes Critical Minerals),Монголросцветмет ТӨҮГ /Эрдэнэс критикал минералс ТӨҮГ/,Iron ore,Төмөр,Хүдэр,Iron ore Fe 52%,Fe-52% Төмрийн хүдэр,Форвард,1,63.5,63.5,USD,тонн,419100.0,0.0,2.0,6600.0,reported,
2024-12-10,FE03-2024121001,MRTSM-285,Монголросцветмет ТӨҮГ,Mongolrostsvetmet (ex-Erdenes Critical Minerals),Монголросцветмет ТӨҮГ /Эрдэнэс критикал минералс ТӨҮГ/,Iron ore,Төмөр,Хүдэр,Iron ore Fe 52%,Fe-52% Төмрийн хүдэр,Форвард,1,63.5,63.5,USD,тонн,419100.0,0.0,2.0,6600.0,reported,
2024-12-05,C08-2024120503,PCC-24003,Премиумкөүл Корпораци ХХК,Премиумкөүл Корпораци ХХК,Премиумкөүл Корпораци ХХК,Coal,Нүүрс,Боловсруулаагүй,Чийг багатай хүрэн нүүрс,Чийг багатай хүрэн нүүрс,Форвард,1,180.0,180.0,CNY,тонн,4608000.0,0.0,4.0,25600.0,reported,
2024-12-02,FE03-2024120201,MRTSM-281,Монголросцветмет ТӨҮГ,Mongolrostsvetmet (ex-Erdenes Critical Minerals),Монголросцветмет ТӨҮГ /Эрдэнэс критикал минералс ТӨҮГ/,Iron ore,Төмөр,Хүдэр,Iron ore Fe 52%,Fe-52% Төмрийн хүдэр,Форвард,1,65.0,65.0,USD,тонн,429000.0,0.0,2.0,6600.0,reported,
2024-11-28,C09-2024112803,SGD-01,Саусгоби Даймонд ХХК,Саусгоби Даймонд ХХК,Саусгоби Даймонд ХХК,Coal,Нүүрс,Баяжуулсан,"Баяжуулсан дунд зэрэг үнслэгтэй, сул коксжих нүүрс","Баяжуулсан дунд зэрэг үнслэгтэй, сул коксжих нүүрс",Форвард,1,70.0,70.0,USD,тонн,448000.0,0.0,1.0,6400.0,reported,Ash (db) ≤18.7 ±3Volatile (daf) >30.78 ±2Total sulfur (db) ≤0.85 ±0.1Total moisture (ar) ≤4.83 | Calorific (cal/g) 6441 ±200 | G-Index (5:1) 40 ±5
2024-11-28,C02-2024112802,KH-24012,Хангад Эксплорэйшн ХХК,Khangad Exploration,Хангад Эксплорэйшн ХХК,Coal,Нүүрс,Баяжуулсан,Washed semi-soft coking coal,Баяжуулсан сул коксжих нүүрс,Форвард,1,850.0,850.0,CNY,тонн,10880000.0,0.0,2.0,12800.0,reported,"Ash (dry,%) ≤ 9.5% | Volatile matter | (dry, ash free basis,%) > 28.0% | Sulfur (dry, %) ≤ 0.85% | Total moisture | (as recieved,%) ≤ 10.0% | G index ≥65"
2024-11-27,FE03-2024112701,MRTSM-279,Монголросцветмет ТӨҮГ,Mongolrostsvetmet (ex-Erdenes Critical Minerals),Монголросцветмет ТӨҮГ /Эрдэнэс критикал минералс ТӨҮГ/,Iron ore,Төмөр,Хүдэр,Iron ore Fe 52%,Fe-52% Төмрийн хүдэр,Форвард,1,65.0,65.0,USD,тонн,214500.0,0.0,1.0,3300.0,reported,H2O 0.5-1.0% | Al203 1%-3% | S 0.02%-0.05% | SiO2 5%-10% | Fe <52% | TiO2 0.01%-0.08% | P 0.01%-0.03%
2024-11-27,FE02-2024112703,DMP-24173,Дарханы Төмөрлөгийн Үйлдвэр ХХК,Дарханы Төмөрлөгийн Үйлдвэр ХХК,Дарханы Төмөрлөгийн Үйлдвэр ХХК,Iron ore,Төмөр,Баяжмал,Fe-58% Төмрийн баяжмал,Fe-58% Төмрийн баяжмал,Форвард,1,56.0,56.0,USD,тонн,1108800.0,0.0,6.0,19800.0,reported,"Fe (58%) | S (3.5%) | Al2O3 (1.0%) | SiO2 (6.0%) | TiO2 (0.1%) | P (0.02%) | Fraction (0-10mm, 10-40mm)"
2024-11-27,FE02-2024112702,DMP-24172,Дарханы Төмөрлөгийн Үйлдвэр ХХК,Дарханы Төмөрлөгийн Үйлдвэр ХХК,Дарханы Төмөрлөгийн Үйлдвэр ХХК,Iron ore,Төмөр,Баяжмал,Fe-58% Төмрийн баяжмал,Fe-58% Төмрийн баяжмал,Форвард,2,56.0,58.5,USD,тонн,1158300.0,4.46,6.0,19800.0,reported,"Fe (58%) | S (3.5%) | Al2O3 (1.0%) | SiO2 (6.0%) | TiO2 (0.1%) | P (0.02%) | Fraction (0-10mm, 10-40mm)"
2024-11-25,FE03-2024112501,MRTSM-278,Монголросцветмет ТӨҮГ,Mongolrostsvetmet (ex-Erdenes Critical Minerals),Монголросцветмет ТӨҮГ /Эрдэнэс критикал минералс ТӨҮГ/,Iron ore,Төмөр,Хүдэр,Iron ore Fe 52%,Fe-52% Төмрийн хүдэр,Форвард,2,65.0,65.5,USD,тонн,216150.0,0.77,1.0,3300.0,reported,
2024-11-22,FE03-2024112201,MRTSM-277,Монголросцветмет ТӨҮГ,Mongolrostsvetmet (ex-Erdenes Critical Minerals),Монголросцветмет ТӨҮГ /Эрдэнэс критикал минералс ТӨҮГ/,Iron ore,Төмөр,Хүдэр,Iron ore Fe 52%,Fe-52% Төмрийн хүдэр,Форвард,3,65.0,65.5,USD,тонн,216150.0,0.77,1.0,3300.0,reported,H2O 0.5-1.0% | Al203 1%-3% | S 0.02%-0.05% | SiO2 5%-10% | Fe <52% | TiO2 0.01%-0.08% | P 0.01%-0.03%
2024-11-22,FE02-2024112202,DMP-24170,Дарханы Төмөрлөгийн Үйлдвэр ХХК,Дарханы Төмөрлөгийн Үйлдвэр ХХК,Дарханы Төмөрлөгийн Үйлдвэр ХХК,Iron ore,Төмөр,Баяжмал,Fe-58% Төмрийн баяжмал,Fe-58% Төмрийн баяжмал,Форвард,2,56.0,58.0,USD,тонн,765600.0,3.57,4.0,13200.0,reported,"Fe (58%) | S (3.5%) | Al2O3 (1.0%) | SiO2 (6.0%) | TiO2 (0.1%) | P (0.02%) | Fraction (0-10mm, 10-40mm)"
2024-11-22,C05-2024112202,ETT-24-20-OX,Эрдэнэс Тавантолгой ХК,Erdenes Tavan Tolgoi,Эрдэнэс Тавантолгой ХК,Coal,Нүүрс,Боловсруулаагүй,"Thermal coal (bituminous, non-caking)","Эрчим хүчний нүүрс /Битумт, үл барьцалдах нүүрс/",Форвард,4,48.8,49.8,USD,тонн,25497600.0,2.05,80.0,512000.0,reported,Ash (db) 26.0 (-5.0 | +5.0) | Volatile (daf) 34.0 max | Total sulfur (db) 1.0 (-0.3 | +0.5) | Total moisture (ar) 3.0 (-1.0 | +3.0) | Calorific (cal/g) 5550 (-500 | +500) | G-Index (5:1) ≤5
2024-11-21,FE02-2024112101,DMP-24169,Дарханы Төмөрлөгийн Үйлдвэр ХХК,Дарханы Төмөрлөгийн Үйлдвэр ХХК,Дарханы Төмөрлөгийн Үйлдвэр ХХК,Iron ore,Төмөр,Баяжмал,Fe-58% Төмрийн баяжмал,Fe-58% Төмрийн баяжмал,Форвард,2,56.0,57.5,USD,тонн,759000.0,2.68,4.0,13200.0,reported,"Fe (58%) | S (3.5%) | Al2O3 (1.0%) | SiO2 (6.0%) | TiO2 (0.1%) | P (0.02%) | Fraction (0-10mm, 10-40mm)"
2024-11-21,CaF02-2024112102,OMKH-03,Очир мандал хайрхан ХХК,Очир мандал хайрхан ХХК,Очир мандал хайрхан ХХК,Fluorspar,Жонш,Хайлуур жонш,CaF2 85% Бүхэллэг хайлуур жонш,CaF2 85% Бүхэллэг хайлуур жонш,Форвард,1,1900.0,1900.0,CNY,тонн,1976000.0,0.0,16.0,1040.0,reported,CaF2 <85.3% | CaCO3 0.85% | S <0.01 | P 0.03
2024-11-21,CaF02-2024112101,OMKH-02,Очир мандал хайрхан ХХК,Очир мандал хайрхан ХХК,Очир мандал хайрхан ХХК,Fluorspar,Жонш,Хайлуур жонш,CaF2 78% Бүхэллэг хайлуур жонш,CaF2 78% Бүхэллэг хайлуур жонш,Форвард,1,1700.0,1700.0,CNY,тонн,1768000.0,0.0,16.0,1040.0,reported,CaF2 <78.2% | CaCO3 0.85% | S <0.01 | P 0.04
2024-11-21,C06-2024112102,ER-24265,Энержи Ресурс ХХК,Energy Resources,Энержи Ресурс ХХК,Coal,Нүүрс,Баяжуулсан,Washed medium-ash semi-hard coking coal,"Баяжуулсан дунд зэрэг үнстэй, хагас хатуу коксжих нүүрс",Форвард,3,450.0,460.0,CNY,тонн,11776000.0,2.22,4.0,25600.0,reported,"Ash (dry,%) ≤ 25.0% | Volatile matter | (dry, ash free basis,%) >10.0%-28.0% | Sulfur (dry, %) ≤ 1.0% | Total moisture | (as recieved,%) ≤ 10.0% | G index >20-60 | Calorific Value | (Kcal/kg) ≈5500"
2024-11-20,FE03-2024112001,MRTSM-276,Монголросцветмет ТӨҮГ,Mongolrostsvetmet (ex-Erdenes Critical Minerals),Монголросцветмет ТӨҮГ /Эрдэнэс критикал минералс ТӨҮГ/,Iron ore,Төмөр,Хүдэр,Iron ore Fe 52%,Fe-52% Төмрийн хүдэр,Форвард,4,65.0,67.5,USD,тонн,222750.0,3.85,1.0,3300.0,reported,H2O 0.5-1.0% | Al203 1%-3% | S 0.02%-0.05% | SiO2 5%-10% | Fe <52% | TiO2 0.01%-0.08% | P 0.01%-0.03%
2024-11-20,FE02-2024112002,DMP-24168,Дарханы Төмөрлөгийн Үйлдвэр ХХК,Дарханы Төмөрлөгийн Үйлдвэр ХХК,Дарханы Төмөрлөгийн Үйлдвэр ХХК,Iron ore,Төмөр,Баяжмал,Fe-58% Төмрийн баяжмал,Fe-58% Төмрийн баяжмал,Форвард,2,56.0,58.5,USD,тонн,772200.0,4.46,4.0,13200.0,reported,"Fe (58%) | S (3.5%) | Al2O3 (1.0%) | SiO2 (6.0%) | TiO2 (0.1%) | P (0.02%) | Fraction (0-10mm, 10-40mm)"
2024-11-19,FE02-2024111901,DMP-24167,Дарханы Төмөрлөгийн Үйлдвэр ХХК,Дарханы Төмөрлөгийн Үйлдвэр ХХК,Дарханы Төмөрлөгийн Үйлдвэр ХХК,Iron ore,Төмөр,Баяжмал,Fe-58% Төмрийн баяжмал,Fe-58% Төмрийн баяжмал,Форвард,3,56.0,60.0,USD,тонн,792000.0,7.14,4.0,13200.0,reported,
2024-11-18,FE03-2024111801,MRTSM-275,Монголросцветмет ТӨҮГ,Mongolrostsvetmet (ex-Erdenes Critical Minerals),Монголросцветмет ТӨҮГ /Эрдэнэс критикал минералс ТӨҮГ/,Iron ore,Төмөр,Хүдэр,Iron ore Fe 52%,Fe-52% Төмрийн хүдэр,Форвард,1,65.0,65.0,USD,тонн,214500.0,0.0,1.0,3300.0,reported,H2O 0.5-1.0% | Al203 1%-3% | S 0.02%-0.05% | SiO2 5%-10% | Fe <52% | TiO2 0.01%-0.08% | P 0.01%-0.03%
2024-11-18,FE02-2024111802,DMP-24166,Дарханы Төмөрлөгийн Үйлдвэр ХХК,Дарханы Төмөрлөгийн Үйлдвэр ХХК,Дарханы Төмөрлөгийн Үйлдвэр ХХК,Iron ore,Төмөр,Баяжмал,Fe-58% Төмрийн баяжмал,Fe-58% Төмрийн баяжмал,Форвард,3,56.0,57.0,USD,тонн,752400.0,1.79,4.0,13200.0,reported,"Fe (58%) | S (3.5%) | Al2O3 (1.0%) | SiO2 (6.0%) | TiO2 (0.1%) | P (0.02%) | Fraction (0-10mm, 10-40mm)"
2024-11-18,C04-2024111802,ETT-24-23-1-3,Эрдэнэс Тавантолгой ХК,Erdenes Tavan Tolgoi,Эрдэнэс Тавантолгой ХК,Coal,Нүүрс,Боловсруулаагүй,1/3 coking coal,1/3 коксжих нүүрс,Форвард,1,83.3,83.3,USD,тонн,21324800.0,0.0,40.0,256000.0,reported,Ash (db) 24.5 (-5.0 | +5.0) | Volatile (daf) 33.0 (-1.5 | +1.5) | Total sulfur (db) 1.1 (-0.5 | +0.5) | Total moisture (ar) 3.12 (-0.8 | +0.8) | G-Index (5:1) 70 (-5.0 | +10.0)
2024-11-15,FE01-2024111501,MRTSM-274,Монголросцветмет ТӨҮГ,Mongolrostsvetmet (ex-Erdenes Critical Minerals),Монголросцветмет ТӨҮГ /Эрдэнэс критикал минералс ТӨҮГ/,Iron ore,Төмөр,Баяжмал,Iron concentrate Fe 65%,Fe-65% Төмрийн баяжмал,Форвард,2,85.0,90.5,USD,тонн,1791900.0,6.47,6.0,19800.0,reported,
2024-11-14,FE03-2024111401,MRTSM-273,Монголросцветмет ТӨҮГ,Mongolrostsvetmet (ex-Erdenes Critical Minerals),Монголросцветмет ТӨҮГ /Эрдэнэс критикал минералс ТӨҮГ/,Iron ore,Төмөр,Хүдэр,Iron ore Fe 52%,Fe-52% Төмрийн хүдэр,Форвард,2,65.0,65.0,USD,тонн,214500.0,0.0,1.0,3300.0,reported,H2O 0.5-1.0% | Al203 1%-3% | S 0.02%-0.05% | SiO2 5%-10% | Fe <52% | TiO2 0.01%-0.08% | P 0.01%-0.03%
2024-11-14,C05-2024111404,ETT-2024-019-OX,Эрдэнэс Тавантолгой ХК,Erdenes Tavan Tolgoi,Эрдэнэс Тавантолгой ХК,Coal,Нүүрс,Боловсруулаагүй,"Thermal coal (bituminous, non-caking)","Эрчим хүчний нүүрс /Битумт, үл барьцалдах нүүрс/",Форвард,6,48.8,54.3,USD,тонн,6950400.0,11.27,20.0,128000.0,reported,Ash (db) 21.5 (-5.0 | +5.0) | Volatile (daf) 34.0 max | Total sulfur (db) 1.5 max | Total moisture (ar) 6.0 (-3.0 | +3.0) | Calorific (cal/g) 5500 (-500 | +700) | G-Index (5:1) <5
2024-11-14,C02-2024111402,KH-24011,Хангад Эксплорэйшн ХХК,Khangad Exploration,Хангад Эксплорэйшн ХХК,Coal,Нүүрс,Баяжуулсан,Washed semi-soft coking coal,Баяжуулсан сул коксжих нүүрс,Форвард,3,850.0,860.0,CNY,тонн,11008000.0,1.18,2.0,12800.0,reported,"Ash (dry,%) ≤ 9.5% | Volatile matter | (dry, ash free basis,%) > 28.0% | Sulfur (dry, %) ≤ 0.85% | Total moisture | (as recieved,%) ≤ 10.0% | G index ≥65"
2024-11-13,FE01-2024111301,MRTSM-272,Монголросцветмет ТӨҮГ,Mongolrostsvetmet (ex-Erdenes Critical Minerals),Монголросцветмет ТӨҮГ /Эрдэнэс критикал минералс ТӨҮГ/,Iron ore,Төмөр,Баяжмал,Iron concentrate Fe 65%,Fe-65% Төмрийн баяжмал,Форвард,2,85.0,88.5,USD,тонн,1752300.0,4.12,6.0,19800.0,reported,H2O = 7-10% | Al2O3 = 0.4%-1% | S = 0.02%-0.08% | SiO2 = 3%-8% | Fe = <65% | TiO2 = 0.01%-0.08% | P = 0.01%-0.03%
2024-11-13,C08-2024111302,PCC-24002,Премиумкөүл Корпораци ХХК,Премиумкөүл Корпораци ХХК,Премиумкөүл Корпораци ХХК,Coal,Нүүрс,Боловсруулаагүй,Чийг багатай хүрэн нүүрс,Чийг багатай хүрэн нүүрс,Форвард,2,180.0,200.0,CNY,тонн,1280000.0,11.11,1.0,6400.0,reported,Sulfur ≤ 1.5% | Moisture <30% | Calorific value 3500- 4000 Kcal Qnet ar | Ash ≤ 15% | Volatile > 37%
2024-11-12,FE03-2024111201,MRTSM-271,Монголросцветмет ТӨҮГ,Mongolrostsvetmet (ex-Erdenes Critical Minerals),Монголросцветмет ТӨҮГ /Эрдэнэс критикал минералс ТӨҮГ/,Iron ore,Төмөр,Хүдэр,Iron ore Fe 52%,Fe-52% Төмрийн хүдэр,Форвард,1,65.0,65.0,USD,тонн,214500.0,0.0,1.0,3300.0,reported,
2024-11-11,C01-2024111101,ER-24256,Энержи Ресурс ХХК,Energy Resources,Энержи Ресурс ХХК,Coal,Нүүрс,Баяжуулсан,Washed coking coal,Баяжуулсан коксжих нүүрс,Форвард,2,1050.0,1050.0,CNY,тонн,20160000.0,0.0,3.0,19200.0,reported,"Ash (dry,%) ≤ 11.0% | Volatile matter | (dry, ash free basis,%) >20.0%-28.0% | Sulfur (dry, %) ≤ 0.85% | Total moisture | (as recieved,%) ≤ 10.0% | G index ≥ 75"
2024-11-08,FE03-2024110801,MRTSM-269,Монголросцветмет ТӨҮГ,Mongolrostsvetmet (ex-Erdenes Critical Minerals),Монголросцветмет ТӨҮГ /Эрдэнэс критикал минералс ТӨҮГ/,Iron ore,Төмөр,Хүдэр,Iron ore Fe 52%,Fe-52% Төмрийн хүдэр,Форвард,2,65.0,67.5,USD,тонн,222750.0,3.85,1.0,3300.0,reported,H2O 0.5-1.0% | Al203 1%-3% | S 0.02%-0.05% | SiO2 5%-10% | Fe <52% | TiO2 0.01%-0.08% | P 0.01%-0.03%
2024-11-08,FE02-2024110802,DMP-24160,Дарханы Төмөрлөгийн Үйлдвэр ХХК,Дарханы Төмөрлөгийн Үйлдвэр ХХК,Дарханы Төмөрлөгийн Үйлдвэр ХХК,Iron ore,Төмөр,Баяжмал,Fe-58% Төмрийн баяжмал,Fe-58% Төмрийн баяжмал,Форвард,4,56.0,60.5,USD,тонн,399300.0,8.04,2.0,6600.0,reported,"Fe (58%) | S (3.5%) | Al2O3 (1.0%) | SiO2 (6.0%) | TiO2 (0.1%) | P (0.02%) | Fraction (0-10mm, 10-40mm)"
2024-11-08,C01-2024110801,ER-24255,Энержи Ресурс ХХК,Energy Resources,Энержи Ресурс ХХК,Coal,Нүүрс,Баяжуулсан,Washed coking coal,Баяжуулсан коксжих нүүрс,Форвард,4,1050.0,1050.0,CNY,тонн,20160000.0,0.0,3.0,19200.0,reported,"Ash (dry,%) ≤ 11.0% | Volatile matter | (dry, ash free basis,%) >20.0%-28.0% | Sulfur (dry, %) ≤ 0.85% | Total moisture | (as recieved,%) ≤ 10.0% | G index ≥ 75"
2024-11-07,FE03-2024110701,MRTSM-268,Монголросцветмет ТӨҮГ,Mongolrostsvetmet (ex-Erdenes Critical Minerals),Монголросцветмет ТӨҮГ /Эрдэнэс критикал минералс ТӨҮГ/,Iron ore,Төмөр,Хүдэр,Iron ore Fe 52%,Fe-52% Төмрийн хүдэр,Форвард,2,65.0,67.0,USD,тонн,1105500.0,3.08,5.0,16500.0,reported,H2O 0.5-1.0% | Al203 1%-3% | S 0.02%-0.05% | SiO2 5%-10% | Fe <52% | TiO2 0.01%-0.08% | P 0.01%-0.03%
2024-11-07,FE02-2024110702,DMP-24159,Дарханы Төмөрлөгийн Үйлдвэр ХХК,Дарханы Төмөрлөгийн Үйлдвэр ХХК,Дарханы Төмөрлөгийн Үйлдвэр ХХК,Iron ore,Төмөр,Баяжмал,Fe-58% Төмрийн баяжмал,Fe-58% Төмрийн баяжмал,Форвард,3,56.0,60.5,USD,тонн,399300.0,8.04,2.0,6600.0,reported,"Fe (58%) | S (3.5%) | Al2O3 (1.0%) | SiO2 (6.0%) | TiO2 (0.1%) | P (0.02%) | Fraction (0-10mm, 10-40mm)"
2024-11-07,C06-2024110702,ER-24254,Энержи Ресурс ХХК,Energy Resources,Энержи Ресурс ХХК,Coal,Нүүрс,Баяжуулсан,Washed medium-ash semi-hard coking coal,"Баяжуулсан дунд зэрэг үнстэй, хагас хатуу коксжих нүүрс",Форвард,7,450.0,470.0,CNY,тонн,12032000.0,4.44,4.0,25600.0,reported,"Ash (dry,%) ≤ 25.0% | Volatile matter | (dry, ash free basis,%) >10.0%-28.0% | Sulfur (dry, %) ≤ 1.0% | Total moisture | (as recieved,%) ≤ 10.0% | G index >20-60 | Calorific Value | (Kcal/kg) ≈5500"
2024-11-07,C01-2024110701,ER-24253,Энержи Ресурс ХХК,Energy Resources,Энержи Ресурс ХХК,Coal,Нүүрс,Баяжуулсан,Washed coking coal,Баяжуулсан коксжих нүүрс,Форвард,6,1050.0,1050.0,CNY,тонн,20160000.0,0.0,3.0,19200.0,reported,"Ash (dry,%) ≤ 11.0% | Volatile matter | (dry, ash free basis,%) >20.0%-28.0% | Sulfur (dry, %) ≤ 0.85% | Total moisture | (as recieved,%) ≤ 10.0% | G index ≥ 75"
2024-11-06,FE03-2024110601,MRTSM-267,Монголросцветмет ТӨҮГ,Mongolrostsvetmet (ex-Erdenes Critical Minerals),Монголросцветмет ТӨҮГ /Эрдэнэс критикал минералс ТӨҮГ/,Iron ore,Төмөр,Хүдэр,Iron ore Fe 52%,Fe-52% Төмрийн хүдэр,Форвард,2,65.0,67.5,USD,тонн,222750.0,3.85,1.0,3300.0,reported,H2O 0.5-1.0% | Al203 1%-3% | S 0.02%-0.05% | SiO2 5%-10% | Fe <52% | TiO2 0.01%-0.08% | P 0.01%-0.03%
2024-11-06,FE02-2024110602,DMP-24158,Дарханы Төмөрлөгийн Үйлдвэр ХХК,Дарханы Төмөрлөгийн Үйлдвэр ХХК,Дарханы Төмөрлөгийн Үйлдвэр ХХК,Iron ore,Төмөр,Баяжмал,Fe-58% Төмрийн баяжмал,Fe-58% Төмрийн баяжмал,Форвард,4,56.0,60.5,USD,тонн,399300.0,8.04,2.0,6600.0,reported,"Fe (58%) | S (3.5%) | Al2O3 (1.0%) | SiO2 (6.0%) | TiO2 (0.1%) | P (0.02%) | Fraction (0-10mm, 10-40mm)"
2024-11-06,C01-2024110601,ER-24252,Энержи Ресурс ХХК,Energy Resources,Энержи Ресурс ХХК,Coal,Нүүрс,Баяжуулсан,Washed coking coal,Баяжуулсан коксжих нүүрс,Форвард,6,1050.0,1050.0,CNY,тонн,20160000.0,0.0,3.0,19200.0,reported,"Ash (dry,%) ≤ 11.0% | Volatile matter | (dry, ash free basis,%) >20.0%-28.0% | Sulfur (dry, %) ≤ 0.85% | Total moisture | (as recieved,%) ≤ 10.0% | G index ≥ 75"
2024-11-05,FE03-2024110501,MRTSM-266,Монголросцветмет ТӨҮГ,Mongolrostsvetmet (ex-Erdenes Critical Minerals),Монголросцветмет ТӨҮГ /Эрдэнэс критикал минералс ТӨҮГ/,Iron ore,Төмөр,Хүдэр,Iron ore Fe 52%,Fe-52% Төмрийн хүдэр,Форвард,2,65.0,66.0,USD,тонн,1089000.0,1.54,5.0,16500.0,reported,H2O 0.5-1.0% | Al203 1%-3% | S 0.02%-0.05% | SiO2 5%-10% | Fe <52% | TiO2 0.01%-0.08% | P 0.01%-0.03%
2024-11-05,FE02-2024110502,DMP-24157,Дарханы Төмөрлөгийн Үйлдвэр ХХК,Дарханы Төмөрлөгийн Үйлдвэр ХХК,Дарханы Төмөрлөгийн Үйлдвэр ХХК,Iron ore,Төмөр,Баяжмал,Fe-58% Төмрийн баяжмал,Fe-58% Төмрийн баяжмал,Форвард,3,56.0,60.0,USD,тонн,396000.0,7.14,2.0,6600.0,reported,"Fe (58%) | S (3.5%) | Al2O3 (1.0%) | SiO2 (6.0%) | TiO2 (0.1%) | P (0.02%) | Fraction (0-10mm, 10-40mm)"
2024-11-05,C05-2024110502,ETT-24-18-OX,Эрдэнэс Тавантолгой ХК,Erdenes Tavan Tolgoi,Эрдэнэс Тавантолгой ХК,Coal,Нүүрс,Боловсруулаагүй,"Thermal coal (bituminous, non-caking)","Эрчим хүчний нүүрс /Битумт, үл барьцалдах нүүрс/",Форвард,10,48.8,56.3,USD,тонн,14412800.0,15.37,40.0,256000.0,reported,Ash (db) 21.5 (-5.0 | +5.0) | Volatile (daf) 34.0 max | Total sulfur (db) 1.5 max | Total moisture (ar) 6.0 (-3.0 | +3.0) | Calorific (cal/g) 5500 (-500 | +700) | G-Index (5:1) <5
2024-11-05,C01-2024110501,ER-24251,Энержи Ресурс ХХК,Energy Resources,Энержи Ресурс ХХК,Coal,Нүүрс,Баяжуулсан,Washed coking coal,Баяжуулсан коксжих нүүрс,Форвард,7,1050.0,1050.0,CNY,тонн,20160000.0,0.0,3.0,19200.0,reported,"Ash (dry,%) ≤ 11.0% | Volatile matter | (dry, ash free basis,%) >20.0%-28.0% | Sulfur (dry, %) ≤ 0.85% | Total moisture | (as recieved,%) ≤ 10.0% | G index ≥ 75"
2024-11-04,FE03-2024110401,MRTSM-270,Монголросцветмет ТӨҮГ,Mongolrostsvetmet (ex-Erdenes Critical Minerals),Монголросцветмет ТӨҮГ /Эрдэнэс критикал минералс ТӨҮГ/,Iron ore,Төмөр,Хүдэр,Iron ore Fe 52%,Fe-52% Төмрийн хүдэр,Форвард,3,65.0,67.5,USD,тонн,222750.0,3.85,1.0,3300.0,reported,H2O 0.5-1.0% | Al203 1%-3% | S 0.02%-0.05% | SiO2 5%-10% | Fe <52% | TiO2 0.01%-0.08% | P 0.01%-0.03%
2024-11-04,FE02-2024110402,DMP-24156,Дарханы Төмөрлөгийн Үйлдвэр ХХК,Дарханы Төмөрлөгийн Үйлдвэр ХХК,Дарханы Төмөрлөгийн Үйлдвэр ХХК,Iron ore,Төмөр,Баяжмал,Fe-58% Төмрийн баяжмал,Fe-58% Төмрийн баяжмал,Форвард,2,56.0,56.0,USD,тонн,369600.0,0.0,2.0,6600.0,reported,"Fe (58%) | S (3.5%) | Al2O3 (1.0%) | SiO2 (6.0%) | TiO2 (0.1%) | P (0.02%) | Fraction (0-10mm, 10-40mm)"
2024-11-04,C01-2024110401,ER-24250,Энержи Ресурс ХХК,Energy Resources,Энержи Ресурс ХХК,Coal,Нүүрс,Баяжуулсан,Washed coking coal,Баяжуулсан коксжих нүүрс,Форвард,6,1050.0,1050.0,CNY,тонн,20160000.0,0.0,3.0,19200.0,reported,"Ash (dry,%) ≤ 11.0% | Volatile matter | (dry, ash free basis,%) >20.0%-28.0% | Sulfur (dry, %) ≤ 0.85% | Total moisture | (as recieved,%) ≤ 10.0% | G index ≥ 75"
2024-11-01,CaF02-2024110101,MRTSM-265,Монголросцветмет ТӨҮГ,Mongolrostsvetmet (ex-Erdenes Critical Minerals),Монголросцветмет ТӨҮГ /Эрдэнэс критикал минералс ТӨҮГ/,Fluorspar,Жонш,Хайлуур жонш,CaF2 78% Бүхэллэг хайлуур жонш,CaF2 78% Бүхэллэг хайлуур жонш,Форвард,1,200.0,200.0,USD,тонн,26000.0,0.0,2.0,130.0,reported,CaF2-<75% | CaCO3-3% | SiO2-1.4% | S-0.1%-0.2% | P<0.01
2024-11-01,C04-2024110104,ETT-24-21-1-3,Эрдэнэс Тавантолгой ХК,Erdenes Tavan Tolgoi,Эрдэнэс Тавантолгой ХК,Coal,Нүүрс,Боловсруулаагүй,1/3 coking coal,1/3 коксжих нүүрс,Форвард,6,83.3,86.3,USD,тонн,22092800.0,3.6,40.0,256000.0,reported,Ash (db) 24.5 (-5.0 | +5.0) | Volatile (daf) 33.0 (-1.5 | +1.5) | Total sulfur (db) 1.1 (-0.5 | +0.5) | Total moisture (ar) 3.12 (-0.8 | +0.8) | G-Index (5:1) 70 (-5.0 | +10.0)
2024-11-01,C04-2024110103,ETT-24-20-1-3,Эрдэнэс Тавантолгой ХК,Erdenes Tavan Tolgoi,Эрдэнэс Тавантолгой ХК,Coal,Нүүрс,Боловсруулаагүй,1/3 coking coal,1/3 коксжих нүүрс,Форвард,8,83.3,93.8,USD,тонн,12006400.0,12.61,20.0,128000.0,reported,Ash (db) 18.5 (-5.0 | +5.0) | Volatile (daf) 34.0 (-2.0 | +2.0) | Total sulfur (db) 1.2 (-0.5 | +0.5) | Total moisture (ar) 4.0 (-2.0 | +2.0) | G-Index (5:1) 75 (-10.0 | +10.0)
2024-11-01,C04-2024110102,TTOA-2024-018,Тавантолгой ХК,Tavan Tolgoi JSC,Тавантолгой ХК,Coal,Нүүрс,Боловсруулаагүй,1/3 coking coal,1/3 коксжих нүүрс,Форвард,6,83.0,87.5,USD,тонн,8960000.0,5.42,16.0,102400.0,reported,Ash (db): 24.92 (-3 | +3) | Volatile (daf): 32.42 (-3 | +3) | Total sulphur (db): 1.76 (-1 | +1) | G-index (5:1): 73 (-10 | +10) | Total moisture (ar): 2.04 (-0.5 | +0.5) | Y- index ≤25mm
2024-11-01,C01-2024110101,ER-24249,Энержи Ресурс ХХК,Energy Resources,Энержи Ресурс ХХК,Coal,Нүүрс,Баяжуулсан,Washed coking coal,Баяжуулсан коксжих нүүрс,Форвард,8,1050.0,1050.0,CNY,тонн,20160000.0,0.0,3.0,19200.0,reported,"Ash (dry,%) ≤ 11.0% | Volatile matter | (dry, ash free basis,%) >20.0%-28.0% | Sulfur (dry, %) ≤ 0.85% | Total moisture | (as recieved,%) ≤ 10.0% | G index ≥ 75"
2024-10-31,FE03-2024103101,MRTSM-264,Монголросцветмет ТӨҮГ,Mongolrostsvetmet (ex-Erdenes Critical Minerals),Монголросцветмет ТӨҮГ /Эрдэнэс критикал минералс ТӨҮГ/,Iron ore,Төмөр,Хүдэр,Iron ore Fe 52%,Fe-52% Төмрийн хүдэр,Форвард,3,65.0,67.5,USD,тонн,445500.0,3.85,2.0,6600.0,reported,H2O 0.5-1.0% | Al203 1%-3% | S 0.02%-0.05% | SiO2 5%-10% | Fe <52% | TiO2 0.01%-0.08% | P 0.01%-0.03%
2024-10-31,C04-2024103103,TTOA-2024-017,Тавантолгой ХК,Tavan Tolgoi JSC,Тавантолгой ХК,Coal,Нүүрс,Боловсруулаагүй,1/3 coking coal,1/3 коксжих нүүрс,Форвард,7,83.0,86.5,USD,тонн,8857600.0,4.22,16.0,102400.0,reported,Ash (db): 24.92 (-3 | +3) | Volatile (daf): 32.42 (-3 | +3) | Total sulphur (db): 1.76 (-1 | +1) | G-index (5:1): 73 (-10 | +10) | Total moisture (ar): 2.04 (-0.5 | +0.5) | Y- index ≤25mm
2024-10-31,C02-2024103102,KH-24010,Хангад Эксплорэйшн ХХК,Khangad Exploration,Хангад Эксплорэйшн ХХК,Coal,Нүүрс,Баяжуулсан,Washed semi-soft coking coal,Баяжуулсан сул коксжих нүүрс,Форвард,4,850.0,930.0,CNY,тонн,11904000.0,9.41,2.0,12800.0,reported,"Ash (dry,%) ≤ 9.5% | Volatile matter | (dry, ash free basis,%) > 28.0% | Sulfur (dry, %) ≤ 0.85% | Total moisture | (as recieved,%) ≤ 10.0% | G index ≥65"
2024-10-31,C01-2024103101,ER-24248,Энержи Ресурс ХХК,Energy Resources,Энержи Ресурс ХХК,Coal,Нүүрс,Баяжуулсан,Washed coking coal,Баяжуулсан коксжих нүүрс,Форвард,7,1050.0,1070.0,CNY,тонн,20544000.0,1.9,3.0,19200.0,reported,"Ash (dry,%) ≤ 11.0% | Volatile matter | (dry, ash free basis,%) >20.0%-28.0% | Sulfur (dry, %) ≤ 0.85% | Total moisture | (as recieved,%) ≤ 10.0% | G index ≥ 75"
2024-10-30,C04-2024103002,TTOA-2024-016,Тавантолгой ХК,Tavan Tolgoi JSC,Тавантолгой ХК,Coal,Нүүрс,Боловсруулаагүй,1/3 coking coal,1/3 коксжих нүүрс,Форвард,7,83.0,87.0,USD,тонн,8908800.0,4.82,16.0,102400.0,reported,Ash (db): 24.92 (-3 | +3) | Volatile (daf): 32.42 (-3 | +3) | Total sulphur (db): 1.76 (-1 | +1) | G-index (5:1): 73 (-10 | +10) | Total moisture (ar): 2.04 (-0.5 | +0.5) | Y- index ≤25mm
2024-10-30,C01-2024103001,ER-24247,Энержи Ресурс ХХК,Energy Resources,Энержи Ресурс ХХК,Coal,Нүүрс,Баяжуулсан,Washed coking coal,Баяжуулсан коксжих нүүрс,Форвард,8,1050.0,1060.0,CNY,тонн,20352000.0,0.95,3.0,19200.0,reported,"Ash (dry,%) ≤ 11.0% | Volatile matter | (dry, ash free basis,%) >20.0%-28.0% | Sulfur (dry, %) ≤ 0.85% | Total moisture | (as recieved,%) ≤ 10.0% | G index ≥ 75"
2024-10-29,FE03-2024102901,MRTSM-263,Монголросцветмет ТӨҮГ,Mongolrostsvetmet (ex-Erdenes Critical Minerals),Монголросцветмет ТӨҮГ /Эрдэнэс критикал минералс ТӨҮГ/,Iron ore,Төмөр,Хүдэр,Iron ore Fe 52%,Fe-52% Төмрийн хүдэр,Форвард,3,65.0,67.5,USD,тонн,445500.0,3.85,2.0,6600.0,reported,H2O 0.5-1.0% | Al203 1%-3% | S 0.02%-0.05% | SiO2 5%-10% | Fe <52% | TiO2 0.01%-0.08% | P 0.01%-0.03%
2024-10-29,C01-2024102901,ER-24246,Энержи Ресурс ХХК,Energy Resources,Энержи Ресурс ХХК,Coal,Нүүрс,Баяжуулсан,Washed coking coal,Баяжуулсан коксжих нүүрс,Форвард,8,1050.0,1060.0,CNY,тонн,20352000.0,0.95,3.0,19200.0,reported,"Ash (dry,%) ≤ 11.0% | Volatile matter | (dry, ash free basis,%) >20.0%-28.0% | Sulfur (dry, %) ≤ 0.85% | Total moisture | (as recieved,%) ≤ 10.0% | G index ≥ 75"
2024-10-28,C01-2024102801,ER-24245,Энержи Ресурс ХХК,Energy Resources,Энержи Ресурс ХХК,Coal,Нүүрс,Баяжуулсан,Washed coking coal,Баяжуулсан коксжих нүүрс,Форвард,8,1050.0,1070.0,CNY,тонн,20544000.0,1.9,3.0,19200.0,reported,"Ash (dry,%) ≤ 11.0% | Volatile matter | (dry, ash free basis,%) >20.0%-28.0% | Sulfur (dry, %) ≤ 0.85% | Total moisture | (as recieved,%) ≤ 10.0% | G index ≥ 75"
2024-10-25,C05-2024102502,24-17-OX,Эрдэнэс Тавантолгой ХК,Erdenes Tavan Tolgoi,Эрдэнэс Тавантолгой ХК,Coal,Нүүрс,Боловсруулаагүй,"Thermal coal (bituminous, non-caking)","Эрчим хүчний нүүрс /Битумт, үл барьцалдах нүүрс/",Форвард,10,48.8,55.8,USD,тонн,14284800.0,14.34,40.0,256000.0,reported,Ash (db) 21.5 (-5.0 | +5.0) | Volatile (daf) 34.0 max | Total sulfur (ad) ≤1.5% | Total moisture (ar) 6.0 (-3.0 | +3.0) | Calorific (cal/g) 5500 (-500 | +700) | G-Index (5:1) <5
2024-10-25,C01-2024102503,24-01-WCO,Эрдэнэс Тавантолгой ХК,Erdenes Tavan Tolgoi,Эрдэнэс Тавантолгой ХК,Coal,Нүүрс,Баяжуулсан,Washed coking coal,Баяжуулсан коксжих нүүрс,Форвард,2,163.5,163.5,USD,тонн,2092800.0,0.0,2.0,12800.0,reported,Ash (db) ≤10.5 | Volatile (daf) <28.0 | Total sulfur (db) ˂0.8 | Total moisture (ar) ˂10.0 | G-Index (5:1) ˃75
2024-10-25,C01-2024102501,ER-24244,Энержи Ресурс ХХК,Energy Resources,Энержи Ресурс ХХК,Coal,Нүүрс,Баяжуулсан,Washed coking coal,Баяжуулсан коксжих нүүрс,Форвард,7,1050.0,1070.0,CNY,тонн,20544000.0,1.9,3.0,19200.0,reported,"Ash (dry,%) ≤ 11.0% | Volatile matter | (dry, ash free basis,%) >20.0%-28.0% | Sulfur (dry, %) ≤ 0.85% | Total moisture | (as recieved,%) ≤ 10.0% | G index ≥ 75"
2024-10-24,C06-2024102401,ER-24243,Энержи Ресурс ХХК,Energy Resources,Энержи Ресурс ХХК,Coal,Нүүрс,Баяжуулсан,Washed medium-ash semi-hard coking coal,"Баяжуулсан дунд зэрэг үнстэй, хагас хатуу коксжих нүүрс",Форвард,5,450.0,470.0,CNY,тонн,12032000.0,4.44,4.0,25600.0,reported,"Ash (dry,%) ≤ 25.0% | Volatile matter | (dry, ash free basis,%) >10.0%-28.0% | Sulfur (dry, %) ≤ 1.0% | Total moisture | (as recieved,%) ≤ 10.0% | G index >20-60 | Calorific Value | (Kcal/kg) ≈5500"
2024-10-23,FE03-2024102301,MRTSM-261,Монголросцветмет ТӨҮГ,Mongolrostsvetmet (ex-Erdenes Critical Minerals),Монголросцветмет ТӨҮГ /Эрдэнэс критикал минералс ТӨҮГ/,Iron ore,Төмөр,Хүдэр,Iron ore Fe 52%,Fe-52% Төмрийн хүдэр,Форвард,1,65.0,65.0,USD,тонн,429000.0,0.0,2.0,6600.0,reported,H2O 0.5-1.0% | Al203 1%-3% | S 0.02%-0.05% | SiO2 5%-10% | Fe <52% | TiO2 0.01%-0.08% | P 0.01%-0.03%
2024-10-23,C01-2024102301,ER-24242,Энержи Ресурс ХХК,Energy Resources,Энержи Ресурс ХХК,Coal,Нүүрс,Баяжуулсан,Washed coking coal,Баяжуулсан коксжих нүүрс,Форвард,9,1050.0,1070.0,CNY,тонн,20544000.0,1.9,3.0,19200.0,reported,"Ash (dry,%) ≤ 11.0% | Volatile matter | (dry, ash free basis,%) >20.0%-28.0% | Sulfur (dry, %) ≤ 0.85% | Total moisture | (as recieved,%) ≤ 10.0% | G index ≥ 75"
2024-10-22,FE02-2024102201,DMP-24154,Дарханы Төмөрлөгийн Үйлдвэр ХХК,Дарханы Төмөрлөгийн Үйлдвэр ХХК,Дарханы Төмөрлөгийн Үйлдвэр ХХК,Iron ore,Төмөр,Баяжмал,Fe-58% Төмрийн баяжмал,Fe-58% Төмрийн баяжмал,Форвард,5,56.0,64.0,USD,тонн,3801600.0,14.29,18.0,59400.0,reported,"Fe (58%) | S (3.5%) | Al2O3 (1.0%) | SiO2 (6.0%) | TiO2 (0.1%) | P (0.02%) | Fraction (0-10mm, 10-40mm)"
2024-10-22,C03-2024102203,ТТОА-2024-014,Тавантолгой ХК,Tavan Tolgoi JSC,Тавантолгой ХК,Coal,Нүүрс,Боловсруулаагүй,Medium-volatile coking coal,"Дэгдэмхий бодис дунд, коксжих нүүрс",Форвард,7,125.0,131.0,USD,тонн,6707200.0,4.8,8.0,51200.0,reported,"Ash (db): 15,09 (-3.0 | +3.0) | Volatile (daf): 26.00 (-2.0 | +2.0) | Total sulphur (db): 1,02 | G-index (5:1): 72 (-7.0 | +10.0) | Total moisture (ar): 1,93 (-0.5 | +0.5) | Y- index ≤25mm"
2024-10-22,C03-2024102202,ТТОА-2024-013,Тавантолгой ХК,Tavan Tolgoi JSC,Тавантолгой ХК,Coal,Нүүрс,Боловсруулаагүй,Medium-volatile coking coal,"Дэгдэмхий бодис дунд, коксжих нүүрс",Форвард,8,125.0,132.5,USD,тонн,6784000.0,6.0,8.0,51200.0,reported,"Ash (db): 15,09 (-3.0 | +3.0) | Volatile (daf): 26.00 (-2.0 | +2.0) | Total sulphur (db): 1,02 | G-index (5:1): 72 (-7.0 | +10.0) | Total moisture (ar): 1,93 (-0.5 | +0.5) | Y- index ≤25mm"
2024-10-22,C01-2024102201,ER-24241,Энержи Ресурс ХХК,Energy Resources,Энержи Ресурс ХХК,Coal,Нүүрс,Баяжуулсан,Washed coking coal,Баяжуулсан коксжих нүүрс,Форвард,9,1050.0,1070.0,CNY,тонн,20544000.0,1.9,3.0,19200.0,reported,"Ash (dry,%) ≤ 11.0% | Volatile matter | (dry, ash free basis,%) >20.0%-28.0% | Sulfur (dry, %) ≤ 0.85% | Total moisture | (as recieved,%) ≤ 10.0% | G index ≥ 75"
2024-10-21,FE03-2024102101,MRTSM-260,Монголросцветмет ТӨҮГ,Mongolrostsvetmet (ex-Erdenes Critical Minerals),Монголросцветмет ТӨҮГ /Эрдэнэс критикал минералс ТӨҮГ/,Iron ore,Төмөр,Хүдэр,Iron ore Fe 52%,Fe-52% Төмрийн хүдэр,Форвард,2,65.0,67.0,USD,тонн,442200.0,3.08,2.0,6600.0,reported,H2O 0.5-1.0% | Al203 1%-3% | S 0.02%-0.05% | SiO2 5%-10% | Fe <52% | TiO2 0.01%-0.08% | P 0.01%-0.03%
2024-10-21,C01-2024102101,ER-24240,Энержи Ресурс ХХК,Energy Resources,Энержи Ресурс ХХК,Coal,Нүүрс,Баяжуулсан,Washed coking coal,Баяжуулсан коксжих нүүрс,Форвард,8,1050.0,1060.0,CNY,тонн,20352000.0,0.95,3.0,19200.0,reported,"Ash (dry,%) ≤ 11.0% | Volatile matter | (dry, ash free basis,%) >20.0%-28.0% | Sulfur (dry, %) ≤ 0.85% | Total moisture | (as recieved,%) ≤ 10.0% | G index ≥ 75"
2024-10-18,C04-2024101803,ETT-24-19-1-3 CO,Эрдэнэс Тавантолгой ХК,Erdenes Tavan Tolgoi,Эрдэнэс Тавантолгой ХК,Coal,Нүүрс,Боловсруулаагүй,1/3 coking coal,1/3 коксжих нүүрс,Форвард,7,90.2,96.2,USD,тонн,12313600.0,6.65,20.0,128000.0,reported,Ash (db) 24.5 (-5.0 | +5.0) | Volatile (daf) 33.0 (-1.5 | +1.5) | Total sulfur (db) 1.1 (-0.5 | +0.5) | Total moisture (ar) 3.12 (-0.8 | +0.8) | G-Index (5:1) 70 (-5.0 | +10.0)
2024-10-18,C04-2024101802,ETT-24-18-1-3 CO,Эрдэнэс Тавантолгой ХК,Erdenes Tavan Tolgoi,Эрдэнэс Тавантолгой ХК,Coal,Нүүрс,Боловсруулаагүй,1/3 coking coal,1/3 коксжих нүүрс,Форвард,6,90.2,93.7,USD,тонн,23987200.0,3.88,40.0,256000.0,reported,Ash (db) 24.5 (-5.0 | +5.0) | Volatile (daf) 33.0 (-1.5 | +1.5) | Total sulfur (db) 1.1 (-0.5 | +0.5) | Total moisture (ar) 3.12 (-0.8 | +0.8) | G-Index (5:1) 70 (-5.0 | +10.0)
2024-10-18,C01-2024101801,ER-24239,Энержи Ресурс ХХК,Energy Resources,Энержи Ресурс ХХК,Coal,Нүүрс,Баяжуулсан,Washed coking coal,Баяжуулсан коксжих нүүрс,Форвард,9,1050.0,1100.0,CNY,тонн,21120000.0,4.76,3.0,19200.0,reported,"Ash (dry,%) ≤ 11.0% | Volatile matter | (dry, ash free basis,%) >20.0%-28.0% | Sulfur (dry, %) ≤ 0.85% | Total moisture | (as recieved,%) ≤ 10.0% | G index ≥ 75"
2024-10-17,FE03-2024101701,MRTSM-259,Монголросцветмет ТӨҮГ,Mongolrostsvetmet (ex-Erdenes Critical Minerals),Монголросцветмет ТӨҮГ /Эрдэнэс критикал минералс ТӨҮГ/,Iron ore,Төмөр,Хүдэр,Iron ore Fe 52%,Fe-52% Төмрийн хүдэр,Форвард,3,65.0,67.5,USD,тонн,445500.0,3.85,2.0,6600.0,reported,H2O 0.5-1.0% | Al203 1%-3% | S 0.02%-0.05% | SiO2 5%-10% | Fe <52% | TiO2 0.01%-0.08% | P 0.01%-0.03%
2024-10-17,C02-2024101701,KH-24009,Хангад Эксплорэйшн ХХК,Khangad Exploration,Хангад Эксплорэйшн ХХК,Coal,Нүүрс,Баяжуулсан,Washed semi-soft coking coal,Баяжуулсан сул коксжих нүүрс,Форвард,7,850.0,930.0,CNY,тонн,11904000.0,9.41,2.0,12800.0,reported,"Ash (dry,%) ≤ 9.5% | Volatile matter | (dry, ash free basis,%) > 28.0% | Sulfur (dry, %) ≤ 0.85% | Total moisture | (as recieved,%) ≤ 10.0% | G index ≥65"
2024-10-16,FE02-2024101602,DMP-24145,Дарханы Төмөрлөгийн Үйлдвэр ХХК,Дарханы Төмөрлөгийн Үйлдвэр ХХК,Дарханы Төмөрлөгийн Үйлдвэр ХХК,Iron ore,Төмөр,Баяжмал,Fe-58% Төмрийн баяжмал,Fe-58% Төмрийн баяжмал,Форвард,3,56.0,63.5,USD,тонн,3771900.0,13.39,18.0,59400.0,reported,"Fe (58%) | S (3.5%) | Al2O3 (1.0%) | SiO2 (6.0%) | TiO2 (0.1%) | P (0.02%) | Fraction (0-10mm, 10-40mm)"
2024-10-16,C01-2024101601,ER-24238,Энержи Ресурс ХХК,Energy Resources,Энержи Ресурс ХХК,Coal,Нүүрс,Баяжуулсан,Washed coking coal,Баяжуулсан коксжих нүүрс,Форвард,8,1050.0,1090.0,CNY,тонн,20928000.0,3.81,3.0,19200.0,reported,"Ash (dry,%) ≤ 11.0% | Volatile matter | (dry, ash free basis,%) >20.0%-28.0% | Sulfur (dry, %) ≤ 0.85% | Total moisture | (as recieved,%) ≤ 10.0% | G index ≥ 75"
2024-10-15,FE03-2024101501,MRTSM-258,Монголросцветмет ТӨҮГ,Mongolrostsvetmet (ex-Erdenes Critical Minerals),Монголросцветмет ТӨҮГ /Эрдэнэс критикал минералс ТӨҮГ/,Iron ore,Төмөр,Хүдэр,Iron ore Fe 52%,Fe-52% Төмрийн хүдэр,Форвард,2,65.0,65.0,USD,тонн,429000.0,0.0,2.0,6600.0,reported,H2O 0.5-1.0% | Al203 1%-3% | S 0.02%-0.05% | SiO2 5%-10% | Fe <52% | TiO2 0.01%-0.08% | P 0.01%-0.03%
2024-10-15,C01-2024101501,ER-24237,Энержи Ресурс ХХК,Energy Resources,Энержи Ресурс ХХК,Coal,Нүүрс,Баяжуулсан,Washed coking coal,Баяжуулсан коксжих нүүрс,Форвард,8,1050.0,1090.0,CNY,тонн,20928000.0,3.81,3.0,19200.0,reported,"Ash (dry,%) ≤ 11.0% | Volatile matter | (dry, ash free basis,%) >20.0%-28.0% | Sulfur (dry, %) ≤ 0.85% | Total moisture | (as recieved,%) ≤ 10.0% | G index ≥ 75"
2024-10-14,C01-2024101401,ER-24236,Энержи Ресурс ХХК,Energy Resources,Энержи Ресурс ХХК,Coal,Нүүрс,Баяжуулсан,Washed coking coal,Баяжуулсан коксжих нүүрс,Форвард,7,1050.0,1130.0,CNY,тонн,21696000.0,7.62,3.0,19200.0,reported,"Ash (dry,%) ≤ 11.0% | Volatile matter | (dry, ash free basis,%) >20.0%-28.0% | Sulfur (dry, %) ≤ 0.85% | Total moisture | (as recieved,%) ≤ 10.0% | G index ≥ 75"
2024-10-10,FE03-2024101001,MRTSM-257,Монголросцветмет ТӨҮГ,Mongolrostsvetmet (ex-Erdenes Critical Minerals),Монголросцветмет ТӨҮГ /Эрдэнэс критикал минералс ТӨҮГ/,Iron ore,Төмөр,Хүдэр,Iron ore Fe 52%,Fe-52% Төмрийн хүдэр,Форвард,1,65.0,65.0,USD,тонн,429000.0,0.0,2.0,6600.0,reported,H2O 0.5-1.0% | Al203 1%-3% | S 0.02%-0.05% | SiO2 5%-10% | Fe <52% | TiO2 0.01%-0.08% | P 0.01%-0.03%
2024-10-10,C06-2024101002,ER-24234,Энержи Ресурс ХХК,Energy Resources,Энержи Ресурс ХХК,Coal,Нүүрс,Баяжуулсан,Washed medium-ash semi-hard coking coal,"Баяжуулсан дунд зэрэг үнстэй, хагас хатуу коксжих нүүрс",Форвард,8,450.0,470.0,CNY,тонн,12032000.0,4.44,4.0,25600.0,reported,"Ash (dry,%) ≤ 25.0% | Volatile matter (dry, ash free basis,%) >10.0%-28.0% | Sulfur (dry, %) ≤ 1.0% | Total moisture(as recieved,%) ≤ 10.0% | G index >20-60 | Calorific Value (Kcal/kg) ≈5500"
2024-10-10,C01-2024101001,ER-24235,Энержи Ресурс ХХК,Energy Resources,Энержи Ресурс ХХК,Coal,Нүүрс,Баяжуулсан,Washed coking coal,Баяжуулсан коксжих нүүрс,Форвард,7,1050.0,1050.0,CNY,тонн,20160000.0,0.0,3.0,19200.0,reported,"Ash (dry,%) ≤ 11.0% | Volatile matter | (dry, ash free basis,%) >20.0%-28.0% | Sulfur (dry, %) ≤ 0.85% | Total moisture | (as recieved,%) ≤ 10.0% | G index ≥ 75"
2024-10-09,FE03-2024100901,MRTSM-256,Монголросцветмет ТӨҮГ,Mongolrostsvetmet (ex-Erdenes Critical Minerals),Монголросцветмет ТӨҮГ /Эрдэнэс критикал минералс ТӨҮГ/,Iron ore,Төмөр,Хүдэр,Iron ore Fe 52%,Fe-52% Төмрийн хүдэр,Форвард,1,65.0,65.0,USD,тонн,429000.0,0.0,2.0,6600.0,reported,H2O 0.5-1.0% | Al203 1%-3% | S 0.02%-0.05% | SiO2 5%-10% | Fe <52% | TiO2 0.01%-0.08% | P 0.01%-0.03%
2024-10-09,C03-2024100903,24-06-CO,Эрдэнэс Тавантолгой ХК,Erdenes Tavan Tolgoi,Эрдэнэс Тавантолгой ХК,Coal,Нүүрс,Боловсруулаагүй,Medium-volatile coking coal,"Дэгдэмхий бодис дунд, коксжих нүүрс",Форвард,6,130.3,136.3,USD,тонн,17446400.0,4.6,20.0,128000.0,reported,Ash (db) 13.5 (-2.0 | +2.0) | Volatile (daf) 27.0 (-1.0 | +1.0) | Total sulfur (db) 0.9 (-0.3 | +0.5) | Total moisture (ar) 3.0 (-1.5 | +1.5) | G-Index (5:1) 75 (-5.0 | +5.0)
2024-10-09,C03-2024100902,TTOA-2024-013,Тавантолгой ХК,Tavan Tolgoi JSC,Тавантолгой ХК,Coal,Нүүрс,Боловсруулаагүй,Medium-volatile coking coal,"Дэгдэмхий бодис дунд, коксжих нүүрс",Форвард,4,125.0,125.0,USD,тонн,6400000.0,0.0,8.0,51200.0,reported,"Ash (db): 15,09 (-3.0 | +3.0) | Volatile (daf): 26.00 (-2.0 | +2.0) | Total sulphur (db): 1,02 | G-index (5:1): 72 (-7.0 | +10.0) | Total moisture (ar): 1,93 (-0.5 | +0.5) | Y- index ≤25mm"
2024-10-09,C01-2024100901,ER-24233,Энержи Ресурс ХХК,Energy Resources,Энержи Ресурс ХХК,Coal,Нүүрс,Баяжуулсан,Washed coking coal,Баяжуулсан коксжих нүүрс,Форвард,5,1050.0,1050.0,CNY,тонн,20160000.0,0.0,3.0,19200.0,reported,"Ash (dry,%) ≤ 11.0% | Volatile matter | (dry, ash free basis,%) >20.0%-28.0% | Sulfur (dry, %) ≤ 0.85% | Total moisture | (as recieved,%) ≤ 10.0% | G index ≥ 75"
2024-10-08,C04-2024100803,24-17-1-3-CO,Эрдэнэс Тавантолгой ХК,Erdenes Tavan Tolgoi,Эрдэнэс Тавантолгой ХК,Coal,Нүүрс,Боловсруулаагүй,1/3 coking coal,1/3 коксжих нүүрс,Форвард,3,83.0,83.0,USD,тонн,10624000.0,0.0,20.0,128000.0,reported,Ash (db) 23.0 (-5.0 | +5.0) | Volatile (daf) 32.5 (-1.5 | +1.5) | Total sulfur (db) 1.1 (-0.5 | +0.5) | Total moisture (ar) 3.5 (-1.0 | +1.0) | G-Index (5:1) 70 (-5.0 | +10.0)
2024-10-08,C03-2024100802,TTOA-2024-011,Тавантолгой ХК,Tavan Tolgoi JSC,Тавантолгой ХК,Coal,Нүүрс,Боловсруулаагүй,Medium-volatile coking coal,"Дэгдэмхий бодис дунд, коксжих нүүрс",Форвард,4,125.0,125.0,USD,тонн,6400000.0,0.0,8.0,51200.0,reported,"Ash (db): 15,09 (-3.0 | +3.0) | Volatile (daf): 26.00 (-2.0 | +2.0) | Total sulphur (db): 1,02 | G-index (5:1): 72 (-7.0 | +10.0) | Total moisture (ar): 1,93 (-0.5 | +0.5) | Y- index ≤25mm"
2024-10-08,C01-2024100801,ER-24232,Энержи Ресурс ХХК,Energy Resources,Энержи Ресурс ХХК,Coal,Нүүрс,Баяжуулсан,Washed coking coal,Баяжуулсан коксжих нүүрс,Форвард,3,1050.0,1050.0,CNY,тонн,20160000.0,0.0,3.0,19200.0,reported,"Ash (dry,%) ≤ 11.0% | Volatile matter | (dry, ash free basis,%) >20.0%-28.0% | Sulfur (dry, %) ≤ 0.85% | Total moisture | (as recieved,%) ≤ 10.0% | G index ≥ 75"
2024-10-07,FE03-2024100701,MRTSM-255,Монголросцветмет ТӨҮГ,Mongolrostsvetmet (ex-Erdenes Critical Minerals),Монголросцветмет ТӨҮГ /Эрдэнэс критикал минералс ТӨҮГ/,Iron ore,Төмөр,Хүдэр,Iron ore Fe 52%,Fe-52% Төмрийн хүдэр,Форвард,2,65.0,71.0,USD,тонн,468600.0,9.23,2.0,6600.0,reported,H2O 0.5-1.0% | Al203 1%-3% | S 0.02%-0.05% | SiO2 5%-10% | Fe <52% | TiO2 0.01%-0.08% | P 0.01%-0.03%
2024-10-07,C03-2024100702,TTOA-2024-012,Тавантолгой ХК,Tavan Tolgoi JSC,Тавантолгой ХК,Coal,Нүүрс,Боловсруулаагүй,Medium-volatile coking coal,"Дэгдэмхий бодис дунд, коксжих нүүрс",Форвард,4,125.0,125.0,USD,тонн,6400000.0,0.0,8.0,51200.0,reported,"Ash (db): 15,09 (-3.0 | +3.0) | Volatile (daf): 26.00 (-2.0 | +2.0) | Total sulphur (db): 1,02 | G-index (5:1): 72 (-7.0 | +10.0) | Total moisture (ar): 1,93 (-0.5 | +0.5) | Y- index ≤25mm"
2024-10-07,C01-2024100701,ER-24231,Энержи Ресурс ХХК,Energy Resources,Энержи Ресурс ХХК,Coal,Нүүрс,Баяжуулсан,Washed coking coal,Баяжуулсан коксжих нүүрс,Форвард,3,1050.0,1050.0,CNY,тонн,20160000.0,0.0,3.0,19200.0,reported,"Ash (dry,%) ≤ 11.0% | Volatile matter | (dry, ash free basis,%) >20.0%-28.0% | Sulfur (dry, %) ≤ 0.85% | Total moisture | (as recieved,%) ≤ 10.0% | G index ≥ 75"
2024-10-04,C05-2024100402,ETT-24-16-OX,Эрдэнэс Тавантолгой ХК,Erdenes Tavan Tolgoi,Эрдэнэс Тавантолгой ХК,Coal,Нүүрс,Боловсруулаагүй,"Thermal coal (bituminous, non-caking)","Эрчим хүчний нүүрс /Битумт, үл барьцалдах нүүрс/",Форвард,8,49.3,55.3,USD,тонн,7078400.0,12.17,20.0,128000.0,reported,Ash (db) 21.5 (-5.0 | +5.0) | Volatile (daf) 34.0 max | Total sulfur (db) ≤1.5% | Total moisture (ar) 6.0 (-3.0 | +3.0) | Calorific (cal/g) 5500 (-500 | +700) | G-Index (5:1) <5
2024-10-04,C01-2024100401,ER-24230,Энержи Ресурс ХХК,Energy Resources,Энержи Ресурс ХХК,Coal,Нүүрс,Баяжуулсан,Washed coking coal,Баяжуулсан коксжих нүүрс,Форвард,3,1050.0,1160.0,CNY,тонн,22272000.0,10.48,3.0,19200.0,reported,"Ash (dry,%) ≤ 11.0% | Volatile matter | (dry, ash free basis,%) >20.0%-28.0% | Sulfur (dry, %) ≤ 0.85% | Total moisture | (as recieved,%) ≤ 10.0% | G index ≥ 75"
2024-10-03,FE03-2024100301,MRTSM-250,Монголросцветмет ТӨҮГ,Mongolrostsvetmet (ex-Erdenes Critical Minerals),Монголросцветмет ТӨҮГ /Эрдэнэс критикал минералс ТӨҮГ/,Iron ore,Төмөр,Хүдэр,Iron ore Fe 52%,Fe-52% Төмрийн хүдэр,Форвард,3,65.0,66.0,USD,тонн,435600.0,1.54,2.0,6600.0,reported,H2O 0.5-1.0% | Al203 1%-3% | S 0.02%-0.05% | SiO2 5%-10% | Fe <52% | TiO2 0.01%-0.08% | P 0.01%-0.03%
2024-10-03,C08-2024100302,AND-03,Андын Илч ХХК,Андын Илч ХХК,Андын Илч ХХК,Coal,Нүүрс,Боловсруулаагүй,Чийг багатай хүрэн нүүрс,Чийг багатай хүрэн нүүрс,Форвард,1,190.0,190.0,CNY,тонн,6080000.0,0.0,5.0,32000.0,reported,Sulphur-1.73% | Moisture/H2O/- 22.1% | Calorific value with (moisture) - 4285.00< | Calolific value with (cal)  - 2893.00 /cal/-kg | Ash - 33.60% | volatile - 48.90%
2024-10-03,C06-2024100302,ER-24229,Энержи Ресурс ХХК,Energy Resources,Энержи Ресурс ХХК,Coal,Нүүрс,Баяжуулсан,Washed medium-ash semi-hard coking coal,"Баяжуулсан дунд зэрэг үнстэй, хагас хатуу коксжих нүүрс",Форвард,5,450.0,470.0,CNY,тонн,12032000.0,4.44,4.0,25600.0,reported,"Ash (dry,%) ≤ 25.0% | Volatile matter | (dry, ash free basis,%) >10.0%-28.0% | Sulfur (dry, %) ≤ 1.0% | Total moisture | (as recieved,%) ≤ 10.0% | G index >20-60 | Calorific Value | (Kcal/kg) ≈5500"
2024-10-03,C01-2024100301,ER-24228,Энержи Ресурс ХХК,Energy Resources,Энержи Ресурс ХХК,Coal,Нүүрс,Баяжуулсан,Washed coking coal,Баяжуулсан коксжих нүүрс,Форвард,6,1050.0,1150.0,CNY,тонн,22080000.0,9.52,3.0,19200.0,reported,"Ash (dry,%) ≤ 11.0% | Volatile matter | (dry, ash free basis,%) >20.0%-28.0% | Sulfur (dry, %) ≤ 0.85% | Total moisture | (as recieved,%) ≤ 10.0% | G index ≥ 75"
2024-10-02,FE01-2024100201,MRTSM-254,Монголросцветмет ТӨҮГ,Mongolrostsvetmet (ex-Erdenes Critical Minerals),Монголросцветмет ТӨҮГ /Эрдэнэс критикал минералс ТӨҮГ/,Iron ore,Төмөр,Баяжмал,Iron concentrate Fe 65%,Fe-65% Төмрийн баяжмал,Форвард,1,85.0,85.0,USD,тонн,1683000.0,0.0,6.0,19800.0,reported,H2O (7-10%) | Al2O3 (0.4%-1%) | S (0.02%-0.08%) | SiO2 (3%-8%) | Fe (<65%) | TiO2 (0.01%-0.08%) | P (0.01%-0.03%)
2024-10-02,C08-2024100203,ANDIIN ILCH-02,Андын Илч ХХК,Андын Илч ХХК,Андын Илч ХХК,Coal,Нүүрс,Боловсруулаагүй,Чийг багатай хүрэн нүүрс,Чийг багатай хүрэн нүүрс,Форвард,1,190.0,190.0,CNY,тонн,8512000.0,0.0,7.0,44800.0,reported,Sulphur-1.73% | Nloisturer/H2O/- 22.1% | Calorific value with (moisture) - 4285.00< | Caloliflc value with (cal)  - 2893.00 /cal/-kg | Ash - 33.60% | volatile - 48.90%
2024-10-02,C02-2024100202,KH-24008,Хангад Эксплорэйшн ХХК,Khangad Exploration,Хангад Эксплорэйшн ХХК,Coal,Нүүрс,Баяжуулсан,Washed semi-soft coking coal,Баяжуулсан сул коксжих нүүрс,Форвард,2,850.0,950.0,CNY,тонн,12160000.0,11.76,2.0,12800.0,reported,"Ash(dry,%) - ≤9.5% | Volatile matter (dry, ash free basis,%) - >28.0% | Sulfur (dry, %) ≤0.85% | Total moisture (as recieved, %) ≤10.0% | G index ≥65"
2024-10-02,C01-2024100201,ER-24227,Энержи Ресурс ХХК,Energy Resources,Энержи Ресурс ХХК,Coal,Нүүрс,Баяжуулсан,Washed coking coal,Баяжуулсан коксжих нүүрс,Форвард,5,1050.0,1170.0,CNY,тонн,22464000.0,11.43,3.0,19200.0,reported,"Ash (dry,%) ≤ 11.0% | Volatile matter | (dry, ash free basis,%) >20.0%-28.0% | Sulfur (dry, %) ≤ 0.85% | Total moisture | (as recieved,%) ≤ 10.0% | G index ≥ 75"
2024-10-01,FE03-2024100101,MRTSM-249,Монголросцветмет ТӨҮГ,Mongolrostsvetmet (ex-Erdenes Critical Minerals),Монголросцветмет ТӨҮГ /Эрдэнэс критикал минералс ТӨҮГ/,Iron ore,Төмөр,Хүдэр,Iron ore Fe 52%,Fe-52% Төмрийн хүдэр,Форвард,4,65.0,69.0,USD,тонн,455400.0,6.15,2.0,6600.0,reported,H2O 0.5-1.0% | Al203 1%-3% | S 0.02%-0.05% | SiO2 5%-10% | Fe <52% | TiO2 0.01%-0.08% | P 0.01%-0.03%
2024-10-01,FE01-2024100102,MRTSM-253,Монголросцветмет ТӨҮГ,Mongolrostsvetmet (ex-Erdenes Critical Minerals),Монголросцветмет ТӨҮГ /Эрдэнэс критикал минералс ТӨҮГ/,Iron ore,Төмөр,Баяжмал,Iron concentrate Fe 65%,Fe-65% Төмрийн баяжмал,Форвард,2,85.0,85.0,USD,тонн,1683000.0,0.0,6.0,19800.0,reported,H2O (7-10%) | Al2O3 (0.4%-1%) | S (0.02%-0.08%) | SiO2 (3%-8%) | Fe (<65%) | TiO2 (0.01%-0.08%) | P (0.01%-0.03%)
2024-09-30,FE01-2024093001,MRTSM-252,Монголросцветмет ТӨҮГ,Mongolrostsvetmet (ex-Erdenes Critical Minerals),Монголросцветмет ТӨҮГ /Эрдэнэс критикал минералс ТӨҮГ/,Iron ore,Төмөр,Баяжмал,Iron concentrate Fe 65%,Fe-65% Төмрийн баяжмал,Форвард,1,85.0,85.0,USD,тонн,1683000.0,0.0,6.0,19800.0,reported,H2O (7-10%) | Al2O3 (0.4%-1%) | S (0.02%-0.08%) | SiO2 (3%-8%) | Fe (<65%) | TiO2 (0.01%-0.08%) | P (0.01%-0.03%)
2024-09-30,C01-2024093001,ER-24226,Энержи Ресурс ХХК,Energy Resources,Энержи Ресурс ХХК,Coal,Нүүрс,Баяжуулсан,Washed coking coal,Баяжуулсан коксжих нүүрс,Форвард,5,1050.0,1140.0,CNY,тонн,21888000.0,8.57,3.0,19200.0,reported,"Ash (dry,%) ≤ 11.0% | Volatile matter | (dry, ash free basis,%) >20.0%-28.0% | Sulfur (dry, %) ≤ 0.85% | Total moisture | (as recieved,%) ≤ 10.0% | G index ≥ 75"
2024-09-27,FE03-2024092701,MRTSM-248,Монголросцветмет ТӨҮГ,Mongolrostsvetmet (ex-Erdenes Critical Minerals),Монголросцветмет ТӨҮГ /Эрдэнэс критикал минералс ТӨҮГ/,Iron ore,Төмөр,Хүдэр,Iron ore Fe 52%,Fe-52% Төмрийн хүдэр,Форвард,1,65.0,65.0,USD,тонн,429000.0,0.0,2.0,6600.0,reported,H2O 0.5-1.0% | Al203 1%-3% | S 0.02%-0.07% | SiO2 5%-11% | Fe <52% | TiO2 0.01%-0.08% | P 0.01%-0.03%
2024-09-27,FE01-2024092702,MRTSM-251,Монголросцветмет ТӨҮГ,Mongolrostsvetmet (ex-Erdenes Critical Minerals),Монголросцветмет ТӨҮГ /Эрдэнэс критикал минералс ТӨҮГ/,Iron ore,Төмөр,Баяжмал,Iron concentrate Fe 65%,Fe-65% Төмрийн баяжмал,Форвард,1,85.0,85.0,USD,тонн,1683000.0,0.0,6.0,19800.0,reported,H2O (7-10%) | Al2O3 (0.4%-1%) | S (0.02%-0.08%) | SiO2 (3%-8%) | Fe (<65%) | TiO2 (0.01%-0.08%) | P (0.01%-0.03%)
2024-09-27,C03-2024092702,TTL-010,Тавантолгой ХК,Tavan Tolgoi JSC,Тавантолгой ХК,Coal,Нүүрс,Боловсруулаагүй,Medium-volatile coking coal,"Дэгдэмхий бодис дунд, коксжих нүүрс",Форвард,4,125.0,125.5,USD,тонн,6425600.0,0.4,8.0,51200.0,reported,"Ash (db): 15,09 (-3.0 | +3.0) | Volatile (daf): 26.00 (-2.0 | +2.0) | Total sulphur (db): 1,02 | G-index (5:1): 72 (-7.0 | +10.0) | Total moisture (ar): 1,93 (-0.5 | +0.5) | Y- index ≤25mm"
2024-09-26,C03-2024092602,TTL-009,Тавантолгой ХК,Tavan Tolgoi JSC,Тавантолгой ХК,Coal,Нүүрс,Боловсруулаагүй,Medium-volatile coking coal,"Дэгдэмхий бодис дунд, коксжих нүүрс",Форвард,3,125.0,128.5,USD,тонн,6579200.0,2.8,8.0,51200.0,reported,"Ash (db): 15.09 (-3.0, 3.0+) | Volatile (daf): 26.00 (-2.0 | +2.0) | Total sulphur (db): 1,02 | G-index (5:1): 72 (-7.0 | +10.0) | Total moisture (ar): 1,93 (-0.5 | +0.5) | Y- index ≤25mm"
2024-09-26,C01-2024092601,ER-24224,Энержи Ресурс ХХК,Energy Resources,Энержи Ресурс ХХК,Coal,Нүүрс,Баяжуулсан,Washed coking coal,Баяжуулсан коксжих нүүрс,Форвард,1,1050.0,1050.0,CNY,тонн,20160000.0,0.0,3.0,19200.0,reported,"Ash (dry,%) ≤ 11.0% | Volatile matter | (dry, ash free basis,%) >20.0%-28.0% | Sulfur (dry, %) ≤ 0.85% | Total moisture | (as recieved,%) ≤ 10.0% | G index ≥ 75"
2024-09-25,FE03-2024092501,MRTSM-247,Монголросцветмет ТӨҮГ,Mongolrostsvetmet (ex-Erdenes Critical Minerals),Монголросцветмет ТӨҮГ /Эрдэнэс критикал минералс ТӨҮГ/,Iron ore,Төмөр,Хүдэр,Iron ore Fe 52%,Fe-52% Төмрийн хүдэр,Форвард,2,65.0,66.0,USD,тонн,435600.0,1.54,2.0,6600.0,reported,H2O 0.5-1.0% | Al203 1%-3% | S 0.02%-0.07% | SiO2 5%-11% | Fe <52% | TiO2 0.01%-0.08% | P 0.01%-0.03%
2024-09-25,FE02-2024092502,DMP-24142,Дарханы Төмөрлөгийн Үйлдвэр ХХК,Дарханы Төмөрлөгийн Үйлдвэр ХХК,Дарханы Төмөрлөгийн Үйлдвэр ХХК,Iron ore,Төмөр,Баяжмал,Fe-58% Төмрийн баяжмал,Fe-58% Төмрийн баяжмал,Форвард,1,60.0,60.0,USD,тонн,3564000.0,0.0,18.0,59400.0,reported,"Fe (58%) | S (2.5%) | Al2O3 (2.0%) | SiO2 (5.0%) | TiO2 (0.1%) | P (0.01%) | Fraction (0-10mm, 10-40mm)"
2024-09-24,C06-2024092401,ER-24222,Энержи Ресурс ХХК,Energy Resources,Энержи Ресурс ХХК,Coal,Нүүрс,Баяжуулсан,Washed medium-ash semi-hard coking coal,"Баяжуулсан дунд зэрэг үнстэй, хагас хатуу коксжих нүүрс",Форвард,10,450.0,470.0,CNY,тонн,9024000.0,4.44,3.0,19200.0,reported,"Ash (dry,%) ≤ 25.0% | Volatile matter | (dry, ash free basis,%) >10.0%-28.0% | Sulfur (dry, %) ≤ 1.0% | Total moisture | (as recieved,%) ≤ 10.0% | G index >20-60 | Calorific Value | (Kcal/kg) ≈5500"
2024-09-23,FE03-2024092301,MRTSM-246,Монголросцветмет ТӨҮГ,Mongolrostsvetmet (ex-Erdenes Critical Minerals),Монголросцветмет ТӨҮГ /Эрдэнэс критикал минералс ТӨҮГ/,Iron ore,Төмөр,Хүдэр,Iron ore Fe 52%,Fe-52% Төмрийн хүдэр,Форвард,3,65.0,65.5,USD,тонн,432300.0,0.77,2.0,6600.0,reported,H2O 0.5-1.0% | Al203 1%-3% | S 0.02%-0.07% | SiO2 5%-11% | Fe <52% | TiO2 0.01%-0.08% | P 0.01%-0.03%
2024-09-23,C04-2024092302,ETT-24-16-1-3-23,Эрдэнэс Тавантолгой ХК,Erdenes Tavan Tolgoi,Эрдэнэс Тавантолгой ХК,Coal,Нүүрс,Боловсруулаагүй,1/3 coking coal,1/3 коксжих нүүрс,Форвард,2,83.4,83.4,USD,тонн,21350400.0,0.0,40.0,256000.0,reported,Ash (db): 23.0 (-5.0 | +5.0) | Total moisture (ar): 3.5 (-1.0 | +1.0) | Volatile (daf): 32.5 (-1.5 | +1.5) | Total sulphur (ad): 1.1 (-0.5 | +0.5) | G-Index (5:1): 70 (-5.0 | +10.0
2024-09-19,FE03-2024091901,MRTSM-245,Монголросцветмет ТӨҮГ,Mongolrostsvetmet (ex-Erdenes Critical Minerals),Монголросцветмет ТӨҮГ /Эрдэнэс критикал минералс ТӨҮГ/,Iron ore,Төмөр,Хүдэр,Iron ore Fe 52%,Fe-52% Төмрийн хүдэр,Форвард,3,65.0,65.5,USD,тонн,432300.0,0.77,2.0,6600.0,reported,
2024-09-18,FE02-2024091801,DMP-24141,Дарханы Төмөрлөгийн Үйлдвэр ХХК,Дарханы Төмөрлөгийн Үйлдвэр ХХК,Дарханы Төмөрлөгийн Үйлдвэр ХХК,Iron ore,Төмөр,Баяжмал,Fe-58% Төмрийн баяжмал,Fe-58% Төмрийн баяжмал,Форвард,1,60.0,60.0,USD,тонн,3564000.0,0.0,18.0,59400.0,reported,
2024-09-17,FE03-2024091701,MRTSM-244,Монголросцветмет ТӨҮГ,Mongolrostsvetmet (ex-Erdenes Critical Minerals),Монголросцветмет ТӨҮГ /Эрдэнэс критикал минералс ТӨҮГ/,Iron ore,Төмөр,Хүдэр,Iron ore Fe 52%,Fe-52% Төмрийн хүдэр,Форвард,5,65.0,67.5,USD,тонн,445500.0,3.85,2.0,6600.0,reported,H2O 0.5-1.0% | Al203 1%-3% | S 0.02%-0.05% | SiO2 5%-10% | Fe <52% | TiO2 0.01%-0.08% | P 0.01%-0.03%
2024-09-17,C06-2024091701,ER-24218,Энержи Ресурс ХХК,Energy Resources,Энержи Ресурс ХХК,Coal,Нүүрс,Баяжуулсан,Washed medium-ash semi-hard coking coal,"Баяжуулсан дунд зэрэг үнстэй, хагас хатуу коксжих нүүрс",Форвард,7,450.0,470.0,CNY,тонн,9024000.0,4.44,3.0,19200.0,reported,"Ash (dry,%) ≤ 25.0% | Volatile matter | (dry, ash free basis,%) >10.0%-28.0% | Sulfur (dry, %) ≤ 1.0% | Total moisture | (as recieved,%) ≤ 10.0% | G index >20-60 | Calorific Value | (Kcal/kg) ≈5500"
2024-09-13,FE03-2024091301,MRTSM-240,Монголросцветмет ТӨҮГ,Mongolrostsvetmet (ex-Erdenes Critical Minerals),Монголросцветмет ТӨҮГ /Эрдэнэс критикал минералс ТӨҮГ/,Iron ore,Төмөр,Хүдэр,Iron ore Fe 52%,Fe-52% Төмрийн хүдэр,Форвард,5,65.0,66.5,USD,тонн,438900.0,2.31,2.0,6600.0,reported,H2O 0.5-1.0% | Al203 1%-3% | S 0.02%-0.05% | SiO2 5%-10% | Fe <52% | TiO2 0.01%-0.08% | P 0.01%-0.03%
2024-09-13,FE02-2024091302,DMP-24140,Дарханы Төмөрлөгийн Үйлдвэр ХХК,Дарханы Төмөрлөгийн Үйлдвэр ХХК,Дарханы Төмөрлөгийн Үйлдвэр ХХК,Iron ore,Төмөр,Баяжмал,Fe-58% Төмрийн баяжмал,Fe-58% Төмрийн баяжмал,Форвард,3,60.0,66.5,USD,тонн,3950100.0,10.83,18.0,59400.0,reported,"Fe (58%) | S (2.5%) | Al2O3 (2.0%) | SiO2 (5.0%) | TiO2 (0.1%) | P (0.01%) | Fraction (0.10mm, 10-40mm)"
2024-09-12,FE03-2024091201,MRTSM-243,Монголросцветмет ТӨҮГ,Mongolrostsvetmet (ex-Erdenes Critical Minerals),Монголросцветмет ТӨҮГ /Эрдэнэс критикал минералс ТӨҮГ/,Iron ore,Төмөр,Хүдэр,Iron ore Fe 52%,Fe-52% Төмрийн хүдэр,Форвард,4,65.0,67.0,USD,тонн,1326600.0,3.08,6.0,19800.0,reported,H2O 0.5-1.0% | Al203 1%-3% | S 0.02%-0.05% | SiO2 5%-10% | Fe <52% | TiO2 0.01%-0.08% | P 0.01%-0.03%
2024-09-12,C06-2024091202,MTO-0830,Мөнх тэнүүн оргил ХХК,Мөнх тэнүүн оргил ХХК,Мөнх тэнүүн оргил ХХК,Coal,Нүүрс,Баяжуулсан,Washed medium-ash semi-hard coking coal,"Баяжуулсан дунд зэрэг үнстэй, хагас хатуу коксжих нүүрс",Форвард,1,105.0,105.0,USD,тонн,672000.0,0.0,1.0,6400.0,reported,"Үнслэг (хуурай,%) ≤ 18+-3% | Дэгдэмхий бодис (үнсгүй хуурай,%) | >25% | Хүхэр (хуурай, %) ≤ 0.7% | Нийт чийглэг (хүлээн авах үеийн | төлөв,%) ≤ 10% | G индекс 55 | Илчлэг (ккал/кг) ≤5800"
2024-09-11,FE03-2024091101,MRTSM-239,Монголросцветмет ТӨҮГ,Mongolrostsvetmet (ex-Erdenes Critical Minerals),Монголросцветмет ТӨҮГ /Эрдэнэс критикал минералс ТӨҮГ/,Iron ore,Төмөр,Хүдэр,Iron ore Fe 52%,Fe-52% Төмрийн хүдэр,Форвард,6,65.0,67.5,USD,тонн,445500.0,3.85,2.0,6600.0,reported,
2024-09-10,FE03-2024091001,MRTSM-242,Монголросцветмет ТӨҮГ,Mongolrostsvetmet (ex-Erdenes Critical Minerals),Монголросцветмет ТӨҮГ /Эрдэнэс критикал минералс ТӨҮГ/,Iron ore,Төмөр,Хүдэр,Iron ore Fe 52%,Fe-52% Төмрийн хүдэр,Форвард,3,65.0,66.5,USD,тонн,1316700.0,2.31,6.0,19800.0,reported,H2O 0.5-1.0% | Al203 1%-3% | S 0.02%-0.05% | SiO2 5%-10% | Fe <52% | TiO2 0.01%-0.08% | P 0.01%-0.03%
2024-09-10,C06-2024091001,ER-24215,Энержи Ресурс ХХК,Energy Resources,Энержи Ресурс ХХК,Coal,Нүүрс,Баяжуулсан,Washed medium-ash semi-hard coking coal,"Баяжуулсан дунд зэрэг үнстэй, хагас хатуу коксжих нүүрс",Форвард,10,450.0,460.0,CNY,тонн,8832000.0,2.22,3.0,19200.0,reported,"Ash (dry,%) ≤ 25.0% | Volatile matter | (dry, ash free basis,%) >10.0%-28.0% | Sulfur (dry, %) ≤ 1.0% | Total moisture | (as recieved,%) ≤ 10.0% | G index >20-60 | Calorific Value | (Kcal/kg) ≈5500"
2024-09-09,FE03-2024090904,MRTSM-241,Монголросцветмет ТӨҮГ,Mongolrostsvetmet (ex-Erdenes Critical Minerals),Монголросцветмет ТӨҮГ /Эрдэнэс критикал минералс ТӨҮГ/,Iron ore,Төмөр,Хүдэр,Iron ore Fe 52%,Fe-52% Төмрийн хүдэр,Форвард,3,65.0,65.0,USD,тонн,1287000.0,0.0,6.0,19800.0,reported,H2O 0.5-1.0% | Al203 1%-3% | S 0.02%-0.05% | SiO2 5%-10% | Fe <52% | TiO2 0.01%-0.08% | P 0.01%-0.03%
2024-09-09,FE03-2024090903,MRTSM-238,Монголросцветмет ТӨҮГ,Mongolrostsvetmet (ex-Erdenes Critical Minerals),Монголросцветмет ТӨҮГ /Эрдэнэс критикал минералс ТӨҮГ/,Iron ore,Төмөр,Хүдэр,Iron ore Fe 52%,Fe-52% Төмрийн хүдэр,Форвард,4,65.0,71.0,USD,тонн,468600.0,9.23,2.0,6600.0,reported,H2O 0.5-1.0% | Al203 1%-3% | S 0.02%-0.05% | SiO2 5%-10% | Fe <52% | TiO2 0.01%-0.08% | P 0.01%-0.03%
2024-09-06,CAF03-2024081501,EG-03,Эрд гео ХХК,Эрд гео ХХК,Эрд гео ХХК,Fluorspar,Жонш,Хүдэр,CaF2 35-40% Хайлуур жоншны хүдэр,CaF2 35-40% Хайлуур жоншны хүдэр,Форвард,1,500.0,503.0,CNY,тонн,1634750.0,0.6,50.0,3250.0,reported,CaF2 38.59% /-3.59% | +1.41%/ | CaCO3 1.07% | SiO2 48.78% | S <0.05 | P <0.01
2024-09-06,C04-2024090602,24-15-1-3 CO,Эрдэнэс Тавантолгой ХК,Erdenes Tavan Tolgoi,Эрдэнэс Тавантолгой ХК,Coal,Нүүрс,Боловсруулаагүй,1/3 coking coal,1/3 коксжих нүүрс,Форвард,2,88.5,91.5,USD,тонн,23424000.0,3.39,40.0,256000.0,reported,Ash (db) 23.0 (-5.0 | +5.0) | Volatile (daf) 32.5 (-1.5 | +1.5) | Total sulfur (db) 1.1 (-0.5 | +0.5) | Total moisture (ar) 3.5 (-1.0 | +1.0) | G-Index (5:1) 70 (-5.0 | +10.0)
2024-09-05,FE03-2024090501,MRTSM-237,Монголросцветмет ТӨҮГ,Mongolrostsvetmet (ex-Erdenes Critical Minerals),Монголросцветмет ТӨҮГ /Эрдэнэс критикал минералс ТӨҮГ/,Iron ore,Төмөр,Хүдэр,Iron ore Fe 52%,Fe-52% Төмрийн хүдэр,Форвард,6,65.0,70.5,USD,тонн,465300.0,8.46,2.0,6600.0,reported,
2024-09-03,FE03-2024090301,MRTSM-236,Монголросцветмет ТӨҮГ,Mongolrostsvetmet (ex-Erdenes Critical Minerals),Монголросцветмет ТӨҮГ /Эрдэнэс критикал минералс ТӨҮГ/,Iron ore,Төмөр,Хүдэр,Iron ore Fe 52%,Fe-52% Төмрийн хүдэр,Форвард,7,65.0,71.0,USD,тонн,468600.0,9.23,2.0,6600.0,reported,H2O 0.5-1.0% | Al203 1%-3% | S 0.02%-0.05% | SiO2 5%-10% | Fe <52% | TiO2 0.01%-0.08% | P 0.01%-0.03%
2024-09-03,CO8-20240903,AI-01,Андын Илч ХХК,Андын Илч ХХК,Андын Илч ХХК,Coal,Нүүрс,Боловсруулаагүй,Чийг багатай хүрэн нүүрс,Чийг багатай хүрэн нүүрс,Форвард,1,180.0,180.0,CNY,тонн,9216000.0,0.0,8.0,51200.0,reported,Sulphur 1.57% | Moisture 25.07% | Calorific value (w) 3750 kkal | Calorific value (cal) 4952 kkal | Ash 14.9% | Volatile 50.1%
2024-09-03,C06-2024090302,ER-24211,Энержи Ресурс ХХК,Energy Resources,Энержи Ресурс ХХК,Coal,Нүүрс,Баяжуулсан,Washed medium-ash semi-hard coking coal,"Баяжуулсан дунд зэрэг үнстэй, хагас хатуу коксжих нүүрс",Форвард,9,450.0,460.0,CNY,тонн,8832000.0,2.22,3.0,19200.0,reported,"Ash (dry,%) ≤ 25.0% | Volatile matter | (dry, ash free basis,%) >10.0%-28.0% | Sulfur (dry, %) ≤ 1.0% | Total moisture | (as recieved,%) ≤ 10.0% | G index >20-60 | Calorific Value | (Kcal/kg) ≈5500"
2024-08-30,FE03-2024083001,MRTSM-235,Монголросцветмет ТӨҮГ,Mongolrostsvetmet (ex-Erdenes Critical Minerals),Монголросцветмет ТӨҮГ /Эрдэнэс критикал минералс ТӨҮГ/,Iron ore,Төмөр,Хүдэр,Iron ore Fe 52%,Fe-52% Төмрийн хүдэр,Форвард,5,65.0,72.5,USD,тонн,478500.0,11.54,2.0,6600.0,reported,H2O 0.5-1.0% | Al203 1%-3% | S 0.02%-0.05% | SiO2 5%-10% | Fe <52% | TiO2 0.01%-0.08% | P 0.01%-0.03%
2024-08-30,C04-2024083002,ETT-24-14-1-3-CO,Эрдэнэс Тавантолгой ХК,Erdenes Tavan Tolgoi,Эрдэнэс Тавантолгой ХК,Coal,Нүүрс,Боловсруулаагүй,1/3 coking coal,1/3 коксжих нүүрс,Форвард,3,87.6,92.1,USD,тонн,11788800.0,5.14,20.0,128000.0,reported,Ash (db) 23.0 (-5.0 | +5.0) | Volatile (daf) 32.5 (-1.5 | +1.5) | Total sulfur (db) 1.1 (-0.5 | +0.5) | Total moisture (ar) 3.5 (-1.0 | +1.0) | G-Index (5:1) 70 (-5.0 | +10.0)
2024-08-29,C06-2024082901,ER-24208,Энержи Ресурс ХХК,Energy Resources,Энержи Ресурс ХХК,Coal,Нүүрс,Баяжуулсан,Washed medium-ash semi-hard coking coal,"Баяжуулсан дунд зэрэг үнстэй, хагас хатуу коксжих нүүрс",Форвард,9,450.0,460.0,CNY,тонн,11776000.0,2.22,4.0,25600.0,reported,"Ash (dry,%) ≤ 25.0% | Volatile matter | (dry, ash free basis,%) >10.0%-28.0% | Sulfur (dry, %) ≤ 1.0% | Total moisture | (as recieved,%) ≤ 10.0% | G index >20-60 | Calorific Value | (Kcal/kg) ≈5500"
2024-08-28,FE03-2024082801,MRTSM-234,Монголросцветмет ТӨҮГ,Mongolrostsvetmet (ex-Erdenes Critical Minerals),Монголросцветмет ТӨҮГ /Эрдэнэс критикал минералс ТӨҮГ/,Iron ore,Төмөр,Хүдэр,Iron ore Fe 52%,Fe-52% Төмрийн хүдэр,Форвард,5,65.0,71.0,USD,тонн,468600.0,9.23,2.0,6600.0,reported,
2024-08-27,C06-2024082701,ER-24206,Энержи Ресурс ХХК,Energy Resources,Энержи Ресурс ХХК,Coal,Нүүрс,Баяжуулсан,Washed medium-ash semi-hard coking coal,"Баяжуулсан дунд зэрэг үнстэй, хагас хатуу коксжих нүүрс",Форвард,6,450.0,460.0,CNY,тонн,11776000.0,2.22,4.0,25600.0,reported,"Ash (dry,%) ≤ 25.0% | Volatile matter | (dry, ash free basis,%) >10.0%-28.0% | Sulfur (dry, %) ≤ 1.0% | Total moisture | (as recieved,%) ≤ 10.0% | G index >20-60 | Calorific Value | (Kcal/kg) ≈5500"
2024-08-26,FE03-2024082601,MRTSM-233,Монголросцветмет ТӨҮГ,Mongolrostsvetmet (ex-Erdenes Critical Minerals),Монголросцветмет ТӨҮГ /Эрдэнэс критикал минералс ТӨҮГ/,Iron ore,Төмөр,Хүдэр,Iron ore Fe 52%,Fe-52% Төмрийн хүдэр,Форвард,5,65.0,68.0,USD,тонн,448800.0,4.62,2.0,6600.0,reported,
2024-08-23,FE02-2024082301,DMP-24139,Дарханы Төмөрлөгийн Үйлдвэр ХХК,Дарханы Төмөрлөгийн Үйлдвэр ХХК,Дарханы Төмөрлөгийн Үйлдвэр ХХК,Iron ore,Төмөр,Баяжмал,Fe-58% Төмрийн баяжмал,Fe-58% Төмрийн баяжмал,Форвард,5,60.0,70.0,USD,тонн,4158000.0,16.67,18.0,59400.0,reported,"Fe (57-59%) | S (2.5%) | Al2O3 (2.0%) | SiO2 (5.0%) | TiO2 (0.1%) | P (0.01%) | Fraction (0.10mm, 10-40mm)"
2024-08-23,C05-2024082302,ETT24-15-OX,Эрдэнэс Тавантолгой ХК,Erdenes Tavan Tolgoi,Эрдэнэс Тавантолгой ХК,Coal,Нүүрс,Боловсруулаагүй,"Thermal coal (bituminous, non-caking)","Эрчим хүчний нүүрс /Битумт, үл барьцалдах нүүрс/",Форвард,2,50.8,52.8,USD,тонн,6758400.0,3.94,20.0,128000.0,reported,Ash (db) 21.5 (-5.0 | +5.0) | Volatile (daf) 34.0 max | Total sulfur (db) ≤1.5% | Total moisture (ar) 6.0 (-3.0 | +3.0) | Calorific (cal/g) 5500 (-500 | +700) | G-Index (5:1) <5
2024-08-22,FE03-2024082201,MRTSM-232,Монголросцветмет ТӨҮГ,Mongolrostsvetmet (ex-Erdenes Critical Minerals),Монголросцветмет ТӨҮГ /Эрдэнэс критикал минералс ТӨҮГ/,Iron ore,Төмөр,Хүдэр,Iron ore Fe 52%,Fe-52% Төмрийн хүдэр,Форвард,2,65.0,65.0,USD,тонн,429000.0,0.0,2.0,6600.0,reported,H2O 0.5-1.0% | Al203 1%-3% | S 0.02%-0.05% | SiO2 5%-10% | Fe <52% | TiO2 0.01%-0.08% | P 0.01%-0.03%
2024-08-22,FE02-2024082202,DMP-24138,Дарханы Төмөрлөгийн Үйлдвэр ХХК,Дарханы Төмөрлөгийн Үйлдвэр ХХК,Дарханы Төмөрлөгийн Үйлдвэр ХХК,Iron ore,Төмөр,Баяжмал,Fe-58% Төмрийн баяжмал,Fe-58% Төмрийн баяжмал,Форвард,6,60.0,69.0,USD,тонн,4098600.0,15.0,18.0,59400.0,reported,"Fe (57-59%) | S (2.5%) | Al2O3 (2.0%) | SiO2 (5.0%) | TiO2 (0.1%) | P (0.01%) | Fraction (0.10mm, 10-40mm)"
2024-08-22,C06-2024082201,ER-24203,Энержи Ресурс ХХК,Energy Resources,Энержи Ресурс ХХК,Coal,Нүүрс,Баяжуулсан,Washed medium-ash semi-hard coking coal,"Баяжуулсан дунд зэрэг үнстэй, хагас хатуу коксжих нүүрс",Форвард,6,450.0,450.0,CNY,тонн,11520000.0,0.0,4.0,25600.0,reported,"Ash (dry,%) ≤ 25.0% | Volatile matter | (dry, ash free basis,%) >10.0%-28.0% | Sulfur (dry, %) ≤ 1.0% | Total moisture | (as recieved,%) ≤ 10.0% | G index >20-60 | Calorific Value | (Kcal/kg) ≈5500"
2024-08-20,C06-2024082001,ER-24201,Энержи Ресурс ХХК,Energy Resources,Энержи Ресурс ХХК,Coal,Нүүрс,Баяжуулсан,Washed medium-ash semi-hard coking coal,"Баяжуулсан дунд зэрэг үнстэй, хагас хатуу коксжих нүүрс",Форвард,5,450.0,460.0,CNY,тонн,11776000.0,2.22,4.0,25600.0,reported,
2024-08-16,FE02-2024081602,DMP-24137,Дарханы Төмөрлөгийн Үйлдвэр ХХК,Дарханы Төмөрлөгийн Үйлдвэр ХХК,Дарханы Төмөрлөгийн Үйлдвэр ХХК,Iron ore,Төмөр,Баяжмал,Fe-58% Төмрийн баяжмал,Fe-58% Төмрийн баяжмал,Форвард,5,58.0,58.0,USD,тонн,3445200.0,0.0,18.0,59400.0,reported,"Fe (57-59%) | S (3.5%) | Al2O3 (1.0%) | SiO2 (6.0%) | TiO2 (0.1%) | P (0.02%) | Fraction (0.10mm, 10-40mm)"
2024-08-16,C06-2024081601,ER-24199,Энержи Ресурс ХХК,Energy Resources,Энержи Ресурс ХХК,Coal,Нүүрс,Баяжуулсан,Washed medium-ash semi-hard coking coal,"Баяжуулсан дунд зэрэг үнстэй, хагас хатуу коксжих нүүрс",Форвард,5,450.0,460.0,CNY,тонн,11776000.0,2.22,4.0,25600.0,reported,"Ash (dry,%) ≤ 25.0% | Volatile matter | (dry, ash free basis,%) >10.0%-28.0% | Sulfur (dry, %) ≤ 1.0% | Total moisture | (as recieved,%) ≤ 10.0% | G index >20-60 | Calorific Value | (Kcal/kg) ≈5500"
2024-08-16,C05-2024081603,ETT24-14-OX,Эрдэнэс Тавантолгой ХК,Erdenes Tavan Tolgoi,Эрдэнэс Тавантолгой ХК,Coal,Нүүрс,Боловсруулаагүй,"Thermal coal (bituminous, non-caking)","Эрчим хүчний нүүрс /Битумт, үл барьцалдах нүүрс/",Форвард,3,52.2,54.7,USD,тонн,7001600.0,4.79,20.0,128000.0,reported,Ash (db) 21.5 (-5.0 | +5.0) | Volatile (daf) 34.0 max | Total sulfur (db) ≤1.5% | Total moisture (ar) 6.0 (-3.0 | +3.0) | Calorific (cal/g) 5500 (-500 | +700) | G-Index (5:1) <5
2024-08-15,FE02-2024081503,DMP-24136,Дарханы Төмөрлөгийн Үйлдвэр ХХК,Дарханы Төмөрлөгийн Үйлдвэр ХХК,Дарханы Төмөрлөгийн Үйлдвэр ХХК,Iron ore,Төмөр,Баяжмал,Fe-58% Төмрийн баяжмал,Fe-58% Төмрийн баяжмал,Форвард,3,58.0,70.0,USD,тонн,4158000.0,20.69,18.0,59400.0,reported,"Fe (57-59%) | S (3.5%) | Al2O3 (1.0%) | SiO2 (6.0%) | TiO2 (0.1%) | P (0.02%) | Fraction (0.10mm, 10-40mm)"
2024-08-15,C07-2024081502,UZ-24-01,Өсөх Зоос ХХК,Өсөх Зоос ХХК,Өсөх Зоос ХХК,Coal,Нүүрс,Боловсруулаагүй,"Дэгдэмхий бодис их, хийн нүүрс","Дэгдэмхий бодис их, хийн нүүрс",Спот,2,500.0,500.0,CNY,тонн,6400000.0,0.0,2.0,12800.0,reported,Total moisture 2.37 | Ash (DB dry basis) 16.35% | Volatile (DB dry basis) 39.8% | Sulfur 0.93% | Receive base low calorific | value 6089 | CSN bloat index 7 | G index 74
2024-08-15,C02-2024081501,KH-24006,Хангад Эксплорэйшн ХХК,Khangad Exploration,Хангад Эксплорэйшн ХХК,Coal,Нүүрс,Баяжуулсан,Washed semi-soft coking coal,Баяжуулсан сул коксжих нүүрс,Форвард,3,900.0,950.0,CNY,тонн,12160000.0,5.56,2.0,12800.0,reported,"Ash (dry,%) ≤ 9.5% | Volatile matter | (dry, ash free basis,%) > 28.0% | Sulfur (dry, %) ≤ 0.85% | Total moisture | (as recieved,%) ≤ 10.0% | G index ≥65"
2024-08-13,C06-2024081301,ER-24197,Энержи Ресурс ХХК,Energy Resources,Энержи Ресурс ХХК,Coal,Нүүрс,Баяжуулсан,Washed medium-ash semi-hard coking coal,"Баяжуулсан дунд зэрэг үнстэй, хагас хатуу коксжих нүүрс",Форвард,9,450.0,470.0,CNY,тонн,12032000.0,4.44,4.0,25600.0,reported,"Ash (dry,%) ≤ 25.0% | Volatile matter | (dry, ash free basis,%) >10.0%-28.0% | Sulfur (dry, %) ≤ 1.0% | Total moisture | (as recieved,%) ≤ 10.0% | G index >20-60 | Calorific Value | (Kcal/kg) ≈5500"
2024-08-12,CaF02-2024081201,EG-01,Эрд гео ХХК,Эрд гео ХХК,Эрд гео ХХК,Fluorspar,Жонш,Баяжмал,CaF2- 55-63% Хайлуур жонш,CaF2- 55-63% Хайлуур жонш,Форвард,1,85.0,85.0,USD,тонн,110500.0,0.0,20.0,1300.0,reported,CaF2 62.45% /-7% | +0.5%/ | CaCO3 0.97% | SiO2 32.68% | S <0.05 | P <0.01
2024-08-12,C01-2024081201,ER-24196,Энержи Ресурс ХХК,Energy Resources,Энержи Ресурс ХХК,Coal,Нүүрс,Баяжуулсан,Washed coking coal,Баяжуулсан коксжих нүүрс,Форвард,3,1150.0,1150.0,CNY,тонн,22080000.0,0.0,3.0,19200.0,reported,"Ash (dry,%) ≤ 11.0% | Volatile matter | (dry, ash free basis,%) >20.0%-28.0% | Sulfur (dry, %) ≤ 0.85% | Total moisture | (as recieved,%) ≤ 10.0% | G index ≥ 75"
2024-08-09,FE03-2024080901,MRTSM-227,Монголросцветмет ТӨҮГ,Mongolrostsvetmet (ex-Erdenes Critical Minerals),Монголросцветмет ТӨҮГ /Эрдэнэс критикал минералс ТӨҮГ/,Iron ore,Төмөр,Хүдэр,Iron ore Fe 52%,Fe-52% Төмрийн хүдэр,Форвард,1,70.0,70.0,USD,тонн,231000.0,0.0,1.0,3300.0,reported,H2O 0.5-1.0% | Al203 1%-3% | S 0.02%-0.05% | SiO2 5%-10% | Fe <52% | TiO2 0.01%-0.08% | P 0.01%-0.03%
2024-08-09,C01-2024080901,ER-24195,Энержи Ресурс ХХК,Energy Resources,Энержи Ресурс ХХК,Coal,Нүүрс,Баяжуулсан,Washed coking coal,Баяжуулсан коксжих нүүрс,Форвард,4,1150.0,1160.0,CNY,тонн,22272000.0,0.87,3.0,19200.0,reported,"Ash (dry,%) ≤ 11.0% | Volatile matter | (dry, ash free basis,%) >20.0%-28.0% | Sulfur (dry, %) ≤ 0.85% | Total moisture | (as recieved,%) ≤ 10.0% | G index ≥ 75"
2024-08-08,FE03-2024080801,MRTSM-226,Монголросцветмет ТӨҮГ,Mongolrostsvetmet (ex-Erdenes Critical Minerals),Монголросцветмет ТӨҮГ /Эрдэнэс критикал минералс ТӨҮГ/,Iron ore,Төмөр,Хүдэр,Iron ore Fe 52%,Fe-52% Төмрийн хүдэр,Форвард,1,70.0,70.0,USD,тонн,231000.0,0.0,1.0,3300.0,reported,H2O 0.5-1.0% | Al203 1%-3% | S 0.02%-0.05% | SiO2 5%-10% | Fe <52% | TiO2 0.01%-0.08% | P 0.01%-0.03%
2024-08-08,C06-2024080801,ER-24194,Энержи Ресурс ХХК,Energy Resources,Энержи Ресурс ХХК,Coal,Нүүрс,Баяжуулсан,Washed medium-ash semi-hard coking coal,"Баяжуулсан дунд зэрэг үнстэй, хагас хатуу коксжих нүүрс",Форвард,9,450.0,470.0,CNY,тонн,12032000.0,4.44,4.0,25600.0,reported,"Ash (dry,%) ≤ 25.0% | Volatile matter | (dry, ash free basis,%) >10.0%-28.0% | Sulfur (dry, %) ≤ 1.0% | Total moisture | (as recieved,%) ≤ 10.0% | G index >20-60 | Calorific Value | (Kcal/kg) ≈5500"
2024-08-07,FE03-2024080701,MRTSM-225,Монголросцветмет ТӨҮГ,Mongolrostsvetmet (ex-Erdenes Critical Minerals),Монголросцветмет ТӨҮГ /Эрдэнэс критикал минералс ТӨҮГ/,Iron ore,Төмөр,Хүдэр,Iron ore Fe 52%,Fe-52% Төмрийн хүдэр,Форвард,1,70.0,70.0,USD,тонн,231000.0,0.0,1.0,3300.0,reported,H2O 0.5-1.0% | Al203 1%-3% | S 0.02%-0.05% | SiO2 5%-10% | Fe <52% | TiO2 0.01%-0.08% | P 0.01%-0.03%
2024-08-07,C01-2024080701,ER-24193,Энержи Ресурс ХХК,Energy Resources,Энержи Ресурс ХХК,Coal,Нүүрс,Баяжуулсан,Washed coking coal,Баяжуулсан коксжих нүүрс,Форвард,5,1150.0,1160.0,CNY,тонн,22272000.0,0.87,3.0,19200.0,reported,"Ash (dry,%) ≤ 11.0% | Volatile matter | (dry, ash free basis,%) >20.0%-28.0% | Sulfur (dry, %) ≤ 0.85% | Total moisture | (as recieved,%) ≤ 10.0% | G index ≥ 75"
2024-08-06,FE03-2024080601,MRTSM-224,Монголросцветмет ТӨҮГ,Mongolrostsvetmet (ex-Erdenes Critical Minerals),Монголросцветмет ТӨҮГ /Эрдэнэс критикал минералс ТӨҮГ/,Iron ore,Төмөр,Хүдэр,Iron ore Fe 52%,Fe-52% Төмрийн хүдэр,Форвард,2,70.0,72.0,USD,тонн,237600.0,2.86,1.0,3300.0,reported,H2O 0.5-1.0% | Al203 1%-3% | S 0.02%-0.05% | SiO2 5%-10% | Fe <52% | TiO2 0.01%-0.08% | P 0.01%-0.03%
2024-08-06,C06-2024080601,ER-24192,Энержи Ресурс ХХК,Energy Resources,Энержи Ресурс ХХК,Coal,Нүүрс,Баяжуулсан,Washed medium-ash semi-hard coking coal,"Баяжуулсан дунд зэрэг үнстэй, хагас хатуу коксжих нүүрс",Форвард,8,450.0,470.0,CNY,тонн,12032000.0,4.44,4.0,25600.0,reported,"Ash (dry,%) ≤ 25.0% | Volatile matter | (dry, ash free basis,%) >10.0%-28.0% | Sulfur (dry, %) ≤ 1.0% | Total moisture | (as recieved,%) ≤ 10.0% | G index >20-60 | Calorific Value | (Kcal/kg) ≈5500"
2024-08-05,FE03-2024080501,MRTSM-223,Монголросцветмет ТӨҮГ,Mongolrostsvetmet (ex-Erdenes Critical Minerals),Монголросцветмет ТӨҮГ /Эрдэнэс критикал минералс ТӨҮГ/,Iron ore,Төмөр,Хүдэр,Iron ore Fe 52%,Fe-52% Төмрийн хүдэр,Форвард,1,70.0,70.0,USD,тонн,231000.0,0.0,1.0,3300.0,reported,H2O 0.5-1.0% | Al203 1%-3% | S 0.02%-0.05% | SiO2 5%-10% | Fe <52% | TiO2 0.01%-0.08% | P 0.01%-0.03%
2024-08-05,FE02-2024080502,DMP-24135,Дарханы Төмөрлөгийн Үйлдвэр ХХК,Дарханы Төмөрлөгийн Үйлдвэр ХХК,Дарханы Төмөрлөгийн Үйлдвэр ХХК,Iron ore,Төмөр,Баяжмал,Fe-58% Төмрийн баяжмал,Fe-58% Төмрийн баяжмал,Форвард,6,58.0,72.5,USD,тонн,4306500.0,25.0,18.0,59400.0,reported,"H20 (0-2) | Fe (56-60%) | S (3.5%) | Al2O3 (1.0%) | SiO2 (6.0%) | TiO2 (0.1%) | P (0.02%) | Fraction (0.10mm, 10-40mm)"
2024-08-05,CaF03-2024080501,OMKH-01,Очир мандал хайрхан ХХК,Очир мандал хайрхан ХХК,Очир мандал хайрхан ХХК,Fluorspar,Жонш,Хүдэр,CaF2- <42% Хайлуур жоншны хүдэр,CaF2- <42% Хайлуур жоншны хүдэр,Форвард,1,550.0,550.0,CNY,тонн,3575000.0,0.0,100.0,6500.0,reported,CaF2 <42% | CaCO3 1.4% | SiO2 39.0% | S <0.01 | P 0.05
2024-08-05,C01-2024080501,ER-24191,Энержи Ресурс ХХК,Energy Resources,Энержи Ресурс ХХК,Coal,Нүүрс,Баяжуулсан,Washed coking coal,Баяжуулсан коксжих нүүрс,Форвард,5,1150.0,1170.0,CNY,тонн,22464000.0,1.74,3.0,19200.0,reported,"Ash (dry,%) ≤ 11.0% | Volatile matter | (dry, ash free basis,%) >20.0%-28.0% | Sulfur (dry, %) ≤ 0.85% | Total moisture | (as recieved,%) ≤ 10.0% | G index ≥ 75"
2024-08-02,FE03-2024080201,MRTSM-222,Монголросцветмет ТӨҮГ,Mongolrostsvetmet (ex-Erdenes Critical Minerals),Монголросцветмет ТӨҮГ /Эрдэнэс критикал минералс ТӨҮГ/,Iron ore,Төмөр,Хүдэр,Iron ore Fe 52%,Fe-52% Төмрийн хүдэр,Форвард,1,70.0,70.0,USD,тонн,231000.0,0.0,1.0,3300.0,reported,H2O 0.5-1.0% | Al203 1%-3% | S 0.02%-0.05% | SiO2 5%-10% | Fe <52% | TiO2 0.01%-0.08% | P 0.01%-0.03%
2024-08-02,FE02-2024080202,DMP-24134,Дарханы Төмөрлөгийн Үйлдвэр ХХК,Дарханы Төмөрлөгийн Үйлдвэр ХХК,Дарханы Төмөрлөгийн Үйлдвэр ХХК,Iron ore,Төмөр,Баяжмал,Fe-58% Төмрийн баяжмал,Fe-58% Төмрийн баяжмал,Форвард,5,58.0,63.0,USD,тонн,3742200.0,8.62,18.0,59400.0,reported,"H20 (0-2) | Fe (56-60%) | S (3.5%) | Al2O3 (1.0%) | SiO2 (6.0%) | TiO2 (0.1%) | P (0.02%) | Fraction (0.10mm, 10-40mm)"
2024-08-02,C05-2024080202,ETT24-13-OX,Эрдэнэс Тавантолгой ХК,Erdenes Tavan Tolgoi,Эрдэнэс Тавантолгой ХК,Coal,Нүүрс,Боловсруулаагүй,"Thermal coal (bituminous, non-caking)","Эрчим хүчний нүүрс /Битумт, үл барьцалдах нүүрс/",Форвард,5,52.2,55.2,USD,тонн,7065600.0,5.75,20.0,128000.0,reported,Ash (db) 21.5 (-5.0 | +5.0) | Volatile (daf) 34.0 max | Total sulfur (db) ≤1.5% | Total moisture (ar) 6.0 (-3.0 | +3.0) | Calorific (cal/g) 5500 (-500 | +700) | G-Index (5:1) <5.0
2024-08-02,C01-2024080201,ER-24190,Энержи Ресурс ХХК,Energy Resources,Энержи Ресурс ХХК,Coal,Нүүрс,Баяжуулсан,Washed coking coal,Баяжуулсан коксжих нүүрс,Форвард,4,1150.0,1170.0,CNY,тонн,22464000.0,1.74,3.0,19200.0,reported,"Ash (dry,%) ≤ 11.0% | Volatile matter | (dry, ash free basis,%) >20.0%-28.0% | Sulfur (dry, %) ≤ 0.85% | Total moisture | (as recieved,%) ≤ 10.0% | G index ≥ 75"
2024-08-01,C06-2024080101,ER-24189,Энержи Ресурс ХХК,Energy Resources,Энержи Ресурс ХХК,Coal,Нүүрс,Баяжуулсан,Washed medium-ash semi-hard coking coal,"Баяжуулсан дунд зэрэг үнстэй, хагас хатуу коксжих нүүрс",Форвард,10,450.0,470.0,CNY,тонн,12032000.0,4.44,4.0,25600.0,reported,
2024-07-31,FE03-2024073101,MRTSM-220,Монголросцветмет ТӨҮГ,Mongolrostsvetmet (ex-Erdenes Critical Minerals),Монголросцветмет ТӨҮГ /Эрдэнэс критикал минералс ТӨҮГ/,Iron ore,Төмөр,Хүдэр,Iron ore Fe 52%,Fe-52% Төмрийн хүдэр,Форвард,1,70.0,70.0,USD,тонн,231000.0,0.0,1.0,3300.0,reported,H2O 0.5-1.0% | Al203 1%-3% | S 0.02%-0.05% | SiO2 5%-10% | Fe <52% | TiO2 0.01%-0.08% | P 0.01%-0.03%
2024-07-31,C01-2024073101,ER-24188,Энержи Ресурс ХХК,Energy Resources,Энержи Ресурс ХХК,Coal,Нүүрс,Баяжуулсан,Washed coking coal,Баяжуулсан коксжих нүүрс,Форвард,4,1150.0,1170.0,CNY,тонн,22464000.0,1.74,3.0,19200.0,reported,"Ash (dry,%) ≤ 11.0% | Volatile matter | (dry, ash free basis,%) >20.0%-28.0% | Sulfur (dry, %) ≤ 0.85% | Total moisture | (as recieved,%) ≤ 10.0% | G index ≥ 75"
2024-07-30,C06-2024073001,ER-24187,Энержи Ресурс ХХК,Energy Resources,Энержи Ресурс ХХК,Coal,Нүүрс,Баяжуулсан,Washed medium-ash semi-hard coking coal,"Баяжуулсан дунд зэрэг үнстэй, хагас хатуу коксжих нүүрс",Форвард,10,450.0,470.0,CNY,тонн,12032000.0,4.44,4.0,25600.0,reported,
2024-07-29,C01-2024072901,ER-24186,Энержи Ресурс ХХК,Energy Resources,Энержи Ресурс ХХК,Coal,Нүүрс,Баяжуулсан,Washed coking coal,Баяжуулсан коксжих нүүрс,Форвард,5,1150.0,1180.0,CNY,тонн,22656000.0,2.61,3.0,19200.0,reported,"Ash (dry,%) ≤ 11.0% | Volatile matter | (dry, ash free basis,%) >20.0%-28.0% | Sulfur (dry, %) ≤ 0.85% | Total moisture | (as recieved,%) ≤ 10.0% | G index ≥ 75"
2024-07-26,FE03-2024072601,MRTSM-217,Монголросцветмет ТӨҮГ,Mongolrostsvetmet (ex-Erdenes Critical Minerals),Монголросцветмет ТӨҮГ /Эрдэнэс критикал минералс ТӨҮГ/,Iron ore,Төмөр,Хүдэр,Iron ore Fe 52%,Fe-52% Төмрийн хүдэр,Форвард,1,70.0,70.0,USD,тонн,231000.0,0.0,1.0,3300.0,reported,H2O 0.5-10% | Al203 1%-3% | S 0.02%-0.05% | SiO2 5%-10% | Fe <52% | TiO2 0.01%-0.08% | P 0.01%-0.03%
2024-07-26,C01-2024072601,ER-24185,Энержи Ресурс ХХК,Energy Resources,Энержи Ресурс ХХК,Coal,Нүүрс,Баяжуулсан,Washed coking coal,Баяжуулсан коксжих нүүрс,Форвард,7,1150.0,1190.0,CNY,тонн,22848000.0,3.48,3.0,19200.0,reported,"Ash (dry,%) ≤ 11.0% | Volatile matter | (dry, ash free basis,%) >20.0%-28.0% | Sulfur (dry, %) ≤ 0.85% | Total moisture | (as recieved,%) ≤ 10.0% | G index ≥ 75"
2024-07-25,FE03-2024072501,MRTSM-216,Монголросцветмет ТӨҮГ,Mongolrostsvetmet (ex-Erdenes Critical Minerals),Монголросцветмет ТӨҮГ /Эрдэнэс критикал минералс ТӨҮГ/,Iron ore,Төмөр,Хүдэр,Iron ore Fe 52%,Fe-52% Төмрийн хүдэр,Форвард,1,70.0,70.0,USD,тонн,231000.0,0.0,1.0,3300.0,reported,H2O 0.5-10% | Al203 1%-3% | S 0.02%-0.05% | SiO2 5%-10% | Fe <52% | TiO2 0.01%-0.08% | P 0.01%-0.03%
2024-07-25,C06-2024072501,ER-24184,Энержи Ресурс ХХК,Energy Resources,Энержи Ресурс ХХК,Coal,Нүүрс,Баяжуулсан,Washed medium-ash semi-hard coking coal,"Баяжуулсан дунд зэрэг үнстэй, хагас хатуу коксжих нүүрс",Форвард,11,450.0,480.0,CNY,тонн,12288000.0,6.67,4.0,25600.0,reported,"Ash (dry,%) ≤ 25.0% | Volatile matter | (dry, ash free basis,%) >10.0%-28.0% | Sulfur (dry, %) ≤ 1.0% | Total moisture | (as received,%) ≤ 10.0% | G index >20-60 | Calorific Value | (Kcal/kg) ≈5500"
2024-07-24,FE03-2024072401,MRTSM-215,Монголросцветмет ТӨҮГ,Mongolrostsvetmet (ex-Erdenes Critical Minerals),Монголросцветмет ТӨҮГ /Эрдэнэс критикал минералс ТӨҮГ/,Iron ore,Төмөр,Хүдэр,Iron ore Fe 52%,Fe-52% Төмрийн хүдэр,Форвард,3,70.0,72.5,USD,тонн,239250.0,3.57,1.0,3300.0,reported,H2O 0.5-10% | Al203 1%-3% | S 0.02%-0.05% | SiO2 5%-10% | Fe <52% | TiO2 0.01%-0.08% | P 0.01%-0.03%
2024-07-24,C05-2024072402,ETT24-12-OX,Эрдэнэс Тавантолгой ХК,Erdenes Tavan Tolgoi,Эрдэнэс Тавантолгой ХК,Coal,Нүүрс,Боловсруулаагүй,"Thermal coal (bituminous, non-caking)","Эрчим хүчний нүүрс /Битумт, үл барьцалдах нүүрс/",Форвард,5,52.2,54.2,USD,тонн,6937600.0,3.83,20.0,128000.0,reported,"Ash (dry,%) 21.5 (-5.0 | +5.0) | Volatile matter | (dry, ash free basis,%) 34.0 max | Sulfur (dry, %) ≤1.5% | Total moisture | (as received,%) 6.0 (-3.0 | +3.0) | Calorific (cal/g) 5500 (-500 | +700) | G index <5.0"
2024-07-24,C01-2024072401,ER-24183,Энержи Ресурс ХХК,Energy Resources,Энержи Ресурс ХХК,Coal,Нүүрс,Баяжуулсан,Washed coking coal,Баяжуулсан коксжих нүүрс,Форвард,7,1150.0,1220.0,CNY,тонн,23424000.0,6.09,3.0,19200.0,reported,"Ash (dry,%) ≤ 11.0% | Volatile matter | (dry, ash free basis,%) >20.0%-28.0% | Sulfur (dry, %) ≤ 0.85% | Total moisture | (as recieved,%) ≤ 10.0% | G index ≥ 75"
2024-07-23,FE03-2024072301,MRTSM-214,Монголросцветмет ТӨҮГ,Mongolrostsvetmet (ex-Erdenes Critical Minerals),Монголросцветмет ТӨҮГ /Эрдэнэс критикал минералс ТӨҮГ/,Iron ore,Төмөр,Хүдэр,Iron ore Fe 52%,Fe-52% Төмрийн хүдэр,Форвард,2,70.0,74.0,USD,тонн,244200.0,5.71,1.0,3300.0,reported,H2O 0.5-10% | Al203 1%-3% | S 0.02%-0.05% | SiO2 5%-10% | Fe <52% | TiO2 0.01%-0.08% | P 0.01%-0.03%
2024-07-23,C06-2024072301,ER-24182,Энержи Ресурс ХХК,Energy Resources,Энержи Ресурс ХХК,Coal,Нүүрс,Баяжуулсан,Washed medium-ash semi-hard coking coal,"Баяжуулсан дунд зэрэг үнстэй, хагас хатуу коксжих нүүрс",Форвард,10,450.0,480.0,CNY,тонн,12288000.0,6.67,4.0,25600.0,reported,"Ash (dry,%) ≤ 25.0% | Volatile matter | (dry, ash free basis,%) >10.0%-28.0% | Sulfur (dry, %) ≤ 1.0% | Total moisture | (as recieved,%) ≤ 10.0% | G index >20-60 | Calorific Value | (Kcal/kg) ≈5500"
2024-07-22,FE03-2024072201,MRTSM-213,Монголросцветмет ТӨҮГ,Mongolrostsvetmet (ex-Erdenes Critical Minerals),Монголросцветмет ТӨҮГ /Эрдэнэс критикал минералс ТӨҮГ/,Iron ore,Төмөр,Хүдэр,Iron ore Fe 52%,Fe-52% Төмрийн хүдэр,Форвард,2,70.0,73.0,USD,тонн,240900.0,4.29,1.0,3300.0,reported,H2O 0.5-10% | Al203 1%-3% | S 0.02%-0.05% | SiO2 5%-10% | Fe <52% | TiO2 0.01%-0.08% | P 0.01%-0.03%
2024-07-22,C01-2024072201,ER-24181,Энержи Ресурс ХХК,Energy Resources,Энержи Ресурс ХХК,Coal,Нүүрс,Баяжуулсан,Washed coking coal,Баяжуулсан коксжих нүүрс,Форвард,9,1150.0,1220.0,CNY,тонн,23424000.0,6.09,3.0,19200.0,reported,"Ash (dry,%) ≤ 11.0% | Volatile matter | (dry, ash free basis,%) >20.0%-28.0% | Sulfur (dry, %) ≤ 0.85% | Total moisture | (as recieved,%) ≤ 10.0% | G index ≥ 75"
2024-07-19,FE03-2024071901,MRTSM-212,Монголросцветмет ТӨҮГ,Mongolrostsvetmet (ex-Erdenes Critical Minerals),Монголросцветмет ТӨҮГ /Эрдэнэс критикал минералс ТӨҮГ/,Iron ore,Төмөр,Хүдэр,Iron ore Fe 52%,Fe-52% Төмрийн хүдэр,Форвард,3,70.0,73.0,USD,тонн,240900.0,4.29,1.0,3300.0,reported,H2O 0.5-10% | Al203 1%-3% | S 0.02%-0.05% | SiO2 5%-10% | Fe <52% | TiO2 0.01%-0.08% | P 0.01%-0.03%
2024-07-19,C07-2024071903,24-02-GC,Эрдэнэс Тавантолгой ХК,Erdenes Tavan Tolgoi,Эрдэнэс Тавантолгой ХК,Coal,Нүүрс,Боловсруулаагүй,Дэгдэмхий бодис дундаас их хийн нүүрс,Дэгдэмхий бодис дундаас их хийн нүүрс,Форвард,4,80.0,80.0,USD,тонн,10240000.0,0.0,20.0,128000.0,reported,Ash (db) 21.5 (-5.6 | +5.9) | Volatile (daf) 33.4 (-2.1 | +2.9) | Total sulfur (db) 1.13 (-0.5 | +0.8) | Total moisture (ar) 3.42 (-0.8 | +1.0) | G-Index (5:1) 61 (-10.0 | +3.0)
2024-07-19,C03-2024071902,TTOA-2024-007,Тавантолгой ХК,Tavan Tolgoi JSC,Тавантолгой ХК,Coal,Нүүрс,Боловсруулаагүй,Medium-volatile coking coal,"Дэгдэмхий бодис дунд, коксжих нүүрс",Форвард,4,145.0,150.5,USD,тонн,77056000.0,3.79,80.0,512000.0,reported,Ash (db): 16.88 （+1；-3） | Volatile (daf): 27.00 （+1；-2） | Total sulphur (db): 0.95 （+0.1；-0.2） | G-index (5:1): 77 （+10；-10） | Total moisture (ar): 0.53 （+1.31；-0.2） | Y- index ≤25mm
2024-07-19,C01-2024071901,ER-24180,Энержи Ресурс ХХК,Energy Resources,Энержи Ресурс ХХК,Coal,Нүүрс,Баяжуулсан,Washed coking coal,Баяжуулсан коксжих нүүрс,Форвард,10,1150.0,1230.0,CNY,тонн,23616000.0,6.96,3.0,19200.0,reported,"Ash (dry,%) ≤ 11.0% | Volatile matter(dry, ash free basis,%) >20.0%-28.0% | Sulfur (dry, %) ≤ 0.85% | Total moisture (as received,%) ≤ 10.0% | G index ≥ 75"
2024-07-18,FE03-2024071801,MRTSM-211,Монголросцветмет ТӨҮГ,Mongolrostsvetmet (ex-Erdenes Critical Minerals),Монголросцветмет ТӨҮГ /Эрдэнэс критикал минералс ТӨҮГ/,Iron ore,Төмөр,Хүдэр,Iron ore Fe 52%,Fe-52% Төмрийн хүдэр,Форвард,1,70.0,70.0,USD,тонн,231000.0,0.0,1.0,3300.0,reported,H2O 0.5-10% | Al203 1%-3% | S 0.02%-0.05% | SiO2 5%-10% | Fe <52% | TiO2 0.01%-0.08% | P 0.01%-0.03%
2024-07-18,C06-2024071801,ER-24179,Энержи Ресурс ХХК,Energy Resources,Энержи Ресурс ХХК,Coal,Нүүрс,Баяжуулсан,Washed medium-ash semi-hard coking coal,"Баяжуулсан дунд зэрэг үнстэй, хагас хатуу коксжих нүүрс",Форвард,10,450.0,480.0,CNY,тонн,12288000.0,6.67,4.0,25600.0,reported,"Ash (dry,%) ≤ 25.0% | Volatile matter(dry, ash free basis,%) >10.0%-28.0% | Sulfur (dry, %) ≤ 1.0% | Total moisture(as recieved,%) ≤ 10.0% | G index >20-60 | Calorific Value(Kcal/kg) ≈5500"
2024-07-17,FE03-2024071701,MRTSM-210,Монголросцветмет ТӨҮГ,Mongolrostsvetmet (ex-Erdenes Critical Minerals),Монголросцветмет ТӨҮГ /Эрдэнэс критикал минералс ТӨҮГ/,Iron ore,Төмөр,Хүдэр,Iron ore Fe 52%,Fe-52% Төмрийн хүдэр,Форвард,2,70.0,73.5,USD,тонн,242550.0,5.0,1.0,3300.0,reported,H2O 0.5-10% | Al203 1%-3% | S 0.02%-0.05% | SiO2 5%-10% | Fe <52% | TiO2 0.01%-0.08% | P 0.01%-0.03%
2024-07-17,C01-2024071701,ER-24178,Энержи Ресурс ХХК,Energy Resources,Энержи Ресурс ХХК,Coal,Нүүрс,Баяжуулсан,Washed coking coal,Баяжуулсан коксжих нүүрс,Форвард,8,1150.0,1230.0,CNY,тонн,23616000.0,6.96,3.0,19200.0,reported,"Ash (dry,%) ≤ 11.0% | Volatile matter(dry, ash free basis,%) >20.0%-28.0% | Sulfur (dry, %) ≤ 0.85% | Total moisture (as received,%) ≤ 10.0% | G index ≥ 75"
2024-07-16,FE03-2024071601,MRTSM-209,Монголросцветмет ТӨҮГ,Mongolrostsvetmet (ex-Erdenes Critical Minerals),Монголросцветмет ТӨҮГ /Эрдэнэс критикал минералс ТӨҮГ/,Iron ore,Төмөр,Хүдэр,Iron ore Fe 52%,Fe-52% Төмрийн хүдэр,Форвард,2,70.0,72.0,USD,тонн,237600.0,2.86,1.0,3300.0,reported,H2O 0.5-10% | Al203 1%-3% | S 0.02%-0.05% | SiO2 5%-10% | Fe <52% | TiO2 0.01%-0.08% | P 0.01%-0.03%
2024-07-16,C06-2024071602,ER-24177,Энержи Ресурс ХХК,Energy Resources,Энержи Ресурс ХХК,Coal,Нүүрс,Баяжуулсан,Washed medium-ash semi-hard coking coal,"Баяжуулсан дунд зэрэг үнстэй, хагас хатуу коксжих нүүрс",Форвард,9,450.0,480.0,CNY,тонн,12288000.0,6.67,4.0,25600.0,reported,"Ash (dry,%) ≤ 25.0% | Volatile matter(dry, ash free basis,%) >10.0%-28.0% | Sulfur (dry, %) ≤ 1.0% | Total moisture(as recieved,%) ≤ 10.0% | G index >20-60 | Calorific Value(Kcal/kg) ≈5500"
2024-07-16,C02-2024071601,KH-24005,Хангад Эксплорэйшн ХХК,Khangad Exploration,Хангад Эксплорэйшн ХХК,Coal,Нүүрс,Баяжуулсан,Washed semi-soft coking coal,Баяжуулсан сул коксжих нүүрс,Форвард,3,900.0,950.0,CNY,тонн,12160000.0,5.56,2.0,12800.0,reported,"Ash (dry,%) ≤9.5% | Volatile matter (dry, ash free basis, %) >28.0% | Sulfur (dry, %) ≤0.85% | Total moisture (as received, %) ≤10.0% | G index ≥65"
2024-07-09,FE03-2024070901,MRTSM-208,Монголросцветмет ТӨҮГ,Mongolrostsvetmet (ex-Erdenes Critical Minerals),Монголросцветмет ТӨҮГ /Эрдэнэс критикал минералс ТӨҮГ/,Iron ore,Төмөр,Хүдэр,Iron ore Fe 52%,Fe-52% Төмрийн хүдэр,Форвард,3,70.0,75.0,USD,тонн,247500.0,7.14,1.0,3300.0,reported,H2O 0.5-10% | Al203 1%-3% | S 0.02%-0.05% | SiO2 5%-10% | Fe <52% | TiO2 0.01%-0.08% | P 0.01%-0.03%
2024-07-09,C06-2024070902,ER-24176,Энержи Ресурс ХХК,Energy Resources,Энержи Ресурс ХХК,Coal,Нүүрс,Баяжуулсан,Washed medium-ash semi-hard coking coal,"Баяжуулсан дунд зэрэг үнстэй, хагас хатуу коксжих нүүрс",Форвард,10,450.0,490.0,CNY,тонн,12544000.0,8.89,4.0,25600.0,reported,"Ash (dry,%) ≤ 25.0% | Volatile matter(dry, ash free basis,%) >10.0%-28.0% | Sulfur (dry, %) ≤ 1.0% | Total moisture(as recieved,%) ≤ 10.0% | G index >20-60 | Calorific Value(Kcal/kg) ≈5500"
2024-07-09,C01-2024070901,ER-24175,Энержи Ресурс ХХК,Energy Resources,Энержи Ресурс ХХК,Coal,Нүүрс,Баяжуулсан,Washed coking coal,Баяжуулсан коксжих нүүрс,Форвард,6,1150.0,1200.0,CNY,тонн,23040000.0,4.35,3.0,19200.0,reported,"Ash (dry,%) ≤ 11.0% | Volatile matter(dry, ash free basis,%) >20.0%-28.0% | Sulfur (dry, %) ≤ 0.85% | Total moisture (as received,%) ≤ 10.0% | G index ≥ 75"
2024-07-08,FE03-2024070801,MRTSM-207,Монголросцветмет ТӨҮГ,Mongolrostsvetmet (ex-Erdenes Critical Minerals),Монголросцветмет ТӨҮГ /Эрдэнэс критикал минералс ТӨҮГ/,Iron ore,Төмөр,Хүдэр,Iron ore Fe 52%,Fe-52% Төмрийн хүдэр,Форвард,2,70.0,72.5,USD,тонн,239250.0,3.57,1.0,3300.0,reported,H2O 0.5-10% | Al203 1%-3% | S 0.02%-0.05% | SiO2 5%-10% | Fe <52% | TiO2 0.01%-0.08% | P 0.01%-0.03%
2024-07-08,C06-2024070802,ER-24174,Энержи Ресурс ХХК,Energy Resources,Энержи Ресурс ХХК,Coal,Нүүрс,Баяжуулсан,Washed medium-ash semi-hard coking coal,"Баяжуулсан дунд зэрэг үнстэй, хагас хатуу коксжих нүүрс",Форвард,10,450.0,490.0,CNY,тонн,12544000.0,8.89,4.0,25600.0,reported,"Ash (dry,%) ≤ 25.0% | Volatile matter(dry, ash free basis,%) >10.0%-28.0% | Sulfur (dry, %) ≤ 1.0% | Total moisture(as recieved,%) ≤ 10.0% | G index >20-60 | Calorific Value(Kcal/kg) ≈5500"
2024-07-08,C05-2024070803,24-11-OX,Эрдэнэс Тавантолгой ХК,Erdenes Tavan Tolgoi,Эрдэнэс Тавантолгой ХК,Coal,Нүүрс,Боловсруулаагүй,"Thermal coal (bituminous, non-caking)","Эрчим хүчний нүүрс /Битумт, үл барьцалдах нүүрс/",Форвард,1,52.2,52.2,USD,тонн,6681600.0,0.0,20.0,128000.0,reported,"Ash (dry,%) 21.5 (-5.0 | +5.0) | Volatile matter | (dry, ash free basis,%) 34.0 max | Sulfur (dry, %) ≤1.5% | Total moisture | (as received,%) 6.0 (-3.0 | +3.0) | Calorific (cal/g) 5500 (-500 | +700)"
2024-07-08,C01-2024070801,ER-24173,Энержи Ресурс ХХК,Energy Resources,Энержи Ресурс ХХК,Coal,Нүүрс,Баяжуулсан,Washed coking coal,Баяжуулсан коксжих нүүрс,Форвард,6,1150.0,1200.0,CNY,тонн,23040000.0,4.35,3.0,19200.0,reported,"Ash (dry,%) ≤ 11.0% | Volatile matter(dry, ash free basis,%) >20.0%-28.0% | Sulfur (dry, %) ≤ 0.85% | Total moisture (as received,%) ≤ 10.0% | G index ≥ 75"
2024-07-05,FE03-2024070501,MRTSM-206,Монголросцветмет ТӨҮГ,Mongolrostsvetmet (ex-Erdenes Critical Minerals),Монголросцветмет ТӨҮГ /Эрдэнэс критикал минералс ТӨҮГ/,Iron ore,Төмөр,Хүдэр,Iron ore Fe 52%,Fe-52% Төмрийн хүдэр,Форвард,1,70.0,70.0,USD,тонн,231000.0,0.0,1.0,3300.0,reported,H2O 0.5-10% | Al203 1%-3% | S 0.02%-0.05% | SiO2 5%-10% | Fe <52% | TiO2 0.01%-0.08% | P 0.01%-0.03%
2024-07-05,C03-2024070502,TTOA-2024-006,Тавантолгой ХК,Tavan Tolgoi JSC,Тавантолгой ХК,Coal,Нүүрс,Боловсруулаагүй,Medium-volatile coking coal,"Дэгдэмхий бодис дунд, коксжих нүүрс",Форвард,3,145.0,146.5,USD,тонн,32816000.0,1.03,35.0,224000.0,reported,Ash (db): 16.88 (+1 | -2) | Volatile (daf): 27.00 (+1 | -2) | Total sulphur (db): 0.95 (+1 | -2) | G-index (5:1): 77 (+10 | -10) | Total moisture (ar): 0.53 (+0.1 | -0.2) | Y-index ≤25mm
2024-07-05,C01-2024070501,ER-24172,Энержи Ресурс ХХК,Energy Resources,Энержи Ресурс ХХК,Coal,Нүүрс,Баяжуулсан,Washed coking coal,Баяжуулсан коксжих нүүрс,Форвард,4,1150.0,1190.0,CNY,тонн,22848000.0,3.48,3.0,19200.0,reported,"Ash (dry,%) ≤ 11.0% | Volatile matter(dry, ash free basis,%) >20.0%-28.0% | Sulfur (dry, %) ≤ 0.85% | Total moisture (as received,%) ≤ 10.0% | G index ≥ 75"
2024-07-04,FE03-2024070401,MRTSM-205,Монголросцветмет ТӨҮГ,Mongolrostsvetmet (ex-Erdenes Critical Minerals),Монголросцветмет ТӨҮГ /Эрдэнэс критикал минералс ТӨҮГ/,Iron ore,Төмөр,Хүдэр,Iron ore Fe 52%,Fe-52% Төмрийн хүдэр,Форвард,2,70.0,71.0,USD,тонн,234300.0,1.43,1.0,3300.0,reported,H2O 0.5-10% | Al203 1%-3% | S 0.02%-0.05% | SiO2 5%-10% | Fe <52% | TiO2 0.01%-0.08% | P 0.01%-0.03%
2024-07-04,C06-2024070402,ER-24171,Энержи Ресурс ХХК,Energy Resources,Энержи Ресурс ХХК,Coal,Нүүрс,Баяжуулсан,Washed medium-ash semi-hard coking coal,"Баяжуулсан дунд зэрэг үнстэй, хагас хатуу коксжих нүүрс",Форвард,5,450.0,460.0,CNY,тонн,11776000.0,2.22,4.0,25600.0,reported,"Ash (dry,%) ≤ 25.0% | Volatile matter(dry, ash free basis,%) >10.0%-28.0% | Sulfur (dry, %) ≤ 1.0% | Total moisture(as recieved,%) ≤ 10.0% | G index >20-60 | Calorific Value(Kcal/kg) ≈5500"
2024-07-04,C01-2024070401,ER-24168,Энержи Ресурс ХХК,Energy Resources,Энержи Ресурс ХХК,Coal,Нүүрс,Баяжуулсан,Washed coking coal,Баяжуулсан коксжих нүүрс,Форвард,4,1150.0,1190.0,CNY,тонн,22848000.0,3.48,3.0,19200.0,reported,"Ash (dry,%) ≤ 11.0% | Volatile matter(dry, ash free basis,%) >20.0%-28.0% | Sulfur (dry, %) ≤ 0.85% | Total moisture (as received,%) ≤ 10.0% | G index ≥ 75"
2024-07-03,FE03-2024070301,MRTSM-204,Монголросцветмет ТӨҮГ,Mongolrostsvetmet (ex-Erdenes Critical Minerals),Монголросцветмет ТӨҮГ /Эрдэнэс критикал минералс ТӨҮГ/,Iron ore,Төмөр,Хүдэр,Iron ore Fe 52%,Fe-52% Төмрийн хүдэр,Форвард,2,70.0,70.5,USD,тонн,232650.0,0.71,1.0,3300.0,reported,H2O 0.5-10% | Al203 1%-3% | S 0.02%-0.05% | SiO2 5%-10% | Fe <52% | TiO2 0.01%-0.08% | P 0.01%-0.03%
2024-07-03,C06-2024070302,ER-24169,Энержи Ресурс ХХК,Energy Resources,Энержи Ресурс ХХК,Coal,Нүүрс,Баяжуулсан,Washed medium-ash semi-hard coking coal,"Баяжуулсан дунд зэрэг үнстэй, хагас хатуу коксжих нүүрс",Форвард,7,450.0,460.0,CNY,тонн,11776000.0,2.22,4.0,25600.0,reported,"Ash (dry,%) ≤ 25.0% | Volatile matter(dry, ash free basis,%) >10.0%-28.0% | Sulfur (dry, %) ≤ 1.0% | Total moisture(as recieved,%) ≤ 10.0% | G index >20-60 | Calorific Value(Kcal/kg) ≈5500"
2024-07-03,C01-2024070301,ER-24170,Энержи Ресурс ХХК,Energy Resources,Энержи Ресурс ХХК,Coal,Нүүрс,Баяжуулсан,Washed coking coal,Баяжуулсан коксжих нүүрс,Форвард,7,1150.0,1180.0,CNY,тонн,22656000.0,2.61,3.0,19200.0,reported,"Ash (dry,%) ≤ 11.0% | Volatile matter(dry, ash free basis,%) >20.0%-28.0% | Sulfur (dry, %) ≤ 0.85% | Total moisture (as received,%) ≤ 10.0% | G index ≥ 75"
2024-07-02,FE03-2024070201,MRTSM-203,Монголросцветмет ТӨҮГ,Mongolrostsvetmet (ex-Erdenes Critical Minerals),Монголросцветмет ТӨҮГ /Эрдэнэс критикал минералс ТӨҮГ/,Iron ore,Төмөр,Хүдэр,Iron ore Fe 52%,Fe-52% Төмрийн хүдэр,Форвард,1,70.0,70.0,USD,тонн,231000.0,0.0,1.0,3300.0,reported,
2024-06-27,FE02-2024062704,DMP-24133,Дарханы Төмөрлөгийн Үйлдвэр ХХК,Дарханы Төмөрлөгийн Үйлдвэр ХХК,Дарханы Төмөрлөгийн Үйлдвэр ХХК,Iron ore,Төмөр,Баяжмал,Fe-58% Төмрийн баяжмал,Fe-58% Төмрийн баяжмал,Форвард,1,61.0,61.0,USD,тонн,384300.0,0.0,2.0,6300.0,reported,"H2O 0-2 | Fe 56%-60% | S 3.5% (average) | Al2О3 1.0% (average) | SiO2 7.0% (average) | TiO2 0.1% (average) | P 0.02% (average) | Fractions 0-10mm, 10-40 mm"
2024-06-27,C06-2024062702,ER-24167,Энержи Ресурс ХХК,Energy Resources,Энержи Ресурс ХХК,Coal,Нүүрс,Баяжуулсан,Washed medium-ash semi-hard coking coal,"Баяжуулсан дунд зэрэг үнстэй, хагас хатуу коксжих нүүрс",Форвард,6,420.0,470.0,CNY,тонн,12032000.0,11.9,4.0,25600.0,implied (total / price),"Ash (dry,%) ≤ 25.0% | Volatile matter(dry, ash free basis,%) >10.0%-28.0% | Sulfur (dry, %) ≤ 1.0% | Total moisture(as recieved,%) ≤ 10.0% | G index >20-60 | Calorific Value(Kcal/kg) ≈5500"
2024-06-27,C01-2024062701,ER-24166,Энержи Ресурс ХХК,Energy Resources,Энержи Ресурс ХХК,Coal,Нүүрс,Баяжуулсан,Washed coking coal,Баяжуулсан коксжих нүүрс,Форвард,6,1100.0,1210.0,CNY,тонн,23232000.0,10.0,3.0,19200.0,implied (total / price),"Ash (dry,%) ≤ 11.0% | Volatile matter(dry, ash free basis,%) >20.0%-28.0% | Sulfur (dry, %) ≤ 0.85% | Total moisture (as received,%) ≤ 10.0% | G index ≥ 75"
2024-06-26,FE03-2024062601,MRTSM-199,Монголросцветмет ТӨҮГ,Mongolrostsvetmet (ex-Erdenes Critical Minerals),Монголросцветмет ТӨҮГ /Эрдэнэс критикал минералс ТӨҮГ/,Iron ore,Төмөр,Хүдэр,Iron ore Fe 52%,Fe-52% Төмрийн хүдэр,Форвард,1,70.0,70.0,USD,тонн,231000.0,0.0,1.0,3300.0,implied (total / price),"H2O  0.5-1.0% | Au 0.01%-0.03% | Al 0.2%-0.6% | S 0.02%-0.05% | Ag < 1/10,000 | Cu < 1.4/10,000 | Pb < 16/10,000"
2024-06-26,C06-2024062601,ER-24165,Энержи Ресурс ХХК,Energy Resources,Энержи Ресурс ХХК,Coal,Нүүрс,Баяжуулсан,Washed medium-ash semi-hard coking coal,"Баяжуулсан дунд зэрэг үнстэй, хагас хатуу коксжих нүүрс",Форвард,5,420.0,470.0,CNY,тонн,12032000.0,11.9,4.0,25600.0,implied (total / price),"Ash (dry,%) ≤ 25.0% | Volatile matter(dry, ash free basis,%) >10.0%-28.0% | Sulfur (dry, %) ≤ 1.0% | Total moisture(as recieved,%) ≤ 10.0% | G index >20-60 | Calorific Value(Kcal/kg) ≈5500"
2024-06-26,C05-2024062602,ETT-24-10,Эрдэнэс Тавантолгой ХК,Erdenes Tavan Tolgoi,Эрдэнэс Тавантолгой ХК,Coal,Нүүрс,Боловсруулаагүй,"Thermal coal (bituminous, non-caking)","Эрчим хүчний нүүрс /Битумт, үл барьцалдах нүүрс/",Форвард,4,52.2,54.7,USD,тонн,7001600.0,4.79,20.0,128000.0,reported,"Ash (dry,%) 21.5 (-5.0 | +5.0) | Volatile matter | (dry, ash free basis,%) 34.0 max | Sulfur (dry, %) ≤1.5% | Total moisture | (as received,%) 6.0 (-3.0 | +3.0) | Calorific (cal/g) 5500 (-500 | +700)"
2024-06-25,FE02-2024062503,DMP-24129,Дарханы Төмөрлөгийн Үйлдвэр ХХК,Дарханы Төмөрлөгийн Үйлдвэр ХХК,Дарханы Төмөрлөгийн Үйлдвэр ХХК,Iron ore,Төмөр,Баяжмал,Fe-58% Төмрийн баяжмал,Fe-58% Төмрийн баяжмал,Форвард,1,61.0,61.0,USD,тонн,384300.0,0.0,2.0,6300.0,reported,"H2O 0-2 | Fe 56%-60% | S 3.5% (average) | Al2О3 1.0% (average) | SiO2 7.0% (average) | TiO2 0.1% (average) | P 0.02% (average) | Fractions 0-10mm, 10-40 mm"
2024-06-25,C01-2024062501,ER-24164,Энержи Ресурс ХХК,Energy Resources,Энержи Ресурс ХХК,Coal,Нүүрс,Баяжуулсан,Washed coking coal,Баяжуулсан коксжих нүүрс,Форвард,8,1100.0,1200.0,CNY,тонн,23040000.0,9.09,3.0,19200.0,implied (total / price),"Ash (dry,%) ≤ 11.0% | Volatile matter(dry, ash free basis,%) >20.0%-28.0% | Sulfur (dry, %) ≤ 0.85% | Total moisture (as received,%) ≤ 10.0% | G index ≥ 75"
2024-06-24,FE03-2024062401,MRTSM-197,Монголросцветмет ТӨҮГ,Mongolrostsvetmet (ex-Erdenes Critical Minerals),Монголросцветмет ТӨҮГ /Эрдэнэс критикал минералс ТӨҮГ/,Iron ore,Төмөр,Хүдэр,Iron ore Fe 52%,Fe-52% Төмрийн хүдэр,Форвард,1,70.0,70.0,USD,тонн,231000.0,0.0,1.0,3300.0,implied (total / price),"H2O  0.5-1.0% | Au 0.01%-0.03% | S 0.02%-0.05% | Ag < 1/10,000 | Fe < 52%"
2024-06-24,FE02-2024062403,DMP-24127,Дарханы Төмөрлөгийн Үйлдвэр ХХК,Дарханы Төмөрлөгийн Үйлдвэр ХХК,Дарханы Төмөрлөгийн Үйлдвэр ХХК,Iron ore,Төмөр,Баяжмал,Fe-58% Төмрийн баяжмал,Fe-58% Төмрийн баяжмал,Форвард,2,61.0,62.0,USD,тонн,390600.0,1.64,2.0,6300.0,reported,"H2O 0-2 | Fe 56%-60% | S 3.5% (average) | Al2О3 1.0% (average) | SiO2 7.0% (average) | TiO2 0.1% (average) | P 0.02% (average) | Fractions 0-10mm, 10-40 mm"
2024-06-24,C06-2024062402,ER-24163,Энержи Ресурс ХХК,Energy Resources,Энержи Ресурс ХХК,Coal,Нүүрс,Баяжуулсан,Washed medium-ash semi-hard coking coal,"Баяжуулсан дунд зэрэг үнстэй, хагас хатуу коксжих нүүрс",Форвард,7,420.0,490.0,CNY,тонн,12544000.0,16.67,4.0,25600.0,implied (total / price),"Ash (dry,%) ≤ 25.0% | Volatile matter(dry, ash free basis,%) >10.0%-28.0% | Sulfur (dry, %) ≤ 1.0% | Total moisture(as recieved,%) ≤ 10.0% | G index >20-60 | Calorific Value(Kcal/kg) ≈5500"
2024-06-24,C01-2024062401,ER-24162,Энержи Ресурс ХХК,Energy Resources,Энержи Ресурс ХХК,Coal,Нүүрс,Баяжуулсан,Washed coking coal,Баяжуулсан коксжих нүүрс,Форвард,8,1100.0,1220.0,CNY,тонн,23424000.0,10.91,3.0,19200.0,implied (total / price),"Ash (dry,%) ≤ 11.0% | Volatile matter(dry, ash free basis,%) >20.0%-28.0% | Sulfur (dry, %) ≤ 0.85% | Total moisture (as received,%) ≤ 10.0% | G index ≥ 75"
2024-06-21,FE03-2024062101,MRTSM-196,Монголросцветмет ТӨҮГ,Mongolrostsvetmet (ex-Erdenes Critical Minerals),Монголросцветмет ТӨҮГ /Эрдэнэс критикал минералс ТӨҮГ/,Iron ore,Төмөр,Хүдэр,Iron ore Fe 52%,Fe-52% Төмрийн хүдэр,Форвард,2,70.0,74.5,USD,тонн,245850.0,6.43,1.0,3300.0,implied (total / price),"H2O  0.5-1.0% | Au 0.01%-0.03% | Al 0.2%-0.6% | S 0.02%-0.05% | Ag < 1/10,000 | Cu < 1.4/10,000 | Pb < 16/10,000"
2024-06-21,C06-2024062101,ER-24161,Энержи Ресурс ХХК,Energy Resources,Энержи Ресурс ХХК,Coal,Нүүрс,Баяжуулсан,Washed medium-ash semi-hard coking coal,"Баяжуулсан дунд зэрэг үнстэй, хагас хатуу коксжих нүүрс",Форвард,7,420.0,500.0,CNY,тонн,12800000.0,19.05,4.0,25600.0,implied (total / price),"Ash (dry,%) ≤ 25.0% | Volatile matter(dry, ash free basis,%) >10.0%-28.0% | Sulfur (dry, %) ≤ 1.0% | Total moisture(as recieved,%) ≤ 10.0% | G index >20-60 | Calorific Value(Kcal/kg) ≈5500"
2024-06-21,C05-2024062102,24/09-OX,Эрдэнэс Тавантолгой ХК,Erdenes Tavan Tolgoi,Эрдэнэс Тавантолгой ХК,Coal,Нүүрс,Боловсруулаагүй,"Thermal coal (bituminous, non-caking)","Эрчим хүчний нүүрс /Битумт, үл барьцалдах нүүрс/",Форвард,6,52.2,56.7,USD,тонн,7257600.0,8.62,20.0,128000.0,implied (total / price),"Ash (dry,%) 21.5 (-5.0 | +5.0) | Volatile matter | (dry, ash free basis,%) 34.0 max | Sulfur (dry, %) ≤1.5% | Total moisture | (as received,%) 6.0 (-3.0 | +3.0) | Calorific (cal/g) 5500 (-500 | +700)"
2024-06-20,FE03-2024062001,MRTSM-195,Монголросцветмет ТӨҮГ,Mongolrostsvetmet (ex-Erdenes Critical Minerals),Монголросцветмет ТӨҮГ /Эрдэнэс критикал минералс ТӨҮГ/,Iron ore,Төмөр,Хүдэр,Iron ore Fe 52%,Fe-52% Төмрийн хүдэр,Форвард,3,70.0,74.0,USD,тонн,244200.0,5.71,1.0,3300.0,implied (total / price),"H2O  0.5-1.0% | Au 0.01%-0.03% | Al 0.2%-0.6% | S 0.02%-0.05% | Ag < 1/10,000 | Cu < 1.4/10,000 | Pb < 16/10,000"
2024-06-20,C01-2024062001,ER-24160,Энержи Ресурс ХХК,Energy Resources,Энержи Ресурс ХХК,Coal,Нүүрс,Баяжуулсан,Washed coking coal,Баяжуулсан коксжих нүүрс,Форвард,12,1100.0,1220.0,CNY,тонн,23424000.0,10.91,3.0,19200.0,implied (total / price),"Ash (dry,%) ≤ 11.0% | Volatile matter(dry, ash free basis,%) >20.0%-28.0% | Sulfur (dry, %) ≤ 0.85% | Total moisture (as received,%) ≤ 10.0% | G index ≥ 75"
2024-06-19,FE03-2024061901,MRTSM-194,Монголросцветмет ТӨҮГ,Mongolrostsvetmet (ex-Erdenes Critical Minerals),Монголросцветмет ТӨҮГ /Эрдэнэс критикал минералс ТӨҮГ/,Iron ore,Төмөр,Хүдэр,Iron ore Fe 52%,Fe-52% Төмрийн хүдэр,Форвард,2,70.0,73.0,USD,тонн,240900.0,4.29,1.0,3300.0,implied (total / price),"H2O  0.5-1.0% | Au 0.01%-0.03% | Al 0.2%-0.6% | S 0.02%-0.05% | Ag < 1/10,000 | Cu < 1.4/10,000 | Pb < 16/10,000"
2024-06-19,C06-2024061901,ER-24159,Энержи Ресурс ХХК,Energy Resources,Энержи Ресурс ХХК,Coal,Нүүрс,Баяжуулсан,Washed medium-ash semi-hard coking coal,"Баяжуулсан дунд зэрэг үнстэй, хагас хатуу коксжих нүүрс",Форвард,10,420.0,500.0,CNY,тонн,12800000.0,19.05,4.0,25600.0,implied (total / price),"Ash (dry,%) ≤ 25.0% | Volatile matter(dry, ash free basis,%) >10.0%-28.0% | Sulfur (dry, %) ≤ 1.0% | Total moisture(as recieved,%) ≤ 10.0% | G index >20-60 | Calorific Value(Kcal/kg) ≈5500"
2024-06-18,FE03-2024061801,MRTSM-193,Монголросцветмет ТӨҮГ,Mongolrostsvetmet (ex-Erdenes Critical Minerals),Монголросцветмет ТӨҮГ /Эрдэнэс критикал минералс ТӨҮГ/,Iron ore,Төмөр,Хүдэр,Iron ore Fe 52%,Fe-52% Төмрийн хүдэр,Форвард,2,70.0,71.0,USD,тонн,234300.0,1.43,1.0,3300.0,implied (total / price),"H2O  0.5-1.0% | Au 0.01%-0.03% | Al 0.2%-0.6% | S 0.02%-0.05% | Ag < 1/10,000 | Cu < 1.4/10,000 | Pb < 16/10,000"
2024-06-18,C01-2024061801,ER-24158,Энержи Ресурс ХХК,Energy Resources,Энержи Ресурс ХХК,Coal,Нүүрс,Баяжуулсан,Washed coking coal,Баяжуулсан коксжих нүүрс,Форвард,13,1100.0,1220.0,CNY,тонн,23424000.0,10.91,3.0,19200.0,implied (total / price),"Ash (dry,%) ≤ 11.0% | Volatile matter(dry, ash free basis,%) >20.0%-28.0% | Sulfur (dry, %) ≤ 0.85% | Total moisture (as received,%) ≤ 10.0% | G index ≥ 75"
2024-06-17,C06-2024061702,ER-24157,Энержи Ресурс ХХК,Energy Resources,Энержи Ресурс ХХК,Coal,Нүүрс,Баяжуулсан,Washed medium-ash semi-hard coking coal,"Баяжуулсан дунд зэрэг үнстэй, хагас хатуу коксжих нүүрс",Форвард,8,420.0,500.0,CNY,тонн,12800000.0,19.05,4.0,25600.0,implied (total / price),"Ash (dry,%) ≤ 25.0% | Volatile matter(dry, ash free basis,%) >10.0%-28.0% | Sulfur (dry, %) ≤ 1.0% | Total moisture(as recieved,%) ≤ 10.0% | G index >20-60 | Calorific Value(Kcal/kg) ≈5500"
2024-06-17,C01-2024061701,ER-24156,Энержи Ресурс ХХК,Energy Resources,Энержи Ресурс ХХК,Coal,Нүүрс,Баяжуулсан,Washed coking coal,Баяжуулсан коксжих нүүрс,Форвард,12,1100.0,1220.0,CNY,тонн,23424000.0,10.91,3.0,19200.0,implied (total / price),"Ash (dry,%) ≤ 11.0% | Volatile matter(dry, ash free basis,%) >20.0%-28.0% | Sulfur (dry, %) ≤ 0.85% | Total moisture (as received,%) ≤ 10.0% | G index ≥ 75"
2024-06-14,FE03-2024061401,MRTSM-191,Монголросцветмет ТӨҮГ,Mongolrostsvetmet (ex-Erdenes Critical Minerals),Монголросцветмет ТӨҮГ /Эрдэнэс критикал минералс ТӨҮГ/,Iron ore,Төмөр,Хүдэр,Iron ore Fe 52%,Fe-52% Төмрийн хүдэр,Форвард,1,70.0,70.0,USD,тонн,231000.0,0.0,1.0,3300.0,implied (total / price),"H2O  0.5-1.0% | Au 0.01%-0.03% | Al 0.2%-0.6% | S 0.02%-0.05% | Ag < 1/10,000 | Cu < 1.4/10,000 | Pb < 16/10,000"
2024-06-14,C06-2024061402,ER-24155,Энержи Ресурс ХХК,Energy Resources,Энержи Ресурс ХХК,Coal,Нүүрс,Баяжуулсан,Washed medium-ash semi-hard coking coal,"Баяжуулсан дунд зэрэг үнстэй, хагас хатуу коксжих нүүрс",Форвард,10,420.0,510.0,CNY,тонн,13056000.0,21.43,4.0,25600.0,implied (total / price),"Ash (dry,%) ≤ 25.0% | Volatile matter(dry, ash free basis,%) >10.0%-28.0% | Sulfur (dry, %) ≤ 1.0% | Total moisture(as received,%) ≤ 10.0% | G index >20-60 | Calorific Value(Kcal/kg) ≈5500"
2024-06-14,C05-2024061403,ETT-24/08,Эрдэнэс Тавантолгой ХК,Erdenes Tavan Tolgoi,Эрдэнэс Тавантолгой ХК,Coal,Нүүрс,Боловсруулаагүй,"Thermal coal (bituminous, non-caking)","Эрчим хүчний нүүрс /Битумт, үл барьцалдах нүүрс/",Форвард,4,52.2,55.7,USD,тонн,7129600.0,6.7,20.0,128000.0,implied (total / price),"Ash (dry,%) 21.5 (-5.0 | +5.0) | Volatile matter | (dry, ash free basis,%) 34.0 max | Sulfur (dry, %) ≤1.5% | Total moisture | (as received,%) 6.0 (-3.0 | +3.0) | Calorific (cal/g) 5500 (-500 | +700)"
2024-06-14,C02-2024061401,KH-24004,Хангад Эксплорэйшн ХХК,Khangad Exploration,Хангад Эксплорэйшн ХХК,Coal,Нүүрс,Баяжуулсан,Washed semi-soft coking coal,Баяжуулсан сул коксжих нүүрс,Форвард,5,850.0,990.0,CNY,тонн,12672000.0,16.47,2.0,12800.0,implied (total / price),"Ash (dry,%) ≤9.5% | Volatile matter (dry, ash free basis, %) >28.0% | Sulfur (dry, %) ≤0.85% | Total moisture (as received, %) ≤10.0% | G index ≥65"
2024-06-13,FE03-2024061301,MRTSM-190,Монголросцветмет ТӨҮГ,Mongolrostsvetmet (ex-Erdenes Critical Minerals),Монголросцветмет ТӨҮГ /Эрдэнэс критикал минералс ТӨҮГ/,Iron ore,Төмөр,Хүдэр,Iron ore Fe 52%,Fe-52% Төмрийн хүдэр,Форвард,2,70.0,73.5,USD,тонн,242550.0,5.0,1.0,3300.0,implied (total / price),"H2O  0.5-1.0% | Au 0.01%-0.03% | Al 0.2%-0.6% | S 0.02%-0.05% | Ag < 1/10,000 | Cu < 1.4/10,000 | Pb < 16/10,000"
2024-06-13,C01-2024061301,ER-24154,Энержи Ресурс ХХК,Energy Resources,Энержи Ресурс ХХК,Coal,Нүүрс,Баяжуулсан,Washed coking coal,Баяжуулсан коксжих нүүрс,Форвард,11,1100.0,1190.0,CNY,тонн,22848000.0,8.18,3.0,19200.0,implied (total / price),"Ash (dry,%) ≤ 11.0% | Volatile matter(dry, ash free basis,%) >20.0%-28.0% | Sulfur (dry, %) ≤ 0.85% | Total moisture (as received,%) ≤ 10.0% | G index ≥ 75"
2024-06-12,FE03-2024061201,MRTSM-189,Монголросцветмет ТӨҮГ,Mongolrostsvetmet (ex-Erdenes Critical Minerals),Монголросцветмет ТӨҮГ /Эрдэнэс критикал минералс ТӨҮГ/,Iron ore,Төмөр,Хүдэр,Iron ore Fe 52%,Fe-52% Төмрийн хүдэр,Форвард,1,70.0,70.0,USD,тонн,231000.0,0.0,1.0,3300.0,implied (total / price),"H2O  0.5-1.0% | Au 0.01%-0.03% | Al 0.2%-0.6% | S 0.02%-0.05% | Ag < 1/10,000 | Cu < 1.4/10,000 | Pb < 16/10,000"
2024-06-12,C06-2024061201,ER-24153,Энержи Ресурс ХХК,Energy Resources,Энержи Ресурс ХХК,Coal,Нүүрс,Баяжуулсан,Washed medium-ash semi-hard coking coal,"Баяжуулсан дунд зэрэг үнстэй, хагас хатуу коксжих нүүрс",Форвард,7,420.0,520.0,CNY,тонн,13312000.0,23.81,4.0,25600.0,implied (total / price),"Ash (dry,%) ≤ 25.0% | Volatile matter(dry, ash free basis,%) >10.0%-28.0% | Sulfur (dry, %) ≤ 1.0% | Total moisture(as recieved,%) ≤ 10.0% | G index >20-60 | Calorific Value(Kcal/kg) ≈5500"
2024-06-11,FE03-2024061101,MRTSM-188,Монголросцветмет ТӨҮГ,Mongolrostsvetmet (ex-Erdenes Critical Minerals),Монголросцветмет ТӨҮГ /Эрдэнэс критикал минералс ТӨҮГ/,Iron ore,Төмөр,Хүдэр,Iron ore Fe 52%,Fe-52% Төмрийн хүдэр,Форвард,1,70.0,70.0,USD,тонн,231000.0,0.0,1.0,3300.0,implied (total / price),"H2O  0.5-1.0% | Au 0.01%-0.03% | Al 0.2%-0.6% | S 0.02%-0.05% | Ag < 1/10,000 | Cu < 1.4/10,000 | Pb < 16/10,000"
2024-06-11,C03-2024061102,TTL-005,Тавантолгой ХК,Tavan Tolgoi JSC,Тавантолгой ХК,Coal,Нүүрс,Боловсруулаагүй,Medium-volatile coking coal,"Дэгдэмхий бодис дунд, коксжих нүүрс",Спот,1,145.0,145.0,USD,тонн,7424000.0,0.0,8.0,51200.0,implied (total / price),Ash (db): 13.8 (-1.9 | +2.4) | Volatile (daf): 25.6 (-1.7 | +2.3) | Total sulphur (db): 0.58 | G-index (5:1): 77.8 (-10 | +10) | Total moisture (ar): 2.4 (-0.5 | +0.5) | Y-index ≤25mm
2024-06-11,C01-2024061101,ER-24152,Энержи Ресурс ХХК,Energy Resources,Энержи Ресурс ХХК,Coal,Нүүрс,Баяжуулсан,Washed coking coal,Баяжуулсан коксжих нүүрс,Форвард,11,1100.0,1190.0,CNY,тонн,22848000.0,8.18,3.0,19200.0,implied (total / price),"Ash (dry,%) ≤ 11.0% | Volatile matter(dry, ash free basis,%) >20.0%-28.0% | Sulfur (dry, %) ≤ 0.85% | Total moisture (as received,%) ≤ 10.0% | G index ≥ 75"
2024-06-10,FE03-2024061001,MRTSM-187,Монголросцветмет ТӨҮГ,Mongolrostsvetmet (ex-Erdenes Critical Minerals),Монголросцветмет ТӨҮГ /Эрдэнэс критикал минералс ТӨҮГ/,Iron ore,Төмөр,Хүдэр,Iron ore Fe 52%,Fe-52% Төмрийн хүдэр,Форвард,1,70.0,70.0,USD,тонн,231000.0,0.0,1.0,3300.0,implied (total / price),"H2O  0.5-1.0% | Au 0.01%-0.03% | Al 0.2%-0.6% | S 0.02%-0.05% | Ag < 1/10,000 | Cu < 1.4/10,000 | Pb < 16/10,000"
2024-06-10,C06-2024061002,ER-24151,Энержи Ресурс ХХК,Energy Resources,Энержи Ресурс ХХК,Coal,Нүүрс,Баяжуулсан,Washed medium-ash semi-hard coking coal,"Баяжуулсан дунд зэрэг үнстэй, хагас хатуу коксжих нүүрс",Форвард,8,420.0,520.0,CNY,тонн,13312000.0,23.81,4.0,25600.0,implied (total / price),"Ash (dry,%) ≤ 25.0% | Volatile matter(dry, ash free basis,%) >10.0%-28.0% | Sulfur (dry, %) ≤ 1.0% | Total moisture(as recieved,%) ≤ 10.0% | G index >20-60 | Calorific Value(Kcal/kg) ≈5500"
2024-06-10,C01-2024061001,ER-24150,Энержи Ресурс ХХК,Energy Resources,Энержи Ресурс ХХК,Coal,Нүүрс,Баяжуулсан,Washed coking coal,Баяжуулсан коксжих нүүрс,Форвард,5,1100.0,1190.0,CNY,тонн,22848000.0,8.18,3.0,19200.0,implied (total / price),"Ash (dry,%) ≤ 11.0% | Volatile matter(dry, ash free basis,%) >20.0%-28.0% | Sulfur (dry, %) ≤ 0.85% | Total moisture (as received,%) ≤ 10.0% | G index ≥ 75"
2024-06-07,FE03-2024060701,MRTSM-183,Монголросцветмет ТӨҮГ,Mongolrostsvetmet (ex-Erdenes Critical Minerals),Монголросцветмет ТӨҮГ /Эрдэнэс критикал минералс ТӨҮГ/,Iron ore,Төмөр,Хүдэр,Iron ore Fe 52%,Fe-52% Төмрийн хүдэр,Форвард,2,70.0,73.5,USD,тонн,242550.0,5.0,1.0,3300.0,implied (total / price),"H2O  0.5-1.0% | Au 0.01%-0.03% | Al 0.2%-0.6% | S 0.02%-0.05% | Ag < 1/10,000 | Cu < 1.4/10,000 | Pb < 16/10,000"
2024-06-07,FE02-2024060703,DMP-24125,Дарханы Төмөрлөгийн Үйлдвэр ХХК,Дарханы Төмөрлөгийн Үйлдвэр ХХК,Дарханы Төмөрлөгийн Үйлдвэр ХХК,Iron ore,Төмөр,Баяжмал,Fe-58% Төмрийн баяжмал,Fe-58% Төмрийн баяжмал,Форвард,1,61.0,61.0,USD,тонн,576450.0,0.0,3.0,9450.0,implied (total / price),"H2O 0-2 | Fe 56%-60% | S 3.5% (average) | Al2О3 2.0% (average) | SiO2 5.0% (average) | TiO2 0.1% (average) | P 0.01% (average) | Fractions 0-10mm, 10-40 mm"
2024-06-07,FE02-2024060702,DMP-24124,Дарханы Төмөрлөгийн Үйлдвэр ХХК,Дарханы Төмөрлөгийн Үйлдвэр ХХК,Дарханы Төмөрлөгийн Үйлдвэр ХХК,Iron ore,Төмөр,Баяжмал,Fe-58% Төмрийн баяжмал,Fe-58% Төмрийн баяжмал,Форвард,1,63.0,63.0,USD,тонн,595350.0,0.0,3.0,9450.0,implied (total / price),"H2O 0-2 | Fe 56%-60% | S 2.5% (average) | Al2О3 2.0% (average) | SiO2 5.0% (average) | TiO2 0.1% (average) | P 0.01% (average) | Fractions 0-10mm, 10-40 mm"
2024-06-07,C06-2024060701,ER-24149,Энержи Ресурс ХХК,Energy Resources,Энержи Ресурс ХХК,Coal,Нүүрс,Баяжуулсан,Washed medium-ash semi-hard coking coal,"Баяжуулсан дунд зэрэг үнстэй, хагас хатуу коксжих нүүрс",Форвард,10,420.0,530.0,CNY,тонн,13568000.0,26.19,4.0,25600.0,implied (total / price),"Ash (dry,%) ≤ 25.0% | Volatile matter(dry, ash free basis,%) >10.0%-28.0% | Sulfur (dry, %) ≤ 1.0% | Total moisture(as recieved,%) ≤ 10.0% | G index >20-60 | Calorific Value(Kcal/kg) ≈5500"
2024-06-07,C05-2024060702,ETT-24/07,Эрдэнэс Тавантолгой ХК,Erdenes Tavan Tolgoi,Эрдэнэс Тавантолгой ХК,Coal,Нүүрс,Боловсруулаагүй,"Thermal coal (bituminous, non-caking)","Эрчим хүчний нүүрс /Битумт, үл барьцалдах нүүрс/",Форвард,5,52.2,55.7,USD,тонн,7129600.0,6.7,20.0,128000.0,implied (total / price),"Ash (dry,%) 21.5 (-5.0 | +5.0) | Volatile matter(dry, ash free basis,%) 34.0 max | Sulfur (dry, %) ≤1.5% | Total moisture(as received,%) 6.0 (-3.0 | +3.0) | Calorific (cal/g) 5500 (-500 | +700)"
2024-06-06,FE03-2024060601,MRTSM-182,Монголросцветмет ТӨҮГ,Mongolrostsvetmet (ex-Erdenes Critical Minerals),Монголросцветмет ТӨҮГ /Эрдэнэс критикал минералс ТӨҮГ/,Iron ore,Төмөр,Хүдэр,Iron ore Fe 52%,Fe-52% Төмрийн хүдэр,Форвард,2,70.0,76.5,USD,тонн,252450.0,9.29,1.0,3300.0,implied (total / price),"H2O  0.5-1.0% | Au 0.01%-0.03% | Al 0.2%-0.6% | S 0.02%-0.05% | Ag < 1/10,000 | Cu < 1.4/10,000 | Pb < 16/10,000"
2024-06-06,FE02-2024060602,DMP-24122,Дарханы Төмөрлөгийн Үйлдвэр ХХК,Дарханы Төмөрлөгийн Үйлдвэр ХХК,Дарханы Төмөрлөгийн Үйлдвэр ХХК,Iron ore,Төмөр,Баяжмал,Fe-58% Төмрийн баяжмал,Fe-58% Төмрийн баяжмал,Форвард,1,63.0,63.0,USD,тонн,595350.0,0.0,3.0,9450.0,implied (total / price),"H2O 0-2 | Fe 56%-60% | S 2.5% (average) | Al2О3 2.0% (average) | SiO2 5.0% (average) | TiO2 0.1% (average) | P 0.01% (average) | Fractions 0-10mm, 10-40 mm"
2024-06-06,CaF01-2024060601,MRTSM-186,Монголросцветмет ТӨҮГ,Mongolrostsvetmet (ex-Erdenes Critical Minerals),Монголросцветмет ТӨҮГ /Эрдэнэс критикал минералс ТӨҮГ/,Fluorspar,Жонш,Баяжмал,Fluorspar concentrate CaF2 95%,CaF2-95% Хайлуур жоншны баяжмал,Форвард,1,360.0,360.0,USD,тонн,1567800.0,0.0,67.0,4355.0,implied (total / price),CAF2 < 95% | CaCO3 1.5% | SiO2 1.4% | S 0.02%-0.05% | P < 0.5
2024-06-06,C01-2024060601,ER-24148,Энержи Ресурс ХХК,Energy Resources,Энержи Ресурс ХХК,Coal,Нүүрс,Баяжуулсан,Washed coking coal,Баяжуулсан коксжих нүүрс,Форвард,10,1100.0,1190.0,CNY,тонн,22848000.0,8.18,3.0,19200.0,implied (total / price),"Ash (dry,%) ≤ 11.0% | Volatile matter(dry, ash free basis,%) >20.0%-28.0% | Sulfur (dry, %) ≤ 0.85% | Total moisture (as recieved,%) ≤ 10.0% | G index ≥ 75"
2024-06-05,FE03-2024060501,MRTSM-181,Монголросцветмет ТӨҮГ,Mongolrostsvetmet (ex-Erdenes Critical Minerals),Монголросцветмет ТӨҮГ /Эрдэнэс критикал минералс ТӨҮГ/,Iron ore,Төмөр,Хүдэр,Iron ore Fe 52%,Fe-52% Төмрийн хүдэр,Форвард,3,70.0,78.0,USD,тонн,257400.0,11.43,1.0,3300.0,implied (total / price),
2024-06-05,FE02-2024060503,DMP-24121,Дарханы Төмөрлөгийн Үйлдвэр ХХК,Дарханы Төмөрлөгийн Үйлдвэр ХХК,Дарханы Төмөрлөгийн Үйлдвэр ХХК,Iron ore,Төмөр,Баяжмал,Fe-58% Төмрийн баяжмал,Fe-58% Төмрийн баяжмал,Форвард,2,61.0,63.0,USD,тонн,396900.0,3.28,2.0,6300.0,implied (total / price),
2024-06-05,FE02-2024060502,DMP-24120,Дарханы Төмөрлөгийн Үйлдвэр ХХК,Дарханы Төмөрлөгийн Үйлдвэр ХХК,Дарханы Төмөрлөгийн Үйлдвэр ХХК,Iron ore,Төмөр,Баяжмал,Fe-58% Төмрийн баяжмал,Fe-58% Төмрийн баяжмал,Форвард,1,63.0,63.0,USD,тонн,595350.0,0.0,3.0,9450.0,implied (total / price),
2024-06-05,C06-2024060501,ER-24147,Энержи Ресурс ХХК,Energy Resources,Энержи Ресурс ХХК,Coal,Нүүрс,Баяжуулсан,Washed medium-ash semi-hard coking coal,"Баяжуулсан дунд зэрэг үнстэй, хагас хатуу коксжих нүүрс",Форвард,7,420.0,490.0,CNY,тонн,12544000.0,16.67,4.0,25600.0,implied (total / price),
2024-06-04,FE03-2024060401,MRTSM-180,Монголросцветмет ТӨҮГ,Mongolrostsvetmet (ex-Erdenes Critical Minerals),Монголросцветмет ТӨҮГ /Эрдэнэс критикал минералс ТӨҮГ/,Iron ore,Төмөр,Хүдэр,Iron ore Fe 52%,Fe-52% Төмрийн хүдэр,Форвард,3,70.0,78.0,USD,тонн,257400.0,11.43,1.0,3300.0,implied (total / price),
2024-06-04,FE02-2024060403,DMP-24119,Дарханы Төмөрлөгийн Үйлдвэр ХХК,Дарханы Төмөрлөгийн Үйлдвэр ХХК,Дарханы Төмөрлөгийн Үйлдвэр ХХК,Iron ore,Төмөр,Баяжмал,Fe-58% Төмрийн баяжмал,Fe-58% Төмрийн баяжмал,Форвард,1,61.0,61.0,USD,тонн,384300.0,0.0,2.0,6300.0,implied (total / price),
2024-06-04,FE02-2024060402,DMP-24118,Дарханы Төмөрлөгийн Үйлдвэр ХХК,Дарханы Төмөрлөгийн Үйлдвэр ХХК,Дарханы Төмөрлөгийн Үйлдвэр ХХК,Iron ore,Төмөр,Баяжмал,Fe-58% Төмрийн баяжмал,Fe-58% Төмрийн баяжмал,Форвард,2,63.0,66.0,USD,тонн,623700.0,4.76,3.0,9450.0,implied (total / price),
2024-06-04,C01-2024060401,ER-24146,Энержи Ресурс ХХК,Energy Resources,Энержи Ресурс ХХК,Coal,Нүүрс,Баяжуулсан,Washed coking coal,Баяжуулсан коксжих нүүрс,Форвард,10,1100.0,1210.0,CNY,тонн,23232000.0,10.0,3.0,19200.0,implied (total / price),
2024-06-03,FE03-2024060301,MRTSM-179,Монголросцветмет ТӨҮГ,Mongolrostsvetmet (ex-Erdenes Critical Minerals),Монголросцветмет ТӨҮГ /Эрдэнэс критикал минералс ТӨҮГ/,Iron ore,Төмөр,Хүдэр,Iron ore Fe 52%,Fe-52% Төмрийн хүдэр,Форвард,2,70.0,78.0,USD,тонн,257400.0,11.43,1.0,3300.0,implied (total / price),
2024-06-03,FE02-2024060303,DMP-24117,Дарханы Төмөрлөгийн Үйлдвэр ХХК,Дарханы Төмөрлөгийн Үйлдвэр ХХК,Дарханы Төмөрлөгийн Үйлдвэр ХХК,Iron ore,Төмөр,Баяжмал,Fe-58% Төмрийн баяжмал,Fe-58% Төмрийн баяжмал,Форвард,2,61.0,62.0,USD,тонн,390600.0,1.64,2.0,6300.0,implied (total / price),
2024-06-03,FE02-2024060302,DMP-24116,Дарханы Төмөрлөгийн Үйлдвэр ХХК,Дарханы Төмөрлөгийн Үйлдвэр ХХК,Дарханы Төмөрлөгийн Үйлдвэр ХХК,Iron ore,Төмөр,Баяжмал,Fe-58% Төмрийн баяжмал,Fe-58% Төмрийн баяжмал,Форвард,1,63.0,63.0,USD,тонн,595350.0,0.0,3.0,9450.0,implied (total / price),
2024-06-03,FE01-2024060304,MRTSM-185,Монголросцветмет ТӨҮГ,Mongolrostsvetmet (ex-Erdenes Critical Minerals),Монголросцветмет ТӨҮГ /Эрдэнэс критикал минералс ТӨҮГ/,Iron ore,Төмөр,Баяжмал,Iron concentrate Fe 65%,Fe-65% Төмрийн баяжмал,Форвард,1,90.0,90.0,USD,тонн,1782000.0,0.0,6.0,19800.0,implied (total / price),
2024-06-03,C06-2024060302,ER-24145,Энержи Ресурс ХХК,Energy Resources,Энержи Ресурс ХХК,Coal,Нүүрс,Баяжуулсан,Washed medium-ash semi-hard coking coal,"Баяжуулсан дунд зэрэг үнстэй, хагас хатуу коксжих нүүрс",Форвард,7,420.0,500.0,CNY,тонн,12800000.0,19.05,4.0,25600.0,implied (total / price),
2024-06-03,C04-2024060303,TTOA/2024/004,Тавантолгой ХК,Tavan Tolgoi JSC,Тавантолгой ХК,Coal,Нүүрс,Боловсруулаагүй,1/3 coking coal,1/3 коксжих нүүрс,Форвард,7,95.0,105.0,USD,тонн,11424000.0,10.53,17.0,108800.0,implied (total / price),
2024-06-03,C01-2024060301,ER-24144,Энержи Ресурс ХХК,Energy Resources,Энержи Ресурс ХХК,Coal,Нүүрс,Баяжуулсан,Washed coking coal,Баяжуулсан коксжих нүүрс,Форвард,12,1100.0,1210.0,CNY,тонн,23232000.0,10.0,3.0,19200.0,implied (total / price),
2024-05-31,FE03-2024053101,MRTSM-178,Монголросцветмет ТӨҮГ,Mongolrostsvetmet (ex-Erdenes Critical Minerals),Монголросцветмет ТӨҮГ /Эрдэнэс критикал минералс ТӨҮГ/,Iron ore,Төмөр,Хүдэр,Iron ore Fe 52%,Fe-52% Төмрийн хүдэр,Форвард,3,70.0,79.0,USD,тонн,260700.0,12.86,1.0,3300.0,implied (total / price),
2024-05-31,FE02-2024053103,DMP-24115,Дарханы Төмөрлөгийн Үйлдвэр ХХК,Дарханы Төмөрлөгийн Үйлдвэр ХХК,Дарханы Төмөрлөгийн Үйлдвэр ХХК,Iron ore,Төмөр,Баяжмал,Fe-58% Төмрийн баяжмал,Fe-58% Төмрийн баяжмал,Форвард,2,61.0,64.0,USD,тонн,403200.0,4.92,2.0,6300.0,implied (total / price),
2024-05-31,FE02-2024053102,DMP-24114,Дарханы Төмөрлөгийн Үйлдвэр ХХК,Дарханы Төмөрлөгийн Үйлдвэр ХХК,Дарханы Төмөрлөгийн Үйлдвэр ХХК,Iron ore,Төмөр,Баяжмал,Fe-58% Төмрийн баяжмал,Fe-58% Төмрийн баяжмал,Форвард,2,61.0,66.5,USD,тонн,628425.0,9.02,3.0,9450.0,implied (total / price),
2024-05-31,FE01-2024053104,MRTSM-184,Монголросцветмет ТӨҮГ,Mongolrostsvetmet (ex-Erdenes Critical Minerals),Монголросцветмет ТӨҮГ /Эрдэнэс критикал минералс ТӨҮГ/,Iron ore,Төмөр,Баяжмал,Iron concentrate Fe 65%,Fe-65% Төмрийн баяжмал,Форвард,1,90.0,90.0,USD,тонн,1782000.0,0.0,6.0,19800.0,implied (total / price),
2024-05-31,C06-2024053102,ER-24143,Энержи Ресурс ХХК,Energy Resources,Энержи Ресурс ХХК,Coal,Нүүрс,Баяжуулсан,Washed medium-ash semi-hard coking coal,"Баяжуулсан дунд зэрэг үнстэй, хагас хатуу коксжих нүүрс",Форвард,5,420.0,470.0,CNY,тонн,12032000.0,11.9,4.0,25600.0,implied (total / price),
2024-05-31,C01-2024053101,ER-24142,Энержи Ресурс ХХК,Energy Resources,Энержи Ресурс ХХК,Coal,Нүүрс,Баяжуулсан,Washed coking coal,Баяжуулсан коксжих нүүрс,Форвард,11,1100.0,1220.0,CNY,тонн,23424000.0,10.91,3.0,19200.0,implied (total / price),
2024-05-30,FE03-2024053001,MRTSM-177,Монголросцветмет ТӨҮГ,Mongolrostsvetmet (ex-Erdenes Critical Minerals),Монголросцветмет ТӨҮГ /Эрдэнэс критикал минералс ТӨҮГ/,Iron ore,Төмөр,Хүдэр,Iron ore Fe 52%,Fe-52% Төмрийн хүдэр,Форвард,4,70.0,78.5,USD,тонн,259050.0,12.14,1.0,3300.0,implied (total / price),
2024-05-30,FE02-2024053003,DMP-24113,Дарханы Төмөрлөгийн Үйлдвэр ХХК,Дарханы Төмөрлөгийн Үйлдвэр ХХК,Дарханы Төмөрлөгийн Үйлдвэр ХХК,Iron ore,Төмөр,Баяжмал,Fe-58% Төмрийн баяжмал,Fe-58% Төмрийн баяжмал,Форвард,2,61.0,63.5,USD,тонн,400050.0,4.1,2.0,6300.0,implied (total / price),
2024-05-30,FE02-2024053002,DMP-24112,Дарханы Төмөрлөгийн Үйлдвэр ХХК,Дарханы Төмөрлөгийн Үйлдвэр ХХК,Дарханы Төмөрлөгийн Үйлдвэр ХХК,Iron ore,Төмөр,Баяжмал,Fe-58% Төмрийн баяжмал,Fe-58% Төмрийн баяжмал,Форвард,2,61.0,66.0,USD,тонн,623700.0,8.2,3.0,9450.0,implied (total / price),
2024-05-30,C06-2024053002,ER-24141,Энержи Ресурс ХХК,Energy Resources,Энержи Ресурс ХХК,Coal,Нүүрс,Баяжуулсан,Washed medium-ash semi-hard coking coal,"Баяжуулсан дунд зэрэг үнстэй, хагас хатуу коксжих нүүрс",Форвард,5,420.0,480.0,CNY,тонн,12288000.0,14.29,4.0,25600.0,implied (total / price),
2024-05-30,C01-2024053001,ER-24140,Энержи Ресурс ХХК,Energy Resources,Энержи Ресурс ХХК,Coal,Нүүрс,Баяжуулсан,Washed coking coal,Баяжуулсан коксжих нүүрс,Форвард,14,1100.0,1220.0,CNY,тонн,23424000.0,10.91,3.0,19200.0,implied (total / price),
2024-05-29,FE03-2024052901,MRTSM-176,Монголросцветмет ТӨҮГ,Mongolrostsvetmet (ex-Erdenes Critical Minerals),Монголросцветмет ТӨҮГ /Эрдэнэс критикал минералс ТӨҮГ/,Iron ore,Төмөр,Хүдэр,Iron ore Fe 52%,Fe-52% Төмрийн хүдэр,Форвард,3,70.0,78.5,USD,тонн,259050.0,12.14,1.0,3300.0,implied (total / price),
2024-05-29,FE02-2024052903,DMP-24111,Дарханы Төмөрлөгийн Үйлдвэр ХХК,Дарханы Төмөрлөгийн Үйлдвэр ХХК,Дарханы Төмөрлөгийн Үйлдвэр ХХК,Iron ore,Төмөр,Баяжмал,Fe-58% Төмрийн баяжмал,Fe-58% Төмрийн баяжмал,Форвард,1,61.0,61.0,USD,тонн,384300.0,0.0,2.0,6300.0,implied (total / price),
2024-05-29,FE02-2024052902,DMP-24110,Дарханы Төмөрлөгийн Үйлдвэр ХХК,Дарханы Төмөрлөгийн Үйлдвэр ХХК,Дарханы Төмөрлөгийн Үйлдвэр ХХК,Iron ore,Төмөр,Баяжмал,Fe-58% Төмрийн баяжмал,Fe-58% Төмрийн баяжмал,Форвард,2,61.0,70.5,USD,тонн,666225.0,15.57,3.0,9450.0,implied (total / price),
2024-05-29,C06-2024052902,ER-24139,Энержи Ресурс ХХК,Energy Resources,Энержи Ресурс ХХК,Coal,Нүүрс,Баяжуулсан,Washed medium-ash semi-hard coking coal,"Баяжуулсан дунд зэрэг үнстэй, хагас хатуу коксжих нүүрс",Форвард,6,420.0,470.0,CNY,тонн,12032000.0,11.9,4.0,25600.0,implied (total / price),
2024-05-29,C01-2024052901,ER-24138,Энержи Ресурс ХХК,Energy Resources,Энержи Ресурс ХХК,Coal,Нүүрс,Баяжуулсан,Washed coking coal,Баяжуулсан коксжих нүүрс,Форвард,12,1100.0,1230.0,CNY,тонн,23616000.0,11.82,3.0,19200.0,implied (total / price),
2024-05-28,FE03-2024052801,MRTSM-175,Монголросцветмет ТӨҮГ,Mongolrostsvetmet (ex-Erdenes Critical Minerals),Монголросцветмет ТӨҮГ /Эрдэнэс критикал минералс ТӨҮГ/,Iron ore,Төмөр,Хүдэр,Iron ore Fe 52%,Fe-52% Төмрийн хүдэр,Форвард,2,70.0,70.0,USD,тонн,231000.0,0.0,1.0,3300.0,implied (total / price),
2024-05-28,FE02-2024052803,DMP-24109,Дарханы Төмөрлөгийн Үйлдвэр ХХК,Дарханы Төмөрлөгийн Үйлдвэр ХХК,Дарханы Төмөрлөгийн Үйлдвэр ХХК,Iron ore,Төмөр,Баяжмал,Fe-58% Төмрийн баяжмал,Fe-58% Төмрийн баяжмал,Форвард,2,61.0,65.0,USD,тонн,409500.0,6.56,2.0,6300.0,implied (total / price),
2024-05-28,FE02-2024052802,DMP-24108,Дарханы Төмөрлөгийн Үйлдвэр ХХК,Дарханы Төмөрлөгийн Үйлдвэр ХХК,Дарханы Төмөрлөгийн Үйлдвэр ХХК,Iron ore,Төмөр,Баяжмал,Fe-58% Төмрийн баяжмал,Fe-58% Төмрийн баяжмал,Форвард,2,61.0,65.5,USD,тонн,618975.0,7.38,3.0,9450.0,implied (total / price),
2024-05-28,CU01-2024052801,№ 02/2024,Эрдэнэт Үйлдвэр ТӨҮГ,Erdenet Mining Corporation,Эрдэнэт Үйлдвэр ТӨҮГ,Copper,Зэс,Баяжмал,Copper concentrate (22.35% Cu),22.35%-ийн зэсийн агуулгатай баяжмал,Форвард,1,2267.43,2267.43,USD,тонн,6162875.0,0.0,3.0,2718.0,implied (total / price),
2024-05-28,C06-2024052802,ER-24137,Энержи Ресурс ХХК,Energy Resources,Энержи Ресурс ХХК,Coal,Нүүрс,Баяжуулсан,Washed medium-ash semi-hard coking coal,"Баяжуулсан дунд зэрэг үнстэй, хагас хатуу коксжих нүүрс",Форвард,6,420.0,470.0,CNY,тонн,12032000.0,11.9,4.0,25600.0,implied (total / price),
2024-05-28,C05-2024052803,ETT-24-06,Эрдэнэс Тавантолгой ХК,Erdenes Tavan Tolgoi,Эрдэнэс Тавантолгой ХК,Coal,Нүүрс,Боловсруулаагүй,"Thermal coal (bituminous, non-caking)","Эрчим хүчний нүүрс /Битумт, үл барьцалдах нүүрс/",Форвард,2,52.2,55.7,USD,тонн,17824000.0,6.7,50.0,320000.0,implied (total / price),
2024-05-28,C01-2024052801,ER-24136,Энержи Ресурс ХХК,Energy Resources,Энержи Ресурс ХХК,Coal,Нүүрс,Баяжуулсан,Washed coking coal,Баяжуулсан коксжих нүүрс,Форвард,11,1100.0,1210.0,CNY,тонн,23232000.0,10.0,3.0,19200.0,implied (total / price),
2024-05-27,FE03-2024052701,MRTSM-174,Монголросцветмет ТӨҮГ,Mongolrostsvetmet (ex-Erdenes Critical Minerals),Монголросцветмет ТӨҮГ /Эрдэнэс критикал минералс ТӨҮГ/,Iron ore,Төмөр,Хүдэр,Iron ore Fe 52%,Fe-52% Төмрийн хүдэр,Форвард,4,70.0,79.0,USD,тонн,260700.0,12.86,1.0,3300.0,implied (total / price),
2024-05-27,FE02-2024052703,DMP-24107,Дарханы Төмөрлөгийн Үйлдвэр ХХК,Дарханы Төмөрлөгийн Үйлдвэр ХХК,Дарханы Төмөрлөгийн Үйлдвэр ХХК,Iron ore,Төмөр,Баяжмал,Fe-58% Төмрийн баяжмал,Fe-58% Төмрийн баяжмал,Форвард,3,61.0,71.5,USD,тонн,450450.0,17.21,2.0,6300.0,implied (total / price),
2024-05-27,FE02-2024052702,DMP-24106,Дарханы Төмөрлөгийн Үйлдвэр ХХК,Дарханы Төмөрлөгийн Үйлдвэр ХХК,Дарханы Төмөрлөгийн Үйлдвэр ХХК,Iron ore,Төмөр,Баяжмал,Fe-58% Төмрийн баяжмал,Fe-58% Төмрийн баяжмал,Форвард,3,61.0,73.0,USD,тонн,689850.0,19.67,3.0,9450.0,implied (total / price),
2024-05-27,C06-2024052702,ER-24135,Энержи Ресурс ХХК,Energy Resources,Энержи Ресурс ХХК,Coal,Нүүрс,Баяжуулсан,Washed medium-ash semi-hard coking coal,"Баяжуулсан дунд зэрэг үнстэй, хагас хатуу коксжих нүүрс",Форвард,9,420.0,470.0,CNY,тонн,12032000.0,11.9,4.0,25600.0,implied (total / price),
2024-05-27,C01-2024052701,ER-24134,Энержи Ресурс ХХК,Energy Resources,Энержи Ресурс ХХК,Coal,Нүүрс,Баяжуулсан,Washed coking coal,Баяжуулсан коксжих нүүрс,Форвард,12,1100.0,1210.0,CNY,тонн,23232000.0,10.0,3.0,19200.0,implied (total / price),
2024-05-24,FE03-2024052401,MRTSM-173,Монголросцветмет ТӨҮГ,Mongolrostsvetmet (ex-Erdenes Critical Minerals),Монголросцветмет ТӨҮГ /Эрдэнэс критикал минералс ТӨҮГ/,Iron ore,Төмөр,Хүдэр,Iron ore Fe 52%,Fe-52% Төмрийн хүдэр,Форвард,2,67.0,79.0,USD,тонн,260700.0,17.91,1.0,3300.0,implied (total / price),
2024-05-24,FE02-2024052402,DMP-24105,Дарханы Төмөрлөгийн Үйлдвэр ХХК,Дарханы Төмөрлөгийн Үйлдвэр ХХК,Дарханы Төмөрлөгийн Үйлдвэр ХХК,Iron ore,Төмөр,Баяжмал,Fe-58% Төмрийн баяжмал,Fe-58% Төмрийн баяжмал,Форвард,3,61.0,77.5,USD,тонн,488250.0,27.05,2.0,6300.0,implied (total / price),
2024-05-24,C06-2024052403,ER-24131,Энержи Ресурс ХХК,Energy Resources,Энержи Ресурс ХХК,Coal,Нүүрс,Баяжуулсан,Washed medium-ash semi-hard coking coal,"Баяжуулсан дунд зэрэг үнстэй, хагас хатуу коксжих нүүрс",Форвард,7,420.0,470.0,CNY,тонн,12032000.0,11.9,4.0,25600.0,implied (total / price),
2024-05-24,C06-2024052402,ER-24133,Энержи Ресурс ХХК,Energy Resources,Энержи Ресурс ХХК,Coal,Нүүрс,Баяжуулсан,Washed medium-ash semi-hard coking coal,"Баяжуулсан дунд зэрэг үнстэй, хагас хатуу коксжих нүүрс",Форвард,7,420.0,470.0,CNY,тонн,12032000.0,11.9,4.0,25600.0,implied (total / price),
2024-05-24,C04-2024052404,24/13/1/3/CO,Эрдэнэс Тавантолгой ХК,Erdenes Tavan Tolgoi,Эрдэнэс Тавантолгой ХК,Coal,Нүүрс,Боловсруулаагүй,1/3 coking coal,1/3 коксжих нүүрс,Форвард,10,90.4,112.9,USD,тонн,169801600.0,24.89,235.0,1504000.0,implied (total / price),
2024-05-24,C01-2024052401,ER-24132,Энержи Ресурс ХХК,Energy Resources,Энержи Ресурс ХХК,Coal,Нүүрс,Баяжуулсан,Washed coking coal,Баяжуулсан коксжих нүүрс,Форвард,11,1100.0,1230.0,CNY,тонн,23616000.0,11.82,3.0,19200.0,implied (total / price),
2024-05-22,FE03-2024052203,DMP-24104,Дарханы Төмөрлөгийн Үйлдвэр ХХК,Дарханы Төмөрлөгийн Үйлдвэр ХХК,Дарханы Төмөрлөгийн Үйлдвэр ХХК,Iron ore,Төмөр,Хүдэр,Iron ore Fe 52%,Fe-52% Төмрийн хүдэр,Форвард,2,56.0,68.5,USD,тонн,431550.0,22.32,2.0,6300.0,implied (total / price),
2024-05-22,FE03-2024052201,MRTSM-172,Монголросцветмет ТӨҮГ,Mongolrostsvetmet (ex-Erdenes Critical Minerals),Монголросцветмет ТӨҮГ /Эрдэнэс критикал минералс ТӨҮГ/,Iron ore,Төмөр,Хүдэр,Iron ore Fe 52%,Fe-52% Төмрийн хүдэр,Форвард,2,67.0,77.5,USD,тонн,511500.0,15.67,2.0,6600.0,implied (total / price),
2024-05-22,FE02-2024052202,DMP-24103,Дарханы Төмөрлөгийн Үйлдвэр ХХК,Дарханы Төмөрлөгийн Үйлдвэр ХХК,Дарханы Төмөрлөгийн Үйлдвэр ХХК,Iron ore,Төмөр,Баяжмал,Fe-58% Төмрийн баяжмал,Fe-58% Төмрийн баяжмал,Форвард,4,61.0,75.5,USD,тонн,475650.0,23.77,2.0,6300.0,implied (total / price),
2024-05-22,C06-2024052202,ER-24129,Энержи Ресурс ХХК,Energy Resources,Энержи Ресурс ХХК,Coal,Нүүрс,Баяжуулсан,Washed medium-ash semi-hard coking coal,"Баяжуулсан дунд зэрэг үнстэй, хагас хатуу коксжих нүүрс",Форвард,7,420.0,450.0,CNY,тонн,11520000.0,7.14,4.0,25600.0,implied (total / price),
2024-05-22,C03-2024052204,TTOA/2024/003,Тавантолгой ХК,Tavan Tolgoi JSC,Тавантолгой ХК,Coal,Нүүрс,Боловсруулаагүй,Medium-volatile coking coal,"Дэгдэмхий бодис дунд, коксжих нүүрс",Форвард,4,145.0,145.5,USD,тонн,32592000.0,0.34,35.0,224000.0,implied (total / price),
2024-05-22,C01-2024052203,ER-24130,Энержи Ресурс ХХК,Energy Resources,Энержи Ресурс ХХК,Coal,Нүүрс,Баяжуулсан,Washed coking coal,Баяжуулсан коксжих нүүрс,Форвард,7,1100.0,1180.0,CNY,тонн,22656000.0,7.27,3.0,19200.0,implied (total / price),
2024-05-22,C01-2024052201,ER-24128,Энержи Ресурс ХХК,Energy Resources,Энержи Ресурс ХХК,Coal,Нүүрс,Баяжуулсан,Washed coking coal,Баяжуулсан коксжих нүүрс,Форвард,9,1100.0,1170.0,CNY,тонн,22464000.0,6.36,3.0,19200.0,implied (total / price),
2024-05-21,FE03-2024052103,DMP-24101,Дарханы Төмөрлөгийн Үйлдвэр ХХК,Дарханы Төмөрлөгийн Үйлдвэр ХХК,Дарханы Төмөрлөгийн Үйлдвэр ХХК,Iron ore,Төмөр,Хүдэр,Iron ore Fe 52%,Fe-52% Төмрийн хүдэр,Форвард,1,56.0,56.0,USD,тонн,352800.0,0.0,2.0,6300.0,implied (total / price),
2024-05-21,FE03-2024052101,MRTSM-171,Монголросцветмет ТӨҮГ,Mongolrostsvetmet (ex-Erdenes Critical Minerals),Монголросцветмет ТӨҮГ /Эрдэнэс критикал минералс ТӨҮГ/,Iron ore,Төмөр,Хүдэр,Iron ore Fe 52%,Fe-52% Төмрийн хүдэр,Форвард,3,67.0,76.0,USD,тонн,250800.0,13.43,1.0,3300.0,implied (total / price),
2024-05-21,FE02-2024052104,DMP-24102,Дарханы Төмөрлөгийн Үйлдвэр ХХК,Дарханы Төмөрлөгийн Үйлдвэр ХХК,Дарханы Төмөрлөгийн Үйлдвэр ХХК,Iron ore,Төмөр,Баяжмал,Fe-58% Төмрийн баяжмал,Fe-58% Төмрийн баяжмал,Форвард,3,61.0,71.0,USD,тонн,447300.0,16.39,2.0,6300.0,implied (total / price),
2024-05-21,FE02-2024052102,DMP-24100,Дарханы Төмөрлөгийн Үйлдвэр ХХК,Дарханы Төмөрлөгийн Үйлдвэр ХХК,Дарханы Төмөрлөгийн Үйлдвэр ХХК,Iron ore,Төмөр,Баяжмал,Fe-58% Төмрийн баяжмал,Fe-58% Төмрийн баяжмал,Форвард,2,61.0,62.0,USD,тонн,390600.0,1.64,2.0,6300.0,implied (total / price),
2024-05-21,C06-2024052102,ER-24127,Энержи Ресурс ХХК,Energy Resources,Энержи Ресурс ХХК,Coal,Нүүрс,Баяжуулсан,Washed medium-ash semi-hard coking coal,"Баяжуулсан дунд зэрэг үнстэй, хагас хатуу коксжих нүүрс",Форвард,5,420.0,450.0,CNY,тонн,11520000.0,7.14,4.0,25600.0,implied (total / price),
2024-05-21,C01-2024052101,ER-24126,Энержи Ресурс ХХК,Energy Resources,Энержи Ресурс ХХК,Coal,Нүүрс,Баяжуулсан,Washed coking coal,Баяжуулсан коксжих нүүрс,Форвард,9,1100.0,1160.0,CNY,тонн,22272000.0,5.45,3.0,19200.0,implied (total / price),
2024-05-20,FE03-2024052001,MRTSM-170,Монголросцветмет ТӨҮГ,Mongolrostsvetmet (ex-Erdenes Critical Minerals),Монголросцветмет ТӨҮГ /Эрдэнэс критикал минералс ТӨҮГ/,Iron ore,Төмөр,Хүдэр,Iron ore Fe 52%,Fe-52% Төмрийн хүдэр,Форвард,4,67.0,77.0,USD,тонн,254100.0,14.93,1.0,3300.0,implied (total / price),
2024-05-20,C06-2024052002,ER-24125,Энержи Ресурс ХХК,Energy Resources,Энержи Ресурс ХХК,Coal,Нүүрс,Баяжуулсан,Washed medium-ash semi-hard coking coal,"Баяжуулсан дунд зэрэг үнстэй, хагас хатуу коксжих нүүрс",Форвард,7,420.0,450.0,CNY,тонн,11520000.0,7.14,4.0,25600.0,implied (total / price),
2024-05-20,C01-2024052001,ER-24124,Энержи Ресурс ХХК,Energy Resources,Энержи Ресурс ХХК,Coal,Нүүрс,Баяжуулсан,Washed coking coal,Баяжуулсан коксжих нүүрс,Форвард,8,1100.0,1170.0,CNY,тонн,22464000.0,6.36,3.0,19200.0,implied (total / price),
2024-05-17,C06-2024051702,ER-24123,Энержи Ресурс ХХК,Energy Resources,Энержи Ресурс ХХК,Coal,Нүүрс,Баяжуулсан,Washed medium-ash semi-hard coking coal,"Баяжуулсан дунд зэрэг үнстэй, хагас хатуу коксжих нүүрс",Форвард,6,420.0,440.0,CNY,тонн,11264000.0,4.76,4.0,25600.0,implied (total / price),
2024-05-17,C05-2024051703,ETT-24-05,Эрдэнэс Тавантолгой ХК,Erdenes Tavan Tolgoi,Эрдэнэс Тавантолгой ХК,Coal,Нүүрс,Боловсруулаагүй,"Thermal coal (bituminous, non-caking)","Эрчим хүчний нүүрс /Битумт, үл барьцалдах нүүрс/",Форвард,2,52.2,52.2,USD,тонн,6681600.0,0.0,20.0,128000.0,implied (total / price),
2024-05-17,C01-2024051701,ER-24122,Энержи Ресурс ХХК,Energy Resources,Энержи Ресурс ХХК,Coal,Нүүрс,Баяжуулсан,Washed coking coal,Баяжуулсан коксжих нүүрс,Форвард,5,1100.0,1120.0,CNY,тонн,21504000.0,1.82,3.0,19200.0,implied (total / price),
2024-05-16,C06-2024051602,ER-24121,Энержи Ресурс ХХК,Energy Resources,Энержи Ресурс ХХК,Coal,Нүүрс,Баяжуулсан,Washed medium-ash semi-hard coking coal,"Баяжуулсан дунд зэрэг үнстэй, хагас хатуу коксжих нүүрс",Форвард,4,420.0,430.0,CNY,тонн,11008000.0,2.38,4.0,25600.0,implied (total / price),
2024-05-16,C01-2024051601,ER-24120,Энержи Ресурс ХХК,Energy Resources,Энержи Ресурс ХХК,Coal,Нүүрс,Баяжуулсан,Washed coking coal,Баяжуулсан коксжих нүүрс,Форвард,5,1100.0,1130.0,CNY,тонн,21696000.0,2.73,3.0,19200.0,implied (total / price),
2024-05-15,FE02-2024051501,DMP-2492,Дарханы Төмөрлөгийн Үйлдвэр ХХК,Дарханы Төмөрлөгийн Үйлдвэр ХХК,Дарханы Төмөрлөгийн Үйлдвэр ХХК,Iron ore,Төмөр,Баяжмал,Fe-58% Төмрийн баяжмал,Fe-58% Төмрийн баяжмал,Форвард,1,63.0,63.0,USD,тонн,595350.0,0.0,3.0,9450.0,implied (total / price),
2024-05-15,C06-2024051502,ER-24119,Энержи Ресурс ХХК,Energy Resources,Энержи Ресурс ХХК,Coal,Нүүрс,Баяжуулсан,Washed medium-ash semi-hard coking coal,"Баяжуулсан дунд зэрэг үнстэй, хагас хатуу коксжих нүүрс",Форвард,5,420.0,440.0,CNY,тонн,11264000.0,4.76,4.0,25600.0,implied (total / price),
2024-05-15,C04-2024051503,MAK-001/2024,Монголын Алт (МАК) ХХК,Монголын Алт (МАК) ХХК,Монголын Алт (МАК) ХХК,Coal,Нүүрс,Боловсруулаагүй,1/3 coking coal,1/3 коксжих нүүрс,Форвард,2,785.0,785.0,CNY,тонн,25120000.0,0.0,5.0,32000.0,implied (total / price),
2024-05-15,C01-2024051501,ER-24118,Энержи Ресурс ХХК,Energy Resources,Энержи Ресурс ХХК,Coal,Нүүрс,Баяжуулсан,Washed coking coal,Баяжуулсан коксжих нүүрс,Форвард,6,1100.0,1160.0,CNY,тонн,22272000.0,5.45,3.0,19200.0,implied (total / price),
2024-05-14,FE02-2024051402,DMP-2490,Дарханы Төмөрлөгийн Үйлдвэр ХХК,Дарханы Төмөрлөгийн Үйлдвэр ХХК,Дарханы Төмөрлөгийн Үйлдвэр ХХК,Iron ore,Төмөр,Баяжмал,Fe-58% Төмрийн баяжмал,Fe-58% Төмрийн баяжмал,Форвард,2,63.0,63.0,USD,тонн,595350.0,0.0,3.0,9450.0,implied (total / price),
2024-05-14,C06-2024051402,ER-24117,Энержи Ресурс ХХК,Energy Resources,Энержи Ресурс ХХК,Coal,Нүүрс,Баяжуулсан,Washed medium-ash semi-hard coking coal,"Баяжуулсан дунд зэрэг үнстэй, хагас хатуу коксжих нүүрс",Форвард,4,420.0,430.0,CNY,тонн,11008000.0,2.38,4.0,25600.0,implied (total / price),
2024-05-14,C03-2024051403,TTOA/2024/002,Тавантолгой ХК,Tavan Tolgoi JSC,Тавантолгой ХК,Coal,Нүүрс,Боловсруулаагүй,Medium-volatile coking coal,"Дэгдэмхий бодис дунд, коксжих нүүрс",Спот,7,145.0,158.0,USD,тонн,8089600.0,8.97,8.0,51200.0,implied (total / price),
2024-05-14,C01-2024051401,ER-24116,Энержи Ресурс ХХК,Energy Resources,Энержи Ресурс ХХК,Coal,Нүүрс,Баяжуулсан,Washed coking coal,Баяжуулсан коксжих нүүрс,Форвард,4,1100.0,1160.0,CNY,тонн,22272000.0,5.45,3.0,19200.0,implied (total / price),
2024-05-13,FE02-2024051302,DMP-2488,Дарханы Төмөрлөгийн Үйлдвэр ХХК,Дарханы Төмөрлөгийн Үйлдвэр ХХК,Дарханы Төмөрлөгийн Үйлдвэр ХХК,Iron ore,Төмөр,Баяжмал,Fe-58% Төмрийн баяжмал,Fe-58% Төмрийн баяжмал,Форвард,3,63.0,64.5,USD,тонн,609525.0,2.38,3.0,9450.0,implied (total / price),
2024-05-13,C06-2024051302,ER-24115,Энержи Ресурс ХХК,Energy Resources,Энержи Ресурс ХХК,Coal,Нүүрс,Баяжуулсан,Washed medium-ash semi-hard coking coal,"Баяжуулсан дунд зэрэг үнстэй, хагас хатуу коксжих нүүрс",Форвард,4,420.0,440.0,CNY,тонн,11264000.0,4.76,4.0,25600.0,implied (total / price),
2024-05-13,C02-2024051301,KH-24003,Хангад Эксплорэйшн ХХК,Khangad Exploration,Хангад Эксплорэйшн ХХК,Coal,Нүүрс,Баяжуулсан,Washed semi-soft coking coal,Баяжуулсан сул коксжих нүүрс,Форвард,6,850.0,990.0,CNY,тонн,12672000.0,16.47,2.0,12800.0,implied (total / price),
2024-05-10,FE02-2024051002,DMP-2487,Дарханы Төмөрлөгийн Үйлдвэр ХХК,Дарханы Төмөрлөгийн Үйлдвэр ХХК,Дарханы Төмөрлөгийн Үйлдвэр ХХК,Iron ore,Төмөр,Баяжмал,Fe-58% Төмрийн баяжмал,Fe-58% Төмрийн баяжмал,Форвард,1,61.0,61.0,USD,тонн,768600.0,0.0,4.0,12600.0,implied (total / price),
2024-05-10,C06-2024051002,ER-24114,Энержи Ресурс ХХК,Energy Resources,Энержи Ресурс ХХК,Coal,Нүүрс,Баяжуулсан,Washed medium-ash semi-hard coking coal,"Баяжуулсан дунд зэрэг үнстэй, хагас хатуу коксжих нүүрс",Форвард,2,420.0,440.0,CNY,тонн,11264000.0,4.76,4.0,25600.0,implied (total / price),
2024-05-10,C05-2024051003,24/04-OX,Эрдэнэс Тавантолгой ХК,Erdenes Tavan Tolgoi,Эрдэнэс Тавантолгой ХК,Coal,Нүүрс,Боловсруулаагүй,"Thermal coal (bituminous, non-caking)","Эрчим хүчний нүүрс /Битумт, үл барьцалдах нүүрс/",Форвард,3,52.0,55.0,USD,тонн,17600000.0,5.77,50.0,320000.0,implied (total / price),
2024-05-10,C01-2024051001,ER-24113,Энержи Ресурс ХХК,Energy Resources,Энержи Ресурс ХХК,Coal,Нүүрс,Баяжуулсан,Washed coking coal,Баяжуулсан коксжих нүүрс,Форвард,4,1100.0,1200.0,CNY,тонн,23040000.0,9.09,3.0,19200.0,implied (total / price),
2024-05-09,FE01-2024050901,MRTSM-163,Монголросцветмет ТӨҮГ,Mongolrostsvetmet (ex-Erdenes Critical Minerals),Монголросцветмет ТӨҮГ /Эрдэнэс критикал минералс ТӨҮГ/,Iron ore,Төмөр,Баяжмал,Iron concentrate Fe 65%,Fe-65% Төмрийн баяжмал,Форвард,1,90.0,90.0,USD,тонн,1782000.0,0.0,6.0,19800.0,implied (total / price),
2024-05-09,C06-2024050902,ER-24112,Энержи Ресурс ХХК,Energy Resources,Энержи Ресурс ХХК,Coal,Нүүрс,Баяжуулсан,Washed medium-ash semi-hard coking coal,"Баяжуулсан дунд зэрэг үнстэй, хагас хатуу коксжих нүүрс",Форвард,4,420.0,440.0,CNY,тонн,11264000.0,4.76,4.0,25600.0,implied (total / price),
2024-05-09,C01-2024050901,ER-24111,Энержи Ресурс ХХК,Energy Resources,Энержи Ресурс ХХК,Coal,Нүүрс,Баяжуулсан,Washed coking coal,Баяжуулсан коксжих нүүрс,Форвард,4,1100.0,1230.0,CNY,тонн,23616000.0,11.82,3.0,19200.0,implied (total / price),
2024-05-08,FE02-2024050802,DMP-2484,Дарханы Төмөрлөгийн Үйлдвэр ХХК,Дарханы Төмөрлөгийн Үйлдвэр ХХК,Дарханы Төмөрлөгийн Үйлдвэр ХХК,Iron ore,Төмөр,Баяжмал,Fe-58% Төмрийн баяжмал,Fe-58% Төмрийн баяжмал,Форвард,1,61.0,61.0,USD,тонн,768600.0,0.0,4.0,12600.0,implied (total / price),
2024-05-08,C06-2024050802,ER-24110,Энержи Ресурс ХХК,Energy Resources,Энержи Ресурс ХХК,Coal,Нүүрс,Баяжуулсан,Washed medium-ash semi-hard coking coal,"Баяжуулсан дунд зэрэг үнстэй, хагас хатуу коксжих нүүрс",Форвард,2,420.0,440.0,CNY,тонн,11264000.0,4.76,4.0,25600.0,implied (total / price),
2024-05-08,C03-2024050803,TTOA-2024-001,Тавантолгой ХК,Tavan Tolgoi JSC,Тавантолгой ХК,Coal,Нүүрс,Боловсруулаагүй,Medium-volatile coking coal,"Дэгдэмхий бодис дунд, коксжих нүүрс",Форвард,5,145.0,152.0,USD,тонн,29184000.0,4.83,30.0,192000.0,implied (total / price),
2024-05-08,C01-2024050801,ER-24109,Энержи Ресурс ХХК,Energy Resources,Энержи Ресурс ХХК,Coal,Нүүрс,Баяжуулсан,Washed coking coal,Баяжуулсан коксжих нүүрс,Форвард,4,1100.0,1230.0,CNY,тонн,23616000.0,11.82,3.0,19200.0,implied (total / price),
2024-05-07,C06-2024050702,ER-24108,Энержи Ресурс ХХК,Energy Resources,Энержи Ресурс ХХК,Coal,Нүүрс,Баяжуулсан,Washed medium-ash semi-hard coking coal,"Баяжуулсан дунд зэрэг үнстэй, хагас хатуу коксжих нүүрс",Форвард,3,420.0,440.0,CNY,тонн,11264000.0,4.76,4.0,25600.0,implied (total / price),
2024-05-07,C01-2024050701,ER-24107,Энержи Ресурс ХХК,Energy Resources,Энержи Ресурс ХХК,Coal,Нүүрс,Баяжуулсан,Washed coking coal,Баяжуулсан коксжих нүүрс,Форвард,4,1100.0,1240.0,CNY,тонн,23808000.0,12.73,3.0,19200.0,implied (total / price),
2024-05-06,FE01-2024050601,MRTSM-160,Монголросцветмет ТӨҮГ,Mongolrostsvetmet (ex-Erdenes Critical Minerals),Монголросцветмет ТӨҮГ /Эрдэнэс критикал минералс ТӨҮГ/,Iron ore,Төмөр,Баяжмал,Iron concentrate Fe 65%,Fe-65% Төмрийн баяжмал,Форвард,1,90.0,90.0,USD,тонн,297000.0,0.0,1.0,3300.0,implied (total / price),
2024-05-06,C06-2024050602,ER-24106,Энержи Ресурс ХХК,Energy Resources,Энержи Ресурс ХХК,Coal,Нүүрс,Баяжуулсан,Washed medium-ash semi-hard coking coal,"Баяжуулсан дунд зэрэг үнстэй, хагас хатуу коксжих нүүрс",Форвард,3,420.0,430.0,CNY,тонн,11008000.0,2.38,4.0,25600.0,implied (total / price),
2024-05-06,C01-2024050601,ER-24105,Энержи Ресурс ХХК,Energy Resources,Энержи Ресурс ХХК,Coal,Нүүрс,Баяжуулсан,Washed coking coal,Баяжуулсан коксжих нүүрс,Форвард,3,1100.0,1180.0,CNY,тонн,22656000.0,7.27,3.0,19200.0,implied (total / price),"Үнслэг (хуурай,%) ≤ 11% | Дэгдэмхий бодис (үнсгүй хуурай,%) ≤ 28% | Хүхэр (хуурай, %) ≤ 0.85% | Нийт чийглэг (хүлээн авах үеийн төлөв,%) ≤ 9% | G индекс ≥ 75"
2024-05-03,FE01-2024050301,MRTSM-159,Монголросцветмет ТӨҮГ,Mongolrostsvetmet (ex-Erdenes Critical Minerals),Монголросцветмет ТӨҮГ /Эрдэнэс критикал минералс ТӨҮГ/,Iron ore,Төмөр,Баяжмал,Iron concentrate Fe 65%,Fe-65% Төмрийн баяжмал,Форвард,1,90.0,90.0,USD,тонн,594000.0,0.0,2.0,6600.0,implied (total / price),
2024-05-03,C06-2024050302,ER-24104,Энержи Ресурс ХХК,Energy Resources,Энержи Ресурс ХХК,Coal,Нүүрс,Баяжуулсан,Washed medium-ash semi-hard coking coal,"Баяжуулсан дунд зэрэг үнстэй, хагас хатуу коксжих нүүрс",Форвард,4,420.0,440.0,CNY,тонн,11264000.0,4.76,4.0,25600.0,implied (total / price),
2024-05-03,C04-2024050303,ETT-2412,Эрдэнэс Тавантолгой ХК,Erdenes Tavan Tolgoi,Эрдэнэс Тавантолгой ХК,Coal,Нүүрс,Боловсруулаагүй,1/3 coking coal,1/3 коксжих нүүрс,Форвард,6,90.6,123.6,USD,тонн,15820800.0,36.42,20.0,128000.0,implied (total / price),
2024-05-03,C01-2024050301,ER-24103,Энержи Ресурс ХХК,Energy Resources,Энержи Ресурс ХХК,Coal,Нүүрс,Баяжуулсан,Washed coking coal,Баяжуулсан коксжих нүүрс,Форвард,3,1100.0,1180.0,CNY,тонн,22656000.0,7.27,3.0,19200.0,implied (total / price),
2024-05-02,FE02-2024050202,DMP-2478,Дарханы Төмөрлөгийн Үйлдвэр ХХК,Дарханы Төмөрлөгийн Үйлдвэр ХХК,Дарханы Төмөрлөгийн Үйлдвэр ХХК,Iron ore,Төмөр,Баяжмал,Fe-58% Төмрийн баяжмал,Fe-58% Төмрийн баяжмал,Форвард,1,61.0,61.0,USD,тонн,768600.0,0.0,4.0,12600.0,implied (total / price),
2024-05-02,FE01-2024050201,MRTSM-158,Монголросцветмет ТӨҮГ,Mongolrostsvetmet (ex-Erdenes Critical Minerals),Монголросцветмет ТӨҮГ /Эрдэнэс критикал минералс ТӨҮГ/,Iron ore,Төмөр,Баяжмал,Iron concentrate Fe 65%,Fe-65% Төмрийн баяжмал,Форвард,1,90.0,90.0,USD,тонн,594000.0,0.0,2.0,6600.0,implied (total / price),
2024-05-02,C06-2024050202,ER-24102,Энержи Ресурс ХХК,Energy Resources,Энержи Ресурс ХХК,Coal,Нүүрс,Баяжуулсан,Washed medium-ash semi-hard coking coal,"Баяжуулсан дунд зэрэг үнстэй, хагас хатуу коксжих нүүрс",Форвард,4,420.0,440.0,CNY,тонн,11264000.0,4.76,4.0,25600.0,implied (total / price),
2024-05-02,C01-2024050201,ER-24101,Энержи Ресурс ХХК,Energy Resources,Энержи Ресурс ХХК,Coal,Нүүрс,Баяжуулсан,Washed coking coal,Баяжуулсан коксжих нүүрс,Форвард,3,1100.0,1150.0,CNY,тонн,22080000.0,4.55,3.0,19200.0,implied (total / price),
2024-05-01,FE01-2024050101,MRTSM-157,Монголросцветмет ТӨҮГ,Mongolrostsvetmet (ex-Erdenes Critical Minerals),Монголросцветмет ТӨҮГ /Эрдэнэс критикал минералс ТӨҮГ/,Iron ore,Төмөр,Баяжмал,Iron concentrate Fe 65%,Fe-65% Төмрийн баяжмал,Форвард,1,90.0,90.0,USD,тонн,594000.0,0.0,2.0,6600.0,implied (total / price),
2024-05-01,C06-2024050102,ER-24100,Энержи Ресурс ХХК,Energy Resources,Энержи Ресурс ХХК,Coal,Нүүрс,Баяжуулсан,Washed medium-ash semi-hard coking coal,"Баяжуулсан дунд зэрэг үнстэй, хагас хатуу коксжих нүүрс",Форвард,2,420.0,430.0,CNY,тонн,11008000.0,2.38,4.0,25600.0,implied (total / price),
2024-05-01,C01-2024050101,ER-24099,Энержи Ресурс ХХК,Energy Resources,Энержи Ресурс ХХК,Coal,Нүүрс,Баяжуулсан,Washed coking coal,Баяжуулсан коксжих нүүрс,Форвард,3,1100.0,1200.0,CNY,тонн,23040000.0,9.09,3.0,19200.0,implied (total / price),
2024-04-30,FE02-2024043002,DMP-2476,Дарханы Төмөрлөгийн Үйлдвэр ХХК,Дарханы Төмөрлөгийн Үйлдвэр ХХК,Дарханы Төмөрлөгийн Үйлдвэр ХХК,Iron ore,Төмөр,Баяжмал,Fe-58% Төмрийн баяжмал,Fe-58% Төмрийн баяжмал,Форвард,1,61.0,61.0,USD,тонн,768600.0,0.0,4.0,12600.0,implied (total / price),
2024-04-30,C06-2024043002,ER-24098,Энержи Ресурс ХХК,Energy Resources,Энержи Ресурс ХХК,Coal,Нүүрс,Баяжуулсан,Washed medium-ash semi-hard coking coal,"Баяжуулсан дунд зэрэг үнстэй, хагас хатуу коксжих нүүрс",Форвард,4,420.0,440.0,CNY,тонн,11264000.0,4.76,4.0,25600.0,implied (total / price),
2024-04-30,C01-2024043001,ER-24097,Энержи Ресурс ХХК,Energy Resources,Энержи Ресурс ХХК,Coal,Нүүрс,Баяжуулсан,Washed coking coal,Баяжуулсан коксжих нүүрс,Форвард,4,1100.0,1200.0,CNY,тонн,23040000.0,9.09,3.0,19200.0,implied (total / price),
2024-04-29,CU01-2024042901,№ 01/2024,Эрдэнэт Үйлдвэр ТӨҮГ,Erdenet Mining Corporation,Эрдэнэт Үйлдвэр ТӨҮГ,Copper,Зэс,Баяжмал,Copper concentrate (22.35% Cu),22.35%-ийн зэсийн агуулгатай баяжмал,Форвард,1,2141.83,2141.83,USD,тонн,5821494.0,0.0,3.0,2718.0,implied (total / price),
2024-04-29,C06-2024042902,ER-24096,Энержи Ресурс ХХК,Energy Resources,Энержи Ресурс ХХК,Coal,Нүүрс,Баяжуулсан,Washed medium-ash semi-hard coking coal,"Баяжуулсан дунд зэрэг үнстэй, хагас хатуу коксжих нүүрс",Форвард,5,420.0,460.0,CNY,тонн,11776000.0,9.52,4.0,25600.0,implied (total / price),
2024-04-29,C01-2024042901,ER-24095,Энержи Ресурс ХХК,Energy Resources,Энержи Ресурс ХХК,Coal,Нүүрс,Баяжуулсан,Washed coking coal,Баяжуулсан коксжих нүүрс,Форвард,3,1100.0,1210.0,CNY,тонн,23232000.0,10.0,3.0,19200.0,implied (total / price),
2024-04-26,FE03-2024042601,MRTSM-154,Монголросцветмет ТӨҮГ,Mongolrostsvetmet (ex-Erdenes Critical Minerals),Монголросцветмет ТӨҮГ /Эрдэнэс критикал минералс ТӨҮГ/,Iron ore,Төмөр,Хүдэр,Iron ore Fe 52%,Fe-52% Төмрийн хүдэр,Форвард,6,63.0,73.0,USD,тонн,481800.0,15.87,2.0,6600.0,implied (total / price),
2024-04-26,C06-2024042602,ER-24094,Энержи Ресурс ХХК,Energy Resources,Энержи Ресурс ХХК,Coal,Нүүрс,Баяжуулсан,Washed medium-ash semi-hard coking coal,"Баяжуулсан дунд зэрэг үнстэй, хагас хатуу коксжих нүүрс",Форвард,4,420.0,450.0,CNY,тонн,11520000.0,7.14,4.0,25600.0,implied (total / price),
2024-04-26,C03-2024042603,ETT-2405,Эрдэнэс Тавантолгой ХК,Erdenes Tavan Tolgoi,Эрдэнэс Тавантолгой ХК,Coal,Нүүрс,Боловсруулаагүй,Medium-volatile coking coal,"Дэгдэмхий бодис дунд, коксжих нүүрс",Форвард,4,135.4,163.9,USD,тонн,131120000.0,21.05,125.0,800000.0,implied (total / price),
2024-04-26,C01-2024042601,ER-24093,Энержи Ресурс ХХК,Energy Resources,Энержи Ресурс ХХК,Coal,Нүүрс,Баяжуулсан,Washed coking coal,Баяжуулсан коксжих нүүрс,Форвард,3,1100.0,1260.0,CNY,тонн,24192000.0,14.55,3.0,19200.0,implied (total / price),
2024-04-25,C06-2024042502,ER-24092,Энержи Ресурс ХХК,Energy Resources,Энержи Ресурс ХХК,Coal,Нүүрс,Баяжуулсан,Washed medium-ash semi-hard coking coal,"Баяжуулсан дунд зэрэг үнстэй, хагас хатуу коксжих нүүрс",Форвард,5,420.0,440.0,CNY,тонн,11264000.0,4.76,4.0,25600.0,implied (total / price),
2024-04-25,C03-2024042503,ETT-2404,Эрдэнэс Тавантолгой ХК,Erdenes Tavan Tolgoi,Эрдэнэс Тавантолгой ХК,Coal,Нүүрс,Боловсруулаагүй,Medium-volatile coking coal,"Дэгдэмхий бодис дунд, коксжих нүүрс",Форвард,9,135.4,160.9,USD,тонн,128720000.0,18.83,125.0,800000.0,implied (total / price),
2024-04-25,C01-2024042501,ER-24091,Энержи Ресурс ХХК,Energy Resources,Энержи Ресурс ХХК,Coal,Нүүрс,Баяжуулсан,Washed coking coal,Баяжуулсан коксжих нүүрс,Форвард,4,1100.0,1280.0,CNY,тонн,24576000.0,16.36,3.0,19200.0,implied (total / price),
2024-04-24,FE03-2024042401,MRTSM-153,Монголросцветмет ТӨҮГ,Mongolrostsvetmet (ex-Erdenes Critical Minerals),Монголросцветмет ТӨҮГ /Эрдэнэс критикал минералс ТӨҮГ/,Iron ore,Төмөр,Хүдэр,Iron ore Fe 52%,Fe-52% Төмрийн хүдэр,Форвард,6,63.0,70.5,USD,тонн,465300.0,11.9,2.0,6600.0,implied (total / price),
2024-04-24,FE02-2024042402,DMP-2475,Дарханы Төмөрлөгийн Үйлдвэр ХХК,Дарханы Төмөрлөгийн Үйлдвэр ХХК,Дарханы Төмөрлөгийн Үйлдвэр ХХК,Iron ore,Төмөр,Баяжмал,Fe-58% Төмрийн баяжмал,Fe-58% Төмрийн баяжмал,Форвард,2,61.0,64.5,USD,тонн,406350.0,5.74,2.0,6300.0,implied (total / price),
2024-04-24,C06-2024042402,ER-24090,Энержи Ресурс ХХК,Energy Resources,Энержи Ресурс ХХК,Coal,Нүүрс,Баяжуулсан,Washed medium-ash semi-hard coking coal,"Баяжуулсан дунд зэрэг үнстэй, хагас хатуу коксжих нүүрс",Форвард,6,420.0,450.0,CNY,тонн,11520000.0,7.14,4.0,25600.0,implied (total / price),
2024-04-24,C01-2024042401,ER-24089,Энержи Ресурс ХХК,Energy Resources,Энержи Ресурс ХХК,Coal,Нүүрс,Баяжуулсан,Washed coking coal,Баяжуулсан коксжих нүүрс,Форвард,4,1100.0,1260.0,CNY,тонн,24192000.0,14.55,3.0,19200.0,implied (total / price),
2024-04-23,FE03-2024042301,MRTSM-152,Монголросцветмет ТӨҮГ,Mongolrostsvetmet (ex-Erdenes Critical Minerals),Монголросцветмет ТӨҮГ /Эрдэнэс критикал минералс ТӨҮГ/,Iron ore,Төмөр,Хүдэр,Iron ore Fe 52%,Fe-52% Төмрийн хүдэр,Форвард,5,63.0,69.5,USD,тонн,229350.0,10.32,1.0,3300.0,implied (total / price),
2024-04-23,FE02-2024042302,DMP-2474,Дарханы Төмөрлөгийн Үйлдвэр ХХК,Дарханы Төмөрлөгийн Үйлдвэр ХХК,Дарханы Төмөрлөгийн Үйлдвэр ХХК,Iron ore,Төмөр,Баяжмал,Fe-58% Төмрийн баяжмал,Fe-58% Төмрийн баяжмал,Форвард,1,61.0,61.0,USD,тонн,384300.0,0.0,2.0,6300.0,implied (total / price),
2024-04-23,C06-2024042302,ER-24088,Энержи Ресурс ХХК,Energy Resources,Энержи Ресурс ХХК,Coal,Нүүрс,Баяжуулсан,Washed medium-ash semi-hard coking coal,"Баяжуулсан дунд зэрэг үнстэй, хагас хатуу коксжих нүүрс",Форвард,4,420.0,440.0,CNY,тонн,11264000.0,4.76,4.0,25600.0,implied (total / price),
2024-04-23,C01-2024042301,ER-24087,Энержи Ресурс ХХК,Energy Resources,Энержи Ресурс ХХК,Coal,Нүүрс,Баяжуулсан,Washed coking coal,Баяжуулсан коксжих нүүрс,Форвард,4,1100.0,1250.0,CNY,тонн,24000000.0,13.64,3.0,19200.0,implied (total / price),
2024-04-22,FE03-2024042201,MRTSM-151,Монголросцветмет ТӨҮГ,Mongolrostsvetmet (ex-Erdenes Critical Minerals),Монголросцветмет ТӨҮГ /Эрдэнэс критикал минералс ТӨҮГ/,Iron ore,Төмөр,Хүдэр,Iron ore Fe 52%,Fe-52% Төмрийн хүдэр,Форвард,5,63.0,70.5,USD,тонн,232650.0,11.9,1.0,3300.0,implied (total / price),
2024-04-22,FE02-2024042202,DMP-2473,Дарханы Төмөрлөгийн Үйлдвэр ХХК,Дарханы Төмөрлөгийн Үйлдвэр ХХК,Дарханы Төмөрлөгийн Үйлдвэр ХХК,Iron ore,Төмөр,Баяжмал,Fe-58% Төмрийн баяжмал,Fe-58% Төмрийн баяжмал,Форвард,1,61.0,61.0,USD,тонн,384300.0,0.0,2.0,6300.0,implied (total / price),
2024-04-22,C06-2024042202,ER-24086,Энержи Ресурс ХХК,Energy Resources,Энержи Ресурс ХХК,Coal,Нүүрс,Баяжуулсан,Washed medium-ash semi-hard coking coal,"Баяжуулсан дунд зэрэг үнстэй, хагас хатуу коксжих нүүрс",Форвард,5,420.0,460.0,CNY,тонн,11776000.0,9.52,4.0,25600.0,implied (total / price),
2024-04-22,C01-2024042201,ER-24085,Энержи Ресурс ХХК,Energy Resources,Энержи Ресурс ХХК,Coal,Нүүрс,Баяжуулсан,Washed coking coal,Баяжуулсан коксжих нүүрс,Форвард,5,1100.0,1300.0,CNY,тонн,24960000.0,18.18,3.0,19200.0,implied (total / price),
2024-04-19,FE03-2024041901,MRTSM-149,Монголросцветмет ТӨҮГ,Mongolrostsvetmet (ex-Erdenes Critical Minerals),Монголросцветмет ТӨҮГ /Эрдэнэс критикал минералс ТӨҮГ/,Iron ore,Төмөр,Хүдэр,Iron ore Fe 52%,Fe-52% Төмрийн хүдэр,Форвард,7,60.0,67.5,USD,тонн,1336500.0,12.5,6.0,19800.0,implied (total / price),
2024-04-19,C06-2024041902,ER-24084,Энержи Ресурс ХХК,Energy Resources,Энержи Ресурс ХХК,Coal,Нүүрс,Баяжуулсан,Washed medium-ash semi-hard coking coal,"Баяжуулсан дунд зэрэг үнстэй, хагас хатуу коксжих нүүрс",Форвард,6,420.0,470.0,CNY,тонн,12032000.0,11.9,4.0,25600.0,implied (total / price),
2024-04-19,C04-2024041903,ЭТТ 24/11-1/3 CO,Эрдэнэс Тавантолгой ХК,Erdenes Tavan Tolgoi,Эрдэнэс Тавантолгой ХК,Coal,Нүүрс,Боловсруулаагүй,1/3 coking coal,1/3 коксжих нүүрс,Форвард,6,89.9,110.4,USD,тонн,14131200.0,22.8,20.0,128000.0,implied (total / price),
2024-04-19,C01-2024041901,ER-24083,Энержи Ресурс ХХК,Energy Resources,Энержи Ресурс ХХК,Coal,Нүүрс,Баяжуулсан,Washed coking coal,Баяжуулсан коксжих нүүрс,Форвард,4,1100.0,1260.0,CNY,тонн,24192000.0,14.55,3.0,19200.0,implied (total / price),
2024-04-18,FE03-2024041801,MRTSM-148,Монголросцветмет ТӨҮГ,Mongolrostsvetmet (ex-Erdenes Critical Minerals),Монголросцветмет ТӨҮГ /Эрдэнэс критикал минералс ТӨҮГ/,Iron ore,Төмөр,Хүдэр,Iron ore Fe 52%,Fe-52% Төмрийн хүдэр,Форвард,4,60.0,66.5,USD,тонн,1316700.0,10.83,6.0,19800.0,implied (total / price),
2024-04-18,C06-2024041802,ER-24082,Энержи Ресурс ХХК,Energy Resources,Энержи Ресурс ХХК,Coal,Нүүрс,Баяжуулсан,Washed medium-ash semi-hard coking coal,"Баяжуулсан дунд зэрэг үнстэй, хагас хатуу коксжих нүүрс",Форвард,5,420.0,470.0,CNY,тонн,12032000.0,11.9,4.0,25600.0,implied (total / price),
2024-04-18,C01-2024041801,ER-24081,Энержи Ресурс ХХК,Energy Resources,Энержи Ресурс ХХК,Coal,Нүүрс,Баяжуулсан,Washed coking coal,Баяжуулсан коксжих нүүрс,Форвард,5,1100.0,1230.0,CNY,тонн,23616000.0,11.82,3.0,19200.0,implied (total / price),
2024-04-17,FE03-2024041701,MRTSM-147,Монголросцветмет ТӨҮГ,Mongolrostsvetmet (ex-Erdenes Critical Minerals),Монголросцветмет ТӨҮГ /Эрдэнэс критикал минералс ТӨҮГ/,Iron ore,Төмөр,Хүдэр,Iron ore Fe 52%,Fe-52% Төмрийн хүдэр,Форвард,4,60.0,72.0,USD,тонн,1425600.0,20.0,6.0,19800.0,implied (total / price),
2024-04-17,FE02-2024041702,DMP-2472,Дарханы Төмөрлөгийн Үйлдвэр ХХК,Дарханы Төмөрлөгийн Үйлдвэр ХХК,Дарханы Төмөрлөгийн Үйлдвэр ХХК,Iron ore,Төмөр,Баяжмал,Fe-58% Төмрийн баяжмал,Fe-58% Төмрийн баяжмал,Форвард,1,63.0,63.0,USD,тонн,396900.0,0.0,2.0,6300.0,implied (total / price),
2024-04-17,C06-2024041702,ER-24080,Энержи Ресурс ХХК,Energy Resources,Энержи Ресурс ХХК,Coal,Нүүрс,Баяжуулсан,Washed medium-ash semi-hard coking coal,"Баяжуулсан дунд зэрэг үнстэй, хагас хатуу коксжих нүүрс",Форвард,5,420.0,470.0,CNY,тонн,12032000.0,11.9,4.0,25600.0,implied (total / price),
2024-04-17,C01-2024041701,ER-24079,Энержи Ресурс ХХК,Energy Resources,Энержи Ресурс ХХК,Coal,Нүүрс,Баяжуулсан,Washed coking coal,Баяжуулсан коксжих нүүрс,Форвард,4,1100.0,1190.0,CNY,тонн,22848000.0,8.18,3.0,19200.0,implied (total / price),
2024-04-16,FE03-2024041601,MRTSM-146,Монголросцветмет ТӨҮГ,Mongolrostsvetmet (ex-Erdenes Critical Minerals),Монголросцветмет ТӨҮГ /Эрдэнэс критикал минералс ТӨҮГ/,Iron ore,Төмөр,Хүдэр,Iron ore Fe 52%,Fe-52% Төмрийн хүдэр,Форвард,6,60.0,71.0,USD,тонн,1405800.0,18.33,6.0,19800.0,implied (total / price),
2024-04-16,FE02-2024041602,DMP-2471,Дарханы Төмөрлөгийн Үйлдвэр ХХК,Дарханы Төмөрлөгийн Үйлдвэр ХХК,Дарханы Төмөрлөгийн Үйлдвэр ХХК,Iron ore,Төмөр,Баяжмал,Fe-58% Төмрийн баяжмал,Fe-58% Төмрийн баяжмал,Форвард,1,63.0,63.0,USD,тонн,396900.0,0.0,2.0,6300.0,implied (total / price),
2024-04-16,C06-2024041602,ER-24078,Энержи Ресурс ХХК,Energy Resources,Энержи Ресурс ХХК,Coal,Нүүрс,Баяжуулсан,Washed medium-ash semi-hard coking coal,"Баяжуулсан дунд зэрэг үнстэй, хагас хатуу коксжих нүүрс",Форвард,4,420.0,460.0,CNY,тонн,11776000.0,9.52,4.0,25600.0,implied (total / price),
2024-04-16,C01-2024041601,ER-24077,Энержи Ресурс ХХК,Energy Resources,Энержи Ресурс ХХК,Coal,Нүүрс,Баяжуулсан,Washed coking coal,Баяжуулсан коксжих нүүрс,Форвард,4,1100.0,1190.0,CNY,тонн,22848000.0,8.18,3.0,19200.0,implied (total / price),
2024-04-15,FE03-2024041501,MRTSM-145,Монголросцветмет ТӨҮГ,Mongolrostsvetmet (ex-Erdenes Critical Minerals),Монголросцветмет ТӨҮГ /Эрдэнэс критикал минералс ТӨҮГ/,Iron ore,Төмөр,Хүдэр,Iron ore Fe 52%,Fe-52% Төмрийн хүдэр,Форвард,3,63.0,70.5,USD,тонн,232650.0,11.9,1.0,3300.0,implied (total / price),
2024-04-15,C06-2024041502,ER-24076,Энержи Ресурс ХХК,Energy Resources,Энержи Ресурс ХХК,Coal,Нүүрс,Баяжуулсан,Washed medium-ash semi-hard coking coal,"Баяжуулсан дунд зэрэг үнстэй, хагас хатуу коксжих нүүрс",Форвард,5,420.0,460.0,CNY,тонн,11776000.0,9.52,4.0,25600.0,implied (total / price),
2024-04-15,C01-2024041501,ER-24075,Энержи Ресурс ХХК,Energy Resources,Энержи Ресурс ХХК,Coal,Нүүрс,Баяжуулсан,Washed coking coal,Баяжуулсан коксжих нүүрс,Форвард,5,1100.0,1190.0,CNY,тонн,22848000.0,8.18,3.0,19200.0,implied (total / price),
2024-04-12,FE03-2024041201,MRTSM-144,Монголросцветмет ТӨҮГ,Mongolrostsvetmet (ex-Erdenes Critical Minerals),Монголросцветмет ТӨҮГ /Эрдэнэс критикал минералс ТӨҮГ/,Iron ore,Төмөр,Хүдэр,Iron ore Fe 52%,Fe-52% Төмрийн хүдэр,Форвард,2,63.0,70.0,USD,тонн,231000.0,11.11,1.0,3300.0,implied (total / price),
2024-04-12,C01-2024041201,ER-24074,Энержи Ресурс ХХК,Energy Resources,Энержи Ресурс ХХК,Coal,Нүүрс,Баяжуулсан,Washed coking coal,Баяжуулсан коксжих нүүрс,Форвард,5,1100.0,1160.0,CNY,тонн,22272000.0,5.45,3.0,19200.0,implied (total / price),
2024-04-11,FE03-2024041101,MRTSM-143,Монголросцветмет ТӨҮГ,Mongolrostsvetmet (ex-Erdenes Critical Minerals),Монголросцветмет ТӨҮГ /Эрдэнэс критикал минералс ТӨҮГ/,Iron ore,Төмөр,Хүдэр,Iron ore Fe 52%,Fe-52% Төмрийн хүдэр,Форвард,1,63.0,63.0,USD,тонн,207900.0,0.0,1.0,3300.0,implied (total / price),
2024-04-11,C04-2024041102,ETT-2410 1/3CO,Эрдэнэс Тавантолгой ХК,Erdenes Tavan Tolgoi,Эрдэнэс Тавантолгой ХК,Coal,Нүүрс,Боловсруулаагүй,1/3 coking coal,1/3 коксжих нүүрс,Форвард,3,89.9,89.9,USD,тонн,152470400.0,0.0,265.0,1696000.0,implied (total / price),
2024-04-11,C01-2024041101,ER-24073,Энержи Ресурс ХХК,Energy Resources,Энержи Ресурс ХХК,Coal,Нүүрс,Баяжуулсан,Washed coking coal,Баяжуулсан коксжих нүүрс,Форвард,2,1100.0,1100.0,CNY,тонн,21120000.0,0.0,3.0,19200.0,implied (total / price),
2024-04-10,FE03-2024041001,MRTSM-142,Монголросцветмет ТӨҮГ,Mongolrostsvetmet (ex-Erdenes Critical Minerals),Монголросцветмет ТӨҮГ /Эрдэнэс критикал минералс ТӨҮГ/,Iron ore,Төмөр,Хүдэр,Iron ore Fe 52%,Fe-52% Төмрийн хүдэр,Форвард,3,63.0,65.5,USD,тонн,216150.0,3.97,1.0,3300.0,implied (total / price),
2024-04-10,C06-2024041002,ER-24072,Энержи Ресурс ХХК,Energy Resources,Энержи Ресурс ХХК,Coal,Нүүрс,Баяжуулсан,Washed medium-ash semi-hard coking coal,"Баяжуулсан дунд зэрэг үнстэй, хагас хатуу коксжих нүүрс",Форвард,2,420.0,430.0,CNY,тонн,11008000.0,2.38,4.0,25600.0,implied (total / price),
2024-04-10,C01-2024041001,ER-24071,Энержи Ресурс ХХК,Energy Resources,Энержи Ресурс ХХК,Coal,Нүүрс,Баяжуулсан,Washed coking coal,Баяжуулсан коксжих нүүрс,Форвард,5,1100.0,1120.0,CNY,тонн,21504000.0,1.82,3.0,19200.0,implied (total / price),
2024-04-09,FE03-2024040901,MRTSM-141,Монголросцветмет ТӨҮГ,Mongolrostsvetmet (ex-Erdenes Critical Minerals),Монголросцветмет ТӨҮГ /Эрдэнэс критикал минералс ТӨҮГ/,Iron ore,Төмөр,Хүдэр,Iron ore Fe 52%,Fe-52% Төмрийн хүдэр,Форвард,2,63.0,64.5,USD,тонн,212850.0,2.38,1.0,3300.0,implied (total / price),
2024-04-09,C02-2024040902,KH-24002,Хангад Эксплорэйшн ХХК,Khangad Exploration,Хангад Эксплорэйшн ХХК,Coal,Нүүрс,Баяжуулсан,Washed semi-soft coking coal,Баяжуулсан сул коксжих нүүрс,Форвард,2,850.0,850.0,CNY,тонн,10880000.0,0.0,2.0,12800.0,implied (total / price),
2024-04-08,FE03-2024040801,MRTSM-140,Монголросцветмет ТӨҮГ,Mongolrostsvetmet (ex-Erdenes Critical Minerals),Монголросцветмет ТӨҮГ /Эрдэнэс критикал минералс ТӨҮГ/,Iron ore,Төмөр,Хүдэр,Iron ore Fe 52%,Fe-52% Төмрийн хүдэр,Форвард,2,63.0,64.5,USD,тонн,212850.0,2.38,1.0,3300.0,implied (total / price),
2024-04-08,FE02-2024040802,DMP-2464,Дарханы Төмөрлөгийн Үйлдвэр ХХК,Дарханы Төмөрлөгийн Үйлдвэр ХХК,Дарханы Төмөрлөгийн Үйлдвэр ХХК,Iron ore,Төмөр,Баяжмал,Fe-58% Төмрийн баяжмал,Fe-58% Төмрийн баяжмал,Форвард,1,63.0,63.0,USD,тонн,396900.0,0.0,2.0,6300.0,implied (total / price),
2024-04-05,C04-2024040501,ETT-2409 1/3CO,Эрдэнэс Тавантолгой ХК,Erdenes Tavan Tolgoi,Эрдэнэс Тавантолгой ХК,Coal,Нүүрс,Боловсруулаагүй,1/3 coking coal,1/3 коксжих нүүрс,Форвард,4,93.6,107.1,USD,тонн,13708800.0,14.42,20.0,128000.0,implied (total / price),
2024-04-04,FE03-2024040401,MRTSM-136,Монголросцветмет ТӨҮГ,Mongolrostsvetmet (ex-Erdenes Critical Minerals),Монголросцветмет ТӨҮГ /Эрдэнэс критикал минералс ТӨҮГ/,Iron ore,Төмөр,Хүдэр,Iron ore Fe 52%,Fe-52% Төмрийн хүдэр,Форвард,1,65.0,65.0,USD,тонн,214500.0,0.0,1.0,3300.0,implied (total / price),
2024-04-03,FE03-2024040301,MRTSM-135,Монголросцветмет ТӨҮГ,Mongolrostsvetmet (ex-Erdenes Critical Minerals),Монголросцветмет ТӨҮГ /Эрдэнэс критикал минералс ТӨҮГ/,Iron ore,Төмөр,Хүдэр,Iron ore Fe 52%,Fe-52% Төмрийн хүдэр,Форвард,1,65.0,65.0,USD,тонн,214500.0,0.0,1.0,3300.0,implied (total / price),
2024-03-29,FE03-2024032901,MRTSM-132,Монголросцветмет ТӨҮГ,Mongolrostsvetmet (ex-Erdenes Critical Minerals),Монголросцветмет ТӨҮГ /Эрдэнэс критикал минералс ТӨҮГ/,Iron ore,Төмөр,Хүдэр,Iron ore Fe 52%,Fe-52% Төмрийн хүдэр,Форвард,2,65.0,66.0,USD,тонн,217800.0,1.54,1.0,3300.0,implied (total / price),
2024-03-28,FE03-2024032801,MRTSM-131,Монголросцветмет ТӨҮГ,Mongolrostsvetmet (ex-Erdenes Critical Minerals),Монголросцветмет ТӨҮГ /Эрдэнэс критикал минералс ТӨҮГ/,Iron ore,Төмөр,Хүдэр,Iron ore Fe 52%,Fe-52% Төмрийн хүдэр,Форвард,1,65.0,65.0,USD,тонн,214500.0,0.0,1.0,3300.0,implied (total / price),
2024-03-28,C04-2024032802,ETT-2408,Эрдэнэс Тавантолгой ХК,Erdenes Tavan Tolgoi,Эрдэнэс Тавантолгой ХК,Coal,Нүүрс,Боловсруулаагүй,1/3 coking coal,1/3 коксжих нүүрс,Форвард,5,93.6,105.1,USD,тонн,13452800.0,12.29,20.0,128000.0,implied (total / price),
2024-03-27,FE03-2024032701,MRTSM-130,Монголросцветмет ТӨҮГ,Mongolrostsvetmet (ex-Erdenes Critical Minerals),Монголросцветмет ТӨҮГ /Эрдэнэс критикал минералс ТӨҮГ/,Iron ore,Төмөр,Хүдэр,Iron ore Fe 52%,Fe-52% Төмрийн хүдэр,Форвард,2,65.0,65.5,USD,тонн,216150.0,0.77,1.0,3300.0,implied (total / price),
2024-03-26,FE03-2024032601,MRTSM-129,Монголросцветмет ТӨҮГ,Mongolrostsvetmet (ex-Erdenes Critical Minerals),Монголросцветмет ТӨҮГ /Эрдэнэс критикал минералс ТӨҮГ/,Iron ore,Төмөр,Хүдэр,Iron ore Fe 52%,Fe-52% Төмрийн хүдэр,Форвард,2,65.0,65.5,USD,тонн,216150.0,0.77,1.0,3300.0,implied (total / price),
2024-03-25,C01-2024032501,ER-24058,Энержи Ресурс ХХК,Energy Resources,Энержи Ресурс ХХК,Coal,Нүүрс,Баяжуулсан,Washed coking coal,Баяжуулсан коксжих нүүрс,Форвард,2,1250.0,1250.0,CNY,тонн,24000000.0,0.0,3.0,19200.0,implied (total / price),
2024-03-22,C04-2024032202,ETT-2407,Эрдэнэс Тавантолгой ХК,Erdenes Tavan Tolgoi,Эрдэнэс Тавантолгой ХК,Coal,Нүүрс,Боловсруулаагүй,1/3 coking coal,1/3 коксжих нүүрс,Форвард,5,93.6,111.1,USD,тонн,14220800.0,18.7,20.0,128000.0,implied (total / price),
2024-03-22,C01-2024032201,ER-24057,Энержи Ресурс ХХК,Energy Resources,Энержи Ресурс ХХК,Coal,Нүүрс,Баяжуулсан,Washed coking coal,Баяжуулсан коксжих нүүрс,Форвард,2,1250.0,1250.0,CNY,тонн,24000000.0,0.0,3.0,19200.0,implied (total / price),
2024-03-21,FE03-2024032101,MRTSM-127,Монголросцветмет ТӨҮГ,Mongolrostsvetmet (ex-Erdenes Critical Minerals),Монголросцветмет ТӨҮГ /Эрдэнэс критикал минералс ТӨҮГ/,Iron ore,Төмөр,Хүдэр,Iron ore Fe 52%,Fe-52% Төмрийн хүдэр,Форвард,1,70.0,70.0,USD,тонн,231000.0,0.0,1.0,3300.0,implied (total / price),
2024-03-21,C01-2024032101,ER-24055,Энержи Ресурс ХХК,Energy Resources,Энержи Ресурс ХХК,Coal,Нүүрс,Баяжуулсан,Washed coking coal,Баяжуулсан коксжих нүүрс,Форвард,2,1250.0,1250.0,CNY,тонн,24000000.0,0.0,3.0,19200.0,implied (total / price),
2024-03-20,FE03-2024032001,MRTSM-126,Монголросцветмет ТӨҮГ,Mongolrostsvetmet (ex-Erdenes Critical Minerals),Монголросцветмет ТӨҮГ /Эрдэнэс критикал минералс ТӨҮГ/,Iron ore,Төмөр,Хүдэр,Iron ore Fe 52%,Fe-52% Төмрийн хүдэр,Форвард,1,70.0,70.0,USD,тонн,231000.0,0.0,1.0,3300.0,implied (total / price),
2024-03-19,C03-2024031902,ETT-2403,Эрдэнэс Тавантолгой ХК,Erdenes Tavan Tolgoi,Эрдэнэс Тавантолгой ХК,Coal,Нүүрс,Боловсруулаагүй,Medium-volatile coking coal,"Дэгдэмхий бодис дунд, коксжих нүүрс",Форвард,4,143.7,160.2,USD,тонн,20505600.0,11.48,20.0,128000.0,implied (total / price),
2024-03-18,C01-2024031801,ER-24052,Энержи Ресурс ХХК,Energy Resources,Энержи Ресурс ХХК,Coal,Нүүрс,Баяжуулсан,Washed coking coal,Баяжуулсан коксжих нүүрс,Форвард,2,1250.0,1250.0,CNY,тонн,24000000.0,0.0,3.0,19200.0,implied (total / price),
2024-03-15,C04-2024031502,ETT-2406,Эрдэнэс Тавантолгой ХК,Erdenes Tavan Tolgoi,Эрдэнэс Тавантолгой ХК,Coal,Нүүрс,Боловсруулаагүй,1/3 coking coal,1/3 коксжих нүүрс,Форвард,7,89.1,110.1,USD,тонн,35232000.0,23.57,50.0,320000.0,implied (total / price),
2024-03-15,C01-2024031501,ER-24050,Энержи Ресурс ХХК,Energy Resources,Энержи Ресурс ХХК,Coal,Нүүрс,Баяжуулсан,Washed coking coal,Баяжуулсан коксжих нүүрс,Форвард,6,1250.0,1260.0,CNY,тонн,24192000.0,0.8,3.0,19200.0,implied (total / price),
2024-03-14,FE03-2024031401,MRTSM-122,Монголросцветмет ТӨҮГ,Mongolrostsvetmet (ex-Erdenes Critical Minerals),Монголросцветмет ТӨҮГ /Эрдэнэс критикал минералс ТӨҮГ/,Iron ore,Төмөр,Хүдэр,Iron ore Fe 52%,Fe-52% Төмрийн хүдэр,Форвард,2,70.0,71.0,USD,тонн,234300.0,1.43,1.0,3300.0,implied (total / price),
2024-03-14,C01-2024031401,ER-24049,Энержи Ресурс ХХК,Energy Resources,Энержи Ресурс ХХК,Coal,Нүүрс,Баяжуулсан,Washed coking coal,Баяжуулсан коксжих нүүрс,Форвард,6,1250.0,1280.0,CNY,тонн,24576000.0,2.4,3.0,19200.0,implied (total / price),
2024-03-13,FE03-2024031301,MRTSM-121,Монголросцветмет ТӨҮГ,Mongolrostsvetmet (ex-Erdenes Critical Minerals),Монголросцветмет ТӨҮГ /Эрдэнэс критикал минералс ТӨҮГ/,Iron ore,Төмөр,Хүдэр,Iron ore Fe 52%,Fe-52% Төмрийн хүдэр,Форвард,1,70.0,70.0,USD,тонн,231000.0,0.0,1.0,3300.0,implied (total / price),
2024-03-13,C01-2024031301,ER-24048,Энержи Ресурс ХХК,Energy Resources,Энержи Ресурс ХХК,Coal,Нүүрс,Баяжуулсан,Washed coking coal,Баяжуулсан коксжих нүүрс,Форвард,6,1250.0,1300.0,CNY,тонн,24960000.0,4.0,3.0,19200.0,implied (total / price),
2024-03-12,FE03-2024031201,MRTSM-120,Монголросцветмет ТӨҮГ,Mongolrostsvetmet (ex-Erdenes Critical Minerals),Монголросцветмет ТӨҮГ /Эрдэнэс критикал минералс ТӨҮГ/,Iron ore,Төмөр,Хүдэр,Iron ore Fe 52%,Fe-52% Төмрийн хүдэр,Форвард,1,70.0,70.0,USD,тонн,231000.0,0.0,1.0,3300.0,implied (total / price),
2024-03-12,C01-2024031201,ER-24047,Энержи Ресурс ХХК,Energy Resources,Энержи Ресурс ХХК,Coal,Нүүрс,Баяжуулсан,Washed coking coal,Баяжуулсан коксжих нүүрс,Форвард,6,1250.0,1310.0,CNY,тонн,25152000.0,4.8,3.0,19200.0,implied (total / price),
2024-03-11,FE03-2024031101,MRTSM-119,Монголросцветмет ТӨҮГ,Mongolrostsvetmet (ex-Erdenes Critical Minerals),Монголросцветмет ТӨҮГ /Эрдэнэс критикал минералс ТӨҮГ/,Iron ore,Төмөр,Хүдэр,Iron ore Fe 52%,Fe-52% Төмрийн хүдэр,Форвард,2,70.0,71.0,USD,тонн,234300.0,1.43,1.0,3300.0,implied (total / price),
2024-03-11,C06-2024031102,ER-24046,Энержи Ресурс ХХК,Energy Resources,Энержи Ресурс ХХК,Coal,Нүүрс,Баяжуулсан,Washed medium-ash semi-hard coking coal,"Баяжуулсан дунд зэрэг үнстэй, хагас хатуу коксжих нүүрс",Форвард,4,500.0,550.0,CNY,тонн,14080000.0,10.0,4.0,25600.0,implied (total / price),
2024-03-11,C01-2024031101,ER-24045,Энержи Ресурс ХХК,Energy Resources,Энержи Ресурс ХХК,Coal,Нүүрс,Баяжуулсан,Washed coking coal,Баяжуулсан коксжих нүүрс,Форвард,7,1250.0,1290.0,CNY,тонн,24768000.0,3.2,3.0,19200.0,implied (total / price),
2024-03-07,FE01-2024030701,MRTSM-118,Монголросцветмет ТӨҮГ,Mongolrostsvetmet (ex-Erdenes Critical Minerals),Монголросцветмет ТӨҮГ /Эрдэнэс критикал минералс ТӨҮГ/,Iron ore,Төмөр,Баяжмал,Iron concentrate Fe 65%,Fe-65% Төмрийн баяжмал,Форвард,1,90.0,90.0,USD,тонн,2079000.0,0.0,7.0,23100.0,implied (total / price),
2024-03-07,C04-2024030702,ETT 24/05-1/3 CO,Эрдэнэс Тавантолгой ХК,Erdenes Tavan Tolgoi,Эрдэнэс Тавантолгой ХК,Coal,Нүүрс,Боловсруулаагүй,1/3 coking coal,1/3 коксжих нүүрс,Форвард,8,89.1,120.6,USD,тонн,15436800.0,35.35,20.0,128000.0,implied (total / price),
2024-03-07,C01-2024030701,ER-24043,Энержи Ресурс ХХК,Energy Resources,Энержи Ресурс ХХК,Coal,Нүүрс,Баяжуулсан,Washed coking coal,Баяжуулсан коксжих нүүрс,Форвард,7,1250.0,1340.0,CNY,тонн,25728000.0,7.2,3.0,19200.0,implied (total / price),
2024-03-06,C01-2024030601,ER-24042,Энержи Ресурс ХХК,Energy Resources,Энержи Ресурс ХХК,Coal,Нүүрс,Баяжуулсан,Washed coking coal,Баяжуулсан коксжих нүүрс,Форвард,10,1250.0,1360.0,CNY,тонн,26112000.0,8.8,3.0,19200.0,implied (total / price),
2024-03-05,C06-2024030502,ER-24044,Энержи Ресурс ХХК,Energy Resources,Энержи Ресурс ХХК,Coal,Нүүрс,Баяжуулсан,Washed medium-ash semi-hard coking coal,"Баяжуулсан дунд зэрэг үнстэй, хагас хатуу коксжих нүүрс",Форвард,6,500.0,560.0,CNY,тонн,14336000.0,12.0,4.0,25600.0,implied (total / price),
2024-03-05,C01-2024030501,ER-24041,Энержи Ресурс ХХК,Energy Resources,Энержи Ресурс ХХК,Coal,Нүүрс,Баяжуулсан,Washed coking coal,Баяжуулсан коксжих нүүрс,Форвард,6,1250.0,1370.0,CNY,тонн,26304000.0,9.6,3.0,19200.0,implied (total / price),
2024-03-04,C01-2024030401,ER-24040,Энержи Ресурс ХХК,Energy Resources,Энержи Ресурс ХХК,Coal,Нүүрс,Баяжуулсан,Washed coking coal,Баяжуулсан коксжих нүүрс,Форвард,8,1250.0,1370.0,CNY,тонн,26304000.0,9.6,3.0,19200.0,implied (total / price),
2024-03-01,C05-2024030102,ETT-2402,Эрдэнэс Тавантолгой ХК,Erdenes Tavan Tolgoi,Эрдэнэс Тавантолгой ХК,Coal,Нүүрс,Боловсруулаагүй,"Thermal coal (bituminous, non-caking)","Эрчим хүчний нүүрс /Битумт, үл барьцалдах нүүрс/",Форвард,3,53.9,53.9,USD,тонн,6899200.0,0.0,20.0,128000.0,implied (total / price),
2024-03-01,C01-2024030101,ER-24039,Энержи Ресурс ХХК,Energy Resources,Энержи Ресурс ХХК,Coal,Нүүрс,Баяжуулсан,Washed coking coal,Баяжуулсан коксжих нүүрс,Форвард,8,1250.0,1400.0,CNY,тонн,26880000.0,12.0,3.0,19200.0,implied (total / price),
2024-02-29,FE03-2024022902,DMP-2433,Дарханы Төмөрлөгийн Үйлдвэр ХХК,Дарханы Төмөрлөгийн Үйлдвэр ХХК,Дарханы Төмөрлөгийн Үйлдвэр ХХК,Iron ore,Төмөр,Хүдэр,Iron ore Fe 52%,Fe-52% Төмрийн хүдэр,Форвард,1,56.0,56.0,USD,тонн,352800.0,0.0,2.0,6300.0,implied (total / price),
2024-02-29,C01-2024022901,ER-24038,Энержи Ресурс ХХК,Energy Resources,Энержи Ресурс ХХК,Coal,Нүүрс,Баяжуулсан,Washed coking coal,Баяжуулсан коксжих нүүрс,Форвард,6,1250.0,1370.0,CNY,тонн,26304000.0,9.6,3.0,19200.0,implied (total / price),
2024-02-28,FE03-2024022802,DMP-2431,Дарханы Төмөрлөгийн Үйлдвэр ХХК,Дарханы Төмөрлөгийн Үйлдвэр ХХК,Дарханы Төмөрлөгийн Үйлдвэр ХХК,Iron ore,Төмөр,Хүдэр,Iron ore Fe 52%,Fe-52% Төмрийн хүдэр,Форвард,1,56.0,56.0,USD,тонн,352800.0,0.0,2.0,6300.0,implied (total / price),
2024-02-28,FE02-2024022803,DMP-2432,Дарханы Төмөрлөгийн Үйлдвэр ХХК,Дарханы Төмөрлөгийн Үйлдвэр ХХК,Дарханы Төмөрлөгийн Үйлдвэр ХХК,Iron ore,Төмөр,Баяжмал,Fe-58% Төмрийн баяжмал,Fe-58% Төмрийн баяжмал,Форвард,1,72.0,72.0,USD,тонн,453600.0,0.0,2.0,6300.0,implied (total / price),
2024-02-28,C01-2024022801,ER-24037,Энержи Ресурс ХХК,Energy Resources,Энержи Ресурс ХХК,Coal,Нүүрс,Баяжуулсан,Washed coking coal,Баяжуулсан коксжих нүүрс,Форвард,7,1250.0,1390.0,CNY,тонн,26688000.0,11.2,3.0,19200.0,implied (total / price),
2024-02-27,FE03-2024022702,DMP-2430,Дарханы Төмөрлөгийн Үйлдвэр ХХК,Дарханы Төмөрлөгийн Үйлдвэр ХХК,Дарханы Төмөрлөгийн Үйлдвэр ХХК,Iron ore,Төмөр,Хүдэр,Iron ore Fe 52%,Fe-52% Төмрийн хүдэр,Форвард,1,56.0,56.0,USD,тонн,352800.0,0.0,2.0,6300.0,implied (total / price),
2024-02-27,C01-2024022701,ER-24036,Энержи Ресурс ХХК,Energy Resources,Энержи Ресурс ХХК,Coal,Нүүрс,Баяжуулсан,Washed coking coal,Баяжуулсан коксжих нүүрс,Форвард,9,1250.0,1410.0,CNY,тонн,27072000.0,12.8,3.0,19200.0,implied (total / price),
2024-02-26,FE03-2024022602,DMP-2427,Дарханы Төмөрлөгийн Үйлдвэр ХХК,Дарханы Төмөрлөгийн Үйлдвэр ХХК,Дарханы Төмөрлөгийн Үйлдвэр ХХК,Iron ore,Төмөр,Хүдэр,Iron ore Fe 52%,Fe-52% Төмрийн хүдэр,Форвард,1,56.0,56.0,USD,тонн,352800.0,0.0,2.0,6300.0,implied (total / price),
2024-02-26,FE01-2024022601,MRTSM-110,Монголросцветмет ТӨҮГ,Mongolrostsvetmet (ex-Erdenes Critical Minerals),Монголросцветмет ТӨҮГ /Эрдэнэс критикал минералс ТӨҮГ/,Iron ore,Төмөр,Баяжмал,Iron concentrate Fe 65%,Fe-65% Төмрийн баяжмал,Форвард,3,95.0,100.0,USD,тонн,330000.0,5.26,1.0,3300.0,implied (total / price),
2024-02-26,C01-2024022601,ER-24035,Энержи Ресурс ХХК,Energy Resources,Энержи Ресурс ХХК,Coal,Нүүрс,Баяжуулсан,Washed coking coal,Баяжуулсан коксжих нүүрс,Форвард,8,1250.0,1390.0,CNY,тонн,26688000.0,11.2,3.0,19200.0,implied (total / price),
2024-02-23,FE01-2024022301,MRTSM-109,Монголросцветмет ТӨҮГ,Mongolrostsvetmet (ex-Erdenes Critical Minerals),Монголросцветмет ТӨҮГ /Эрдэнэс критикал минералс ТӨҮГ/,Iron ore,Төмөр,Баяжмал,Iron concentrate Fe 65%,Fe-65% Төмрийн баяжмал,Форвард,2,95.0,102.5,USD,тонн,338250.0,7.89,1.0,3300.0,implied (total / price),
2024-02-23,C03-2024022302,ETT-2337,Эрдэнэс Тавантолгой ХК,Erdenes Tavan Tolgoi,Эрдэнэс Тавантолгой ХК,Coal,Нүүрс,Боловсруулаагүй,Medium-volatile coking coal,"Дэгдэмхий бодис дунд, коксжих нүүрс",Форвард,6,157.5,166.5,USD,тонн,21312000.0,5.71,20.0,128000.0,implied (total / price),
2024-02-23,C01-2024022301,ER-24034,Энержи Ресурс ХХК,Energy Resources,Энержи Ресурс ХХК,Coal,Нүүрс,Баяжуулсан,Washed coking coal,Баяжуулсан коксжих нүүрс,Форвард,6,1250.0,1430.0,CNY,тонн,27456000.0,14.4,3.0,19200.0,implied (total / price),
2024-02-22,FE03-2024022202,DMP-2426,Дарханы Төмөрлөгийн Үйлдвэр ХХК,Дарханы Төмөрлөгийн Үйлдвэр ХХК,Дарханы Төмөрлөгийн Үйлдвэр ХХК,Iron ore,Төмөр,Хүдэр,Iron ore Fe 52%,Fe-52% Төмрийн хүдэр,Форвард,1,56.0,56.0,USD,тонн,352800.0,0.0,2.0,6300.0,implied (total / price),
2024-02-22,FE02-2024022203,DMP-2421,Дарханы Төмөрлөгийн Үйлдвэр ХХК,Дарханы Төмөрлөгийн Үйлдвэр ХХК,Дарханы Төмөрлөгийн Үйлдвэр ХХК,Iron ore,Төмөр,Баяжмал,Fe-58% Төмрийн баяжмал,Fe-58% Төмрийн баяжмал,Форвард,1,72.0,72.0,USD,тонн,453600.0,0.0,2.0,6300.0,implied (total / price),
2024-02-22,FE01-2024022201,MRTSM-108,Монголросцветмет ТӨҮГ,Mongolrostsvetmet (ex-Erdenes Critical Minerals),Монголросцветмет ТӨҮГ /Эрдэнэс критикал минералс ТӨҮГ/,Iron ore,Төмөр,Баяжмал,Iron concentrate Fe 65%,Fe-65% Төмрийн баяжмал,Форвард,3,95.0,102.5,USD,тонн,338250.0,7.89,1.0,3300.0,implied (total / price),
2024-02-22,C01-2024022201,ER-24033,Энержи Ресурс ХХК,Energy Resources,Энержи Ресурс ХХК,Coal,Нүүрс,Баяжуулсан,Washed coking coal,Баяжуулсан коксжих нүүрс,Форвард,8,1250.0,1430.0,CNY,тонн,27456000.0,14.4,3.0,19200.0,implied (total / price),
2024-02-21,FE03-2024022102,DMP-2425,Дарханы Төмөрлөгийн Үйлдвэр ХХК,Дарханы Төмөрлөгийн Үйлдвэр ХХК,Дарханы Төмөрлөгийн Үйлдвэр ХХК,Iron ore,Төмөр,Хүдэр,Iron ore Fe 52%,Fe-52% Төмрийн хүдэр,Форвард,2,56.0,56.0,USD,тонн,352800.0,0.0,2.0,6300.0,implied (total / price),
2024-02-21,FE02-2024022103,DMP-2420,Дарханы Төмөрлөгийн Үйлдвэр ХХК,Дарханы Төмөрлөгийн Үйлдвэр ХХК,Дарханы Төмөрлөгийн Үйлдвэр ХХК,Iron ore,Төмөр,Баяжмал,Fe-58% Төмрийн баяжмал,Fe-58% Төмрийн баяжмал,Форвард,1,72.0,72.0,USD,тонн,453600.0,0.0,2.0,6300.0,implied (total / price),
2024-02-21,FE01-2024022101,MRTSM-107,Монголросцветмет ТӨҮГ,Mongolrostsvetmet (ex-Erdenes Critical Minerals),Монголросцветмет ТӨҮГ /Эрдэнэс критикал минералс ТӨҮГ/,Iron ore,Төмөр,Баяжмал,Iron concentrate Fe 65%,Fe-65% Төмрийн баяжмал,Форвард,2,95.0,102.5,USD,тонн,338250.0,7.89,1.0,3300.0,implied (total / price),
2024-02-21,C01-2024022101,ER-24032,Энержи Ресурс ХХК,Energy Resources,Энержи Ресурс ХХК,Coal,Нүүрс,Баяжуулсан,Washed coking coal,Баяжуулсан коксжих нүүрс,Форвард,10,1250.0,1410.0,CNY,тонн,27072000.0,12.8,3.0,19200.0,implied (total / price),
2024-02-20,FE03-2024022002,DMP-2424,Дарханы Төмөрлөгийн Үйлдвэр ХХК,Дарханы Төмөрлөгийн Үйлдвэр ХХК,Дарханы Төмөрлөгийн Үйлдвэр ХХК,Iron ore,Төмөр,Хүдэр,Iron ore Fe 52%,Fe-52% Төмрийн хүдэр,Форвард,2,56.0,62.5,USD,тонн,393750.0,11.61,2.0,6300.0,implied (total / price),
2024-02-20,FE02-2024022003,DMP-2419,Дарханы Төмөрлөгийн Үйлдвэр ХХК,Дарханы Төмөрлөгийн Үйлдвэр ХХК,Дарханы Төмөрлөгийн Үйлдвэр ХХК,Iron ore,Төмөр,Баяжмал,Fe-58% Төмрийн баяжмал,Fe-58% Төмрийн баяжмал,Форвард,2,72.0,73.5,USD,тонн,463050.0,2.08,2.0,6300.0,implied (total / price),
2024-02-20,FE01-2024022001,MRTSM-106,Монголросцветмет ТӨҮГ,Mongolrostsvetmet (ex-Erdenes Critical Minerals),Монголросцветмет ТӨҮГ /Эрдэнэс критикал минералс ТӨҮГ/,Iron ore,Төмөр,Баяжмал,Iron concentrate Fe 65%,Fe-65% Төмрийн баяжмал,Форвард,2,95.0,101.5,USD,тонн,334950.0,6.84,1.0,3300.0,implied (total / price),
2024-02-20,C06-2024022001,ER-24031,Энержи Ресурс ХХК,Energy Resources,Энержи Ресурс ХХК,Coal,Нүүрс,Баяжуулсан,Washed medium-ash semi-hard coking coal,"Баяжуулсан дунд зэрэг үнстэй, хагас хатуу коксжих нүүрс",Форвард,7,500.0,590.0,CNY,тонн,7552000.0,18.0,2.0,12800.0,implied (total / price),
2024-02-19,FE03-2024021902,DMP-2423,Дарханы Төмөрлөгийн Үйлдвэр ХХК,Дарханы Төмөрлөгийн Үйлдвэр ХХК,Дарханы Төмөрлөгийн Үйлдвэр ХХК,Iron ore,Төмөр,Хүдэр,Iron ore Fe 52%,Fe-52% Төмрийн хүдэр,Форвард,2,56.0,65.0,USD,тонн,409500.0,16.07,2.0,6300.0,implied (total / price),
2024-02-19,FE02-2024021903,DMP-2418,Дарханы Төмөрлөгийн Үйлдвэр ХХК,Дарханы Төмөрлөгийн Үйлдвэр ХХК,Дарханы Төмөрлөгийн Үйлдвэр ХХК,Iron ore,Төмөр,Баяжмал,Fe-58% Төмрийн баяжмал,Fe-58% Төмрийн баяжмал,Форвард,2,72.0,73.5,USD,тонн,463050.0,2.08,2.0,6300.0,implied (total / price),
2024-02-19,FE01-2024021901,MRTSM-105,Монголросцветмет ТӨҮГ,Mongolrostsvetmet (ex-Erdenes Critical Minerals),Монголросцветмет ТӨҮГ /Эрдэнэс критикал минералс ТӨҮГ/,Iron ore,Төмөр,Баяжмал,Iron concentrate Fe 65%,Fe-65% Төмрийн баяжмал,Форвард,2,95.0,99.5,USD,тонн,328350.0,4.74,1.0,3300.0,implied (total / price),
2024-02-16,FE03-2024021603,DMP-2417,Дарханы Төмөрлөгийн Үйлдвэр ХХК,Дарханы Төмөрлөгийн Үйлдвэр ХХК,Дарханы Төмөрлөгийн Үйлдвэр ХХК,Iron ore,Төмөр,Хүдэр,Iron ore Fe 52%,Fe-52% Төмрийн хүдэр,Форвард,2,56.0,56.0,USD,тонн,1411200.0,0.0,8.0,25200.0,implied (total / price),
2024-02-16,FE02-2024021602,DMP-2416,Дарханы Төмөрлөгийн Үйлдвэр ХХК,Дарханы Төмөрлөгийн Үйлдвэр ХХК,Дарханы Төмөрлөгийн Үйлдвэр ХХК,Iron ore,Төмөр,Баяжмал,Fe-58% Төмрийн баяжмал,Fe-58% Төмрийн баяжмал,Форвард,2,72.0,76.5,USD,тонн,963900.0,6.25,4.0,12600.0,implied (total / price),
2024-02-16,C01-2024021601,ER-24030,Энержи Ресурс ХХК,Energy Resources,Энержи Ресурс ХХК,Coal,Нүүрс,Баяжуулсан,Washed coking coal,Баяжуулсан коксжих нүүрс,Форвард,7,1250.0,1410.0,CNY,тонн,27072000.0,12.8,3.0,19200.0,implied (total / price),
2024-02-15,C04-2024021502,ETT-2325,Эрдэнэс Тавантолгой ХК,Erdenes Tavan Tolgoi,Эрдэнэс Тавантолгой ХК,Coal,Нүүрс,Боловсруулаагүй,1/3 coking coal,1/3 коксжих нүүрс,Форвард,8,89.1,117.6,USD,тонн,75264000.0,31.99,100.0,640000.0,implied (total / price),
2024-02-15,C01-2024021501,ER-24029,Энержи Ресурс ХХК,Energy Resources,Энержи Ресурс ХХК,Coal,Нүүрс,Баяжуулсан,Washed coking coal,Баяжуулсан коксжих нүүрс,Форвард,6,1250.0,1440.0,CNY,тонн,27648000.0,15.2,3.0,19200.0,implied (total / price),
2024-02-14,FE01-2024021402,MRTSM-104,Монголросцветмет ТӨҮГ,Mongolrostsvetmet (ex-Erdenes Critical Minerals),Монголросцветмет ТӨҮГ /Эрдэнэс критикал минералс ТӨҮГ/,Iron ore,Төмөр,Баяжмал,Iron concentrate Fe 65%,Fe-65% Төмрийн баяжмал,Форвард,2,95.0,95.0,USD,тонн,2194500.0,0.0,7.0,23100.0,implied (total / price),
2024-02-14,C01-2024021401,ER-24028,Энержи Ресурс ХХК,Energy Resources,Энержи Ресурс ХХК,Coal,Нүүрс,Баяжуулсан,Washed coking coal,Баяжуулсан коксжих нүүрс,Форвард,7,1250.0,1420.0,CNY,тонн,27264000.0,13.6,3.0,19200.0,implied (total / price),
2024-02-13,C01-2024021301,ER-24027,Энержи Ресурс ХХК,Energy Resources,Энержи Ресурс ХХК,Coal,Нүүрс,Баяжуулсан,Washed coking coal,Баяжуулсан коксжих нүүрс,Форвард,9,1250.0,1420.0,CNY,тонн,27264000.0,13.6,3.0,19200.0,implied (total / price),
2024-02-09,FE02-2024020901,DMP-2413,Дарханы Төмөрлөгийн Үйлдвэр ХХК,Дарханы Төмөрлөгийн Үйлдвэр ХХК,Дарханы Төмөрлөгийн Үйлдвэр ХХК,Iron ore,Төмөр,Баяжмал,Fe-58% Төмрийн баяжмал,Fe-58% Төмрийн баяжмал,Форвард,3,72.0,80.5,USD,тонн,253575.0,11.81,1.0,3150.0,implied (total / price),
2024-02-09,C04-2024020902,23/24-1/3CO,Эрдэнэс Тавантолгой ХК,Erdenes Tavan Tolgoi,Эрдэнэс Тавантолгой ХК,Coal,Нүүрс,Боловсруулаагүй,1/3 coking coal,1/3 коксжих нүүрс,Форвард,10,89.1,115.6,USD,тонн,36992000.0,29.74,50.0,320000.0,implied (total / price),
2024-02-09,C01-2024020901,ER-24026,Энержи Ресурс ХХК,Energy Resources,Энержи Ресурс ХХК,Coal,Нүүрс,Баяжуулсан,Washed coking coal,Баяжуулсан коксжих нүүрс,Форвард,9,1250.0,1410.0,CNY,тонн,27072000.0,12.8,3.0,19200.0,implied (total / price),
2024-02-08,FE03-2024020802,DMP-2412,Дарханы Төмөрлөгийн Үйлдвэр ХХК,Дарханы Төмөрлөгийн Үйлдвэр ХХК,Дарханы Төмөрлөгийн Үйлдвэр ХХК,Iron ore,Төмөр,Хүдэр,Iron ore Fe 52%,Fe-52% Төмрийн хүдэр,Форвард,2,65.0,70.5,USD,тонн,222075.0,8.46,1.0,3150.0,implied (total / price),
2024-02-08,FE02-2024020803,DMP-2415,Дарханы Төмөрлөгийн Үйлдвэр ХХК,Дарханы Төмөрлөгийн Үйлдвэр ХХК,Дарханы Төмөрлөгийн Үйлдвэр ХХК,Iron ore,Төмөр,Баяжмал,Fe-58% Төмрийн баяжмал,Fe-58% Төмрийн баяжмал,Форвард,2,72.0,75.5,USD,тонн,237825.0,4.86,1.0,3150.0,implied (total / price),
2024-02-08,C01-2024020801,ER-24023,Энержи Ресурс ХХК,Energy Resources,Энержи Ресурс ХХК,Coal,Нүүрс,Баяжуулсан,Washed coking coal,Баяжуулсан коксжих нүүрс,Форвард,10,1250.0,1410.0,CNY,тонн,18048000.0,12.8,2.0,12800.0,implied (total / price),
2024-02-07,FE03-2024020702,DMP-2411,Дарханы Төмөрлөгийн Үйлдвэр ХХК,Дарханы Төмөрлөгийн Үйлдвэр ХХК,Дарханы Төмөрлөгийн Үйлдвэр ХХК,Iron ore,Төмөр,Хүдэр,Iron ore Fe 52%,Fe-52% Төмрийн хүдэр,Форвард,2,65.0,70.0,USD,тонн,220500.0,7.69,1.0,3150.0,implied (total / price),
2024-02-07,FE02-2024020703,DMP-2414,Дарханы Төмөрлөгийн Үйлдвэр ХХК,Дарханы Төмөрлөгийн Үйлдвэр ХХК,Дарханы Төмөрлөгийн Үйлдвэр ХХК,Iron ore,Төмөр,Баяжмал,Fe-58% Төмрийн баяжмал,Fe-58% Төмрийн баяжмал,Форвард,2,72.0,75.0,USD,тонн,236250.0,4.17,1.0,3150.0,implied (total / price),
2024-02-07,C01-2024020701,ER-24022,Энержи Ресурс ХХК,Energy Resources,Энержи Ресурс ХХК,Coal,Нүүрс,Баяжуулсан,Washed coking coal,Баяжуулсан коксжих нүүрс,Форвард,7,1250.0,1410.0,CNY,тонн,18048000.0,12.8,2.0,12800.0,implied (total / price),
2024-02-06,FE03-2024020602,DMP-2410,Дарханы Төмөрлөгийн Үйлдвэр ХХК,Дарханы Төмөрлөгийн Үйлдвэр ХХК,Дарханы Төмөрлөгийн Үйлдвэр ХХК,Iron ore,Төмөр,Хүдэр,Iron ore Fe 52%,Fe-52% Төмрийн хүдэр,Форвард,1,65.0,65.0,USD,тонн,204750.0,0.0,1.0,3150.0,implied (total / price),
2024-02-06,C01-2024020601,ER-24021,Энержи Ресурс ХХК,Energy Resources,Энержи Ресурс ХХК,Coal,Нүүрс,Баяжуулсан,Washed coking coal,Баяжуулсан коксжих нүүрс,Форвард,8,1250.0,1400.0,CNY,тонн,17920000.0,12.0,2.0,12800.0,implied (total / price),
2024-02-05,C01-2024020502,ER-24025,Энержи Ресурс ХХК,Energy Resources,Энержи Ресурс ХХК,Coal,Нүүрс,Баяжуулсан,Washed coking coal,Баяжуулсан коксжих нүүрс,Форвард,4,1250.0,1390.0,CNY,тонн,26688000.0,11.2,3.0,19200.0,implied (total / price),
2024-02-05,C01-2024020501,ER-24024,Энержи Ресурс ХХК,Energy Resources,Энержи Ресурс ХХК,Coal,Нүүрс,Баяжуулсан,Washed coking coal,Баяжуулсан коксжих нүүрс,Форвард,4,1250.0,1440.0,CNY,тонн,27648000.0,15.2,3.0,19200.0,implied (total / price),
2024-02-02,FE02-2024020202,DMP-2409,Дарханы Төмөрлөгийн Үйлдвэр ХХК,Дарханы Төмөрлөгийн Үйлдвэр ХХК,Дарханы Төмөрлөгийн Үйлдвэр ХХК,Iron ore,Төмөр,Баяжмал,Fe-58% Төмрийн баяжмал,Fe-58% Төмрийн баяжмал,Форвард,1,73.0,73.0,USD,тонн,459900.0,0.0,2.0,6300.0,implied (total / price),
2024-02-02,FE01-2024020201,MRTSM-95,Монголросцветмет ТӨҮГ,Mongolrostsvetmet (ex-Erdenes Critical Minerals),Монголросцветмет ТӨҮГ /Эрдэнэс критикал минералс ТӨҮГ/,Iron ore,Төмөр,Баяжмал,Iron concentrate Fe 65%,Fe-65% Төмрийн баяжмал,Форвард,1,105.0,105.0,USD,тонн,346500.0,0.0,1.0,3300.0,implied (total / price),
2024-02-02,C06-2024020201,ER-24020,Энержи Ресурс ХХК,Energy Resources,Энержи Ресурс ХХК,Coal,Нүүрс,Баяжуулсан,Washed medium-ash semi-hard coking coal,"Баяжуулсан дунд зэрэг үнстэй, хагас хатуу коксжих нүүрс",Форвард,8,500.0,570.0,CNY,тонн,7296000.0,14.0,2.0,12800.0,implied (total / price),
2024-02-02,C03-2024020202,ETT-23/36-CO,Эрдэнэс Тавантолгой ХК,Erdenes Tavan Tolgoi,Эрдэнэс Тавантолгой ХК,Coal,Нүүрс,Боловсруулаагүй,Medium-volatile coking coal,"Дэгдэмхий бодис дунд, коксжих нүүрс",Форвард,4,163.3,163.3,USD,тонн,164083840.0,0.0,157.0,1004800.0,implied (total / price),
2024-02-01,FE02-2024020102,DMP-2408,Дарханы Төмөрлөгийн Үйлдвэр ХХК,Дарханы Төмөрлөгийн Үйлдвэр ХХК,Дарханы Төмөрлөгийн Үйлдвэр ХХК,Iron ore,Төмөр,Баяжмал,Fe-58% Төмрийн баяжмал,Fe-58% Төмрийн баяжмал,Форвард,2,73.0,77.0,USD,тонн,485100.0,5.48,2.0,6300.0,implied (total / price),
2024-02-01,FE01-2024020101,MRTSM-94,Монголросцветмет ТӨҮГ,Mongolrostsvetmet (ex-Erdenes Critical Minerals),Монголросцветмет ТӨҮГ /Эрдэнэс критикал минералс ТӨҮГ/,Iron ore,Төмөр,Баяжмал,Iron concentrate Fe 65%,Fe-65% Төмрийн баяжмал,Форвард,1,105.0,105.0,USD,тонн,346500.0,0.0,1.0,3300.0,implied (total / price),
2024-02-01,C01-2024020101,ER-24019,Энержи Ресурс ХХК,Energy Resources,Энержи Ресурс ХХК,Coal,Нүүрс,Баяжуулсан,Washed coking coal,Баяжуулсан коксжих нүүрс,Форвард,6,1250.0,1480.0,CNY,тонн,18944000.0,18.4,2.0,12800.0,implied (total / price),
2024-01-31,FE02-2024013102,DMP-2407,Дарханы Төмөрлөгийн Үйлдвэр ХХК,Дарханы Төмөрлөгийн Үйлдвэр ХХК,Дарханы Төмөрлөгийн Үйлдвэр ХХК,Iron ore,Төмөр,Баяжмал,Fe-58% Төмрийн баяжмал,Fe-58% Төмрийн баяжмал,Форвард,1,73.0,73.0,USD,тонн,459900.0,0.0,2.0,6300.0,implied (total / price),
2024-01-31,C01-2024013101,ER-24018,Энержи Ресурс ХХК,Energy Resources,Энержи Ресурс ХХК,Coal,Нүүрс,Баяжуулсан,Washed coking coal,Баяжуулсан коксжих нүүрс,Форвард,8,1250.0,1460.0,CNY,тонн,18688000.0,16.8,2.0,12800.0,implied (total / price),
2024-01-30,FE01-2024013001,MRTSM-92,Монголросцветмет ТӨҮГ,Mongolrostsvetmet (ex-Erdenes Critical Minerals),Монголросцветмет ТӨҮГ /Эрдэнэс критикал минералс ТӨҮГ/,Iron ore,Төмөр,Баяжмал,Iron concentrate Fe 65%,Fe-65% Төмрийн баяжмал,Форвард,1,105.0,105.0,USD,тонн,346500.0,0.0,1.0,3300.0,implied (total / price),
2024-01-30,C01-2024013001,ER-24017,Энержи Ресурс ХХК,Energy Resources,Энержи Ресурс ХХК,Coal,Нүүрс,Баяжуулсан,Washed coking coal,Баяжуулсан коксжих нүүрс,Форвард,6,1250.0,1490.0,CNY,тонн,19072000.0,19.2,2.0,12800.0,implied (total / price),
2024-01-29,FE01-2024012901,MRTSM-91,Монголросцветмет ТӨҮГ,Mongolrostsvetmet (ex-Erdenes Critical Minerals),Монголросцветмет ТӨҮГ /Эрдэнэс критикал минералс ТӨҮГ/,Iron ore,Төмөр,Баяжмал,Iron concentrate Fe 65%,Fe-65% Төмрийн баяжмал,Форвард,1,105.0,105.0,USD,тонн,346500.0,0.0,1.0,3300.0,implied (total / price),
2024-01-29,C01-2024012901,ER-24016,Энержи Ресурс ХХК,Energy Resources,Энержи Ресурс ХХК,Coal,Нүүрс,Баяжуулсан,Washed coking coal,Баяжуулсан коксжих нүүрс,Форвард,5,1250.0,1480.0,CNY,тонн,18944000.0,18.4,2.0,12800.0,implied (total / price),
2024-01-26,FE03-2024012601,MRTSM-90,Монголросцветмет ТӨҮГ,Mongolrostsvetmet (ex-Erdenes Critical Minerals),Монголросцветмет ТӨҮГ /Эрдэнэс критикал минералс ТӨҮГ/,Iron ore,Төмөр,Хүдэр,Iron ore Fe 52%,Fe-52% Төмрийн хүдэр,Форвард,3,75.0,83.0,USD,тонн,273900.0,10.67,1.0,3300.0,implied (total / price),
2024-01-26,C06-2024012601,ER-24015,Энержи Ресурс ХХК,Energy Resources,Энержи Ресурс ХХК,Coal,Нүүрс,Баяжуулсан,Washed medium-ash semi-hard coking coal,"Баяжуулсан дунд зэрэг үнстэй, хагас хатуу коксжих нүүрс",Форвард,5,500.0,560.0,CNY,тонн,7168000.0,12.0,2.0,12800.0,implied (total / price),
2024-01-26,C04-2024012602,23/23/-1/3 CO,Эрдэнэс Тавантолгой ХК,Erdenes Tavan Tolgoi,Эрдэнэс Тавантолгой ХК,Coal,Нүүрс,Боловсруулаагүй,1/3 coking coal,1/3 коксжих нүүрс,Форвард,4,89.1,115.1,USD,тонн,115652480.0,29.18,157.0,1004800.0,implied (total / price),
2024-01-25,FE03-2024012501,MRTSM-89,Монголросцветмет ТӨҮГ,Mongolrostsvetmet (ex-Erdenes Critical Minerals),Монголросцветмет ТӨҮГ /Эрдэнэс критикал минералс ТӨҮГ/,Iron ore,Төмөр,Хүдэр,Iron ore Fe 52%,Fe-52% Төмрийн хүдэр,Форвард,2,75.0,79.0,USD,тонн,260700.0,5.33,1.0,3300.0,implied (total / price),
2024-01-25,FE01-2024012502,MRTSM-85,Монголросцветмет ТӨҮГ,Mongolrostsvetmet (ex-Erdenes Critical Minerals),Монголросцветмет ТӨҮГ /Эрдэнэс критикал минералс ТӨҮГ/,Iron ore,Төмөр,Баяжмал,Iron concentrate Fe 65%,Fe-65% Төмрийн баяжмал,Форвард,1,105.0,105.0,USD,тонн,346500.0,0.0,1.0,3300.0,implied (total / price),
2024-01-25,C01-2024012501,ER-24012,Энержи Ресурс ХХК,Energy Resources,Энержи Ресурс ХХК,Coal,Нүүрс,Баяжуулсан,Washed coking coal,Баяжуулсан коксжих нүүрс,Форвард,6,1250.0,1460.0,CNY,тонн,18688000.0,16.8,2.0,12800.0,implied (total / price),
2024-01-24,FE03-2024012401,MRTSM-88,Монголросцветмет ТӨҮГ,Mongolrostsvetmet (ex-Erdenes Critical Minerals),Монголросцветмет ТӨҮГ /Эрдэнэс критикал минералс ТӨҮГ/,Iron ore,Төмөр,Хүдэр,Iron ore Fe 52%,Fe-52% Төмрийн хүдэр,Форвард,1,75.0,75.0,USD,тонн,247500.0,0.0,1.0,3300.0,implied (total / price),
2024-01-24,FE01-2024012402,MRTSM-84,Монголросцветмет ТӨҮГ,Mongolrostsvetmet (ex-Erdenes Critical Minerals),Монголросцветмет ТӨҮГ /Эрдэнэс критикал минералс ТӨҮГ/,Iron ore,Төмөр,Баяжмал,Iron concentrate Fe 65%,Fe-65% Төмрийн баяжмал,Форвард,1,105.0,105.0,USD,тонн,346500.0,0.0,1.0,3300.0,implied (total / price),
2024-01-24,C01-2024012401,ER-24011,Энержи Ресурс ХХК,Energy Resources,Энержи Ресурс ХХК,Coal,Нүүрс,Баяжуулсан,Washed coking coal,Баяжуулсан коксжих нүүрс,Форвард,5,1250.0,1370.0,CNY,тонн,17536000.0,9.6,2.0,12800.0,implied (total / price),
2024-01-23,FE03-2024012301,MRTSM-87,Монголросцветмет ТӨҮГ,Mongolrostsvetmet (ex-Erdenes Critical Minerals),Монголросцветмет ТӨҮГ /Эрдэнэс критикал минералс ТӨҮГ/,Iron ore,Төмөр,Хүдэр,Iron ore Fe 52%,Fe-52% Төмрийн хүдэр,Форвард,2,75.0,79.5,USD,тонн,262350.0,6.0,1.0,3300.0,implied (total / price),
2024-01-23,FE01-2024012302,MRTSM-83,Монголросцветмет ТӨҮГ,Mongolrostsvetmet (ex-Erdenes Critical Minerals),Монголросцветмет ТӨҮГ /Эрдэнэс критикал минералс ТӨҮГ/,Iron ore,Төмөр,Баяжмал,Iron concentrate Fe 65%,Fe-65% Төмрийн баяжмал,Форвард,1,105.0,105.0,USD,тонн,346500.0,0.0,1.0,3300.0,implied (total / price),
2024-01-23,C06-2024012302,ER-24014,Энержи Ресурс ХХК,Energy Resources,Энержи Ресурс ХХК,Coal,Нүүрс,Баяжуулсан,Washed medium-ash semi-hard coking coal,"Баяжуулсан дунд зэрэг үнстэй, хагас хатуу коксжих нүүрс",Форвард,6,500.0,550.0,CNY,тонн,7040000.0,10.0,2.0,12800.0,implied (total / price),
2024-01-23,C01-2024012301,ER-24010,Энержи Ресурс ХХК,Energy Resources,Энержи Ресурс ХХК,Coal,Нүүрс,Баяжуулсан,Washed coking coal,Баяжуулсан коксжих нүүрс,Форвард,6,1250.0,1410.0,CNY,тонн,18048000.0,12.8,2.0,12800.0,implied (total / price),
2024-01-22,FE03-2024012201,MRTSM-86,Монголросцветмет ТӨҮГ,Mongolrostsvetmet (ex-Erdenes Critical Minerals),Монголросцветмет ТӨҮГ /Эрдэнэс критикал минералс ТӨҮГ/,Iron ore,Төмөр,Хүдэр,Iron ore Fe 52%,Fe-52% Төмрийн хүдэр,Форвард,2,75.0,79.5,USD,тонн,262350.0,6.0,1.0,3300.0,implied (total / price),
2024-01-22,FE01-2024012202,MRTSM-82,Монголросцветмет ТӨҮГ,Mongolrostsvetmet (ex-Erdenes Critical Minerals),Монголросцветмет ТӨҮГ /Эрдэнэс критикал минералс ТӨҮГ/,Iron ore,Төмөр,Баяжмал,Iron concentrate Fe 65%,Fe-65% Төмрийн баяжмал,Форвард,1,105.0,105.0,USD,тонн,346500.0,0.0,1.0,3300.0,implied (total / price),
2024-01-22,C06-2024012202,ER-24013,Энержи Ресурс ХХК,Energy Resources,Энержи Ресурс ХХК,Coal,Нүүрс,Баяжуулсан,Washed medium-ash semi-hard coking coal,"Баяжуулсан дунд зэрэг үнстэй, хагас хатуу коксжих нүүрс",Форвард,4,500.0,560.0,CNY,тонн,7168000.0,12.0,2.0,12800.0,implied (total / price),
2024-01-22,C01-2024012201,ER-24009,Энержи Ресурс ХХК,Energy Resources,Энержи Ресурс ХХК,Coal,Нүүрс,Баяжуулсан,Washed coking coal,Баяжуулсан коксжих нүүрс,Форвард,5,1250.0,1380.0,CNY,тонн,17664000.0,10.4,2.0,12800.0,implied (total / price),
2024-01-19,C04-2024011901,23/22-1/3CO,Эрдэнэс Тавантолгой ХК,Erdenes Tavan Tolgoi,Эрдэнэс Тавантолгой ХК,Coal,Нүүрс,Боловсруулаагүй,1/3 coking coal,1/3 коксжих нүүрс,Форвард,7,93.1,117.1,USD,тонн,14988800.0,25.78,20.0,128000.0,implied (total / price),
2024-01-18,C02-2024011802,KH-24001,Хангад Эксплорэйшн ХХК,Khangad Exploration,Хангад Эксплорэйшн ХХК,Coal,Нүүрс,Баяжуулсан,Washed semi-soft coking coal,Баяжуулсан сул коксжих нүүрс,Форвард,6,930.0,1100.0,CNY,тонн,14080000.0,18.28,2.0,12800.0,implied (total / price),
2024-01-18,C01-2024011801,ER-24008,Энержи Ресурс ХХК,Energy Resources,Энержи Ресурс ХХК,Coal,Нүүрс,Баяжуулсан,Washed coking coal,Баяжуулсан коксжих нүүрс,Форвард,6,1300.0,1360.0,CNY,тонн,17408000.0,4.62,2.0,12800.0,implied (total / price),
2024-01-17,C01-2024011701,ER-24007,Энержи Ресурс ХХК,Energy Resources,Энержи Ресурс ХХК,Coal,Нүүрс,Баяжуулсан,Washed coking coal,Баяжуулсан коксжих нүүрс,Форвард,7,1300.0,1360.0,CNY,тонн,17408000.0,4.62,2.0,12800.0,implied (total / price),
2024-01-16,FE03-2024011602,MRTSM-76,Монголросцветмет ТӨҮГ,Mongolrostsvetmet (ex-Erdenes Critical Minerals),Монголросцветмет ТӨҮГ /Эрдэнэс критикал минералс ТӨҮГ/,Iron ore,Төмөр,Хүдэр,Iron ore Fe 52%,Fe-52% Төмрийн хүдэр,Форвард,1,80.0,80.0,USD,тонн,1584000.0,0.0,6.0,19800.0,implied (total / price),
2024-01-16,FE03-2024011601,MRTSM-75,Монголросцветмет ТӨҮГ,Mongolrostsvetmet (ex-Erdenes Critical Minerals),Монголросцветмет ТӨҮГ /Эрдэнэс критикал минералс ТӨҮГ/,Iron ore,Төмөр,Хүдэр,Iron ore Fe 52%,Fe-52% Төмрийн хүдэр,Форвард,1,80.0,80.0,USD,тонн,2640000.0,0.0,10.0,33000.0,implied (total / price),
2024-01-16,C01-2024011601,ER-24006,Энержи Ресурс ХХК,Energy Resources,Энержи Ресурс ХХК,Coal,Нүүрс,Баяжуулсан,Washed coking coal,Баяжуулсан коксжих нүүрс,Форвард,4,1300.0,1360.0,CNY,тонн,17408000.0,4.62,2.0,12800.0,implied (total / price),
2024-01-15,C01-2024011501,ER-24005,Энержи Ресурс ХХК,Energy Resources,Энержи Ресурс ХХК,Coal,Нүүрс,Баяжуулсан,Washed coking coal,Баяжуулсан коксжих нүүрс,Форвард,4,1300.0,1350.0,CNY,тонн,17280000.0,3.85,2.0,12800.0,implied (total / price),
2024-01-12,C01-2024011201,ER-24004,Энержи Ресурс ХХК,Energy Resources,Энержи Ресурс ХХК,Coal,Нүүрс,Баяжуулсан,Washed coking coal,Баяжуулсан коксжих нүүрс,Форвард,5,1300.0,1350.0,CNY,тонн,17280000.0,3.85,2.0,12800.0,implied (total / price),
2024-01-11,C01-2024011101,ER-24003,Энержи Ресурс ХХК,Energy Resources,Энержи Ресурс ХХК,Coal,Нүүрс,Баяжуулсан,Washed coking coal,Баяжуулсан коксжих нүүрс,Форвард,3,1300.0,1340.0,CNY,тонн,17152000.0,3.08,2.0,12800.0,implied (total / price),
2024-01-10,FE01-2024011003,MRTSM-72,Монголросцветмет ТӨҮГ,Mongolrostsvetmet (ex-Erdenes Critical Minerals),Монголросцветмет ТӨҮГ /Эрдэнэс критикал минералс ТӨҮГ/,Iron ore,Төмөр,Баяжмал,Iron concentrate Fe 65%,Fe-65% Төмрийн баяжмал,Спот,1,116.0,116.0,USD,тонн,382800.0,0.0,1.0,3300.0,implied (total / price),
2024-01-10,FE01-2024011001,MRTSM-71,Монголросцветмет ТӨҮГ,Mongolrostsvetmet (ex-Erdenes Critical Minerals),Монголросцветмет ТӨҮГ /Эрдэнэс критикал минералс ТӨҮГ/,Iron ore,Төмөр,Баяжмал,Iron concentrate Fe 65%,Fe-65% Төмрийн баяжмал,Спот,1,116.0,116.0,USD,тонн,382800.0,0.0,1.0,3300.0,implied (total / price),
2024-01-10,C01-2024011001,ER-24002,Энержи Ресурс ХХК,Energy Resources,Энержи Ресурс ХХК,Coal,Нүүрс,Баяжуулсан,Washed coking coal,Баяжуулсан коксжих нүүрс,Форвард,3,1300.0,1330.0,CNY,тонн,17024000.0,2.31,2.0,12800.0,implied (total / price),
2024-01-09,C06-2024010901,ER-24001,Энержи Ресурс ХХК,Energy Resources,Энержи Ресурс ХХК,Coal,Нүүрс,Баяжуулсан,Washed medium-ash semi-hard coking coal,"Баяжуулсан дунд зэрэг үнстэй, хагас хатуу коксжих нүүрс",Форвард,5,510.0,540.0,CNY,тонн,6912000.0,5.88,2.0,12800.0,implied (total / price),
2024-01-05,C07-2024010501,23/02-Gas coal,Эрдэнэс Тавантолгой ХК,Erdenes Tavan Tolgoi,Эрдэнэс Тавантолгой ХК,Coal,Нүүрс,Боловсруулаагүй,Дэгдэмхий бодис дундаас их хийн нүүрс,Дэгдэмхий бодис дундаас их хийн нүүрс,Форвард,3,86.4,98.9,USD,тонн,12659200.0,14.47,20.0,128000.0,implied (total / price),
2023-12-28,FE02-2023122801,DMP-2336,Дарханы Төмөрлөгийн Үйлдвэр ХХК,Дарханы Төмөрлөгийн Үйлдвэр ХХК,Дарханы Төмөрлөгийн Үйлдвэр ХХК,Iron ore,Төмөр,Баяжмал,Fe-58% Төмрийн баяжмал,Fe-58% Төмрийн баяжмал,Спот,1,80.0,80.0,USD,тонн,504000.0,0.0,2.0,6300.0,implied (total / price),
2023-12-28,C03-2023122801,TTOA/2023/018,Тавантолгой ХК,Tavan Tolgoi JSC,Тавантолгой ХК,Coal,Нүүрс,Боловсруулаагүй,Medium-volatile coking coal,"Дэгдэмхий бодис дунд, коксжих нүүрс",Форвард,2,158.87,173.37,USD,тонн,166435200.0,9.13,150.0,960000.0,implied (total / price),
2023-12-27,FE02-2023122701,DMP-2335,Дарханы Төмөрлөгийн Үйлдвэр ХХК,Дарханы Төмөрлөгийн Үйлдвэр ХХК,Дарханы Төмөрлөгийн Үйлдвэр ХХК,Iron ore,Төмөр,Баяжмал,Fe-58% Төмрийн баяжмал,Fe-58% Төмрийн баяжмал,Спот,2,80.0,80.5,USD,тонн,507150.0,0.62,2.0,6300.0,implied (total / price),
2023-12-27,C01-2023122701,ER-23130,Энержи Ресурс ХХК,Energy Resources,Энержи Ресурс ХХК,Coal,Нүүрс,Баяжуулсан,Washed coking coal,Баяжуулсан коксжих нүүрс,Форвард,1,1330.0,1330.0,CNY,тонн,17024000.0,0.0,2.0,12800.0,implied (total / price),
2023-12-26,FE02-2023122601,DMP-2334,Дарханы Төмөрлөгийн Үйлдвэр ХХК,Дарханы Төмөрлөгийн Үйлдвэр ХХК,Дарханы Төмөрлөгийн Үйлдвэр ХХК,Iron ore,Төмөр,Баяжмал,Fe-58% Төмрийн баяжмал,Fe-58% Төмрийн баяжмал,Спот,2,80.0,80.5,USD,тонн,507150.0,0.62,2.0,6300.0,implied (total / price),
2023-12-26,C01-2023122601,ER-23129,Энержи Ресурс ХХК,Energy Resources,Энержи Ресурс ХХК,Coal,Нүүрс,Баяжуулсан,Washed coking coal,Баяжуулсан коксжих нүүрс,Форвард,2,1330.0,1340.0,CNY,тонн,17152000.0,0.75,2.0,12800.0,implied (total / price),
2023-12-25,FE02-2023122502,DMP-2337,Дарханы Төмөрлөгийн Үйлдвэр ХХК,Дарханы Төмөрлөгийн Үйлдвэр ХХК,Дарханы Төмөрлөгийн Үйлдвэр ХХК,Iron ore,Төмөр,Баяжмал,Fe-58% Төмрийн баяжмал,Fe-58% Төмрийн баяжмал,Спот,1,80.0,80.0,USD,тонн,504000.0,0.0,2.0,6300.0,implied (total / price),
2023-12-25,FE02-2023122501,DMP-2333,Дарханы Төмөрлөгийн Үйлдвэр ХХК,Дарханы Төмөрлөгийн Үйлдвэр ХХК,Дарханы Төмөрлөгийн Үйлдвэр ХХК,Iron ore,Төмөр,Баяжмал,Fe-58% Төмрийн баяжмал,Fe-58% Төмрийн баяжмал,Спот,2,80.0,80.0,USD,тонн,504000.0,0.0,2.0,6300.0,implied (total / price),
2023-12-25,C01-2023122501,ER-23128,Энержи Ресурс ХХК,Energy Resources,Энержи Ресурс ХХК,Coal,Нүүрс,Баяжуулсан,Washed coking coal,Баяжуулсан коксжих нүүрс,Форвард,1,1330.0,1330.0,CNY,тонн,17024000.0,0.0,2.0,12800.0,implied (total / price),
2023-12-22,FE02-2023122202,DMP-2332,Дарханы Төмөрлөгийн Үйлдвэр ХХК,Дарханы Төмөрлөгийн Үйлдвэр ХХК,Дарханы Төмөрлөгийн Үйлдвэр ХХК,Iron ore,Төмөр,Баяжмал,Fe-58% Төмрийн баяжмал,Fe-58% Төмрийн баяжмал,Спот,3,80.0,80.5,USD,тонн,507150.0,0.62,2.0,6300.0,implied (total / price),
2023-12-22,FE02-2023122201,DMP-2331,Дарханы Төмөрлөгийн Үйлдвэр ХХК,Дарханы Төмөрлөгийн Үйлдвэр ХХК,Дарханы Төмөрлөгийн Үйлдвэр ХХК,Iron ore,Төмөр,Баяжмал,Fe-58% Төмрийн баяжмал,Fe-58% Төмрийн баяжмал,Спот,3,80.0,81.5,USD,тонн,256725.0,1.88,1.0,3150.0,implied (total / price),
2023-12-22,C03-2023122202,23/35-CO,Эрдэнэс Тавантолгой ХК,Erdenes Tavan Tolgoi,Эрдэнэс Тавантолгой ХК,Coal,Нүүрс,Боловсруулаагүй,Medium-volatile coking coal,"Дэгдэмхий бодис дунд, коксжих нүүрс",Форвард,5,172.3,174.8,USD,тонн,195776000.0,1.45,175.0,1120000.0,implied (total / price),
2023-12-22,C01-2023122201,ER-23127,Энержи Ресурс ХХК,Energy Resources,Энержи Ресурс ХХК,Coal,Нүүрс,Баяжуулсан,Washed coking coal,Баяжуулсан коксжих нүүрс,Форвард,2,1330.0,1330.0,CNY,тонн,17024000.0,0.0,2.0,12800.0,implied (total / price),
2023-12-21,FE02-2023122002,DMP-2329,Дарханы Төмөрлөгийн Үйлдвэр ХХК,Дарханы Төмөрлөгийн Үйлдвэр ХХК,Дарханы Төмөрлөгийн Үйлдвэр ХХК,Iron ore,Төмөр,Баяжмал,Fe-58% Төмрийн баяжмал,Fe-58% Төмрийн баяжмал,Форвард,2,78.0,79.0,USD,тонн,1741950.0,1.28,7.0,22050.0,implied (total / price),
2023-12-21,FE02-2023122001,DMP-2328,Дарханы Төмөрлөгийн Үйлдвэр ХХК,Дарханы Төмөрлөгийн Үйлдвэр ХХК,Дарханы Төмөрлөгийн Үйлдвэр ХХК,Iron ore,Төмөр,Баяжмал,Fe-58% Төмрийн баяжмал,Fe-58% Төмрийн баяжмал,Спот,2,80.0,80.5,USD,тонн,507150.0,0.62,2.0,6300.0,implied (total / price),
2023-12-21,C05-2023122102,23/14-OX,Эрдэнэс Тавантолгой ХК,Erdenes Tavan Tolgoi,Эрдэнэс Тавантолгой ХК,Coal,Нүүрс,Боловсруулаагүй,"Thermal coal (bituminous, non-caking)","Эрчим хүчний нүүрс /Битумт, үл барьцалдах нүүрс/",Форвард,1,61.9,61.9,USD,тонн,9904000.0,0.0,25.0,160000.0,implied (total / price),
2023-12-21,C01-2023122101,ER-23126,Энержи Ресурс ХХК,Energy Resources,Энержи Ресурс ХХК,Coal,Нүүрс,Баяжуулсан,Washed coking coal,Баяжуулсан коксжих нүүрс,Форвард,4,1330.0,1370.0,CNY,тонн,17536000.0,3.01,2.0,12800.0,implied (total / price),
2023-12-20,C01-2023122001,ER-23125,Энержи Ресурс ХХК,Energy Resources,Энержи Ресурс ХХК,Coal,Нүүрс,Баяжуулсан,Washed coking coal,Баяжуулсан коксжих нүүрс,Форвард,2,1330.0,1350.0,CNY,тонн,17280000.0,1.5,2.0,12800.0,implied (total / price),
2023-12-19,C08-2023121902,2,Андын Илч ХХК,Андын Илч ХХК,Андын Илч ХХК,Coal,Нүүрс,Боловсруулаагүй,Чийг багатай хүрэн нүүрс,Чийг багатай хүрэн нүүрс,Форвард,1,220.0,220.0,CNY,тонн,2816000.0,0.0,,12800.0,implied (total / price),
2023-12-19,C01-2023121901,ER-23124,Энержи Ресурс ХХК,Energy Resources,Энержи Ресурс ХХК,Coal,Нүүрс,Баяжуулсан,Washed coking coal,Баяжуулсан коксжих нүүрс,Форвард,4,1330.0,1360.0,CNY,тонн,17408000.0,2.26,,12800.0,implied (total / price),
2023-12-18,C06-2023121802,ER-23123,Энержи Ресурс ХХК,Energy Resources,Энержи Ресурс ХХК,Coal,Нүүрс,Баяжуулсан,Washed medium-ash semi-hard coking coal,"Баяжуулсан дунд зэрэг үнстэй, хагас хатуу коксжих нүүрс",Форвард,4,530.0,560.0,CNY,тонн,7168000.0,5.66,,12800.0,implied (total / price),
2023-12-18,C01-2023121801,ER-23122,Энержи Ресурс ХХК,Energy Resources,Энержи Ресурс ХХК,Coal,Нүүрс,Баяжуулсан,Washed coking coal,Баяжуулсан коксжих нүүрс,Форвард,3,1330.0,1360.0,CNY,тонн,17408000.0,2.26,,12800.0,implied (total / price),
2023-12-15,FE03-2023121501,MRTSM-67,Монголросцветмет ТӨҮГ,Mongolrostsvetmet (ex-Erdenes Critical Minerals),Монголросцветмет ТӨҮГ /Эрдэнэс критикал минералс ТӨҮГ/,Iron ore,Төмөр,Хүдэр,Iron ore Fe 52%,Fe-52% Төмрийн хүдэр,Спот,3,85.0,87.0,USD,тонн,287100.0,2.35,,3300.0,implied (total / price),
2023-12-15,C03-2023121502,TTOA/2023/015,Тавантолгой ХК,Tavan Tolgoi JSC,Тавантолгой ХК,Coal,Нүүрс,Боловсруулаагүй,Medium-volatile coking coal,"Дэгдэмхий бодис дунд, коксжих нүүрс",Форвард,5,149.0,172.0,USD,тонн,107878400.0,15.44,,627200.0,implied (total / price),
2023-12-15,C01-2023121501,ER-23121,Энержи Ресурс ХХК,Energy Resources,Энержи Ресурс ХХК,Coal,Нүүрс,Баяжуулсан,Washed coking coal,Баяжуулсан коксжих нүүрс,Форвард,8,1330.0,1410.0,CNY,тонн,18048000.0,6.02,,12800.0,implied (total / price),
2023-12-14,FE03-2023121401,FE03-2023121401,Монголросцветмет ТӨҮГ,Mongolrostsvetmet (ex-Erdenes Critical Minerals),Монголросцветмет ТӨҮГ /Эрдэнэс критикал минералс ТӨҮГ/,Iron ore,Төмөр,Хүдэр,Iron ore Fe 52%,Fe-52% Төмрийн хүдэр,Спот,4,85.0,90.5,USD,тонн,298650.0,6.47,,3300.0,implied (total / price),
2023-12-14,C05-2023121402,23/13-OX,Эрдэнэс Тавантолгой ХК,Erdenes Tavan Tolgoi,Эрдэнэс Тавантолгой ХК,Coal,Нүүрс,Боловсруулаагүй,"Thermal coal (bituminous, non-caking)","Эрчим хүчний нүүрс /Битумт, үл барьцалдах нүүрс/",Форвард,2,61.8,61.8,USD,тонн,7910400.0,0.0,,128000.0,implied (total / price),
2023-12-14,C01-2023121401,ER-23120,Энержи Ресурс ХХК,Energy Resources,Энержи Ресурс ХХК,Coal,Нүүрс,Баяжуулсан,Washed coking coal,Баяжуулсан коксжих нүүрс,Форвард,4,1330.0,1410.0,CNY,тонн,18048000.0,6.02,,12800.0,implied (total / price),
2023-12-13,FE03-2023121301,FE03-2023121301,Монголросцветмет ТӨҮГ,Mongolrostsvetmet (ex-Erdenes Critical Minerals),Монголросцветмет ТӨҮГ /Эрдэнэс критикал минералс ТӨҮГ/,Iron ore,Төмөр,Хүдэр,Iron ore Fe 52%,Fe-52% Төмрийн хүдэр,Спот,3,85.0,87.0,USD,тонн,287100.0,2.35,,3300.0,implied (total / price),
2023-12-13,C01-2023121301,ER-23119,Энержи Ресурс ХХК,Energy Resources,Энержи Ресурс ХХК,Coal,Нүүрс,Баяжуулсан,Washed coking coal,Баяжуулсан коксжих нүүрс,Форвард,5,1330.0,1340.0,CNY,тонн,17152000.0,0.75,,12800.0,implied (total / price),
2023-12-12,FE03-2023121201,MRTSM-64,Монголросцветмет ТӨҮГ,Mongolrostsvetmet (ex-Erdenes Critical Minerals),Монголросцветмет ТӨҮГ /Эрдэнэс критикал минералс ТӨҮГ/,Iron ore,Төмөр,Хүдэр,Iron ore Fe 52%,Fe-52% Төмрийн хүдэр,Спот,4,85.0,87.5,USD,тонн,288750.0,2.94,,3300.0,implied (total / price),
2023-12-12,C01-2023121201,ER-23118,Энержи Ресурс ХХК,Energy Resources,Энержи Ресурс ХХК,Coal,Нүүрс,Баяжуулсан,Washed coking coal,Баяжуулсан коксжих нүүрс,Форвард,4,1330.0,1410.0,CNY,тонн,18048000.0,6.02,,12800.0,implied (total / price),
2023-12-11,FE03-2023121101,FE03-2023121101,Монголросцветмет ТӨҮГ,Mongolrostsvetmet (ex-Erdenes Critical Minerals),Монголросцветмет ТӨҮГ /Эрдэнэс критикал минералс ТӨҮГ/,Iron ore,Төмөр,Хүдэр,Iron ore Fe 52%,Fe-52% Төмрийн хүдэр,Спот,2,85.0,87.5,USD,тонн,288750.0,2.94,,3300.0,implied (total / price),
2023-12-11,C01-2023121101,ER-23117,Энержи Ресурс ХХК,Energy Resources,Энержи Ресурс ХХК,Coal,Нүүрс,Баяжуулсан,Washed coking coal,Баяжуулсан коксжих нүүрс,Форвард,5,1330.0,1450.0,CNY,тонн,18560000.0,9.02,,12800.0,implied (total / price),
2023-12-08,FE03-2023120801,FE03-2023120801,Монголросцветмет ТӨҮГ,Mongolrostsvetmet (ex-Erdenes Critical Minerals),Монголросцветмет ТӨҮГ /Эрдэнэс критикал минералс ТӨҮГ/,Iron ore,Төмөр,Хүдэр,Iron ore Fe 52%,Fe-52% Төмрийн хүдэр,Спот,4,85.0,88.5,USD,тонн,292050.0,4.12,,3300.0,implied (total / price),
2023-12-08,FE02-2023120802,DMP-2324,Дарханы Төмөрлөгийн Үйлдвэр ХХК,Дарханы Төмөрлөгийн Үйлдвэр ХХК,Дарханы Төмөрлөгийн Үйлдвэр ХХК,Iron ore,Төмөр,Баяжмал,Fe-58% Төмрийн баяжмал,Fe-58% Төмрийн баяжмал,Форвард,5,76.0,76.5,USD,тонн,504900.0,0.66,,6600.0,implied (total / price),
2023-12-08,C01-2023120802,ER-23116,Энержи Ресурс ХХК,Energy Resources,Энержи Ресурс ХХК,Coal,Нүүрс,Баяжуулсан,Washed coking coal,Баяжуулсан коксжих нүүрс,Форвард,5,1330.0,1460.0,CNY,тонн,18688000.0,9.77,,12800.0,implied (total / price),
2023-12-08,C01-2023120801,ER-23115,Энержи Ресурс ХХК,Energy Resources,Энержи Ресурс ХХК,Coal,Нүүрс,Баяжуулсан,Washed coking coal,Баяжуулсан коксжих нүүрс,Форвард,7,1330.0,1450.0,CNY,тонн,18560000.0,9.02,,12800.0,implied (total / price),
2023-12-07,FE03-2023120701,FE03-2023120701,Монголросцветмет ТӨҮГ,Mongolrostsvetmet (ex-Erdenes Critical Minerals),Монголросцветмет ТӨҮГ /Эрдэнэс критикал минералс ТӨҮГ/,Iron ore,Төмөр,Хүдэр,Iron ore Fe 52%,Fe-52% Төмрийн хүдэр,Спот,3,85.0,86.0,USD,тонн,283800.0,1.18,,3300.0,implied (total / price),
2023-12-07,C04-2023120703,23/21 - 1/3 CO,Эрдэнэс Тавантолгой ХК,Erdenes Tavan Tolgoi,Эрдэнэс Тавантолгой ХК,Coal,Нүүрс,Боловсруулаагүй,1/3 coking coal,1/3 коксжих нүүрс,Форвард,7,101.0,126.0,USD,тонн,11289600.0,24.75,,89600.0,implied (total / price),
2023-12-07,C01-2023120702,ER-23114,Энержи Ресурс ХХК,Energy Resources,Энержи Ресурс ХХК,Coal,Нүүрс,Баяжуулсан,Washed coking coal,Баяжуулсан коксжих нүүрс,Форвард,4,1330.0,1450.0,CNY,тонн,18560000.0,9.02,,12800.0,implied (total / price),
2023-12-07,C01-2023120701,ER-23113,Энержи Ресурс ХХК,Energy Resources,Энержи Ресурс ХХК,Coal,Нүүрс,Баяжуулсан,Washed coking coal,Баяжуулсан коксжих нүүрс,Форвард,6,1330.0,1440.0,CNY,тонн,18432000.0,8.27,,12800.0,implied (total / price),
2023-12-06,FE03-2023120601,FE03-2023120601,Монголросцветмет ТӨҮГ,Mongolrostsvetmet (ex-Erdenes Critical Minerals),Монголросцветмет ТӨҮГ /Эрдэнэс критикал минералс ТӨҮГ/,Iron ore,Төмөр,Хүдэр,Iron ore Fe 52%,Fe-52% Төмрийн хүдэр,Спот,4,85.0,88.0,USD,тонн,290400.0,3.53,,3300.0,implied (total / price),
2023-12-06,FE02-2023120602,DMP-2323,Дарханы Төмөрлөгийн Үйлдвэр ХХК,Дарханы Төмөрлөгийн Үйлдвэр ХХК,Дарханы Төмөрлөгийн Үйлдвэр ХХК,Iron ore,Төмөр,Баяжмал,Fe-58% Төмрийн баяжмал,Fe-58% Төмрийн баяжмал,Форвард,4,76.0,81.0,USD,тонн,534600.0,6.58,,6600.0,implied (total / price),
2023-12-06,C01-2023120602,ER-23112,Энержи Ресурс ХХК,Energy Resources,Энержи Ресурс ХХК,Coal,Нүүрс,Баяжуулсан,Washed coking coal,Баяжуулсан коксжих нүүрс,Форвард,6,1330.0,1440.0,CNY,тонн,18432000.0,8.27,,12800.0,implied (total / price),
2023-12-06,C01-2023120601,ER-23111,Энержи Ресурс ХХК,Energy Resources,Энержи Ресурс ХХК,Coal,Нүүрс,Баяжуулсан,Washed coking coal,Баяжуулсан коксжих нүүрс,Форвард,6,1330.0,1430.0,CNY,тонн,18304000.0,7.52,,12800.0,implied (total / price),
2023-12-05,FE03-2023120501,FE03-2023120501,Монголросцветмет ТӨҮГ,Mongolrostsvetmet (ex-Erdenes Critical Minerals),Монголросцветмет ТӨҮГ /Эрдэнэс критикал минералс ТӨҮГ/,Iron ore,Төмөр,Хүдэр,Iron ore Fe 52%,Fe-52% Төмрийн хүдэр,Спот,5,85.0,88.5,USD,тонн,292050.0,4.12,,3300.0,implied (total / price),
2023-12-05,FE02-2023120502,DMP-2322,Дарханы Төмөрлөгийн Үйлдвэр ХХК,Дарханы Төмөрлөгийн Үйлдвэр ХХК,Дарханы Төмөрлөгийн Үйлдвэр ХХК,Iron ore,Төмөр,Баяжмал,Fe-58% Төмрийн баяжмал,Fe-58% Төмрийн баяжмал,Форвард,4,76.0,83.0,USD,тонн,547800.0,9.21,,6600.0,implied (total / price),
2023-12-05,C01-2023120502,ER-23110,Энержи Ресурс ХХК,Energy Resources,Энержи Ресурс ХХК,Coal,Нүүрс,Баяжуулсан,Washed coking coal,Баяжуулсан коксжих нүүрс,Форвард,3,1330.0,1430.0,CNY,тонн,18304000.0,7.52,,12800.0,implied (total / price),
2023-12-05,C01-2023120501,ER-23109,Энержи Ресурс ХХК,Energy Resources,Энержи Ресурс ХХК,Coal,Нүүрс,Баяжуулсан,Washed coking coal,Баяжуулсан коксжих нүүрс,Форвард,5,1330.0,1450.0,CNY,тонн,18560000.0,9.02,,12800.0,implied (total / price),
2023-12-04,FE03-2023120401,MRTSM-58,Монголросцветмет ТӨҮГ,Mongolrostsvetmet (ex-Erdenes Critical Minerals),Монголросцветмет ТӨҮГ /Эрдэнэс критикал минералс ТӨҮГ/,Iron ore,Төмөр,Хүдэр,Iron ore Fe 52%,Fe-52% Төмрийн хүдэр,Спот,5,85.0,89.5,USD,тонн,295350.0,5.29,,3300.0,implied (total / price),
2023-12-04,C01-2023120402,ER-23108,Энержи Ресурс ХХК,Energy Resources,Энержи Ресурс ХХК,Coal,Нүүрс,Баяжуулсан,Washed coking coal,Баяжуулсан коксжих нүүрс,Форвард,5,1330.0,1500.0,CNY,тонн,19200000.0,12.78,,12800.0,implied (total / price),
2023-12-04,C01-2023120401,ER-23107,Энержи Ресурс ХХК,Energy Resources,Энержи Ресурс ХХК,Coal,Нүүрс,Баяжуулсан,Washed coking coal,Баяжуулсан коксжих нүүрс,Форвард,7,1330.0,1460.0,CNY,тонн,18688000.0,9.77,,12800.0,implied (total / price),
2023-12-01,FE03-2023120101,MRTSM-57,Монголросцветмет ТӨҮГ,Mongolrostsvetmet (ex-Erdenes Critical Minerals),Монголросцветмет ТӨҮГ /Эрдэнэс критикал минералс ТӨҮГ/,Iron ore,Төмөр,Хүдэр,Iron ore Fe 52%,Fe-52% Төмрийн хүдэр,Спот,6,75.0,89.5,USD,тонн,295350.0,19.33,,3300.0,implied (total / price),
2023-12-01,C02-2023120102,KH-23014,Хангад Эксплорэйшн ХХК,Khangad Exploration,Хангад Эксплорэйшн ХХК,Coal,Нүүрс,Баяжуулсан,Washed semi-soft coking coal,Баяжуулсан сул коксжих нүүрс,Форвард,4,930.0,1170.0,CNY,тонн,14976000.0,25.81,,12800.0,implied (total / price),
2023-12-01,C01-2023120101,ER-23106,Энержи Ресурс ХХК,Energy Resources,Энержи Ресурс ХХК,Coal,Нүүрс,Баяжуулсан,Washed coking coal,Баяжуулсан коксжих нүүрс,Форвард,5,1330.0,1480.0,CNY,тонн,18944000.0,11.28,,12800.0,implied (total / price),
2023-11-30,FE03-2023113001,MRTSM-56,Монголросцветмет ТӨҮГ,Mongolrostsvetmet (ex-Erdenes Critical Minerals),Монголросцветмет ТӨҮГ /Эрдэнэс критикал минералс ТӨҮГ/,Iron ore,Төмөр,Хүдэр,Iron ore Fe 52%,Fe-52% Төмрийн хүдэр,Спот,7,75.0,89.0,USD,тонн,293700.0,18.67,,3300.0,implied (total / price),
2023-11-30,C02-2023113002,KH-23013,Хангад Эксплорэйшн ХХК,Khangad Exploration,Хангад Эксплорэйшн ХХК,Coal,Нүүрс,Баяжуулсан,Washed semi-soft coking coal,Баяжуулсан сул коксжих нүүрс,Форвард,4,930.0,1170.0,CNY,тонн,14976000.0,25.81,,12800.0,implied (total / price),
2023-11-30,C01-2023113001,ER-23105,Энержи Ресурс ХХК,Energy Resources,Энержи Ресурс ХХК,Coal,Нүүрс,Баяжуулсан,Washed coking coal,Баяжуулсан коксжих нүүрс,Форвард,6,1330.0,1470.0,CNY,тонн,18816000.0,10.53,,12800.0,implied (total / price),
2023-11-29,FE03-2023112901,FE03-2023112901,Монголросцветмет ТӨҮГ,Mongolrostsvetmet (ex-Erdenes Critical Minerals),Монголросцветмет ТӨҮГ /Эрдэнэс критикал минералс ТӨҮГ/,Iron ore,Төмөр,Хүдэр,Iron ore Fe 52%,Fe-52% Төмрийн хүдэр,Спот,5,75.0,88.0,USD,тонн,290400.0,17.33,,3300.0,implied (total / price),
2023-11-29,C03-2023112902,23/34-CO,Эрдэнэс Тавантолгой ХК,Erdenes Tavan Tolgoi,Эрдэнэс Тавантолгой ХК,Coal,Нүүрс,Боловсруулаагүй,Medium-volatile coking coal,"Дэгдэмхий бодис дунд, коксжих нүүрс",Форвард,1,151.6,151.6,USD,тонн,19404800.0,0.0,,128000.0,implied (total / price),
2023-11-29,C01-2023112901,ER-23104,Энержи Ресурс ХХК,Energy Resources,Энержи Ресурс ХХК,Coal,Нүүрс,Баяжуулсан,Washed coking coal,Баяжуулсан коксжих нүүрс,Форвард,7,1330.0,1430.0,CNY,тонн,18304000.0,7.52,,12800.0,implied (total / price),
2023-11-28,FE03-2023112801,MRTSM-54,Монголросцветмет ТӨҮГ,Mongolrostsvetmet (ex-Erdenes Critical Minerals),Монголросцветмет ТӨҮГ /Эрдэнэс критикал минералс ТӨҮГ/,Iron ore,Төмөр,Хүдэр,Iron ore Fe 52%,Fe-52% Төмрийн хүдэр,Спот,5,75.0,86.5,USD,тонн,285450.0,15.33,,3300.0,implied (total / price),
2023-11-28,C02-2023112802,KH-23012,Хангад Эксплорэйшн ХХК,Khangad Exploration,Хангад Эксплорэйшн ХХК,Coal,Нүүрс,Баяжуулсан,Washed semi-soft coking coal,Баяжуулсан сул коксжих нүүрс,Форвард,3,930.0,1170.0,CNY,тонн,14976000.0,25.81,,12800.0,implied (total / price),
2023-11-28,C01-2023112801,ER-23103,Энержи Ресурс ХХК,Energy Resources,Энержи Ресурс ХХК,Coal,Нүүрс,Баяжуулсан,Washed coking coal,Баяжуулсан коксжих нүүрс,Форвард,3,1330.0,1430.0,CNY,тонн,18304000.0,7.52,,12800.0,implied (total / price),
2023-11-27,FE03-2023112701,FE03-2023112701,Монголросцветмет ТӨҮГ,Mongolrostsvetmet (ex-Erdenes Critical Minerals),Монголросцветмет ТӨҮГ /Эрдэнэс критикал минералс ТӨҮГ/,Iron ore,Төмөр,Хүдэр,Iron ore Fe 52%,Fe-52% Төмрийн хүдэр,Спот,8,75.0,88.0,USD,тонн,290400.0,17.33,,3300.0,implied (total / price),
2023-11-27,C01-2023112701,ER-23102,Энержи Ресурс ХХК,Energy Resources,Энержи Ресурс ХХК,Coal,Нүүрс,Баяжуулсан,Washed coking coal,Баяжуулсан коксжих нүүрс,Форвард,3,1330.0,1460.0,CNY,тонн,18688000.0,9.77,,12800.0,implied (total / price),
2023-11-24,FE03-2023112401,MRTSM-52,Монголросцветмет ТӨҮГ,Mongolrostsvetmet (ex-Erdenes Critical Minerals),Монголросцветмет ТӨҮГ /Эрдэнэс критикал минералс ТӨҮГ/,Iron ore,Төмөр,Хүдэр,Iron ore Fe 52%,Fe-52% Төмрийн хүдэр,Спот,5,75.0,86.5,USD,тонн,285450.0,15.33,,3300.0,implied (total / price),
2023-11-24,C01-2023112401,ER-23101,Энержи Ресурс ХХК,Energy Resources,Энержи Ресурс ХХК,Coal,Нүүрс,Баяжуулсан,Washed coking coal,Баяжуулсан коксжих нүүрс,Форвард,5,1330.0,1450.0,CNY,тонн,18560000.0,9.02,,12800.0,implied (total / price),
2023-11-23,FE03-2023112301,MRTSM-51,Монголросцветмет ТӨҮГ,Mongolrostsvetmet (ex-Erdenes Critical Minerals),Монголросцветмет ТӨҮГ /Эрдэнэс критикал минералс ТӨҮГ/,Iron ore,Төмөр,Хүдэр,Iron ore Fe 52%,Fe-52% Төмрийн хүдэр,Спот,5,75.0,86.0,USD,тонн,283800.0,14.67,,3300.0,implied (total / price),
2023-11-23,C03-2023112302,23/33-CO,Эрдэнэс Тавантолгой ХК,Erdenes Tavan Tolgoi,Эрдэнэс Тавантолгой ХК,Coal,Нүүрс,Боловсруулаагүй,Medium-volatile coking coal,"Дэгдэмхий бодис дунд, коксжих нүүрс",Форвард,2,141.4,147.4,USD,тонн,18867200.0,4.24,,128000.0,implied (total / price),
2023-11-23,C01-2023112301,ER-23100,Энержи Ресурс ХХК,Energy Resources,Энержи Ресурс ХХК,Coal,Нүүрс,Баяжуулсан,Washed coking coal,Баяжуулсан коксжих нүүрс,Форвард,5,1330.0,1450.0,CNY,тонн,18560000.0,9.02,,12800.0,implied (total / price),
2023-11-22,FE03-2023112201,MRTSM-50,Монголросцветмет ТӨҮГ,Mongolrostsvetmet (ex-Erdenes Critical Minerals),Монголросцветмет ТӨҮГ /Эрдэнэс критикал минералс ТӨҮГ/,Iron ore,Төмөр,Хүдэр,Iron ore Fe 52%,Fe-52% Төмрийн хүдэр,Спот,7,75.0,85.5,USD,тонн,282150.0,14.0,,3300.0,implied (total / price),
2023-11-22,C01-2023112201,ER-23099,Энержи Ресурс ХХК,Energy Resources,Энержи Ресурс ХХК,Coal,Нүүрс,Баяжуулсан,Washed coking coal,Баяжуулсан коксжих нүүрс,Форвард,7,1330.0,1460.0,CNY,тонн,18688000.0,9.77,,12800.0,implied (total / price),
2023-11-21,FE03-2023112101,MRTSM-49,Монголросцветмет ТӨҮГ,Mongolrostsvetmet (ex-Erdenes Critical Minerals),Монголросцветмет ТӨҮГ /Эрдэнэс критикал минералс ТӨҮГ/,Iron ore,Төмөр,Хүдэр,Iron ore Fe 52%,Fe-52% Төмрийн хүдэр,Спот,5,75.0,87.5,USD,тонн,288750.0,16.67,,3300.0,implied (total / price),
2023-11-21,C01-2023112101,ER-23098,Энержи Ресурс ХХК,Energy Resources,Энержи Ресурс ХХК,Coal,Нүүрс,Баяжуулсан,Washed coking coal,Баяжуулсан коксжих нүүрс,Форвард,6,1330.0,1460.0,CNY,тонн,18688000.0,9.77,,12800.0,implied (total / price),
2023-11-20,FE03-2023112001,MRTSM-48,Монголросцветмет ТӨҮГ,Mongolrostsvetmet (ex-Erdenes Critical Minerals),Монголросцветмет ТӨҮГ /Эрдэнэс критикал минералс ТӨҮГ/,Iron ore,Төмөр,Хүдэр,Iron ore Fe 52%,Fe-52% Төмрийн хүдэр,Спот,5,75.0,83.5,USD,тонн,275550.0,11.33,,3300.0,implied (total / price),
2023-11-20,C06-2023112001,ER-23096,Энержи Ресурс ХХК,Energy Resources,Энержи Ресурс ХХК,Coal,Нүүрс,Баяжуулсан,Washed medium-ash semi-hard coking coal,"Баяжуулсан дунд зэрэг үнстэй, хагас хатуу коксжих нүүрс",Форвард,4,530.0,530.0,CNY,тонн,6784000.0,0.0,,12800.0,implied (total / price),
2023-11-20,C01-2023112002,ER-23097,Энержи Ресурс ХХК,Energy Resources,Энержи Ресурс ХХК,Coal,Нүүрс,Баяжуулсан,Washed coking coal,Баяжуулсан коксжих нүүрс,Форвард,5,1330.0,1470.0,CNY,тонн,18816000.0,10.53,,12800.0,implied (total / price),
2023-11-17,FE03-2023111701,MRTSM-47,Монголросцветмет ТӨҮГ,Mongolrostsvetmet (ex-Erdenes Critical Minerals),Монголросцветмет ТӨҮГ /Эрдэнэс критикал минералс ТӨҮГ/,Iron ore,Төмөр,Хүдэр,Iron ore Fe 52%,Fe-52% Төмрийн хүдэр,Спот,6,72.0,87.5,USD,тонн,288750.0,21.53,,3300.0,implied (total / price),
2023-11-17,FE02-2023111702,DMP-2321,Дарханы Төмөрлөгийн Үйлдвэр ХХК,Дарханы Төмөрлөгийн Үйлдвэр ХХК,Дарханы Төмөрлөгийн Үйлдвэр ХХК,Iron ore,Төмөр,Баяжмал,Fe-58% Төмрийн баяжмал,Fe-58% Төмрийн баяжмал,Спот,7,74.0,85.0,USD,тонн,578000.0,14.86,,6800.0,implied (total / price),
2023-11-17,C01-2023111701,ER-23095,Энержи Ресурс ХХК,Energy Resources,Энержи Ресурс ХХК,Coal,Нүүрс,Баяжуулсан,Washed coking coal,Баяжуулсан коксжих нүүрс,Форвард,6,1330.0,1460.0,CNY,тонн,18688000.0,9.77,,12800.0,implied (total / price),
2023-11-16,FE03-2023111601,MRTSM-46,Монголросцветмет ТӨҮГ,Mongolrostsvetmet (ex-Erdenes Critical Minerals),Монголросцветмет ТӨҮГ /Эрдэнэс критикал минералс ТӨҮГ/,Iron ore,Төмөр,Хүдэр,Iron ore Fe 52%,Fe-52% Төмрийн хүдэр,Спот,5,72.0,83.5,USD,тонн,275550.0,15.97,,3300.0,implied (total / price),
2023-11-16,C03-2023111602,23/32-CO,Эрдэнэс Тавантолгой ХК,Erdenes Tavan Tolgoi,Эрдэнэс Тавантолгой ХК,Coal,Нүүрс,Боловсруулаагүй,Medium-volatile coking coal,"Дэгдэмхий бодис дунд, коксжих нүүрс",Форвард,2,138.0,140.0,USD,тонн,22400000.0,1.45,,160000.0,implied (total / price),
2023-11-16,C01-2023111601,ER-23094,Энержи Ресурс ХХК,Energy Resources,Энержи Ресурс ХХК,Coal,Нүүрс,Баяжуулсан,Washed coking coal,Баяжуулсан коксжих нүүрс,Форвард,7,1330.0,1500.0,CNY,тонн,19200000.0,12.78,,12800.0,implied (total / price),
2023-11-15,FE03-2023111501,MRTSM-45,Монголросцветмет ТӨҮГ,Mongolrostsvetmet (ex-Erdenes Critical Minerals),Монголросцветмет ТӨҮГ /Эрдэнэс критикал минералс ТӨҮГ/,Iron ore,Төмөр,Хүдэр,Iron ore Fe 52%,Fe-52% Төмрийн хүдэр,Спот,5,72.0,83.0,USD,тонн,273900.0,15.28,,3300.0,implied (total / price),
2023-11-15,FE02-2023111502,DMP-2320,Дарханы Төмөрлөгийн Үйлдвэр ХХК,Дарханы Төмөрлөгийн Үйлдвэр ХХК,Дарханы Төмөрлөгийн Үйлдвэр ХХК,Iron ore,Төмөр,Баяжмал,Fe-58% Төмрийн баяжмал,Fe-58% Төмрийн баяжмал,Форвард,3,72.0,81.5,USD,тонн,554200.0,13.19,,6800.0,implied (total / price),
2023-11-15,C01-2023111502,ER-23093,Энержи Ресурс ХХК,Energy Resources,Энержи Ресурс ХХК,Coal,Нүүрс,Баяжуулсан,Washed coking coal,Баяжуулсан коксжих нүүрс,Форвард,6,1330.0,1510.0,CNY,тонн,19328000.0,13.53,,12800.0,implied (total / price),
2023-11-15,C01-2023111501,ER-23092,Энержи Ресурс ХХК,Energy Resources,Энержи Ресурс ХХК,Coal,Нүүрс,Баяжуулсан,Washed coking coal,Баяжуулсан коксжих нүүрс,Форвард,7,1330.0,1510.0,CNY,тонн,19328000.0,13.53,,12800.0,implied (total / price),
2023-11-14,FE03-2023111302,MRTSM-44,Монголросцветмет ТӨҮГ,Mongolrostsvetmet (ex-Erdenes Critical Minerals),Монголросцветмет ТӨҮГ /Эрдэнэс критикал минералс ТӨҮГ/,Iron ore,Төмөр,Хүдэр,Iron ore Fe 52%,Fe-52% Төмрийн хүдэр,Спот,3,72.0,77.5,USD,тонн,255750.0,7.64,,3300.0,implied (total / price),
2023-11-14,FE03-2023111301,MRTSM-43,Монголросцветмет ТӨҮГ,Mongolrostsvetmet (ex-Erdenes Critical Minerals),Монголросцветмет ТӨҮГ /Эрдэнэс критикал минералс ТӨҮГ/,Iron ore,Төмөр,Хүдэр,Iron ore Fe 52%,Fe-52% Төмрийн хүдэр,Спот,3,72.0,79.5,USD,тонн,262350.0,10.42,,3300.0,implied (total / price),
2023-11-14,FE02-2023111303,DMP-2319,Дарханы Төмөрлөгийн Үйлдвэр ХХК,Дарханы Төмөрлөгийн Үйлдвэр ХХК,Дарханы Төмөрлөгийн Үйлдвэр ХХК,Iron ore,Төмөр,Баяжмал,Fe-58% Төмрийн баяжмал,Fe-58% Төмрийн баяжмал,Спот,4,74.0,80.5,USD,тонн,547400.0,8.78,,6800.0,implied (total / price),
2023-11-14,C01-2023111301,ER-23091,Энержи Ресурс ХХК,Energy Resources,Энержи Ресурс ХХК,Coal,Нүүрс,Баяжуулсан,Washed coking coal,Баяжуулсан коксжих нүүрс,Форвард,7,1330.0,1510.0,CNY,тонн,19328000.0,13.53,,12800.0,implied (total / price),
2023-11-10,FE03-2023111002,MRTSM-42,Монголросцветмет ТӨҮГ,Mongolrostsvetmet (ex-Erdenes Critical Minerals),Монголросцветмет ТӨҮГ /Эрдэнэс критикал минералс ТӨҮГ/,Iron ore,Төмөр,Хүдэр,Iron ore Fe 52%,Fe-52% Төмрийн хүдэр,Форвард,1,70.0,70.0,USD,тонн,3640000.0,0.0,,52000.0,implied (total / price),
2023-11-10,FE03-2023111001,MRTSM-41,Монголросцветмет ТӨҮГ,Mongolrostsvetmet (ex-Erdenes Critical Minerals),Монголросцветмет ТӨҮГ /Эрдэнэс критикал минералс ТӨҮГ/,Iron ore,Төмөр,Хүдэр,Iron ore Fe 52%,Fe-52% Төмрийн хүдэр,Спот,6,70.0,80.5,USD,тонн,261625.0,15.0,,3250.0,implied (total / price),
2023-11-10,FE02-2023111003,DMP-2318,Дарханы Төмөрлөгийн Үйлдвэр ХХК,Дарханы Төмөрлөгийн Үйлдвэр ХХК,Дарханы Төмөрлөгийн Үйлдвэр ХХК,Iron ore,Төмөр,Баяжмал,Fe-58% Төмрийн баяжмал,Fe-58% Төмрийн баяжмал,Спот,5,70.0,77.5,USD,тонн,527000.0,10.71,,6800.0,implied (total / price),
2023-11-10,C01-2023111001,ER-23090,Энержи Ресурс ХХК,Energy Resources,Энержи Ресурс ХХК,Coal,Нүүрс,Баяжуулсан,Washed coking coal,Баяжуулсан коксжих нүүрс,Форвард,6,1330.0,1460.0,CNY,тонн,18688000.0,9.77,,12800.0,implied (total / price),
2023-11-09,FE03-2023110901,MRTSM-40,Монголросцветмет ТӨҮГ,Mongolrostsvetmet (ex-Erdenes Critical Minerals),Монголросцветмет ТӨҮГ /Эрдэнэс критикал минералс ТӨҮГ/,Iron ore,Төмөр,Хүдэр,Iron ore Fe 52%,Fe-52% Төмрийн хүдэр,Спот,6,70.0,85.0,USD,тонн,276250.0,21.43,,3250.0,implied (total / price),
2023-11-09,C03-2023110902,23/31-CO,Эрдэнэс Тавантолгой ХК,Erdenes Tavan Tolgoi,Эрдэнэс Тавантолгой ХК,Coal,Нүүрс,Боловсруулаагүй,Medium-volatile coking coal,"Дэгдэмхий бодис дунд, коксжих нүүрс",Форвард,4,132.0,151.0,USD,тонн,24160000.0,14.39,,160000.0,implied (total / price),
2023-11-09,C01-2023110901,ER-23089,Энержи Ресурс ХХК,Energy Resources,Энержи Ресурс ХХК,Coal,Нүүрс,Баяжуулсан,Washed coking coal,Баяжуулсан коксжих нүүрс,Форвард,6,1330.0,1500.0,CNY,тонн,19200000.0,12.78,,12800.0,implied (total / price),
2023-11-08,FE03-2023110801,MRTSM-39,Монголросцветмет ТӨҮГ,Mongolrostsvetmet (ex-Erdenes Critical Minerals),Монголросцветмет ТӨҮГ /Эрдэнэс критикал минералс ТӨҮГ/,Iron ore,Төмөр,Хүдэр,Iron ore Fe 52%,Fe-52% Төмрийн хүдэр,Спот,7,70.0,85.0,USD,тонн,276250.0,21.43,,3250.0,implied (total / price),
2023-11-08,FE02-2023110802,DMP-2316,Дарханы Төмөрлөгийн Үйлдвэр ХХК,Дарханы Төмөрлөгийн Үйлдвэр ХХК,Дарханы Төмөрлөгийн Үйлдвэр ХХК,Iron ore,Төмөр,Баяжмал,Fe-58% Төмрийн баяжмал,Fe-58% Төмрийн баяжмал,Форвард,2,68.0,72.5,USD,тонн,986000.0,6.62,,13600.0,implied (total / price),
2023-11-08,C01-2023110801,ER-23088,Энержи Ресурс ХХК,Energy Resources,Энержи Ресурс ХХК,Coal,Нүүрс,Баяжуулсан,Washed coking coal,Баяжуулсан коксжих нүүрс,Форвард,5,1330.0,1450.0,CNY,тонн,18560000.0,9.02,,12800.0,implied (total / price),
2023-11-07,FE03-2023110701,MRTSM-38,Монголросцветмет ТӨҮГ,Mongolrostsvetmet (ex-Erdenes Critical Minerals),Монголросцветмет ТӨҮГ /Эрдэнэс критикал минералс ТӨҮГ/,Iron ore,Төмөр,Хүдэр,Iron ore Fe 52%,Fe-52% Төмрийн хүдэр,Спот,7,70.0,83.0,USD,тонн,269750.0,18.57,,3250.0,implied (total / price),
2023-11-07,C03-2023110702,TTOA/2023/014,Тавантолгой ХК,Tavan Tolgoi JSC,Тавантолгой ХК,Coal,Нүүрс,Боловсруулаагүй,Medium-volatile coking coal,"Дэгдэмхий бодис дунд, коксжих нүүрс",Форвард,5,145.1,171.6,USD,тонн,107627520.0,18.26,,627200.0,implied (total / price),
2023-11-07,C01-2023110701,ER-23087,Энержи Ресурс ХХК,Energy Resources,Энержи Ресурс ХХК,Coal,Нүүрс,Баяжуулсан,Washed coking coal,Баяжуулсан коксжих нүүрс,Форвард,3,1330.0,1450.0,CNY,тонн,18560000.0,9.02,,12800.0,implied (total / price),
2023-11-06,FE03-2023110601,MRTSM-37,Монголросцветмет ТӨҮГ,Mongolrostsvetmet (ex-Erdenes Critical Minerals),Монголросцветмет ТӨҮГ /Эрдэнэс критикал минералс ТӨҮГ/,Iron ore,Төмөр,Хүдэр,Iron ore Fe 52%,Fe-52% Төмрийн хүдэр,Спот,5,70.0,78.5,USD,тонн,255125.0,12.14,,3250.0,implied (total / price),
2023-11-06,FE02-2023110602,DMP-2317,Дарханы Төмөрлөгийн Үйлдвэр ХХК,Дарханы Төмөрлөгийн Үйлдвэр ХХК,Дарханы Төмөрлөгийн Үйлдвэр ХХК,Iron ore,Төмөр,Баяжмал,Fe-58% Төмрийн баяжмал,Fe-58% Төмрийн баяжмал,Спот,2,70.0,77.0,USD,тонн,523600.0,10.0,,6800.0,implied (total / price),
2023-11-06,C01-2023110601,ER-23086,Энержи Ресурс ХХК,Energy Resources,Энержи Ресурс ХХК,Coal,Нүүрс,Баяжуулсан,Washed coking coal,Баяжуулсан коксжих нүүрс,Форвард,4,1330.0,1370.0,CNY,тонн,17536000.0,3.01,,12800.0,implied (total / price),
2023-11-03,FE02-2023110302,DMP-2315,Дарханы Төмөрлөгийн Үйлдвэр ХХК,Дарханы Төмөрлөгийн Үйлдвэр ХХК,Дарханы Төмөрлөгийн Үйлдвэр ХХК,Iron ore,Төмөр,Баяжмал,Fe-58% Төмрийн баяжмал,Fe-58% Төмрийн баяжмал,Спот,3,70.0,77.0,USD,тонн,523600.0,10.0,,6800.0,implied (total / price),
2023-11-03,FE01-2023110301,MRTSM-36,Монголросцветмет ТӨҮГ,Mongolrostsvetmet (ex-Erdenes Critical Minerals),Монголросцветмет ТӨҮГ /Эрдэнэс критикал минералс ТӨҮГ/,Iron ore,Төмөр,Баяжмал,Iron concentrate Fe 65%,Fe-65% Төмрийн баяжмал,Спот,5,96.0,104.5,USD,тонн,313500.0,8.85,,3000.0,implied (total / price),
2023-11-03,C03-2023110302,23/30-CO,Эрдэнэс Тавантолгой ХК,Erdenes Tavan Tolgoi,Эрдэнэс Тавантолгой ХК,Coal,Нүүрс,Боловсруулаагүй,Medium-volatile coking coal,"Дэгдэмхий бодис дунд, коксжих нүүрс",Форвард,4,131.7,148.7,USD,тонн,19033600.0,12.91,,128000.0,implied (total / price),
2023-11-03,C01-2023110301,ER-23085,Энержи Ресурс ХХК,Energy Resources,Энержи Ресурс ХХК,Coal,Нүүрс,Баяжуулсан,Washed coking coal,Баяжуулсан коксжих нүүрс,Форвард,4,1330.0,1480.0,CNY,тонн,18944000.0,11.28,,12800.0,implied (total / price),
2023-11-02,FE01-2023110201,MRTSM-35,Монголросцветмет ТӨҮГ,Mongolrostsvetmet (ex-Erdenes Critical Minerals),Монголросцветмет ТӨҮГ /Эрдэнэс критикал минералс ТӨҮГ/,Iron ore,Төмөр,Баяжмал,Iron concentrate Fe 65%,Fe-65% Төмрийн баяжмал,Спот,4,96.0,103.0,USD,тонн,309000.0,7.29,,3000.0,implied (total / price),
2023-11-02,C01-2023110201,ER-23084,Энержи Ресурс ХХК,Energy Resources,Энержи Ресурс ХХК,Coal,Нүүрс,Баяжуулсан,Washed coking coal,Баяжуулсан коксжих нүүрс,Форвард,5,1330.0,1490.0,CNY,тонн,19072000.0,12.03,,12800.0,implied (total / price),
2023-11-01,FE02-2023110102,DMP-2314,Дарханы Төмөрлөгийн Үйлдвэр ХХК,Дарханы Төмөрлөгийн Үйлдвэр ХХК,Дарханы Төмөрлөгийн Үйлдвэр ХХК,Iron ore,Төмөр,Баяжмал,Fe-58% Төмрийн баяжмал,Fe-58% Төмрийн баяжмал,Форвард,3,68.0,77.5,USD,тонн,527000.0,13.97,,6800.0,implied (total / price),
2023-11-01,FE01-2023110101,FE01-2023110101,Монголросцветмет ТӨҮГ,Mongolrostsvetmet (ex-Erdenes Critical Minerals),Монголросцветмет ТӨҮГ /Эрдэнэс критикал минералс ТӨҮГ/,Iron ore,Төмөр,Баяжмал,Iron concentrate Fe 65%,Fe-65% Төмрийн баяжмал,Спот,3,96.0,100.5,USD,тонн,301500.0,4.69,,3000.0,implied (total / price),
2023-11-01,C01-2023110101,ER-23083,Энержи Ресурс ХХК,Energy Resources,Энержи Ресурс ХХК,Coal,Нүүрс,Баяжуулсан,Washed coking coal,Баяжуулсан коксжих нүүрс,Форвард,8,1330.0,1500.0,CNY,тонн,19200000.0,12.78,,12800.0,implied (total / price),
2023-10-31,FE02-2023103102,DMP-2313,Дарханы Төмөрлөгийн Үйлдвэр ХХК,Дарханы Төмөрлөгийн Үйлдвэр ХХК,Дарханы Төмөрлөгийн Үйлдвэр ХХК,Iron ore,Төмөр,Баяжмал,Fe-58% Төмрийн баяжмал,Fe-58% Төмрийн баяжмал,Спот,2,70.0,70.0,USD,тонн,476000.0,0.0,,6800.0,implied (total / price),
2023-10-31,FE01-2023103101,MRTSM-33,Монголросцветмет ТӨҮГ,Mongolrostsvetmet (ex-Erdenes Critical Minerals),Монголросцветмет ТӨҮГ /Эрдэнэс критикал минералс ТӨҮГ/,Iron ore,Төмөр,Баяжмал,Iron concentrate Fe 65%,Fe-65% Төмрийн баяжмал,Спот,4,96.0,102.5,USD,тонн,307500.0,6.77,,3000.0,implied (total / price),
2023-10-31,C01-2023103101,ER-23082,Энержи Ресурс ХХК,Energy Resources,Энержи Ресурс ХХК,Coal,Нүүрс,Баяжуулсан,Washed coking coal,Баяжуулсан коксжих нүүрс,Форвард,6,1330.0,1450.0,CNY,тонн,18560000.0,9.02,,12800.0,implied (total / price),
2023-10-30,FE02-2023102702,DMP-2312,Дарханы Төмөрлөгийн Үйлдвэр ХХК,Дарханы Төмөрлөгийн Үйлдвэр ХХК,Дарханы Төмөрлөгийн Үйлдвэр ХХК,Iron ore,Төмөр,Баяжмал,Fe-58% Төмрийн баяжмал,Fe-58% Төмрийн баяжмал,Спот,4,70.0,76.5,USD,тонн,520200.0,9.29,,6800.0,implied (total / price),
2023-10-30,C02-2023103001,KH-23011,Хангад Эксплорэйшн ХХК,Khangad Exploration,Хангад Эксплорэйшн ХХК,Coal,Нүүрс,Баяжуулсан,Washed semi-soft coking coal,Баяжуулсан сул коксжих нүүрс,Форвард,5,930.0,1150.0,CNY,тонн,14720000.0,23.66,,12800.0,implied (total / price),
2023-10-30,C01-2023103002,ER-23081,Энержи Ресурс ХХК,Energy Resources,Энержи Ресурс ХХК,Coal,Нүүрс,Баяжуулсан,Washed coking coal,Баяжуулсан коксжих нүүрс,Форвард,6,1330.0,1490.0,CNY,тонн,19072000.0,12.03,,12800.0,implied (total / price),
2023-10-27,FE03-2023102701,MRTSM-30,Монголросцветмет ТӨҮГ,Mongolrostsvetmet (ex-Erdenes Critical Minerals),Монголросцветмет ТӨҮГ /Эрдэнэс критикал минералс ТӨҮГ/,Iron ore,Төмөр,Хүдэр,Iron ore Fe 52%,Fe-52% Төмрийн хүдэр,Спот,3,70.0,74.5,USD,тонн,484250.0,6.43,,6500.0,implied (total / price),
2023-10-27,C04-2023102702,23/20-1/3 CO,Эрдэнэс Тавантолгой ХК,Erdenes Tavan Tolgoi,Эрдэнэс Тавантолгой ХК,Coal,Нүүрс,Боловсруулаагүй,1/3 coking coal,1/3 коксжих нүүрс,Форвард,6,100.8,125.3,USD,тонн,25661440.0,24.31,,204800.0,implied (total / price),
2023-10-27,C01-2023102701,ER-23080,Энержи Ресурс ХХК,Energy Resources,Энержи Ресурс ХХК,Coal,Нүүрс,Баяжуулсан,Washed coking coal,Баяжуулсан коксжих нүүрс,Форвард,9,1330.0,1440.0,CNY,тонн,18432000.0,8.27,,12800.0,implied (total / price),
2023-10-26,FE03-2023102601,MRTSM-29,Монголросцветмет ТӨҮГ,Mongolrostsvetmet (ex-Erdenes Critical Minerals),Монголросцветмет ТӨҮГ /Эрдэнэс критикал минералс ТӨҮГ/,Iron ore,Төмөр,Хүдэр,Iron ore Fe 52%,Fe-52% Төмрийн хүдэр,Спот,4,70.0,75.0,USD,тонн,487500.0,7.14,,6500.0,implied (total / price),
2023-10-26,C01-2023102601,ER-23079,Энержи Ресурс ХХК,Energy Resources,Энержи Ресурс ХХК,Coal,Нүүрс,Баяжуулсан,Washed coking coal,Баяжуулсан коксжих нүүрс,Форвард,5,1330.0,1400.0,CNY,тонн,17920000.0,5.26,,12800.0,implied (total / price),
2023-10-25,FE03-2023102501,MRTSM-28,Монголросцветмет ТӨҮГ,Mongolrostsvetmet (ex-Erdenes Critical Minerals),Монголросцветмет ТӨҮГ /Эрдэнэс критикал минералс ТӨҮГ/,Iron ore,Төмөр,Хүдэр,Iron ore Fe 52%,Fe-52% Төмрийн хүдэр,Спот,4,70.0,76.5,USD,тонн,497250.0,9.29,,6500.0,implied (total / price),
2023-10-25,FE02-2023102502,DMP-2311,Дарханы Төмөрлөгийн Үйлдвэр ХХК,Дарханы Төмөрлөгийн Үйлдвэр ХХК,Дарханы Төмөрлөгийн Үйлдвэр ХХК,Iron ore,Төмөр,Баяжмал,Fe-58% Төмрийн баяжмал,Fe-58% Төмрийн баяжмал,Форвард,3,68.0,73.5,USD,тонн,499800.0,8.09,,6800.0,implied (total / price),
2023-10-25,C05-2023102502,23/12-OX,Эрдэнэс Тавантолгой ХК,Erdenes Tavan Tolgoi,Эрдэнэс Тавантолгой ХК,Coal,Нүүрс,Боловсруулаагүй,"Thermal coal (bituminous, non-caking)","Эрчим хүчний нүүрс /Битумт, үл барьцалдах нүүрс/",Форвард,1,64.1,64.1,USD,тонн,8204800.0,0.0,,128000.0,implied (total / price),
2023-10-25,C01-2023102501,,Энержи Ресурс ХХК,Energy Resources,Энержи Ресурс ХХК,Coal,Нүүрс,Баяжуулсан,Washed coking coal,Баяжуулсан коксжих нүүрс,Форвард,3,1330.0,1380.0,CNY,тонн,17664000.0,3.76,,12800.0,implied (total / price),
2023-10-24,FE03-2023102401,,Монголросцветмет ТӨҮГ,Mongolrostsvetmet (ex-Erdenes Critical Minerals),Монголросцветмет ТӨҮГ /Эрдэнэс критикал минералс ТӨҮГ/,Iron ore,Төмөр,Хүдэр,Iron ore Fe 52%,Fe-52% Төмрийн хүдэр,Спот,4,70.0,75.0,USD,тонн,487500.0,7.14,,6500.0,implied (total / price),
2023-10-24,FE02-2023102402,,Дарханы Төмөрлөгийн Үйлдвэр ХХК,Дарханы Төмөрлөгийн Үйлдвэр ХХК,Дарханы Төмөрлөгийн Үйлдвэр ХХК,Iron ore,Төмөр,Баяжмал,Fe-58% Төмрийн баяжмал,Fe-58% Төмрийн баяжмал,Спот,4,70.0,74.0,USD,тонн,503200.0,5.71,,6800.0,implied (total / price),
2023-10-24,C01-2023102401,,Энержи Ресурс ХХК,Energy Resources,Энержи Ресурс ХХК,Coal,Нүүрс,Баяжуулсан,Washed coking coal,Баяжуулсан коксжих нүүрс,Форвард,2,1330.0,1360.0,CNY,тонн,17408000.0,2.26,,12800.0,implied (total / price),
2023-10-23,FE03-2023102302,FE03-2023102302,Монголросцветмет ТӨҮГ,Mongolrostsvetmet (ex-Erdenes Critical Minerals),Монголросцветмет ТӨҮГ /Эрдэнэс критикал минералс ТӨҮГ/,Iron ore,Төмөр,Хүдэр,Iron ore Fe 52%,Fe-52% Төмрийн хүдэр,Спот,5,70.0,74.5,USD,тонн,484250.0,6.43,,6500.0,implied (total / price),
2023-10-23,FE03-2023102301,,Монголросцветмет ТӨҮГ,Mongolrostsvetmet (ex-Erdenes Critical Minerals),Монголросцветмет ТӨҮГ /Эрдэнэс критикал минералс ТӨҮГ/,Iron ore,Төмөр,Хүдэр,Iron ore Fe 52%,Fe-52% Төмрийн хүдэр,Форвард,2,68.0,70.5,USD,тонн,2291250.0,3.68,,32500.0,implied (total / price),
2023-10-23,C06-2023102301,,Энержи Ресурс ХХК,Energy Resources,Энержи Ресурс ХХК,Coal,Нүүрс,Баяжуулсан,Washed medium-ash semi-hard coking coal,"Баяжуулсан дунд зэрэг үнстэй, хагас хатуу коксжих нүүрс",Форвард,5,530.0,600.0,CNY,тонн,7680000.0,13.21,,12800.0,implied (total / price),
2023-10-23,C01-2023102302,,Энержи Ресурс ХХК,Energy Resources,Энержи Ресурс ХХК,Coal,Нүүрс,Баяжуулсан,Washed coking coal,Баяжуулсан коксжих нүүрс,Форвард,3,1330.0,1340.0,CNY,тонн,17152000.0,0.75,,12800.0,implied (total / price),
2023-10-20,FE02-2023102002,,Дарханы Төмөрлөгийн Үйлдвэр ХХК,Дарханы Төмөрлөгийн Үйлдвэр ХХК,Дарханы Төмөрлөгийн Үйлдвэр ХХК,Iron ore,Төмөр,Баяжмал,Fe-58% Төмрийн баяжмал,Fe-58% Төмрийн баяжмал,Спот,5,70.0,78.0,USD,тонн,530400.0,11.43,,6800.0,implied (total / price),
2023-10-20,FE01-2023102001,,Монголросцветмет ТӨҮГ,Mongolrostsvetmet (ex-Erdenes Critical Minerals),Монголросцветмет ТӨҮГ /Эрдэнэс критикал минералс ТӨҮГ/,Iron ore,Төмөр,Баяжмал,Iron concentrate Fe 65%,Fe-65% Төмрийн баяжмал,Спот,4,97.0,107.0,USD,тонн,642000.0,10.31,,6000.0,implied (total / price),
2023-10-20,C01-2023102002,,Энержи Ресурс ХХК,Energy Resources,Энержи Ресурс ХХК,Coal,Нүүрс,Баяжуулсан,Washed coking coal,Баяжуулсан коксжих нүүрс,Форвард,2,1330.0,1330.0,CNY,тонн,17024000.0,0.0,,12800.0,implied (total / price),
2023-10-20,C01-2023102001,,Энержи Ресурс ХХК,Energy Resources,Энержи Ресурс ХХК,Coal,Нүүрс,Баяжуулсан,Washed coking coal,Баяжуулсан коксжих нүүрс,Форвард,3,1330.0,1350.0,CNY,тонн,17280000.0,1.5,,12800.0,implied (total / price),
2023-10-19,FE01-2023101901,,Монголросцветмет ТӨҮГ,Mongolrostsvetmet (ex-Erdenes Critical Minerals),Монголросцветмет ТӨҮГ /Эрдэнэс критикал минералс ТӨҮГ/,Iron ore,Төмөр,Баяжмал,Iron concentrate Fe 65%,Fe-65% Төмрийн баяжмал,Спот,2,97.0,97.0,USD,тонн,582000.0,0.0,,6000.0,implied (total / price),
2023-10-19,C07-2023101902,,Эрдэнэс Тавантолгой ХК,Erdenes Tavan Tolgoi,Эрдэнэс Тавантолгой ХК,Coal,Нүүрс,Боловсруулаагүй,Дэгдэмхий бодис дундаас их хийн нүүрс,Дэгдэмхий бодис дундаас их хийн нүүрс,Форвард,5,87.3,95.3,USD,тонн,10368640.0,9.16,,108800.0,implied (total / price),
2023-10-19,C01-2023101901,,Энержи Ресурс ХХК,Energy Resources,Энержи Ресурс ХХК,Coal,Нүүрс,Баяжуулсан,Washed coking coal,Баяжуулсан коксжих нүүрс,Форвард,3,1330.0,1330.0,CNY,тонн,17024000.0,0.0,,12800.0,implied (total / price),
2023-10-18,FE02-2023101803,,Дарханы Төмөрлөгийн Үйлдвэр ХХК,Дарханы Төмөрлөгийн Үйлдвэр ХХК,Дарханы Төмөрлөгийн Үйлдвэр ХХК,Iron ore,Төмөр,Баяжмал,Fe-58% Төмрийн баяжмал,Fe-58% Төмрийн баяжмал,Форвард,4,68.0,73.5,USD,тонн,499800.0,8.09,,6800.0,implied (total / price),
2023-10-18,FE01-2023101802,,Монголросцветмет ТӨҮГ,Mongolrostsvetmet (ex-Erdenes Critical Minerals),Монголросцветмет ТӨҮГ /Эрдэнэс критикал минералс ТӨҮГ/,Iron ore,Төмөр,Баяжмал,Iron concentrate Fe 65%,Fe-65% Төмрийн баяжмал,Спот,2,97.0,98.0,USD,тонн,2058000.0,1.03,,21000.0,implied (total / price),
2023-10-18,FE01-2023101801,,Монголросцветмет ТӨҮГ,Mongolrostsvetmet (ex-Erdenes Critical Minerals),Монголросцветмет ТӨҮГ /Эрдэнэс критикал минералс ТӨҮГ/,Iron ore,Төмөр,Баяжмал,Iron concentrate Fe 65%,Fe-65% Төмрийн баяжмал,Спот,2,97.0,98.0,USD,тонн,588000.0,1.03,,6000.0,implied (total / price),
2023-10-18,C01-2023101801,,Энержи Ресурс ХХК,Energy Resources,Энержи Ресурс ХХК,Coal,Нүүрс,Баяжуулсан,Washed coking coal,Баяжуулсан коксжих нүүрс,Форвард,3,1330.0,1360.0,CNY,тонн,17408000.0,2.26,,12800.0,implied (total / price),
2023-10-17,FE01-2023101702,,Монголросцветмет ТӨҮГ,Mongolrostsvetmet (ex-Erdenes Critical Minerals),Монголросцветмет ТӨҮГ /Эрдэнэс критикал минералс ТӨҮГ/,Iron ore,Төмөр,Баяжмал,Iron concentrate Fe 65%,Fe-65% Төмрийн баяжмал,Форвард,1,93.0,93.0,USD,тонн,4743000.0,0.0,,51000.0,implied (total / price),
2023-10-17,FE01-2023101701,,Монголросцветмет ТӨҮГ,Mongolrostsvetmet (ex-Erdenes Critical Minerals),Монголросцветмет ТӨҮГ /Эрдэнэс критикал минералс ТӨҮГ/,Iron ore,Төмөр,Баяжмал,Iron concentrate Fe 65%,Fe-65% Төмрийн баяжмал,Спот,2,97.0,97.5,USD,тонн,585000.0,0.52,,6000.0,implied (total / price),
2023-10-17,C01-2023101701,,Энержи Ресурс ХХК,Energy Resources,Энержи Ресурс ХХК,Coal,Нүүрс,Баяжуулсан,Washed coking coal,Баяжуулсан коксжих нүүрс,Форвард,2,1330.0,1340.0,CNY,тонн,17152000.0,0.75,,12800.0,implied (total / price),
2023-10-16,FE02-2023101602,,Дарханы Төмөрлөгийн Үйлдвэр ХХК,Дарханы Төмөрлөгийн Үйлдвэр ХХК,Дарханы Төмөрлөгийн Үйлдвэр ХХК,Iron ore,Төмөр,Баяжмал,Fe-58% Төмрийн баяжмал,Fe-58% Төмрийн баяжмал,Спот,2,70.0,74.0,USD,тонн,503200.0,5.71,,6800.0,implied (total / price),
2023-10-16,FE01-2023101601,,Монголросцветмет ТӨҮГ,Mongolrostsvetmet (ex-Erdenes Critical Minerals),Монголросцветмет ТӨҮГ /Эрдэнэс критикал минералс ТӨҮГ/,Iron ore,Төмөр,Баяжмал,Iron concentrate Fe 65%,Fe-65% Төмрийн баяжмал,Спот,1,97.0,97.0,USD,тонн,582000.0,0.0,,6000.0,implied (total / price),
2023-10-16,C06-2023101601,,Энержи Ресурс ХХК,Energy Resources,Энержи Ресурс ХХК,Coal,Нүүрс,Баяжуулсан,Washed medium-ash semi-hard coking coal,"Баяжуулсан дунд зэрэг үнстэй, хагас хатуу коксжих нүүрс",Форвард,5,530.0,640.0,CNY,тонн,8192000.0,20.75,,12800.0,implied (total / price),
2023-10-13,FE03-2023101301,,Монголросцветмет ТӨҮГ,Mongolrostsvetmet (ex-Erdenes Critical Minerals),Монголросцветмет ТӨҮГ /Эрдэнэс критикал минералс ТӨҮГ/,Iron ore,Төмөр,Хүдэр,Iron ore Fe 52%,Fe-52% Төмрийн хүдэр,Спот,4,70.0,80.5,USD,тонн,261625.0,15.0,,3250.0,implied (total / price),
2023-10-13,FE02-2023101302,,Дарханы Төмөрлөгийн Үйлдвэр ХХК,Дарханы Төмөрлөгийн Үйлдвэр ХХК,Дарханы Төмөрлөгийн Үйлдвэр ХХК,Iron ore,Төмөр,Баяжмал,Fe-58% Төмрийн баяжмал,Fe-58% Төмрийн баяжмал,Спот,3,70.0,73.5,USD,тонн,499800.0,5.0,,6800.0,implied (total / price),
2023-10-13,C01-2023101301,,Энержи Ресурс ХХК,Energy Resources,Энержи Ресурс ХХК,Coal,Нүүрс,Баяжуулсан,Washed coking coal,Баяжуулсан коксжих нүүрс,Форвард,4,1330.0,1360.0,CNY,тонн,17408000.0,2.26,,12800.0,implied (total / price),
2023-10-12,FE03-2023101201,,Монголросцветмет ТӨҮГ,Mongolrostsvetmet (ex-Erdenes Critical Minerals),Монголросцветмет ТӨҮГ /Эрдэнэс критикал минералс ТӨҮГ/,Iron ore,Төмөр,Хүдэр,Iron ore Fe 52%,Fe-52% Төмрийн хүдэр,Спот,5,70.0,81.5,USD,тонн,264875.0,16.43,,3250.0,implied (total / price),
2023-10-12,C03-2023101202,,Тавантолгой ХК,Tavan Tolgoi JSC,Тавантолгой ХК,Coal,Нүүрс,Боловсруулаагүй,Medium-volatile coking coal,"Дэгдэмхий бодис дунд, коксжих нүүрс",Форвард,3,141.1,142.1,USD,тонн,67298560.0,0.71,,473600.0,implied (total / price),
2023-10-12,C01-2023101201,,Энержи Ресурс ХХК,Energy Resources,Энержи Ресурс ХХК,Coal,Нүүрс,Баяжуулсан,Washed coking coal,Баяжуулсан коксжих нүүрс,Форвард,2,1330.0,1350.0,CNY,тонн,17280000.0,1.5,,12800.0,implied (total / price),
2023-10-11,FE03-2023101101,,Монголросцветмет ТӨҮГ,Mongolrostsvetmet (ex-Erdenes Critical Minerals),Монголросцветмет ТӨҮГ /Эрдэнэс критикал минералс ТӨҮГ/,Iron ore,Төмөр,Хүдэр,Iron ore Fe 52%,Fe-52% Төмрийн хүдэр,Спот,2,70.0,70.0,USD,тонн,227500.0,0.0,,3250.0,implied (total / price),
2023-10-11,FE02-2023101102,,Дарханы Төмөрлөгийн Үйлдвэр ХХК,Дарханы Төмөрлөгийн Үйлдвэр ХХК,Дарханы Төмөрлөгийн Үйлдвэр ХХК,Iron ore,Төмөр,Баяжмал,Fe-58% Төмрийн баяжмал,Fe-58% Төмрийн баяжмал,Форвард,3,68.0,73.0,USD,тонн,496400.0,7.35,,6800.0,implied (total / price),
2023-10-11,C03-2023101102,,Эрдэнэс Тавантолгой ХК,Erdenes Tavan Tolgoi,Эрдэнэс Тавантолгой ХК,Coal,Нүүрс,Боловсруулаагүй,Medium-volatile coking coal,"Дэгдэмхий бодис дунд, коксжих нүүрс",Форвард,2,152.9,152.9,USD,тонн,73392000.0,0.0,,480000.0,implied (total / price),
2023-10-11,C01-2023101101,,Энержи Ресурс ХХК,Energy Resources,Энержи Ресурс ХХК,Coal,Нүүрс,Баяжуулсан,Washed coking coal,Баяжуулсан коксжих нүүрс,Форвард,3,1330.0,1370.0,CNY,тонн,17536000.0,3.01,,12800.0,implied (total / price),
2023-10-10,FE03-2023101001,,Монголросцветмет ТӨҮГ,Mongolrostsvetmet (ex-Erdenes Critical Minerals),Монголросцветмет ТӨҮГ /Эрдэнэс критикал минералс ТӨҮГ/,Iron ore,Төмөр,Хүдэр,Iron ore Fe 52%,Fe-52% Төмрийн хүдэр,Спот,4,70.0,81.5,USD,тонн,264875.0,16.43,,3250.0,implied (total / price),
2023-10-10,C01-2023101001,,Энержи Ресурс ХХК,Energy Resources,Энержи Ресурс ХХК,Coal,Нүүрс,Баяжуулсан,Washed coking coal,Баяжуулсан коксжих нүүрс,Форвард,3,1330.0,1400.0,CNY,тонн,17920000.0,5.26,,12800.0,implied (total / price),
2023-10-09,FE02-2023100903,,Дарханы Төмөрлөгийн Үйлдвэр ХХК,Дарханы Төмөрлөгийн Үйлдвэр ХХК,Дарханы Төмөрлөгийн Үйлдвэр ХХК,Iron ore,Төмөр,Баяжмал,Fe-58% Төмрийн баяжмал,Fe-58% Төмрийн баяжмал,Спот,5,58.0,75.0,USD,тонн,510000.0,29.31,,6800.0,implied (total / price),
2023-10-09,C06-2023100901,,Энержи Ресурс ХХК,Energy Resources,Энержи Ресурс ХХК,Coal,Нүүрс,Баяжуулсан,Washed medium-ash semi-hard coking coal,"Баяжуулсан дунд зэрэг үнстэй, хагас хатуу коксжих нүүрс",Форвард,1,530.0,530.0,CNY,тонн,6784000.0,0.0,,12800.0,implied (total / price),
2023-10-06,FE01-2023100601,,Монголросцветмет ТӨҮГ,Mongolrostsvetmet (ex-Erdenes Critical Minerals),Монголросцветмет ТӨҮГ /Эрдэнэс критикал минералс ТӨҮГ/,Iron ore,Төмөр,Баяжмал,Iron concentrate Fe 65%,Fe-65% Төмрийн баяжмал,Спот,1,97.0,97.0,USD,тонн,291000.0,0.0,,3000.0,implied (total / price),
2023-10-06,C05-2023100602,,Эрдэнэс Тавантолгой ХК,Erdenes Tavan Tolgoi,Эрдэнэс Тавантолгой ХК,Coal,Нүүрс,Боловсруулаагүй,"Thermal coal (bituminous, non-caking)","Эрчим хүчний нүүрс /Битумт, үл барьцалдах нүүрс/",Форвард,1,64.1,64.1,USD,тонн,8204800.0,0.0,,128000.0,implied (total / price),
2023-10-06,C03-2023100603,,Эрдэнэс Тавантолгой ХК,Erdenes Tavan Tolgoi,Эрдэнэс Тавантолгой ХК,Coal,Нүүрс,Боловсруулаагүй,Medium-volatile coking coal,"Дэгдэмхий бодис дунд, коксжих нүүрс",Форвард,2,152.9,152.9,USD,тонн,83177600.0,0.0,,544000.0,implied (total / price),
2023-10-06,C01-2023100601,,Энержи Ресурс ХХК,Energy Resources,Энержи Ресурс ХХК,Coal,Нүүрс,Баяжуулсан,Washed coking coal,Баяжуулсан коксжих нүүрс,Форвард,3,1330.0,1380.0,CNY,тонн,17664000.0,3.76,,12800.0,implied (total / price),
2023-10-05,FE02-2023100502,,Дарханы Төмөрлөгийн Үйлдвэр ХХК,Дарханы Төмөрлөгийн Үйлдвэр ХХК,Дарханы Төмөрлөгийн Үйлдвэр ХХК,Iron ore,Төмөр,Баяжмал,Fe-58% Төмрийн баяжмал,Fe-58% Төмрийн баяжмал,Спот,3,58.0,79.0,USD,тонн,537200.0,36.21,,6800.0,implied (total / price),
2023-10-05,C01-2023100501,,Энержи Ресурс ХХК,Energy Resources,Энержи Ресурс ХХК,Coal,Нүүрс,Баяжуулсан,Washed coking coal,Баяжуулсан коксжих нүүрс,Форвард,3,1330.0,1380.0,CNY,тонн,17664000.0,3.76,,12800.0,implied (total / price),
2023-10-04,C01-2023100401,,Энержи Ресурс ХХК,Energy Resources,Энержи Ресурс ХХК,Coal,Нүүрс,Баяжуулсан,Washed coking coal,Баяжуулсан коксжих нүүрс,Форвард,2,1330.0,1380.0,CNY,тонн,17664000.0,3.76,,12800.0,implied (total / price),
2023-10-04,C01-2023100301,,Энержи Ресурс ХХК,Energy Resources,Энержи Ресурс ХХК,Coal,Нүүрс,Баяжуулсан,Washed coking coal,Баяжуулсан коксжих нүүрс,Форвард,2,1330.0,1380.0,CNY,тонн,17664000.0,3.76,,12800.0,implied (total / price),
2023-10-03,FE01-2023100301,,Монголросцветмет ТӨҮГ,Mongolrostsvetmet (ex-Erdenes Critical Minerals),Монголросцветмет ТӨҮГ /Эрдэнэс критикал минералс ТӨҮГ/,Iron ore,Төмөр,Баяжмал,Iron concentrate Fe 65%,Fe-65% Төмрийн баяжмал,Спот,1,97.0,97.0,USD,тонн,291000.0,0.0,,3000.0,implied (total / price),
2023-10-02,FE01-2023100201,,Монголросцветмет ТӨҮГ,Mongolrostsvetmet (ex-Erdenes Critical Minerals),Монголросцветмет ТӨҮГ /Эрдэнэс критикал минералс ТӨҮГ/,Iron ore,Төмөр,Баяжмал,Iron concentrate Fe 65%,Fe-65% Төмрийн баяжмал,Спот,2,97.0,104.0,USD,тонн,312000.0,7.22,,3000.0,implied (total / price),
2023-10-02,C06-2023100201,,Энержи Ресурс ХХК,Energy Resources,Энержи Ресурс ХХК,Coal,Нүүрс,Баяжуулсан,Washed medium-ash semi-hard coking coal,"Баяжуулсан дунд зэрэг үнстэй, хагас хатуу коксжих нүүрс",Форвард,4,450.0,470.0,CNY,тонн,6016000.0,4.44,,12800.0,implied (total / price),
2023-09-29,FE01-2023092901,,Монголросцветмет ТӨҮГ,Mongolrostsvetmet (ex-Erdenes Critical Minerals),Монголросцветмет ТӨҮГ /Эрдэнэс критикал минералс ТӨҮГ/,Iron ore,Төмөр,Баяжмал,Iron concentrate Fe 65%,Fe-65% Төмрийн баяжмал,Спот,1,97.0,97.0,USD,тонн,291000.0,0.0,,3000.0,implied (total / price),
2023-09-29,C03-2023092903,,Эрдэнэс Тавантолгой ХК,Erdenes Tavan Tolgoi,Эрдэнэс Тавантолгой ХК,Coal,Нүүрс,Боловсруулаагүй,Medium-volatile coking coal,"Дэгдэмхий бодис дунд, коксжих нүүрс",Форвард,2,148.2,153.7,USD,тонн,73776000.0,3.71,,480000.0,implied (total / price),
2023-09-29,C01-2023092901,,Энержи Ресурс ХХК,Energy Resources,Энержи Ресурс ХХК,Coal,Нүүрс,Баяжуулсан,Washed coking coal,Баяжуулсан коксжих нүүрс,Форвард,3,1250.0,1270.0,CNY,тонн,16256000.0,1.6,,12800.0,implied (total / price),
2023-09-28,FE01-2023092801,,Монголросцветмет ТӨҮГ,Mongolrostsvetmet (ex-Erdenes Critical Minerals),Монголросцветмет ТӨҮГ /Эрдэнэс критикал минералс ТӨҮГ/,Iron ore,Төмөр,Баяжмал,Iron concentrate Fe 65%,Fe-65% Төмрийн баяжмал,Спот,3,97.0,109.5,USD,тонн,328500.0,12.89,,3000.0,implied (total / price),
2023-09-28,C03-2023092803,,Эрдэнэс Тавантолгой ХК,Erdenes Tavan Tolgoi,Эрдэнэс Тавантолгой ХК,Coal,Нүүрс,Боловсруулаагүй,Medium-volatile coking coal,"Дэгдэмхий бодис дунд, коксжих нүүрс",Форвард,5,148.2,160.2,USD,тонн,25632000.0,8.1,,160000.0,implied (total / price),
2023-09-28,C03-2023092802,,Эрдэнэс Тавантолгой ХК,Erdenes Tavan Tolgoi,Эрдэнэс Тавантолгой ХК,Coal,Нүүрс,Боловсруулаагүй,Medium-volatile coking coal,"Дэгдэмхий бодис дунд, коксжих нүүрс",Форвард,4,148.2,160.2,USD,тонн,20505600.0,8.1,,128000.0,implied (total / price),
2023-09-28,C01-2023092801,,Энержи Ресурс ХХК,Energy Resources,Энержи Ресурс ХХК,Coal,Нүүрс,Баяжуулсан,Washed coking coal,Баяжуулсан коксжих нүүрс,Форвард,4,1250.0,1280.0,CNY,тонн,16384000.0,2.4,,12800.0,implied (total / price),
2023-09-27,FE02-2023092702,,Дарханы Төмөрлөгийн Үйлдвэр ХХК,Дарханы Төмөрлөгийн Үйлдвэр ХХК,Дарханы Төмөрлөгийн Үйлдвэр ХХК,Iron ore,Төмөр,Баяжмал,Fe-58% Төмрийн баяжмал,Fe-58% Төмрийн баяжмал,Форвард,2,58.0,59.0,USD,тонн,401200.0,1.72,,6800.0,implied (total / price),
2023-09-27,FE01-2023092701,,Монголросцветмет ТӨҮГ,Mongolrostsvetmet (ex-Erdenes Critical Minerals),Монголросцветмет ТӨҮГ /Эрдэнэс критикал минералс ТӨҮГ/,Iron ore,Төмөр,Баяжмал,Iron concentrate Fe 65%,Fe-65% Төмрийн баяжмал,Спот,3,97.0,113.0,USD,тонн,339000.0,16.49,,3000.0,implied (total / price),
2023-09-27,C03-2023092702,,Тавантолгой ХК,Tavan Tolgoi JSC,Тавантолгой ХК,Coal,Нүүрс,Боловсруулаагүй,Medium-volatile coking coal,"Дэгдэмхий бодис дунд, коксжих нүүрс",Форвард,2,140.1,141.1,USD,тонн,67728000.0,0.71,,480000.0,implied (total / price),
2023-09-27,C01-2023092701,,Энержи Ресурс ХХК,Energy Resources,Энержи Ресурс ХХК,Coal,Нүүрс,Баяжуулсан,Washed coking coal,Баяжуулсан коксжих нүүрс,Форвард,4,1250.0,1280.0,CNY,тонн,16384000.0,2.4,,12800.0,implied (total / price),
2023-09-26,FE01-2023092601,,Монголросцветмет ТӨҮГ,Mongolrostsvetmet (ex-Erdenes Critical Minerals),Монголросцветмет ТӨҮГ /Эрдэнэс критикал минералс ТӨҮГ/,Iron ore,Төмөр,Баяжмал,Iron concentrate Fe 65%,Fe-65% Төмрийн баяжмал,Спот,2,97.0,102.5,USD,тонн,307500.0,5.67,,3000.0,implied (total / price),
2023-09-26,C01-2023092601,,Энержи Ресурс ХХК,Energy Resources,Энержи Ресурс ХХК,Coal,Нүүрс,Баяжуулсан,Washed coking coal,Баяжуулсан коксжих нүүрс,Форвард,4,1250.0,1280.0,CNY,тонн,16384000.0,2.4,,12800.0,implied (total / price),
2023-09-25,FE01-2023092501,,Монголросцветмет ТӨҮГ,Mongolrostsvetmet (ex-Erdenes Critical Minerals),Монголросцветмет ТӨҮГ /Эрдэнэс критикал минералс ТӨҮГ/,Iron ore,Төмөр,Баяжмал,Iron concentrate Fe 65%,Fe-65% Төмрийн баяжмал,Спот,1,97.0,97.0,USD,тонн,291000.0,0.0,,3000.0,implied (total / price),
2023-09-25,C06-2023092501,,Энержи Ресурс ХХК,Energy Resources,Энержи Ресурс ХХК,Coal,Нүүрс,Баяжуулсан,Washed medium-ash semi-hard coking coal,"Баяжуулсан дунд зэрэг үнстэй, хагас хатуу коксжих нүүрс",Форвард,5,450.0,510.0,CNY,тонн,6528000.0,13.33,,12800.0,implied (total / price),
2023-09-22,C01-2023092201,,Энержи Ресурс ХХК,Energy Resources,Энержи Ресурс ХХК,Coal,Нүүрс,Баяжуулсан,Washed coking coal,Баяжуулсан коксжих нүүрс,Форвард,7,1100.0,1300.0,CNY,тонн,16640000.0,18.18,,12800.0,implied (total / price),
2023-09-21,C03-2023092102,,Эрдэнэс Тавантолгой ХК,Erdenes Tavan Tolgoi,Эрдэнэс Тавантолгой ХК,Coal,Нүүрс,Боловсруулаагүй,Medium-volatile coking coal,"Дэгдэмхий бодис дунд, коксжих нүүрс",Форвард,4,143.1,176.1,USD,тонн,73257600.0,23.06,,416000.0,implied (total / price),
2023-09-21,C02-2023092101,,Хангад Эксплорэйшн ХХК,Khangad Exploration,Хангад Эксплорэйшн ХХК,Coal,Нүүрс,Баяжуулсан,Washed semi-soft coking coal,Баяжуулсан сул коксжих нүүрс,Форвард,8,850.0,1200.0,CNY,тонн,15360000.0,41.18,,12800.0,implied (total / price),
2023-09-20,C01-2023092001,,Энержи Ресурс ХХК,Energy Resources,Энержи Ресурс ХХК,Coal,Нүүрс,Баяжуулсан,Washed coking coal,Баяжуулсан коксжих нүүрс,Форвард,7,1100.0,1350.0,CNY,тонн,17280000.0,22.73,,12800.0,implied (total / price),
2023-09-19,C06-2023091901,,Энержи Ресурс ХХК,Energy Resources,Энержи Ресурс ХХК,Coal,Нүүрс,Баяжуулсан,Washed medium-ash semi-hard coking coal,"Баяжуулсан дунд зэрэг үнстэй, хагас хатуу коксжих нүүрс",Форвард,9,400.0,500.0,CNY,тонн,6400000.0,25.0,,12800.0,implied (total / price),
2023-09-19,C01-2023091902,,Энержи Ресурс ХХК,Energy Resources,Энержи Ресурс ХХК,Coal,Нүүрс,Баяжуулсан,Washed coking coal,Баяжуулсан коксжих нүүрс,Форвард,7,1100.0,1350.0,CNY,тонн,17280000.0,22.73,,12800.0,implied (total / price),
2023-09-15,FE02-2023091503,,Дарханы Төмөрлөгийн Үйлдвэр ХХК,Дарханы Төмөрлөгийн Үйлдвэр ХХК,Дарханы Төмөрлөгийн Үйлдвэр ХХК,Iron ore,Төмөр,Баяжмал,Fe-58% Төмрийн баяжмал,Fe-58% Төмрийн баяжмал,Спот,10,56.0,84.0,USD,тонн,571200.0,50.0,,6800.0,implied (total / price),
2023-09-15,FE01-2023091502,,Монголросцветмет ТӨҮГ,Mongolrostsvetmet (ex-Erdenes Critical Minerals),Монголросцветмет ТӨҮГ /Эрдэнэс критикал минералс ТӨҮГ/,Iron ore,Төмөр,Баяжмал,Iron concentrate Fe 65%,Fe-65% Төмрийн баяжмал,Спот,3,93.0,99.5,USD,тонн,2089500.0,6.99,,21000.0,implied (total / price),
2023-09-15,FE01-2023091501,,Монголросцветмет ТӨҮГ,Mongolrostsvetmet (ex-Erdenes Critical Minerals),Монголросцветмет ТӨҮГ /Эрдэнэс критикал минералс ТӨҮГ/,Iron ore,Төмөр,Баяжмал,Iron concentrate Fe 65%,Fe-65% Төмрийн баяжмал,Форвард,3,90.0,99.5,USD,тонн,5074500.0,10.56,,51000.0,implied (total / price),
2023-09-15,C01-2023091501,,Энержи Ресурс ХХК,Energy Resources,Энержи Ресурс ХХК,Coal,Нүүрс,Баяжуулсан,Washed coking coal,Баяжуулсан коксжих нүүрс,Форвард,4,1100.0,1250.0,CNY,тонн,16000000.0,13.64,,12800.0,implied (total / price),
2023-09-14,C04-2023091402,,Эрдэнэс Тавантолгой ХК,Erdenes Tavan Tolgoi,Эрдэнэс Тавантолгой ХК,Coal,Нүүрс,Боловсруулаагүй,1/3 coking coal,1/3 коксжих нүүрс,Форвард,4,97.1,121.6,USD,тонн,58368000.0,25.23,,480000.0,implied (total / price),
2023-09-14,C01-2023091401,,Энержи Ресурс ХХК,Energy Resources,Энержи Ресурс ХХК,Coal,Нүүрс,Баяжуулсан,Washed coking coal,Баяжуулсан коксжих нүүрс,Форвард,3,1100.0,1160.0,CNY,тонн,14848000.0,5.45,,12800.0,implied (total / price),
2023-09-13,C01-2023091301,,Энержи Ресурс ХХК,Energy Resources,Энержи Ресурс ХХК,Coal,Нүүрс,Баяжуулсан,Washed coking coal,Баяжуулсан коксжих нүүрс,Форвард,0,1100.0,1290.0,CNY,тонн,16512000.0,17.27,,12800.0,implied (total / price),
2023-09-12,C06-2023091201,,Энержи Ресурс ХХК,Energy Resources,Энержи Ресурс ХХК,Coal,Нүүрс,Баяжуулсан,Washed medium-ash semi-hard coking coal,"Баяжуулсан дунд зэрэг үнстэй, хагас хатуу коксжих нүүрс",Форвард,0,400.0,450.0,CNY,тонн,5760000.0,12.5,,12800.0,implied (total / price),
2023-09-08,C01-2023090801,,Энержи Ресурс ХХК,Energy Resources,Энержи Ресурс ХХК,Coal,Нүүрс,Баяжуулсан,Washed coking coal,Баяжуулсан коксжих нүүрс,Форвард,0,1050.0,1210.0,CNY,тонн,15488000.0,15.24,,12800.0,implied (total / price),
2023-09-07,C01-2023090701,,Энержи Ресурс ХХК,Energy Resources,Энержи Ресурс ХХК,Coal,Нүүрс,Баяжуулсан,Washed coking coal,Баяжуулсан коксжих нүүрс,Форвард,0,1050.0,1170.0,CNY,тонн,14976000.0,11.43,,12800.0,implied (total / price),
2023-09-06,C05-2023090602,,Эрдэнэс Тавантолгой ХК,Erdenes Tavan Tolgoi,Эрдэнэс Тавантолгой ХК,Coal,Нүүрс,Боловсруулаагүй,"Thermal coal (bituminous, non-caking)","Эрчим хүчний нүүрс /Битумт, үл барьцалдах нүүрс/",Форвард,0,59.7,59.7,USD,тонн,7641600.0,0.0,,128000.0,implied (total / price),
2023-09-06,C01-2023090601,,Энержи Ресурс ХХК,Energy Resources,Энержи Ресурс ХХК,Coal,Нүүрс,Баяжуулсан,Washed coking coal,Баяжуулсан коксжих нүүрс,Форвард,0,1050.0,1230.0,CNY,тонн,15744000.0,17.14,,12800.0,implied (total / price),
2023-09-05,C06-2023090501,,Энержи Ресурс ХХК,Energy Resources,Энержи Ресурс ХХК,Coal,Нүүрс,Баяжуулсан,Washed medium-ash semi-hard coking coal,"Баяжуулсан дунд зэрэг үнстэй, хагас хатуу коксжих нүүрс",Форвард,0,400.0,400.0,CNY,тонн,5120000.0,0.0,,12800.0,implied (total / price),
2023-09-04,C04-2023090401,,Эрдэнэс Тавантолгой ХК,Erdenes Tavan Tolgoi,Эрдэнэс Тавантолгой ХК,Coal,Нүүрс,Боловсруулаагүй,1/3 coking coal,1/3 коксжих нүүрс,Форвард,0,97.1,97.1,USD,тонн,62144000.0,0.0,,640000.0,implied (total / price),
2023-09-01,C01-2023090101,,Энержи Ресурс ХХК,Energy Resources,Энержи Ресурс ХХК,Coal,Нүүрс,Баяжуулсан,Washed coking coal,Баяжуулсан коксжих нүүрс,Форвард,0,1050.0,1150.0,CNY,тонн,14720000.0,9.52,,12800.0,implied (total / price),
2023-08-31,C01-2023083102,,Энержи Ресурс ХХК,Energy Resources,Энержи Ресурс ХХК,Coal,Нүүрс,Баяжуулсан,Washed coking coal,Баяжуулсан коксжих нүүрс,Форвард,0,1050.0,1160.0,CNY,тонн,14848000.0,10.48,,12800.0,implied (total / price),
2023-08-25,C04-2023082503,,Эрдэнэс Тавантолгой ХК,Erdenes Tavan Tolgoi,Эрдэнэс Тавантолгой ХК,Coal,Нүүрс,Боловсруулаагүй,1/3 coking coal,1/3 коксжих нүүрс,Форвард,0,97.1,120.1,USD,тонн,15372800.0,23.69,,128000.0,implied (total / price),
2023-08-25,C01-2023082502,,Энержи Ресурс ХХК,Energy Resources,Энержи Ресурс ХХК,Coal,Нүүрс,Баяжуулсан,Washed coking coal,Баяжуулсан коксжих нүүрс,Форвард,0,1050.0,1210.0,CNY,тонн,15488000.0,15.24,,12800.0,implied (total / price),
2023-08-25,C01-2023082501,,Энержи Ресурс ХХК,Energy Resources,Энержи Ресурс ХХК,Coal,Нүүрс,Баяжуулсан,Washed coking coal,Баяжуулсан коксжих нүүрс,Форвард,0,1050.0,1190.0,CNY,тонн,15232000.0,13.33,,12800.0,implied (total / price),
2023-08-24,C01-2023082402,,Энержи Ресурс ХХК,Energy Resources,Энержи Ресурс ХХК,Coal,Нүүрс,Баяжуулсан,Washed coking coal,Баяжуулсан коксжих нүүрс,Форвард,0,1050.0,1160.0,CNY,тонн,14848000.0,10.48,,12800.0,implied (total / price),
2023-08-24,C01-2023082401,,Энержи Ресурс ХХК,Energy Resources,Энержи Ресурс ХХК,Coal,Нүүрс,Баяжуулсан,Washed coking coal,Баяжуулсан коксжих нүүрс,Форвард,0,1050.0,1130.0,CNY,тонн,14464000.0,7.62,,12800.0,implied (total / price),
2023-08-23,C01-2023082301,,Энержи Ресурс ХХК,Energy Resources,Энержи Ресурс ХХК,Coal,Нүүрс,Баяжуулсан,Washed coking coal,Баяжуулсан коксжих нүүрс,Форвард,0,1050.0,1100.0,CNY,тонн,14080000.0,4.76,,12800.0,implied (total / price),
2023-08-22,C01-2023082201,,Энержи Ресурс ХХК,Energy Resources,Энержи Ресурс ХХК,Coal,Нүүрс,Баяжуулсан,Washed coking coal,Баяжуулсан коксжих нүүрс,Форвард,0,1050.0,1090.0,CNY,тонн,13952000.0,3.81,,12800.0,implied (total / price),
2023-08-21,C06-2023082101,,Энержи Ресурс ХХК,Energy Resources,Энержи Ресурс ХХК,Coal,Нүүрс,Баяжуулсан,Washed medium-ash semi-hard coking coal,"Баяжуулсан дунд зэрэг үнстэй, хагас хатуу коксжих нүүрс",Форвард,0,400.0,400.0,CNY,тонн,5120000.0,0.0,,12800.0,implied (total / price),
2023-08-18,C03-2023081801,C03-2023081801,Эрдэнэс Тавантолгой ХК,Erdenes Tavan Tolgoi,Эрдэнэс Тавантолгой ХК,Coal,Нүүрс,Боловсруулаагүй,Medium-volatile coking coal,"Дэгдэмхий бодис дунд, коксжих нүүрс",Форвард,0,136.0,136.0,USD,тонн,43520000.0,0.0,,320000.0,implied (total / price),
2023-08-16,C01-2023081601,,Энержи Ресурс ХХК,Energy Resources,Энержи Ресурс ХХК,Coal,Нүүрс,Баяжуулсан,Washed coking coal,Баяжуулсан коксжих нүүрс,Форвард,0,950.0,1000.0,CNY,тонн,12800000.0,5.26,,12800.0,implied (total / price),
2023-08-15,C01-2023081501,,Энержи Ресурс ХХК,Energy Resources,Энержи Ресурс ХХК,Coal,Нүүрс,Баяжуулсан,Washed coking coal,Баяжуулсан коксжих нүүрс,Форвард,0,950.0,1100.0,CNY,тонн,14080000.0,15.79,,12800.0,implied (total / price),
2023-08-11,C06-2023081101,,Энержи Ресурс ХХК,Energy Resources,Энержи Ресурс ХХК,Coal,Нүүрс,Баяжуулсан,Washed medium-ash semi-hard coking coal,"Баяжуулсан дунд зэрэг үнстэй, хагас хатуу коксжих нүүрс",Форвард,0,400.0,420.0,CNY,тонн,5376000.0,5.0,,12800.0,implied (total / price),
2023-08-11,C04-2023081102,C04-2023081102,Эрдэнэс Тавантолгой ХК,Erdenes Tavan Tolgoi,Эрдэнэс Тавантолгой ХК,Coal,Нүүрс,Боловсруулаагүй,1/3 coking coal,1/3 коксжих нүүрс,Форвард,0,97.1,124.6,USD,тонн,39872000.0,28.32,,320000.0,implied (total / price),
2023-08-10,C01-2023081001,,Энержи Ресурс ХХК,Energy Resources,Энержи Ресурс ХХК,Coal,Нүүрс,Баяжуулсан,Washed coking coal,Баяжуулсан коксжих нүүрс,Форвард,0,950.0,1140.0,CNY,тонн,14592000.0,20.0,,12800.0,implied (total / price),
2023-08-09,C01-2023080901,,Энержи Ресурс ХХК,Energy Resources,Энержи Ресурс ХХК,Coal,Нүүрс,Баяжуулсан,Washed coking coal,Баяжуулсан коксжих нүүрс,Форвард,0,950.0,1090.0,CNY,тонн,13952000.0,14.74,,12800.0,implied (total / price),
2023-08-08,C01-2023080801,,Энержи Ресурс ХХК,Energy Resources,Энержи Ресурс ХХК,Coal,Нүүрс,Баяжуулсан,Washed coking coal,Баяжуулсан коксжих нүүрс,Форвард,0,950.0,1150.0,CNY,тонн,14720000.0,21.05,,12800.0,implied (total / price),
2023-08-04,C04-2023080402,,Эрдэнэс Тавантолгой ХК,Erdenes Tavan Tolgoi,Эрдэнэс Тавантолгой ХК,Coal,Нүүрс,Боловсруулаагүй,1/3 coking coal,1/3 коксжих нүүрс,Форвард,0,97.1,111.1,USD,тонн,3555200.0,14.42,,32000.0,implied (total / price),
2023-08-04,C03-2023080401,,Эрдэнэс Тавантолгой ХК,Erdenes Tavan Tolgoi,Эрдэнэс Тавантолгой ХК,Coal,Нүүрс,Боловсруулаагүй,Medium-volatile coking coal,"Дэгдэмхий бодис дунд, коксжих нүүрс",Форвард,0,135.4,146.4,USD,тонн,4684800.0,8.12,,32000.0,implied (total / price),
2023-08-03,C01-2023080301,,Энержи Ресурс ХХК,Energy Resources,Энержи Ресурс ХХК,Coal,Нүүрс,Баяжуулсан,Washed coking coal,Баяжуулсан коксжих нүүрс,Спот,0,950.0,1170.0,CNY,тонн,14976000.0,23.16,,12800.0,implied (total / price),
2023-08-02,C01-2023080201,,Энержи Ресурс ХХК,Energy Resources,Энержи Ресурс ХХК,Coal,Нүүрс,Баяжуулсан,Washed coking coal,Баяжуулсан коксжих нүүрс,Спот,0,950.0,1140.0,CNY,тонн,14592000.0,20.0,,12800.0,implied (total / price),
2023-08-01,C01-2023080101,,Энержи Ресурс ХХК,Energy Resources,Энержи Ресурс ХХК,Coal,Нүүрс,Баяжуулсан,Washed coking coal,Баяжуулсан коксжих нүүрс,Спот,0,950.0,1120.0,CNY,тонн,14336000.0,17.89,,12800.0,implied (total / price),
2023-07-28,C05-2023072803,,Эрдэнэс Тавантолгой ХК,Erdenes Tavan Tolgoi,Эрдэнэс Тавантолгой ХК,Coal,Нүүрс,Боловсруулаагүй,"Thermal coal (bituminous, non-caking)","Эрчим хүчний нүүрс /Битумт, үл барьцалдах нүүрс/",Форвард,0,58.7,61.2,USD,тонн,1958400.0,4.26,,32000.0,implied (total / price),
2023-07-28,C03-2023072802,,Эрдэнэс Тавантолгой ХК,Erdenes Tavan Tolgoi,Эрдэнэс Тавантолгой ХК,Coal,Нүүрс,Боловсруулаагүй,Medium-volatile coking coal,"Дэгдэмхий бодис дунд, коксжих нүүрс",Форвард,0,119.1,150.1,USD,тонн,9606400.0,26.03,,64000.0,implied (total / price),
2023-07-28,C03-2023072801,,Эрдэнэс Тавантолгой ХК,Erdenes Tavan Tolgoi,Эрдэнэс Тавантолгой ХК,Coal,Нүүрс,Боловсруулаагүй,Medium-volatile coking coal,"Дэгдэмхий бодис дунд, коксжих нүүрс",Форвард,0,119.1,152.1,USD,тонн,4867200.0,27.71,,32000.0,implied (total / price),
2023-07-27,C02-2023072701,,Хангад Эксплорэйшн ХХК,Khangad Exploration,Хангад Эксплорэйшн ХХК,Coal,Нүүрс,Баяжуулсан,Washed semi-soft coking coal,Баяжуулсан сул коксжих нүүрс,Спот,0,800.0,900.0,CNY,тонн,11520000.0,12.5,,12800.0,implied (total / price),
2023-07-26,C01-2023072601,,Энержи Ресурс ХХК,Energy Resources,Энержи Ресурс ХХК,Coal,Нүүрс,Баяжуулсан,Washed coking coal,Баяжуулсан коксжих нүүрс,Спот,0,950.0,1130.0,CNY,тонн,14464000.0,18.95,,12800.0,implied (total / price),
2023-06-29,C04-2023062904,,Эрдэнэс Тавантолгой ХК,Erdenes Tavan Tolgoi,Эрдэнэс Тавантолгой ХК,Coal,Нүүрс,Боловсруулаагүй,1/3 coking coal,1/3 коксжих нүүрс,Спот,0,74.4,89.9,USD,тонн,5753600.0,20.83,,64000.0,implied (total / price),
2023-06-29,C03-2023062903,,Эрдэнэс Тавантолгой ХК,Erdenes Tavan Tolgoi,Эрдэнэс Тавантолгой ХК,Coal,Нүүрс,Боловсруулаагүй,Medium-volatile coking coal,"Дэгдэмхий бодис дунд, коксжих нүүрс",Спот,0,119.1,119.6,USD,тонн,3827200.0,0.42,,32000.0,implied (total / price),
2023-06-28,C05-2023062804,,Эрдэнэс Тавантолгой ХК,Erdenes Tavan Tolgoi,Эрдэнэс Тавантолгой ХК,Coal,Нүүрс,Боловсруулаагүй,"Thermal coal (bituminous, non-caking)","Эрчим хүчний нүүрс /Битумт, үл барьцалдах нүүрс/",Спот,0,58.7,58.7,USD,тонн,1127040.0,0.0,,19200.0,implied (total / price),
2023-06-28,C03-2023062803,,Эрдэнэс Тавантолгой ХК,Erdenes Tavan Tolgoi,Эрдэнэс Тавантолгой ХК,Coal,Нүүрс,Боловсруулаагүй,Medium-volatile coking coal,"Дэгдэмхий бодис дунд, коксжих нүүрс",Спот,0,119.1,119.1,USD,тонн,19056000.0,0.0,,160000.0,implied (total / price),
2023-06-28,C03-2023062802,,Эрдэнэс Тавантолгой ХК,Erdenes Tavan Tolgoi,Эрдэнэс Тавантолгой ХК,Coal,Нүүрс,Боловсруулаагүй,Medium-volatile coking coal,"Дэгдэмхий бодис дунд, коксжих нүүрс",Спот,0,119.1,119.1,USD,тонн,7622400.0,0.0,,64000.0,implied (total / price),
2023-06-27,C04-2023062703,,Эрдэнэс Тавантолгой ХК,Erdenes Tavan Tolgoi,Эрдэнэс Тавантолгой ХК,Coal,Нүүрс,Боловсруулаагүй,1/3 coking coal,1/3 коксжих нүүрс,Спот,0,74.4,85.9,USD,тонн,13744000.0,15.46,,160000.0,implied (total / price),
2023-06-27,C04-2023062702,,Эрдэнэс Тавантолгой ХК,Erdenes Tavan Tolgoi,Эрдэнэс Тавантолгой ХК,Coal,Нүүрс,Боловсруулаагүй,1/3 coking coal,1/3 коксжих нүүрс,Спот,0,74.4,85.9,USD,тонн,5497600.0,15.46,,64000.0,implied (total / price),
2023-06-23,C04-2023062302,,Эрдэнэс Тавантолгой ХК,Erdenes Tavan Tolgoi,Эрдэнэс Тавантолгой ХК,Coal,Нүүрс,Боловсруулаагүй,1/3 coking coal,1/3 коксжих нүүрс,Спот,0,74.4,89.4,USD,тонн,14304000.0,20.16,,160000.0,implied (total / price),
2023-06-23,C03-2023062301,,Эрдэнэс Тавантолгой ХК,Erdenes Tavan Tolgoi,Эрдэнэс Тавантолгой ХК,Coal,Нүүрс,Боловсруулаагүй,Medium-volatile coking coal,"Дэгдэмхий бодис дунд, коксжих нүүрс",Спот,0,119.1,119.1,USD,тонн,19056000.0,0.0,,160000.0,implied (total / price),
2023-06-22,C04-2023062203,,Эрдэнэс Тавантолгой ХК,Erdenes Tavan Tolgoi,Эрдэнэс Тавантолгой ХК,Coal,Нүүрс,Боловсруулаагүй,1/3 coking coal,1/3 коксжих нүүрс,Спот,0,74.4,80.4,USD,тонн,5145600.0,8.06,,64000.0,implied (total / price),
2023-06-22,C03-2023062202,,Эрдэнэс Тавантолгой ХК,Erdenes Tavan Tolgoi,Эрдэнэс Тавантолгой ХК,Coal,Нүүрс,Боловсруулаагүй,Medium-volatile coking coal,"Дэгдэмхий бодис дунд, коксжих нүүрс",Спот,0,119.1,123.1,USD,тонн,7878400.0,3.36,,64000.0,implied (total / price),
2023-06-22,C02-2023062201,,Хангад Эксплорэйшн ХХК,Khangad Exploration,Хангад Эксплорэйшн ХХК,Coal,Нүүрс,Баяжуулсан,Washed semi-soft coking coal,Баяжуулсан сул коксжих нүүрс,Спот,0,800.0,810.0,CNY,тонн,10368000.0,1.25,,12800.0,implied (total / price),
2023-06-21,C01-2023062101,,Энержи Ресурс ХХК,Energy Resources,Энержи Ресурс ХХК,Coal,Нүүрс,Баяжуулсан,Washed coking coal,Баяжуулсан коксжих нүүрс,Спот,0,900.0,1000.0,CNY,тонн,12800000.0,11.11,,12800.0,implied (total / price),
2023-06-20,C04-2023062001,,Эрдэнэс Тавантолгой ХК,Erdenes Tavan Tolgoi,Эрдэнэс Тавантолгой ХК,Coal,Нүүрс,Боловсруулаагүй,1/3 coking coal,1/3 коксжих нүүрс,Спот,0,74.4,102.4,USD,тонн,8519680.0,37.63,,83200.0,implied (total / price),
2023-06-20,C03-2023062002,,Эрдэнэс Тавантолгой ХК,Erdenes Tavan Tolgoi,Эрдэнэс Тавантолгой ХК,Coal,Нүүрс,Боловсруулаагүй,Medium-volatile coking coal,"Дэгдэмхий бодис дунд, коксжих нүүрс",Спот,0,119.1,140.1,USD,тонн,4483200.0,17.63,,32000.0,implied (total / price),
2023-06-19,C04-2023061902,,Эрдэнэс Тавантолгой ХК,Erdenes Tavan Tolgoi,Эрдэнэс Тавантолгой ХК,Coal,Нүүрс,Боловсруулаагүй,1/3 coking coal,1/3 коксжих нүүрс,Спот,0,74.4,105.9,USD,тонн,16944000.0,42.34,,160000.0,implied (total / price),
2023-06-19,C03-2023061901,,Эрдэнэс Тавантолгой ХК,Erdenes Tavan Tolgoi,Эрдэнэс Тавантолгой ХК,Coal,Нүүрс,Боловсруулаагүй,Medium-volatile coking coal,"Дэгдэмхий бодис дунд, коксжих нүүрс",Спот,0,119.1,130.1,USD,тонн,8326400.0,9.24,,64000.0,implied (total / price),
2023-06-13,C04-2023061301,,Эрдэнэс Тавантолгой ХК,Erdenes Tavan Tolgoi,Эрдэнэс Тавантолгой ХК,Coal,Нүүрс,Боловсруулаагүй,1/3 coking coal,1/3 коксжих нүүрс,Спот,0,74.3,74.3,USD,тонн,2377600.0,0.0,,32000.0,implied (total / price),
2023-06-09,C04-2023060901,,Эрдэнэс Тавантолгой ХК,Erdenes Tavan Tolgoi,Эрдэнэс Тавантолгой ХК,Coal,Нүүрс,Боловсруулаагүй,1/3 coking coal,1/3 коксжих нүүрс,Спот,0,74.3,74.3,USD,тонн,11888000.0,0.0,,160000.0,implied (total / price),
2023-05-31,C03-2023053102,,Эрдэнэс Тавантолгой ХК,Erdenes Tavan Tolgoi,Эрдэнэс Тавантолгой ХК,Coal,Нүүрс,Боловсруулаагүй,Medium-volatile coking coal,"Дэгдэмхий бодис дунд, коксжих нүүрс",Спот,0,131.6,131.6,USD,тонн,4211200.0,0.0,,32000.0,implied (total / price),
2023-05-31,C02-2023053101,,Хангад Эксплорэйшн ХХК,Khangad Exploration,Хангад Эксплорэйшн ХХК,Coal,Нүүрс,Баяжуулсан,Washed semi-soft coking coal,Баяжуулсан сул коксжих нүүрс,Спот,0,800.0,800.0,CNY,тонн,10240000.0,0.0,,12800.0,implied (total / price),
2023-05-25,C03-2023052501,,Эрдэнэс Тавантолгой ХК,Erdenes Tavan Tolgoi,Эрдэнэс Тавантолгой ХК,Coal,Нүүрс,Боловсруулаагүй,Medium-volatile coking coal,"Дэгдэмхий бодис дунд, коксжих нүүрс",Спот,0,131.6,133.6,USD,тонн,4275200.0,1.52,,32000.0,implied (total / price),
2023-05-19,C05-2023051901,,Эрдэнэс Тавантолгой ХК,Erdenes Tavan Tolgoi,Эрдэнэс Тавантолгой ХК,Coal,Нүүрс,Боловсруулаагүй,"Thermal coal (bituminous, non-caking)","Эрчим хүчний нүүрс /Битумт, үл барьцалдах нүүрс/",Спот,0,63.7,63.7,USD,тонн,10192000.0,0.0,,160000.0,implied (total / price),
2023-05-18,C02-2023051801,,Хангад Эксплорэйшн ХХК,Khangad Exploration,Хангад Эксплорэйшн ХХК,Coal,Нүүрс,Баяжуулсан,Washed semi-soft coking coal,Баяжуулсан сул коксжих нүүрс,Спот,0,800.0,810.0,CNY,тонн,10368000.0,1.25,,12800.0,implied (total / price),
2023-05-12,C03-2023051201,,Эрдэнэс Тавантолгой ХК,Erdenes Tavan Tolgoi,Эрдэнэс Тавантолгой ХК,Coal,Нүүрс,Боловсруулаагүй,Medium-volatile coking coal,"Дэгдэмхий бодис дунд, коксжих нүүрс",Спот,0,140.3,140.3,USD,тонн,4489600.0,0.0,,32000.0,implied (total / price),
2023-05-05,C04-2023050501,,Эрдэнэс Тавантолгой ХК,Erdenes Tavan Tolgoi,Эрдэнэс Тавантолгой ХК,Coal,Нүүрс,Боловсруулаагүй,1/3 coking coal,1/3 коксжих нүүрс,Спот,0,97.4,97.4,USD,тонн,3116800.0,0.0,,32000.0,implied (total / price),
2023-05-04,C03-2023050404,,Эрдэнэс Тавантолгой ХК,Erdenes Tavan Tolgoi,Эрдэнэс Тавантолгой ХК,Coal,Нүүрс,Боловсруулаагүй,Medium-volatile coking coal,"Дэгдэмхий бодис дунд, коксжих нүүрс",Спот,0,140.3,140.3,USD,тонн,4489600.0,0.0,,32000.0,implied (total / price),
2023-05-04,C02-2023050401,,Хангад Эксплорэйшн ХХК,Khangad Exploration,Хангад Эксплорэйшн ХХК,Coal,Нүүрс,Баяжуулсан,Washed semi-soft coking coal,Баяжуулсан сул коксжих нүүрс,Спот,0,850.0,850.0,CNY,тонн,10880000.0,0.0,,12800.0,implied (total / price),
2023-04-26,C01-2023042601,,Энержи Ресурс ХХК,Energy Resources,Энержи Ресурс ХХК,Coal,Нүүрс,Баяжуулсан,Washed coking coal,Баяжуулсан коксжих нүүрс,Спот,0,1150.0,1150.0,CNY,тонн,14720000.0,0.0,,12800.0,implied (total / price),
2023-04-21,C04-2023042102,,Эрдэнэс Тавантолгой ХК,Erdenes Tavan Tolgoi,Эрдэнэс Тавантолгой ХК,Coal,Нүүрс,Боловсруулаагүй,1/3 coking coal,1/3 коксжих нүүрс,Спот,0,109.5,109.5,USD,тонн,3504000.0,0.0,,32000.0,implied (total / price),
2023-04-21,C03-2023042101,,Эрдэнэс Тавантолгой ХК,Erdenes Tavan Tolgoi,Эрдэнэс Тавантолгой ХК,Coal,Нүүрс,Боловсруулаагүй,Medium-volatile coking coal,"Дэгдэмхий бодис дунд, коксжих нүүрс",Спот,0,153.9,153.9,USD,тонн,4924800.0,0.0,,32000.0,implied (total / price),
2023-04-20,C02-2023042001,,Хангад Эксплорэйшн ХХК,Khangad Exploration,Хангад Эксплорэйшн ХХК,Coal,Нүүрс,Баяжуулсан,Washed semi-soft coking coal,Баяжуулсан сул коксжих нүүрс,Спот,0,850.0,960.0,CNY,тонн,12288000.0,12.94,,12800.0,implied (total / price),
2023-04-19,C01-2023041901,,Энержи Ресурс ХХК,Energy Resources,Энержи Ресурс ХХК,Coal,Нүүрс,Баяжуулсан,Washed coking coal,Баяжуулсан коксжих нүүрс,Спот,0,1150.0,1150.0,CNY,тонн,14720000.0,0.0,,12800.0,implied (total / price),
2023-04-14,C04-2023041402,,Эрдэнэс Тавантолгой ХК,Erdenes Tavan Tolgoi,Эрдэнэс Тавантолгой ХК,Coal,Нүүрс,Боловсруулаагүй,1/3 coking coal,1/3 коксжих нүүрс,Спот,0,109.5,117.0,USD,тонн,3744000.0,6.85,,32000.0,implied (total / price),
2023-04-14,C03-2023041403,,Эрдэнэс Тавантолгой ХК,Erdenes Tavan Tolgoi,Эрдэнэс Тавантолгой ХК,Coal,Нүүрс,Боловсруулаагүй,Medium-volatile coking coal,"Дэгдэмхий бодис дунд, коксжих нүүрс",Спот,0,153.9,153.9,USD,тонн,24624000.0,0.0,,160000.0,implied (total / price),
2023-04-14,C03-2023041401,,Эрдэнэс Тавантолгой ХК,Erdenes Tavan Tolgoi,Эрдэнэс Тавантолгой ХК,Coal,Нүүрс,Боловсруулаагүй,Medium-volatile coking coal,"Дэгдэмхий бодис дунд, коксжих нүүрс",Спот,0,153.9,160.4,USD,тонн,5132800.0,4.22,,32000.0,implied (total / price),
2023-04-12,C01-2023041202,,Энержи Ресурс ХХК,Energy Resources,Энержи Ресурс ХХК,Coal,Нүүрс,Баяжуулсан,Washed coking coal,Баяжуулсан коксжих нүүрс,Спот,0,1250.0,1250.0,CNY,тонн,40000000.0,0.0,,32000.0,implied (total / price),
2023-04-05,C01-2023040501,,Энержи Ресурс ХХК,Energy Resources,Энержи Ресурс ХХК,Coal,Нүүрс,Баяжуулсан,Washed coking coal,Баяжуулсан коксжих нүүрс,Спот,0,1250.0,1350.0,CNY,тонн,43200000.0,8.0,,32000.0,implied (total / price),
2023-03-31,C05-2023033101,,Эрдэнэс Тавантолгой ХК,Erdenes Tavan Tolgoi,Эрдэнэс Тавантолгой ХК,Coal,Нүүрс,Боловсруулаагүй,"Thermal coal (bituminous, non-caking)","Эрчим хүчний нүүрс /Битумт, үл барьцалдах нүүрс/",Спот,0,68.3,70.3,USD,тонн,6748800.0,2.93,,96000.0,implied (total / price),
2023-03-29,C03-2023032902,,Эрдэнэс Тавантолгой ХК,Erdenes Tavan Tolgoi,Эрдэнэс Тавантолгой ХК,Coal,Нүүрс,Боловсруулаагүй,Medium-volatile coking coal,"Дэгдэмхий бодис дунд, коксжих нүүрс",Спот,0,178.6,179.6,USD,тонн,5747200.0,0.56,,32000.0,implied (total / price),
2023-03-29,C01-2023032901,,Энержи Ресурс ХХК,Energy Resources,Энержи Ресурс ХХК,Coal,Нүүрс,Баяжуулсан,Washed coking coal,Баяжуулсан коксжих нүүрс,Спот,0,1250.0,1330.0,CNY,тонн,42560000.0,6.4,,32000.0,implied (total / price),
2023-03-28,C03-2023032801,,Тавантолгой ХК,Tavan Tolgoi JSC,Тавантолгой ХК,Coal,Нүүрс,Боловсруулаагүй,Medium-volatile coking coal,"Дэгдэмхий бодис дунд, коксжих нүүрс",Спот,0,175.2,175.2,USD,тонн,28032000.0,0.0,,160000.0,implied (total / price),
2023-03-27,C03-2023032701,,Тавантолгой ХК,Tavan Tolgoi JSC,Тавантолгой ХК,Coal,Нүүрс,Боловсруулаагүй,Medium-volatile coking coal,"Дэгдэмхий бодис дунд, коксжих нүүрс",Спот,0,175.2,189.7,USD,тонн,6070400.0,8.28,,32000.0,implied (total / price),
2023-03-24,C05-2023032401,,Эрдэнэс Тавантолгой ХК,Erdenes Tavan Tolgoi,Эрдэнэс Тавантолгой ХК,Coal,Нүүрс,Боловсруулаагүй,"Thermal coal (bituminous, non-caking)","Эрчим хүчний нүүрс /Битумт, үл барьцалдах нүүрс/",Спот,0,68.3,73.3,USD,тонн,7036800.0,7.32,,96000.0,implied (total / price),
2023-03-22,C01-2023032901,,Энержи Ресурс ХХК,Energy Resources,Энержи Ресурс ХХК,Coal,Нүүрс,Баяжуулсан,Washed coking coal,Баяжуулсан коксжих нүүрс,Спот,0,1250.0,1420.0,CNY,тонн,45440000.0,13.6,,32000.0,implied (total / price),
2023-03-20,C03-2023032001,,Тавантолгой ХК,Tavan Tolgoi JSC,Тавантолгой ХК,Coal,Нүүрс,Боловсруулаагүй,Medium-volatile coking coal,"Дэгдэмхий бодис дунд, коксжих нүүрс",Спот,0,175.2,176.7,USD,тонн,5654400.0,0.86,,32000.0,implied (total / price),
2023-03-17,C03-2023031702,,Тавантолгой ХК,Tavan Tolgoi JSC,Тавантолгой ХК,Coal,Нүүрс,Боловсруулаагүй,Medium-volatile coking coal,"Дэгдэмхий бодис дунд, коксжих нүүрс",Спот,0,175.2,175.2,USD,тонн,2242560.0,0.0,,12800.0,implied (total / price),
2023-03-17,C03-2023031701,,Эрдэнэс Тавантолгой ХК,Erdenes Tavan Tolgoi,Эрдэнэс Тавантолгой ХК,Coal,Нүүрс,Боловсруулаагүй,Medium-volatile coking coal,"Дэгдэмхий бодис дунд, коксжих нүүрс",Спот,0,178.6,182.1,USD,тонн,5827200.0,1.96,,32000.0,implied (total / price),
2023-03-15,C01-2023031501,,Энержи Ресурс ХХК,Energy Resources,Энержи Ресурс ХХК,Coal,Нүүрс,Баяжуулсан,Washed coking coal,Баяжуулсан коксжих нүүрс,Спот,0,1250.0,1400.0,CNY,тонн,44800000.0,12.0,,32000.0,implied (total / price),
2023-02-17,C03-2023021701,,Эрдэнэс Тавантолгой ХК,Erdenes Tavan Tolgoi,Эрдэнэс Тавантолгой ХК,Coal,Нүүрс,Боловсруулаагүй,Medium-volatile coking coal,"Дэгдэмхий бодис дунд, коксжих нүүрс",Спот,0,178.6,178.6,USD,тонн,11430400.0,0.0,,64000.0,implied (total / price),
2023-02-15,C01-2023021501,,Энержи Ресурс ХХК,Energy Resources,Энержи Ресурс ХХК,Coal,Нүүрс,Баяжуулсан,Washed coking coal,Баяжуулсан коксжих нүүрс,Спот,0,1200.0,1340.0,CNY,тонн,42880000.0,11.67,,32000.0,implied (total / price),
2023-02-10,C03-2023021001,,Эрдэнэс Тавантолгой ХК,Erdenes Tavan Tolgoi,Эрдэнэс Тавантолгой ХК,Coal,Нүүрс,Боловсруулаагүй,Medium-volatile coking coal,"Дэгдэмхий бодис дунд, коксжих нүүрс",Спот,0,178.6,178.6,USD,тонн,11430400.0,0.0,,64000.0,implied (total / price),
2023-02-09,C03-2023020901,,Эрдэнэс Тавантолгой ХК,Erdenes Tavan Tolgoi,Эрдэнэс Тавантолгой ХК,Coal,Нүүрс,Боловсруулаагүй,Medium-volatile coking coal,"Дэгдэмхий бодис дунд, коксжих нүүрс",Спот,0,178.6,179.1,USD,тонн,5731200.0,0.28,,32000.0,implied (total / price),
2023-01-12,C01-2023011201,,Энержи Ресурс ХХК,Energy Resources,Энержи Ресурс ХХК,Coal,Нүүрс,Баяжуулсан,Washed coking coal,Баяжуулсан коксжих нүүрс,Спот,0,1150.0,1290.0,CNY,тонн,16512000.0,12.17,,12800.0,implied (total / price),
