scraped_at,date,time,company,company_en,code,commodity,grade,grade_mn,currency,start_price,lots,quantity_t,pdf_url,price_type,lab_pdf_url,quantity_wet_t,quantity_dry_t,quantity_basis,price_unit,code_raw
2026-10-05 03:41,2026-10-30,11:00,Монголросцветмет ТӨҮГ,Mongolrostsvetmet (ex-Erdenes Critical Minerals),MRTSM-26-21,Iron ore,Iron ore Fe 52%,Fe-52% Төмрийн хүдэр,USD,65.0,2.0,6600.0,https://mse.mn/uploads/auction_schedules/mn-cffdc609-f69d-468f-9bbe-8a2f2be9fd3a.pdf,Тогтмол үнэтэй,https://mse.mn/uploads/auction_schedules/lab-ff3ef4b9-5f7b-4a6b-8c14-9023e3794031.pdf,,,reported,,MRTSM-26-21
2026-10-05 03:41,2026-10-29,11:00,Монголросцветмет ТӨҮГ,Mongolrostsvetmet (ex-Erdenes Critical Minerals),MRTSM-26-20,Iron ore,Iron ore Fe 52%,Fe-52% Төмрийн хүдэр,USD,65.0,2.0,6600.0,https://mse.mn/uploads/auction_schedules/mn-345e86c7-65d7-48c0-9b95-a5098ac18d61.pdf,Тогтмол үнэтэй,https://mse.mn/uploads/auction_schedules/lab-c8bf77ec-9d7e-4ee1-bb35-6b987281df43.pdf,,,reported,,MRTSM-26-20
2026-10-05 03:41,2026-10-28,11:00,Монголросцветмет ТӨҮГ,Mongolrostsvetmet (ex-Erdenes Critical Minerals),MRTSM-26-19,Iron ore,Iron ore Fe 52%,Fe-52% Төмрийн хүдэр,USD,65.0,2.0,6600.0,https://mse.mn/uploads/auction_schedules/mn-caeda304-42ab-40ff-b176-b3901c4b26a6.pdf,Тогтмол үнэтэй,https://mse.mn/uploads/auction_schedules/lab-6e2dde5c-0d84-4a75-b420-01dcac9d34f3.pdf,,,reported,,MRTSM-26-19
2026-10-05 03:41,2026-10-27,11:00,Монголросцветмет ТӨҮГ,Mongolrostsvetmet (ex-Erdenes Critical Minerals),MRTSM-26-18,Iron ore,Iron ore Fe 52%,Fe-52% Төмрийн хүдэр,USD,65.0,2.0,6600.0,https://mse.mn/uploads/auction_schedules/mn-8b53c01b-80f9-4348-8547-d9e927dc2cd5.pdf,Тогтмол үнэтэй,https://mse.mn/uploads/auction_schedules/lab-dac8b531-4ea3-47a2-a835-977d75667a8f.pdf,,,reported,,MRTSM-26-18
2026-10-05 03:41,2026-10-26,11:00,Монголросцветмет ТӨҮГ,Mongolrostsvetmet (ex-Erdenes Critical Minerals),MRTSM-26-17,Iron ore,Iron ore Fe 52%,Fe-52% Төмрийн хүдэр,USD,65.0,2.0,6600.0,https://mse.mn/uploads/auction_schedules/mn-3db71f84-ce4c-48f1-9db3-b1e5edfe394d.pdf,Тогтмол үнэтэй,https://mse.mn/uploads/auction_schedules/lab-e7d3715c-1587-41f1-b37a-73854626f5f2.pdf,,,reported,,MRTSM-26-17
2026-10-05 03:41,2026-10-23,11:00,Монголросцветмет ТӨҮГ,Mongolrostsvetmet (ex-Erdenes Critical Minerals),MRTSM-26-16,Iron ore,Iron ore Fe 52%,Fe-52% Төмрийн хүдэр,USD,65.0,2.0,6600.0,https://mse.mn/uploads/auction_schedules/mn-441f2265-17fa-4cc1-b201-5b2e8071d6e7.pdf,Тогтмол үнэтэй,https://mse.mn/uploads/auction_schedules/lab-31b83573-85d4-46da-a8a2-dc9bed5c4aab.pdf,,,reported,,MRTSM-26-16
2026-10-05 03:41,2026-10-22,11:00,Монголросцветмет ТӨҮГ,Mongolrostsvetmet (ex-Erdenes Critical Minerals),MRTSM-26-15,Iron ore,Iron concentrate Fe 65%,Fe-65% Төмрийн баяжмал,USD,85.0,1.0,3300.0,https://mse.mn/uploads/auction_schedules/mn-ee10388f-46ed-4f97-8c27-0deb07a00232.pdf,Тогтмол үнэтэй,https://mse.mn/uploads/auction_schedules/lab-f5e0c59d-485e-4f8f-b186-24aaae354ccf.pdf,,,reported,,MRTSM-26-15
2026-10-05 03:41,2026-10-21,11:00,Монголросцветмет ТӨҮГ,Mongolrostsvetmet (ex-Erdenes Critical Minerals),MRTSM-26-14,Iron ore,Iron ore Fe 52%,Fe-52% Төмрийн хүдэр,USD,65.0,2.0,6600.0,https://mse.mn/uploads/auction_schedules/mn-49e4ca16-d534-4a85-a7a4-81ce31e4a196.pdf,Тогтмол үнэтэй,https://mse.mn/uploads/auction_schedules/lab-13aab264-836b-43cd-ab14-e16b9636296a.pdf,,,reported,,MRTSM-26-14
2026-10-05 03:41,2026-10-20,11:00,Монголросцветмет ТӨҮГ,Mongolrostsvetmet (ex-Erdenes Critical Minerals),MRTSM-26-13,Iron ore,Iron concentrate Fe 65%,Fe-65% Төмрийн баяжмал,USD,85.0,1.0,3300.0,https://mse.mn/uploads/auction_schedules/mn-05610850-3132-4002-900b-914800534023.pdf,Тогтмол үнэтэй,https://mse.mn/uploads/auction_schedules/lab-a3ed3dd7-fa0c-47f7-867c-327314ea5626.pdf,,,reported,,MRTSM-26-13
2026-10-05 03:41,2026-10-19,11:00,Монголросцветмет ТӨҮГ,Mongolrostsvetmet (ex-Erdenes Critical Minerals),MRTSM-26-12,Iron ore,Iron ore Fe 52%,Fe-52% Төмрийн хүдэр,USD,65.0,2.0,6600.0,https://mse.mn/uploads/auction_schedules/mn-e8d2f407-93c0-422c-b860-bf1f3d6e637f.pdf,Тогтмол үнэтэй,https://mse.mn/uploads/auction_schedules/lab-d16ce7b6-7d77-46d6-8877-8b31f61af0b3.pdf,,,reported,,MRTSM-26-12
2026-10-05 03:41,2026-10-16,11:00,Монголросцветмет ТӨҮГ,Mongolrostsvetmet (ex-Erdenes Critical Minerals),MRTSM-26-11,Iron ore,Iron concentrate Fe 65%,Fe-65% Төмрийн баяжмал,USD,85.0,1.0,3300.0,https://mse.mn/uploads/auction_schedules/mn-b5301bb6-e651-4805-8a0b-352c9377a41c.pdf,Тогтмол үнэтэй,https://mse.mn/uploads/auction_schedules/lab-e5395223-64fe-4080-b80c-d44f71b2468c.pdf,,,reported,,MRTSM-26-11
2026-10-05 03:41,2026-10-15,11:00,Монголросцветмет ТӨҮГ,Mongolrostsvetmet (ex-Erdenes Critical Minerals),MRTSM-26-10,Iron ore,Iron ore Fe 52%,Fe-52% Төмрийн хүдэр,USD,65.0,2.0,6600.0,https://mse.mn/uploads/auction_schedules/mn-4ad9222e-d994-4593-8656-98b49652bbf9.pdf,Тогтмол үнэтэй,https://mse.mn/uploads/auction_schedules/lab-44d978d9-034c-4b97-9467-5c885dafca09.pdf,,,reported,,MRTSM-26-10
2026-10-05 03:41,2026-10-14,11:00,Монголросцветмет ТӨҮГ,Mongolrostsvetmet (ex-Erdenes Critical Minerals),MRTSM-26-08,Iron ore,Iron ore Fe 52%,Fe-52% Төмрийн хүдэр,USD,65.0,2.0,6600.0,https://mse.mn/uploads/auction_schedules/mn-aa3ff28a-3ff6-4894-886a-95c6e3f9a190.pdf,Тогтмол үнэтэй,https://mse.mn/uploads/auction_schedules/lab-b4445232-77fb-436b-a446-3b621c54e341.pdf,,,reported,,MRTSM-26-08
2026-10-05 03:41,2026-10-14,10:00,Монголросцветмет ТӨҮГ,Mongolrostsvetmet (ex-Erdenes Critical Minerals),MRTSM-26-09,Iron ore,Iron concentrate Fe 65%,Fe-65% Төмрийн баяжмал,USD,85.0,1.0,3300.0,https://mse.mn/uploads/auction_schedules/mn-e1a1464b-ff5e-41c1-ab2e-cded7de52f6e.pdf,Тогтмол үнэтэй,https://mse.mn/uploads/auction_schedules/lab-3fc955ae-87f5-4176-b3c1-1390557e4afa.pdf,,,reported,,MRTSM-26-09
2026-10-05 03:41,2026-10-13,11:00,Монголросцветмет ТӨҮГ,Mongolrostsvetmet (ex-Erdenes Critical Minerals),MRTSM-26-07,Iron ore,Iron ore Fe 52%,Fe-52% Төмрийн хүдэр,USD,72.0,1.0,3300.0,https://mse.mn/uploads/auction_schedules/mn-ae10221a-bc40-42a2-8a5d-6455cbb28bba.pdf,Тогтмол үнэтэй,https://mse.mn/uploads/auction_schedules/lab-4a7e7838-7cc9-4641-b4ed-6340df79c59d.pdf,,,reported,,MRTSM-26-07
2026-10-05 03:41,2026-10-12,11:00,Монголросцветмет ТӨҮГ,Mongolrostsvetmet (ex-Erdenes Critical Minerals),MRTSM-26-06,Iron ore,Iron ore Fe 52%,Fe-52% Төмрийн хүдэр,USD,72.0,1.0,3300.0,https://mse.mn/uploads/auction_schedules/mn-4290d0bd-999a-4028-b68d-e6d6be74a6e7.pdf,Тогтмол үнэтэй,https://mse.mn/uploads/auction_schedules/lab-e0602899-7b64-4761-9028-a193d010f9d0.pdf,,,reported,,MRTSM-26-06
2026-10-05 03:41,2026-10-09,11:00,Монголросцветмет ТӨҮГ,Mongolrostsvetmet (ex-Erdenes Critical Minerals),MRTSM-26-05,Iron ore,Iron ore Fe 52%,Fe-52% Төмрийн хүдэр,USD,65.0,2.0,6600.0,https://mse.mn/uploads/auction_schedules/mn-1dd731d8-c6fa-4814-bf83-b59397d8a28f.pdf,Тогтмол үнэтэй,https://mse.mn/uploads/auction_schedules/lab-8751e354-11c0-48e8-bb9f-50754f743bc9.pdf,,,reported,,MRTSM-26-05
2026-10-05 03:41,2026-10-09,10:00,Энержи Ресурс ХХК,Energy Resources,ER-26194,Coal,Washed coking coal,Баяжуулсан коксжих нүүрс,CNY,1150.0,2.0,12800.0,https://mse.mn/uploads/auction_schedules/mn-7b029027-46d6-4cac-b36b-82d35aceea61.pdf,Тогтмол үнэтэй,https://mse.mn/uploads/auction_schedules/lab-fe53cd1c-508a-4c8e-b835-e219b30763ca.pdf,,,reported,,ER-26194
2026-10-05 03:41,2026-10-08,14:00,Энержи Ресурс ХХК,Energy Resources,ER-26193,Coal,Washed non-coking-quality coal,Баяжуулсан коксжих чанаргүй нүүрс,CNY,500.0,3.0,19200.0,https://mse.mn/uploads/auction_schedules/mn-5d89d83c-127d-4330-b42b-b42b6944ec53.pdf,Тогтмол үнэтэй,https://mse.mn/uploads/auction_schedules/lab-343a6375-9686-424c-8193-fb4204683753.pdf,,,reported,,ER-26193
2026-10-05 03:41,2026-10-08,11:00,Монголросцветмет ТӨҮГ,Mongolrostsvetmet (ex-Erdenes Critical Minerals),MRTSM-26-04,Iron ore,Iron concentrate Fe 65%,Fe-65% Төмрийн баяжмал,USD,85.0,1.0,3300.0,https://mse.mn/uploads/auction_schedules/mn-c8fa21e7-52d4-43d9-821b-7bb840c044bc.pdf,Тогтмол үнэтэй,https://mse.mn/uploads/auction_schedules/lab-78760d6d-b2f0-4378-b266-f8093fba397d.pdf,,,reported,,MRTSM-26-04
2026-10-05 03:41,2026-10-07,11:00,Монголросцветмет ТӨҮГ,Mongolrostsvetmet (ex-Erdenes Critical Minerals),MRTSM-26-03,Iron ore,Iron ore Fe 52%,Fe-52% Төмрийн хүдэр,USD,65.0,2.0,6600.0,https://mse.mn/uploads/auction_schedules/mn-64c3a1ed-7408-4d7a-9fbb-2e29b8452b3b.pdf,Тогтмол үнэтэй,https://mse.mn/uploads/auction_schedules/lab-01264321-b298-40a9-934d-5ad2c34ad7b5.pdf,,,reported,,MRTSM-26-03
2026-10-05 03:41,2026-10-07,10:00,Энержи Ресурс ХХК,Energy Resources,ER-26192,Coal,Washed coking coal,Баяжуулсан коксжих нүүрс,CNY,1150.0,2.0,12800.0,https://mse.mn/uploads/auction_schedules/mn-84ba530a-40cf-4964-ab80-8a1005707ea5.pdf,Тогтмол үнэтэй,https://mse.mn/uploads/auction_schedules/lab-cb2bf2f5-e310-419b-991b-bc5bd88bb216.pdf,,,reported,,ER-26192
2026-10-05 03:41,2026-10-06,11:00,Тавантолгой ХК,Tavan Tolgoi JSC,TTOA-2026-047,Coal,Washed non-coking-quality coal,Баяжуулсан коксжих чанаргүй нүүрс,USD,65.0,50.0,320000.0,https://mse.mn/uploads/auction_schedules/mn-06235ab5-83e0-4ab6-8374-96cf48c50414.pdf,Индексэд суурилсан үнэтэй,https://mse.mn/uploads/auction_schedules/lab-6f82aa17-b5bb-4420-aad4-1f0033ebfa07.pdf,,,reported,,TTOA-2026-047
2026-10-05 03:41,2026-10-06,11:00,Монголросцветмет ТӨҮГ,Mongolrostsvetmet (ex-Erdenes Critical Minerals),MRTSM-26-02,Iron ore,Iron concentrate Fe 65%,Fe-65% Төмрийн баяжмал,USD,85.0,1.0,3300.0,https://mse.mn/uploads/auction_schedules/mn-b581c744-abe7-4e58-9920-a8ada569fcff.pdf,Тогтмол үнэтэй,https://mse.mn/uploads/auction_schedules/lab-462d65d7-8fa0-4e09-bcd3-72c153fd8749.pdf,,,reported,,MRTSM-26-02
2026-10-05 03:41,2026-10-06,10:00,Тавантолгой ХК,Tavan Tolgoi JSC,TTOA-2026-046,Coal,Washed semi-soft coking coal,Баяжуулсан сул коксжих нүүрс,USD,128.0,157.0,1004800.0,https://mse.mn/uploads/auction_schedules/mn-c33197a5-8876-4c29-92ec-b9ebc5ad592f.pdf,Индексэд суурилсан үнэтэй,https://mse.mn/uploads/auction_schedules/lab-2528c961-0086-4ef2-aa79-44bada3f362e.pdf,,,reported,,TTOA-2026-046
2026-10-05 03:41,2026-10-05,11:00,Монголросцветмет ТӨҮГ,Mongolrostsvetmet (ex-Erdenes Critical Minerals),MRTSM-26-01,Iron ore,Iron ore Fe 52%,Fe-52% Төмрийн хүдэр,USD,65.0,2.0,6600.0,https://mse.mn/uploads/auction_schedules/mn-77c96ce9-93fd-4922-a4ce-e32151edbdf7.pdf,Тогтмол үнэтэй,https://mse.mn/uploads/auction_schedules/lab-89bdc0f1-a926-438b-bd6b-bcbec32b0100.pdf,,,reported,,MRTSM-26-01
2026-10-05 03:41,2026-10-05,10:00,Энержи Ресурс ХХК,Energy Resources,ER-26191,Coal,Washed coking coal,Баяжуулсан коксжих нүүрс,CNY,1150.0,2.0,12800.0,https://mse.mn/uploads/auction_schedules/mn-ee60252e-4979-4117-b8d1-dc5d570eab23.pdf,Тогтмол үнэтэй,https://mse.mn/uploads/auction_schedules/lab-d78b9e60-236d-441d-a557-10a87121b136.pdf,,,reported,,ER-26191
2026-10-05 03:41,2026-10-02,10:00,Тавантолгой ХК,Tavan Tolgoi JSC,TTOA-2026-048,Coal,1/3 coking coal,1/3 коксжих нүүрс,USD,101.0,157.0,1004800.0,https://mse.mn/uploads/auction_schedules/mn-25c63d1d-6288-4b06-9330-65c527489736.pdf,Тогтмол үнэтэй,https://mse.mn/uploads/auction_schedules/lab-f1e8d474-6024-4b72-a534-b07d4709d616.pdf,,,reported,,TTOA-2026-048
2026-10-05 03:41,2026-10-02,10:00,Энержи Ресурс ХХК,Energy Resources,ER-26190,Coal,Washed coking coal,Баяжуулсан коксжих нүүрс,CNY,1150.0,2.0,12800.0,https://mse.mn/uploads/auction_schedules/mn-10ae7359-62e8-4d85-a7bf-4e27d761168f.pdf,Тогтмол үнэтэй,https://mse.mn/uploads/auction_schedules/lab-e10edcc9-2904-4e78-bc3c-52cc45a30b5d.pdf,,,reported,,ER-26190
2026-10-05 03:41,2026-10-01,14:00,Хангад Эксплорэйшн ХХК,Khangad Exploration,KH-26016,Coal,Washed medium-ash semi-hard coking coal,"Баяжуулсан дунд зэрэг үнстэй, хагас хатуу коксжих нүүрс",CNY,500.0,3.0,19200.0,https://mse.mn/uploads/auction_schedules/mn-66c7094d-3450-460c-8f59-014f6d637150.pdf,Тогтмол үнэтэй,https://mse.mn/uploads/auction_schedules/lab-29632353-1812-4684-9822-2b3dc532d459.pdf,,,reported,,KH-26016
2026-10-05 03:41,2026-09-30,10:00,Энержи Ресурс ХХК,Energy Resources,ER-26189,Coal,Washed coking coal,Баяжуулсан коксжих нүүрс,CNY,1150.0,2.0,12800.0,https://mse.mn/uploads/auction_schedules/mn-5b80cb87-82ca-459a-865d-c4f5ba64c6bf.pdf,Тогтмол үнэтэй,https://mse.mn/uploads/auction_schedules/lab-142fa269-a11d-4d51-a9bc-196021658e95.pdf,,,reported,,ER-26189
2026-10-05 03:41,2026-09-29,11:00,Монголросцветмет ТӨҮГ,Mongolrostsvetmet (ex-Erdenes Critical Minerals),ECM-26-146,Iron ore,Iron ore Fe 52%,Fe-52% Төмрийн хүдэр,USD,65.0,2.0,6600.0,https://mse.mn/uploads/auction_schedules/mn-9925fedb-53aa-4838-b21c-6857fdf522cb.pdf,Тогтмол үнэтэй,https://mse.mn/uploads/auction_schedules/lab-4373e0b4-fedc-4f9d-a141-5102e563a2d7.pdf,,,reported,,ECM-26-146
2026-10-05 03:41,2026-09-28,11:00,Монголросцветмет ТӨҮГ,Mongolrostsvetmet (ex-Erdenes Critical Minerals),ECM-26-145,Iron ore,Iron ore Fe 52%,Fe-52% Төмрийн хүдэр,USD,65.0,2.0,6600.0,https://mse.mn/uploads/auction_schedules/mn-56b2cbaa-726f-4d30-8aa8-9f01be8d2991.pdf,Тогтмол үнэтэй,https://mse.mn/uploads/auction_schedules/lab-3cc5ef40-1de4-449a-bb60-5a52c6853515.pdf,,,reported,,ECM-26-145
2026-10-05 03:41,2026-09-28,10:00,Энержи Ресурс ХХК,Energy Resources,ER-26188,Coal,Washed coking coal,Баяжуулсан коксжих нүүрс,CNY,1150.0,2.0,12800.0,https://mse.mn/uploads/auction_schedules/mn-7ad296c0-40fc-4f32-a32a-b62ad59ed2ef.pdf,Тогтмол үнэтэй,https://mse.mn/uploads/auction_schedules/lab-222062c4-ba42-4bd1-99b8-a1194dac3257.pdf,,,reported,,ER-26188
2026-10-05 03:41,2026-09-25,15:00,Эрдэнэт Үйлдвэр ТӨҮГ,Erdenet Mining Corporation,ERD-12-2026,Copper,Copper concentrate (22.35% Cu),22.35%-ийн зэсийн агуулгатай баяжмал,USD,3318.59,7.0,6342.0,https://mse.mn/uploads/auction_schedules/mn-ae572852-e3b7-400e-992c-fcc1db5e2c37.pdf,Тогтмол үнэтэй,https://mse.mn/uploads/auction_schedules/lab-7bab92ba-3441-476b-93fb-b5b0fbc64152.pdf,,,reported,,ERD-12-2026
2026-10-05 03:41,2026-09-25,11:00,Монголросцветмет ТӨҮГ,Mongolrostsvetmet (ex-Erdenes Critical Minerals),ECM-26-144,Iron ore,Iron ore Fe 52%,Fe-52% Төмрийн хүдэр,USD,65.0,2.0,6600.0,https://mse.mn/uploads/auction_schedules/mn-2be124a5-b5b9-463f-9432-bafd6285a94a.pdf,Тогтмол үнэтэй,https://mse.mn/uploads/auction_schedules/lab-eb1b6611-0ee6-4fe1-a2ac-1c540d363be3.pdf,,,reported,,ECM-26-144
2026-10-05 03:41,2026-09-25,10:00,Энержи Ресурс ХХК,Energy Resources,ER-26187,Coal,Washed coking coal,Баяжуулсан коксжих нүүрс,CNY,1150.0,2.0,12800.0,https://mse.mn/uploads/auction_schedules/mn-e4458524-d871-4759-897b-287a588293d8.pdf,Тогтмол үнэтэй,https://mse.mn/uploads/auction_schedules/lab-2db8e288-4187-4bb7-ad4c-f12c2a7eef36.pdf,,,reported,,ER-26187
2026-10-05 03:41,2026-09-24,15:00,Эрдэнэт Үйлдвэр ТӨҮГ,Erdenet Mining Corporation,ERD-11-2026,Molybdenum,Molybdenum concentrate (>=44% Mo),44%-c багагүй молибдены агуулгатай баяжмал,USD,28504.17,14.0,499408.0,https://mse.mn/uploads/auction_schedules/mn-c13e700f-24ee-4c82-ad7e-0e2cdd5ba7a8.pdf,Тогтмол үнэтэй,https://mse.mn/uploads/auction_schedules/lab-43dc961f-3828-4fd7-9d54-6b52753e7b5e.pdf,,,reported,,ERD-11-2026
2026-10-05 03:41,2026-09-24,14:00,Энержи Ресурс ХХК,Energy Resources,ER-26186,Coal,Washed non-coking-quality coal,Баяжуулсан коксжих чанаргүй нүүрс,CNY,500.0,3.0,19200.0,https://mse.mn/uploads/auction_schedules/mn-50b52ca0-03b1-42bc-a121-3f7727bc0c7d.pdf,Тогтмол үнэтэй,https://mse.mn/uploads/auction_schedules/lab-f4dea8d4-bebf-4def-8338-6492981416a7.pdf,,,reported,,ER-26186
2026-10-05 03:41,2026-09-23,14:00,Эрдэнэс Тавантолгой ХК,Erdenes Tavan Tolgoi,2648-CO,Coal,Medium-volatile coking coal,"Дэгдэмхий бодис дунд, коксжих нүүрс",USD,197.5,10.0,64000.0,https://mse.mn/uploads/auction_schedules/mn-2648-CO.pdf,Тогтмол үнэтэй,https://mse.mn/uploads/auction_schedules/lab-8abcb090-4251-45e9-a527-1a43282e99db.pdf,,,reported,,2648-CO
2026-10-05 03:41,2026-09-23,11:00,Монголросцветмет ТӨҮГ,Mongolrostsvetmet (ex-Erdenes Critical Minerals),ECM-26-143,Iron ore,Iron ore Fe 52%,Fe-52% Төмрийн хүдэр,USD,65.0,2.0,6600.0,https://mse.mn/uploads/auction_schedules/mn-1f6e21f1-7540-4cb2-a467-9d929911911f.pdf,Тогтмол үнэтэй,https://mse.mn/uploads/auction_schedules/lab-39d475b8-64c7-458b-9841-fc5595b58fa6.pdf,,,reported,,ECM-26-143
2026-10-05 03:41,2026-09-23,10:00,Энержи Ресурс ХХК,Energy Resources,ER-26185,Coal,Washed coking coal,Баяжуулсан коксжих нүүрс,CNY,1150.0,2.0,12800.0,https://mse.mn/uploads/auction_schedules/mn-28f31dcd-a4fc-418d-9271-ce008836bece.pdf,Тогтмол үнэтэй,https://mse.mn/uploads/auction_schedules/lab-045b38b8-f025-4a90-b866-87f4dd642bc3.pdf,,,reported,,ER-26185
2026-10-05 03:41,2026-09-23,10:00,Эрдэнэс Тавантолгой ХК,Erdenes Tavan Tolgoi,2647-CO,Coal,Medium-volatile coking coal,"Дэгдэмхий бодис дунд, коксжих нүүрс",USD,197.5,10.0,64000.0,https://mse.mn/uploads/auction_schedules/mn-2647-CO.pdf,Тогтмол үнэтэй,https://mse.mn/uploads/auction_schedules/lab-f66721d1-915c-4439-b24c-5a8bbf897c3f.pdf,,,reported,,2647-CO
2026-10-05 03:41,2026-09-22,14:00,Эрдэнэс Тавантолгой ХК,Erdenes Tavan Tolgoi,2646-CO,Coal,Medium-volatile coking coal,"Дэгдэмхий бодис дунд, коксжих нүүрс",USD,197.5,10.0,64000.0,https://mse.mn/uploads/auction_schedules/mn-2646-CO.pdf,Тогтмол үнэтэй,https://mse.mn/uploads/auction_schedules/lab-c4ed2c65-8d12-4500-8a37-8e122824ae6d.pdf,,,reported,,2646-CO
2026-10-05 03:41,2026-09-22,11:00,Монголросцветмет ТӨҮГ,Mongolrostsvetmet (ex-Erdenes Critical Minerals),ECM-26-142,Iron ore,Iron ore Fe 52%,Fe-52% Төмрийн хүдэр,USD,72.0,1.0,3300.0,https://mse.mn/uploads/auction_schedules/mn-3b47ef97-e3bf-4558-85c1-f5b12ddcdc70.pdf,Тогтмол үнэтэй,https://mse.mn/uploads/auction_schedules/lab-80f43360-be85-42d1-b059-46a770b77020.pdf,,,reported,,ECM-26-142
2026-10-05 03:41,2026-09-22,10:00,Эрдэнэс Тавантолгой ХК,Erdenes Tavan Tolgoi,2645-CO,Coal,Medium-volatile coking coal,"Дэгдэмхий бодис дунд, коксжих нүүрс",USD,197.5,10.0,64000.0,https://mse.mn/uploads/auction_schedules/mn-2645-CO.pdf,Тогтмол үнэтэй,https://mse.mn/uploads/auction_schedules/lab-9ca88b3f-09f8-439e-b42a-f4718e892a76.pdf,,,reported,,2645-CO
2026-10-05 03:41,2026-09-21,14:00,Эрдэнэс Тавантолгой ХК,Erdenes Tavan Tolgoi,2644-CO,Coal,Medium-volatile coking coal,"Дэгдэмхий бодис дунд, коксжих нүүрс",USD,197.5,10.0,64000.0,https://mse.mn/uploads/auction_schedules/mn-2644-CO.pdf,Тогтмол үнэтэй,https://mse.mn/uploads/auction_schedules/lab-43d188d5-f2ea-4042-a8a3-479e750678d9.pdf,,,reported,,2644-CO
2026-10-05 03:41,2026-09-21,11:00,Монголросцветмет ТӨҮГ,Mongolrostsvetmet (ex-Erdenes Critical Minerals),ECM-26-141,Iron ore,Iron ore Fe 52%,Fe-52% Төмрийн хүдэр,USD,72.0,1.0,3300.0,https://mse.mn/uploads/auction_schedules/mn-1f088963-a976-4bb6-b648-0bedc6cdf881.pdf,Тогтмол үнэтэй,https://mse.mn/uploads/auction_schedules/lab-159f2e59-066f-4e59-a4be-ae59db4d481a.pdf,,,reported,,ECM-26-141
2026-10-05 03:41,2026-09-21,10:00,Энержи Ресурс ХХК,Energy Resources,ER-26184,Coal,Washed coking coal,Баяжуулсан коксжих нүүрс,CNY,1150.0,2.0,12800.0,https://mse.mn/uploads/auction_schedules/mn-ea8f89d8-d28a-4a4a-8923-2c5decfb5686.pdf,Тогтмол үнэтэй,https://mse.mn/uploads/auction_schedules/lab-1aceff4e-85a1-4fea-a28c-60a242ff2697.pdf,,,reported,,ER-26184
2026-10-05 03:41,2026-09-21,10:00,Эрдэнэс Тавантолгой ХК,Erdenes Tavan Tolgoi,2643-CO,Coal,Medium-volatile coking coal,"Дэгдэмхий бодис дунд, коксжих нүүрс",USD,197.5,10.0,64000.0,https://mse.mn/uploads/auction_schedules/mn-2643-CO.pdf,Тогтмол үнэтэй,https://mse.mn/uploads/auction_schedules/lab-e635e798-0844-4aaf-86b4-f1e8500697e7.pdf,,,reported,,2643-CO
2026-10-05 03:41,2026-09-18,14:00,Эрдэнэс Тавантолгой ХК,Erdenes Tavan Tolgoi,2642-CO,Coal,Medium-volatile coking coal,"Дэгдэмхий бодис дунд, коксжих нүүрс",USD,197.5,10.0,64000.0,https://mse.mn/uploads/auction_schedules/mn-2642-CO.pdf,Тогтмол үнэтэй,https://mse.mn/uploads/auction_schedules/lab-10458e5e-48cf-4779-a964-a83239c02a75.pdf,,,reported,,2642-CO
2026-10-05 03:41,2026-09-18,11:00,Монголросцветмет ТӨҮГ,Mongolrostsvetmet (ex-Erdenes Critical Minerals),ECM-26-140,Iron ore,Iron ore Fe 52%,Fe-52% Төмрийн хүдэр,USD,65.0,2.0,6600.0,https://mse.mn/uploads/auction_schedules/mn-13944a49-85d8-47b3-bbfb-99054ae4e5bb.pdf,Тогтмол үнэтэй,https://mse.mn/uploads/auction_schedules/lab-cccba827-27cb-465b-9307-5f9dba1d46e1.pdf,,,reported,,ECM-26-140
2026-10-05 03:41,2026-09-18,10:00,Эрдэнэс Тавантолгой ХК,Erdenes Tavan Tolgoi,2641-CO,Coal,Medium-volatile coking coal,"Дэгдэмхий бодис дунд, коксжих нүүрс",USD,197.5,10.0,64000.0,https://mse.mn/uploads/auction_schedules/mn-2641-CO.pdf,Тогтмол үнэтэй,https://mse.mn/uploads/auction_schedules/lab-7d75fb00-3efc-4a11-8e0f-9a5856b1ad39.pdf,,,reported,,2641-CO
2026-10-05 03:41,2026-09-18,10:00,Энержи Ресурс ХХК,Energy Resources,ER-26183,Coal,Washed coking coal,Баяжуулсан коксжих нүүрс,CNY,1150.0,2.0,12800.0,https://mse.mn/uploads/auction_schedules/mn-890afe5d-a693-4345-a085-62fc92c13c15.pdf,Тогтмол үнэтэй,https://mse.mn/uploads/auction_schedules/lab-a070097b-35c1-4cb4-8b49-66a2353106e6.pdf,,,reported,,ER-26183
2026-10-05 03:41,2026-09-17,14:00,Эрдэнэс Тавантолгой ХК,Erdenes Tavan Tolgoi,2640-CO,Coal,Medium-volatile coking coal,"Дэгдэмхий бодис дунд, коксжих нүүрс",USD,197.5,10.0,64000.0,https://mse.mn/uploads/auction_schedules/mn-e60cdbd9-51ba-465b-8d11-37447255d4cb.pdf,Тогтмол үнэтэй,https://mse.mn/uploads/auction_schedules/lab-99baa769-792e-4795-9fda-5702e585b13b.pdf,,,reported,,2640-CO
2026-10-05 03:41,2026-09-17,14:00,Энержи Ресурс ХХК,Energy Resources,ER-26182,Coal,Washed non-coking-quality coal,Баяжуулсан коксжих чанаргүй нүүрс,CNY,500.0,3.0,19200.0,https://mse.mn/uploads/auction_schedules/mn-8068034e-e2f1-490e-9643-6d5ca1008138.pdf,Тогтмол үнэтэй,https://mse.mn/uploads/auction_schedules/lab-f0888484-79c1-4f5d-b8a6-6f81a185fa09.pdf,,,reported,,ER-26182
2026-10-05 03:41,2026-09-17,10:00,Эрдэнэс Тавантолгой ХК,Erdenes Tavan Tolgoi,2639-CO,Coal,Medium-volatile coking coal,"Дэгдэмхий бодис дунд, коксжих нүүрс",USD,197.5,10.0,64000.0,https://mse.mn/uploads/auction_schedules/mn-fff6cac9-465c-469a-b135-226dcdbf4802.pdf,Тогтмол үнэтэй,https://mse.mn/uploads/auction_schedules/lab-f27e3b98-2130-44d9-8971-fd8839918aae.pdf,,,reported,,2639-CO
2026-10-05 03:41,2026-09-16,14:00,Эрдэнэс Тавантолгой ХК,Erdenes Tavan Tolgoi,2639-13 WCO,Coal,Washed semi-soft coking coal,Баяжуулсан сул коксжих нүүрс,USD,176.4,10.0,64000.0,https://mse.mn/uploads/auction_schedules/mn-3a88cb97-37c7-419c-862b-f6cb10e6d4e5.pdf,Тогтмол үнэтэй,https://mse.mn/uploads/auction_schedules/lab-7244cb07-0846-4d98-9956-6bb6d096e724.pdf,,,reported,,2639-13 WCO
2026-10-05 03:41,2026-09-16,11:00,Монголросцветмет ТӨҮГ,Mongolrostsvetmet (ex-Erdenes Critical Minerals),ECM-26-139,Iron ore,Iron ore Fe 52%,Fe-52% Төмрийн хүдэр,USD,65.0,2.0,6600.0,https://mse.mn/uploads/auction_schedules/mn-7f618976-205d-4dd4-b8d1-c0df5c7994fa.pdf,Тогтмол үнэтэй,https://mse.mn/uploads/auction_schedules/lab-9e8893ec-7c1d-41a8-b7b9-a2575c6a9c41.pdf,,,reported,,ECM-26-139
2026-10-05 03:41,2026-09-16,10:00,Эрдэнэс Тавантолгой ХК,Erdenes Tavan Tolgoi,2638-CO,Coal,Medium-volatile coking coal,"Дэгдэмхий бодис дунд, коксжих нүүрс",USD,197.5,20.0,128000.0,https://mse.mn/uploads/auction_schedules/mn-f5656f10-73a1-45b5-8d1a-41c6e2f98dd9.pdf,Тогтмол үнэтэй,https://mse.mn/uploads/auction_schedules/lab-efbed81a-499a-426b-8c1c-154847fc813d.pdf,,,reported,,2638-CO
2026-10-05 03:41,2026-09-16,10:00,Энержи Ресурс ХХК,Energy Resources,ER-26181,Coal,Washed coking coal,Баяжуулсан коксжих нүүрс,CNY,1150.0,2.0,12800.0,https://mse.mn/uploads/auction_schedules/mn-61cd0672-f216-4284-8710-89ad49c427a6.pdf,Тогтмол үнэтэй,https://mse.mn/uploads/auction_schedules/lab-8733d137-cce2-4bbf-802a-4d855761420d.pdf,,,reported,,ER-26181
2026-10-05 03:41,2026-09-15,15:00,Эрдэнэс Тавантолгой ХК,Erdenes Tavan Tolgoi,2635-TC,Coal,"Thermal coal (bituminous, non-caking)","Эрчим хүчний нүүрс /Битумт, үл барьцалдах нүүрс/",USD,79.7,40.0,256000.0,https://mse.mn/uploads/auction_schedules/mn-6e618aeb-837b-47fd-b6e5-109d6b4e5fe0.pdf,Тогтмол үнэтэй,https://mse.mn/uploads/auction_schedules/lab-b9a9588e-f6ab-47e1-949c-0990bae92a18.pdf,,,reported,,2635-TC
2026-10-05 03:41,2026-09-15,14:00,Эрдэнэс Тавантолгой ХК,Erdenes Tavan Tolgoi,2638-13 WCO,Coal,Washed semi-soft coking coal,Баяжуулсан сул коксжих нүүрс,USD,176.4,10.0,64000.0,https://mse.mn/uploads/auction_schedules/mn-1dcc961e-84dd-4f19-a6da-0069abafc441.pdf,Тогтмол үнэтэй,https://mse.mn/uploads/auction_schedules/lab-0e7ed09b-78e9-40a1-89f0-efddfd0c3181.pdf,,,reported,,2638-13 WCO
2026-10-05 03:41,2026-09-15,11:00,Эрдэнэс Тавантолгой ХК,Erdenes Tavan Tolgoi,2634-TC,Coal,"Thermal coal (bituminous, non-caking)","Эрчим хүчний нүүрс /Битумт, үл барьцалдах нүүрс/",USD,84.1,40.0,256000.0,https://mse.mn/uploads/auction_schedules/mn-28d05b08-644e-4e2e-b815-79ac354f0f1f.pdf,Тогтмол үнэтэй,https://mse.mn/uploads/auction_schedules/lab-87dc8459-bffd-4519-9c5a-80176525fff3.pdf,,,reported,,2634-TC
2026-10-05 03:41,2026-09-15,10:00,Эрдэнэс Тавантолгой ХК,Erdenes Tavan Tolgoi,2637-CO,Coal,Medium-volatile coking coal,"Дэгдэмхий бодис дунд, коксжих нүүрс",USD,197.5,20.0,128000.0,https://mse.mn/uploads/auction_schedules/mn-31c4ccec-7ad5-4922-b70f-5747040e9665.pdf,Тогтмол үнэтэй,https://mse.mn/uploads/auction_schedules/lab-eeb5bcae-2220-4631-be79-ab15e5682947.pdf,,,reported,,2637-CO
2026-10-05 03:41,2026-09-14,15:00,Эрдэнэс Тавантолгой ХК,Erdenes Tavan Tolgoi,26118-13 CO,Coal,1/3 coking coal,1/3 коксжих нүүрс,USD,125.2,40.0,256000.0,https://mse.mn/uploads/auction_schedules/mn-1868a4ef-4c62-499a-a1a5-325493b6f10b.pdf,Тогтмол үнэтэй,https://mse.mn/uploads/auction_schedules/lab-150fd968-644a-4db5-b852-eba41b296e12.pdf,,,reported,,26118-13 CO
2026-10-05 03:41,2026-09-14,14:00,Эрдэнэс Тавантолгой ХК,Erdenes Tavan Tolgoi,26120-13 CO,Coal,1/3 coking coal,1/3 коксжих нүүрс,USD,111.3,40.0,256000.0,https://mse.mn/uploads/auction_schedules/mn-c39792f4-b875-421e-a245-ab25e768ed78.pdf,Тогтмол үнэтэй,https://mse.mn/uploads/auction_schedules/lab-c7e5f740-f5ee-4c63-975a-9fd827c85ab0.pdf,,,reported,,26120-13 CO
2026-10-05 03:41,2026-09-14,11:00,Эрдэнэс Тавантолгой ХК,Erdenes Tavan Tolgoi,26119-13 CO,Coal,1/3 coking coal,1/3 коксжих нүүрс,USD,183.2,40.0,256000.0,https://mse.mn/uploads/auction_schedules/mn-9c84495d-ccba-41b6-8289-b505375f493d.pdf,Тогтмол үнэтэй,https://mse.mn/uploads/auction_schedules/lab-9cd38c44-7526-405d-9f40-8f6d6cb6516a.pdf,,,reported,,26119-13 CO
2026-10-05 03:41,2026-09-14,11:00,Монголросцветмет ТӨҮГ,Mongolrostsvetmet (ex-Erdenes Critical Minerals),ECM-26-138,Iron ore,Iron ore Fe 52%,Fe-52% Төмрийн хүдэр,USD,65.0,2.0,6600.0,https://mse.mn/uploads/auction_schedules/mn-a26dcb48-8d80-42ce-9fe5-0a7fc22bc379.pdf,Тогтмол үнэтэй,https://mse.mn/uploads/auction_schedules/lab-a8018a2a-5fb5-46b9-a19e-4ee2298b7d6a.pdf,,,reported,,ECM-26-138
2026-10-05 03:41,2026-09-14,10:00,Эрдэнэс Тавантолгой ХК,Erdenes Tavan Tolgoi,26117-13 CO,Coal,1/3 coking coal,1/3 коксжих нүүрс,USD,138.4,40.0,256000.0,https://mse.mn/uploads/auction_schedules/mn-02ca9479-174c-4fe0-b1a8-afe068aa9088.pdf,Тогтмол үнэтэй,https://mse.mn/uploads/auction_schedules/lab-16a7d40b-ddec-4b33-a4f3-2760c70fbb6b.pdf,,,reported,,26117-13 CO
2026-10-05 03:41,2026-09-14,10:00,Энержи Ресурс ХХК,Energy Resources,ER-26180,Coal,Washed coking coal,Баяжуулсан коксжих нүүрс,CNY,1150.0,2.0,12800.0,https://mse.mn/uploads/auction_schedules/mn-f4c7b5d4-d0a7-4bc2-8175-0a7cfc76a9ea.pdf,Тогтмол үнэтэй,https://mse.mn/uploads/auction_schedules/lab-a9750e57-9d3c-4fe2-a15b-ac09b696fe42.pdf,,,reported,,ER-26180
2026-10-05 03:41,2026-09-11,15:00,Тавантолгой ХК,Tavan Tolgoi JSC,TTOA-2026-044,Coal,1/3 coking coal,1/3 коксжих нүүрс,USD,160.0,16.0,102400.0,https://mse.mn/uploads/auction_schedules/mn-1b8159f3-c5ac-45bc-95f6-f18bb764b8ce.pdf,Тогтмол үнэтэй,https://mse.mn/uploads/auction_schedules/lab-3ab3ae15-c109-4e37-9496-252a2794a242.pdf,,,reported,,TTOA-2026-044
2026-10-05 03:41,2026-09-11,14:00,Тавантолгой ХК,Tavan Tolgoi JSC,TTOA-2026-043,Coal,1/3 coking coal,1/3 коксжих нүүрс,USD,160.0,16.0,102400.0,https://mse.mn/uploads/auction_schedules/mn-c7e000ca-343e-47dc-84dc-542dde79c5b2.pdf,Тогтмол үнэтэй,https://mse.mn/uploads/auction_schedules/lab-b22cc6e6-68f7-41bc-83c0-22d5e108e8ce.pdf,,,reported,,TTOA-2026-043
2026-10-05 03:41,2026-09-11,11:00,Тавантолгой ХК,Tavan Tolgoi JSC,TTOA-2026-042,Coal,Medium-volatile coking coal,"Дэгдэмхий бодис дунд, коксжих нүүрс",USD,180.0,16.0,102400.0,https://mse.mn/uploads/auction_schedules/mn-931a02e7-73c1-4c6b-87b0-63e07d8d99ec.pdf,Тогтмол үнэтэй,https://mse.mn/uploads/auction_schedules/lab-4129bbfd-2539-433b-987b-409a7dae23cb.pdf,,,reported,,TTOA-2026-042
2026-10-05 03:41,2026-09-11,10:00,Тавантолгой ХК,Tavan Tolgoi JSC,TTOA-2026-041,Coal,Medium-volatile coking coal,"Дэгдэмхий бодис дунд, коксжих нүүрс",USD,180.0,16.0,102400.0,https://mse.mn/uploads/auction_schedules/mn-17b39e67-c7e5-46d8-a082-13cfe3e78910.pdf,Тогтмол үнэтэй,https://mse.mn/uploads/auction_schedules/lab-0ea79671-6c06-4c4e-8465-58a951cc06d6.pdf,,,reported,,TTOA-2026-041
2026-10-05 03:41,2026-09-11,10:00,Энержи Ресурс ХХК,Energy Resources,ER-26179,Coal,Washed coking coal,Баяжуулсан коксжих нүүрс,CNY,1150.0,2.0,12800.0,https://mse.mn/uploads/auction_schedules/mn-53b5157d-0714-4079-b450-6e2dfd5c31ee.pdf,Тогтмол үнэтэй,https://mse.mn/uploads/auction_schedules/lab-dbf6851d-f64f-4464-9794-dfade167ee76.pdf,,,reported,,ER-26179
2026-10-05 03:41,2026-09-10,15:00,Эрдэнэт Үйлдвэр ТӨҮГ,Erdenet Mining Corporation,ERD-10-2026,Molybdenum,Molybdenum concentrate (>=44% Mo),44%-c багагүй молибдены агуулгатай баяжмал,USD,28317.9,13.0,468.0,https://mse.mn/uploads/auction_schedules/mn-ERD-10-2026.pdf,,https://mse.mn/uploads/auction_schedules/lab-mn-ERD-10-2026.pdf,,,reported,,ERD-10-2026
2026-10-05 03:41,2026-09-10,14:00,Тавантолгой ХК,Tavan Tolgoi JSC,TTOA-2026-040,Coal,Washed non-coking-quality coal,Баяжуулсан коксжих чанаргүй нүүрс,USD,63.0,10.0,64000.0,https://mse.mn/uploads/auction_schedules/mn-481d17ad-6afa-4dc7-9cbc-c793f65adcf3.pdf,Тогтмол үнэтэй,https://mse.mn/uploads/auction_schedules/lab-3b0561f9-7d5e-442b-be4b-af194d0a3582.pdf,,,reported,,TTOA-2026-040
2026-10-05 03:41,2026-09-10,11:00,Тавантолгой ХК,Tavan Tolgoi JSC,TTOA-2026-039,Coal,Washed semi-soft coking coal,Баяжуулсан сул коксжих нүүрс,USD,120.0,32.0,204800.0,https://mse.mn/uploads/auction_schedules/mn-e9dcde59-5781-4d40-964a-cb9ce4c5b1b2.pdf,Тогтмол үнэтэй,https://mse.mn/uploads/auction_schedules/lab-1ba50178-990a-4d9e-8e93-086402caa6dd.pdf,,,reported,,TTOA-2026-039
2026-10-05 03:41,2026-09-10,11:00,Монголросцветмет ТӨҮГ,Mongolrostsvetmet (ex-Erdenes Critical Minerals),ECM-26-137,Iron ore,Iron ore Fe 52%,Fe-52% Төмрийн хүдэр,USD,65.0,2.0,6600.0,https://mse.mn/uploads/auction_schedules/mn-c818f957-5cc6-458f-8484-bf2f514a8bf4.pdf,Тогтмол үнэтэй,https://mse.mn/uploads/auction_schedules/lab-ab4e4061-21f9-4274-9ecd-e6f17b720092.pdf,,,reported,,ECM-26-137
2026-10-05 03:41,2026-09-10,10:00,Эрдэнэс Тавантолгой ХК,Erdenes Tavan Tolgoi,2633-TC,Coal,"Thermal coal (bituminous, non-caking)","Эрчим хүчний нүүрс /Битумт, үл барьцалдах нүүрс/",USD,63.9,20.0,128000.0,https://mse.mn/uploads/auction_schedules/mn-b97b585d-6cf9-4ce7-b915-2be0c8e03ff4.pdf,Тогтмол үнэтэй,https://mse.mn/uploads/auction_schedules/lab-f6004134-8640-428d-929a-333ce1e3c3ff.pdf,,,reported,,2633-TC
2026-10-05 03:41,2026-09-09,16:00,Эрдэнэс Тавантолгой ХК,Erdenes Tavan Tolgoi,2636-CO,Coal,Medium-volatile coking coal,"Дэгдэмхий бодис дунд, коксжих нүүрс",USD,187.5,10.0,64000.0,https://mse.mn/uploads/auction_schedules/mn-cb222216-e464-4b22-b60f-6f6a60ccae00.pdf,Тогтмол үнэтэй,https://mse.mn/uploads/auction_schedules/lab-b0558cc8-8c39-46f0-aab6-11f7d4c61fc9.pdf,,,reported,,2636-CO
2026-10-05 03:41,2026-09-09,14:00,Эрдэнэс Тавантолгой ХК,Erdenes Tavan Tolgoi,2632-TC,Coal,"Thermal coal (bituminous, non-caking)","Эрчим хүчний нүүрс /Битумт, үл барьцалдах нүүрс/",USD,69.7,20.0,128000.0,https://mse.mn/uploads/auction_schedules/mn-c13ee4aa-233d-491d-81f7-481bdd5b91d7.pdf,Тогтмол үнэтэй,https://mse.mn/uploads/auction_schedules/lab-c19e9f13-34e8-44d2-bc8d-fd7b61c4ee20.pdf,,,reported,,2632-TC
2026-10-05 03:41,2026-09-09,12:00,Эрдэнэс Тавантолгой ХК,Erdenes Tavan Tolgoi,2631-TC,Coal,"Thermal coal (bituminous, non-caking)","Эрчим хүчний нүүрс /Битумт, үл барьцалдах нүүрс/",USD,73.6,40.0,256000.0,https://mse.mn/uploads/auction_schedules/mn-3e127730-3204-4c7d-89b8-fffb624b849b.pdf,Тогтмол үнэтэй,https://mse.mn/uploads/auction_schedules/lab-cb8b5ae5-942a-4211-b684-e5cc62dc04da.pdf,,,reported,,2631-TC
2026-10-05 03:41,2026-09-09,10:00,Эрдэнэс Тавантолгой ХК,Erdenes Tavan Tolgoi,2635-CO,Coal,Medium-volatile coking coal,"Дэгдэмхий бодис дунд, коксжих нүүрс",USD,187.5,5.0,32000.0,https://mse.mn/uploads/auction_schedules/mn-046ff52c-85e3-4279-a2e4-cbeebd4c62ec.pdf,Тогтмол үнэтэй,https://mse.mn/uploads/auction_schedules/lab-b8964176-046d-4640-b2c9-8699430907dd.pdf,,,reported,,2635-CO
2026-10-05 03:41,2026-09-09,10:00,Энержи Ресурс ХХК,Energy Resources,ER-26178,Coal,Washed coking coal,Баяжуулсан коксжих нүүрс,CNY,1150.0,2.0,12800.0,https://mse.mn/uploads/auction_schedules/mn-b6593755-fe9b-4c04-845d-773ca4e09780.pdf,Тогтмол үнэтэй,https://mse.mn/uploads/auction_schedules/lab-6f2be3da-a8d6-46f5-97c6-530687028212.pdf,,,reported,,ER-26178
2026-10-05 03:41,2026-09-08,12:00,Эрдэнэс Тавантолгой ХК,Erdenes Tavan Tolgoi,2630-TC,Coal,"Thermal coal (bituminous, non-caking)","Эрчим хүчний нүүрс /Битумт, үл барьцалдах нүүрс/",USD,69.7,20.0,128000.0,https://mse.mn/uploads/auction_schedules/mn-e571e9a8-c350-465b-aa9e-17826062f5f5.pdf,Тогтмол үнэтэй,https://mse.mn/uploads/auction_schedules/lab-f64e1d1d-da11-4f05-bd31-b1770d6c1e94.pdf,,,reported,,2630-TC
2026-10-05 03:41,2026-09-08,11:00,Тавантолгой ХК,Tavan Tolgoi JSC,TTOA-2026-038,Coal,"Thermal coal (sub-bituminous, weakly caking)","Эрчим хүчний нүүрс /Саб-битумт, сул барьцалдах нүүрс/",USD,36.0,8.0,51200.0,https://mse.mn/uploads/auction_schedules/mn-f6cf6cba-9641-41e2-9b34-41e1ae990da1.pdf,Тогтмол үнэтэй,https://mse.mn/uploads/auction_schedules/lab-dcc9fcb1-0eea-4c53-a2b8-66c0d0d0aaf7.pdf,,,reported,,TTOA-2026-038
2026-10-05 03:41,2026-09-08,11:00,Монголросцветмет ТӨҮГ,Mongolrostsvetmet (ex-Erdenes Critical Minerals),ECM-26-136,Iron ore,Iron concentrate Fe 65%,Fe-65% Төмрийн баяжмал,USD,85.0,6.0,19800.0,https://mse.mn/uploads/auction_schedules/mn-faee6a13-4dd1-46dc-9b7d-1d0c8fe6c5f5.pdf,Тогтмол үнэтэй,https://mse.mn/uploads/auction_schedules/lab-7becd2c3-36b9-4faa-9322-93c549deb103.pdf,,,reported,,ECM-26-136
2026-10-05 03:41,2026-09-08,10:00,Эрдэнэс Тавантолгой ХК,Erdenes Tavan Tolgoi,2634-CO,Coal,Medium-volatile coking coal,"Дэгдэмхий бодис дунд, коксжих нүүрс",USD,187.5,10.0,64000.0,https://mse.mn/uploads/auction_schedules/mn-2e925d68-35ec-41a8-aed2-ff0c5b8eeab7.pdf,Тогтмол үнэтэй,https://mse.mn/uploads/auction_schedules/lab-62ebc2c8-7929-45bf-abdc-8d0846935d0f.pdf,,,reported,,2634-CO
2026-10-05 03:41,2026-09-07,14:00,Эрдэнэс Тавантолгой ХК,Erdenes Tavan Tolgoi,2629-TC,Coal,"Thermal coal (bituminous, non-caking)","Эрчим хүчний нүүрс /Битумт, үл барьцалдах нүүрс/",USD,69.7,20.0,128000.0,https://mse.mn/uploads/auction_schedules/mn-91f09ee3-8105-488f-aa82-9c44de67e58b.pdf,Тогтмол үнэтэй,https://mse.mn/uploads/auction_schedules/lab-bfc4328e-43e2-4f5f-b2ef-e818a92a2ced.pdf,,,reported,,2629-TC
2026-10-05 03:41,2026-09-07,12:00,Эрдэнэс Тавантолгой ХК,Erdenes Tavan Tolgoi,2637-13 WCO,Coal,Washed semi-soft coking coal,Баяжуулсан сул коксжих нүүрс,USD,171.4,10.0,64000.0,https://mse.mn/uploads/auction_schedules/mn-530b3bec-94c7-48b8-8f63-3bc0d8d9dd0f.pdf,Тогтмол үнэтэй,https://mse.mn/uploads/auction_schedules/lab-50f4056b-62fd-46fd-81a7-7a53727a833e.pdf,,,reported,,2637-13 WCO
2026-10-05 03:41,2026-09-07,11:00,Монголросцветмет ТӨҮГ,Mongolrostsvetmet (ex-Erdenes Critical Minerals),ECM-26-135,Iron ore,Iron ore Fe 52%,Fe-52% Төмрийн хүдэр,USD,65.0,2.0,6600.0,https://mse.mn/uploads/auction_schedules/mn-7458836a-6f61-472c-89e9-8e6e78eac406.pdf,Тогтмол үнэтэй,https://mse.mn/uploads/auction_schedules/lab-40fc1d33-5a5a-46b2-9983-187bda599447.pdf,,,reported,,ECM-26-135
2026-10-05 03:41,2026-09-07,10:00,Эрдэнэс Тавантолгой ХК,Erdenes Tavan Tolgoi,2633-CO,Coal,Medium-volatile coking coal,"Дэгдэмхий бодис дунд, коксжих нүүрс",USD,187.5,5.0,32000.0,https://mse.mn/uploads/auction_schedules/mn-286fa007-b51a-48b7-8d08-8241b0e46000.pdf,Тогтмол үнэтэй,https://mse.mn/uploads/auction_schedules/lab-8aaa305a-0cf2-48b5-80b5-979aae58a617.pdf,,,reported,,2633-CO
2026-10-05 03:41,2026-09-07,10:00,Энержи Ресурс ХХК,Energy Resources,ER-26177,Coal,Washed coking coal,Баяжуулсан коксжих нүүрс,CNY,1150.0,2.0,12800.0,https://mse.mn/uploads/auction_schedules/mn-779a4412-89be-4f81-9987-28f79c315496.pdf,Тогтмол үнэтэй,https://mse.mn/uploads/auction_schedules/lab-ae782b26-7035-453b-9386-1f944dea9351.pdf,,,reported,,ER-26177
2026-10-05 03:41,2026-09-04,14:00,Тавантолгой ХК,Tavan Tolgoi JSC,TTOA-2026-037,Coal,Medium-volatile coking coal,"Дэгдэмхий бодис дунд, коксжих нүүрс",USD,160.0,32.0,204800.0,https://mse.mn/uploads/auction_schedules/mn-a053ef96-f260-4fd0-93ba-05cf3068a126.pdf,Тогтмол үнэтэй,https://mse.mn/uploads/auction_schedules/lab-10f78bc5-fdc8-4bd0-87b8-e4f761fab313.pdf,,,reported,,TTOA-2026-037
2026-10-05 03:41,2026-09-04,14:00,Эрдэнэс Тавантолгой ХК,Erdenes Tavan Tolgoi,2628-TC,Coal,"Thermal coal (bituminous, non-caking)","Эрчим хүчний нүүрс /Битумт, үл барьцалдах нүүрс/",USD,63.9,20.0,128000.0,https://mse.mn/uploads/auction_schedules/mn-7aa0c769-e1e8-45ab-873e-7de08a8c4950.pdf,Тогтмол үнэтэй,https://mse.mn/uploads/auction_schedules/lab-9ccd361e-890f-4abe-8590-392d7d679b6d.pdf,,,reported,,2628-TC
2026-10-05 03:41,2026-09-04,12:00,Эрдэнэс Тавантолгой ХК,Erdenes Tavan Tolgoi,2627-TC,Coal,"Thermal coal (bituminous, non-caking)","Эрчим хүчний нүүрс /Битумт, үл барьцалдах нүүрс/",USD,73.6,40.0,256000.0,https://mse.mn/uploads/auction_schedules/mn-82f91861-892d-4f8c-891b-9b88e179a412.pdf,Тогтмол үнэтэй,https://mse.mn/uploads/auction_schedules/lab-e2658f5f-6e88-4f8e-8890-1906309323a0.pdf,,,reported,,2627-TC
2026-10-05 03:41,2026-09-04,11:00,Монголросцветмет ТӨҮГ,Mongolrostsvetmet (ex-Erdenes Critical Minerals),ECM-26-134,Iron ore,Iron concentrate Fe 65%,Fe-65% Төмрийн баяжмал,USD,85.0,6.0,19800.0,https://mse.mn/uploads/auction_schedules/mn-f2636160-06a7-498d-8c45-40bb5fc4ea1c.pdf,Тогтмол үнэтэй,https://mse.mn/uploads/auction_schedules/lab-7a859aa6-3ab6-48e3-b33b-78711736d08b.pdf,,,reported,,ECM-26-134
2026-10-05 03:41,2026-09-04,11:00,Андын Илч ХХК,Андын Илч ХХК,AND-8,Coal,Чийг багатай хүрэн нүүрс,Чийг багатай хүрэн нүүрс,CNY,180.0,8.0,51200.0,https://mse.mn/uploads/auction_schedules/mn-0ba10ca3-891b-4b5f-989a-c1790b2d7624.pdf,Тогтмол үнэтэй,https://mse.mn/uploads/auction_schedules/lab-f9b5c0f8-3b05-452c-8739-02bc571a113f.pdf,,,reported,,AND-8
2026-10-05 03:41,2026-09-04,10:00,Тавантолгой ХК,Tavan Tolgoi JSC,TTOA-2026-036,Coal,Medium-volatile coking coal,"Дэгдэмхий бодис дунд, коксжих нүүрс",USD,160.0,32.0,204800.0,https://mse.mn/uploads/auction_schedules/mn-d730888c-f03c-4b31-a32d-3312a2829fb0.pdf,Тогтмол үнэтэй,https://mse.mn/uploads/auction_schedules/lab-a0e9cc23-91ee-44bf-954e-0a1315c886ba.pdf,,,reported,,TTOA-2026-036
2026-10-05 03:41,2026-09-04,10:00,Эрдэнэс Тавантолгой ХК,Erdenes Tavan Tolgoi,2632-CO,Coal,Medium-volatile coking coal,"Дэгдэмхий бодис дунд, коксжих нүүрс",USD,187.5,10.0,64000.0,https://mse.mn/uploads/auction_schedules/mn-bbc68d58-6dc3-4f29-b045-dca50d1149c8.pdf,Тогтмол үнэтэй,https://mse.mn/uploads/auction_schedules/lab-9f141c62-45b1-4690-b610-375f1520e552.pdf,,,reported,,2632-CO
2026-10-05 03:41,2026-09-04,10:00,Энержи Ресурс ХХК,Energy Resources,ER-26176,Coal,Washed coking coal,Баяжуулсан коксжих нүүрс,CNY,1150.0,2.0,12800.0,https://mse.mn/uploads/auction_schedules/mn-0f7a9031-4f3e-4ddb-9647-6f12c50c2803.pdf,Тогтмол үнэтэй,https://mse.mn/uploads/auction_schedules/lab-cf62f71b-9a97-4177-bbef-d1c5a6fc4304.pdf,,,reported,,ER-26176
2026-10-05 03:41,2026-09-03,14:00,Энержи Ресурс ХХК,Energy Resources,ER-26175,Coal,Washed non-coking-quality coal,Баяжуулсан коксжих чанаргүй нүүрс,CNY,480.0,3.0,19200.0,https://mse.mn/uploads/auction_schedules/mn-5a2090fa-b5e2-4c2d-9c20-8eec36bf3c94.pdf,Тогтмол үнэтэй,https://mse.mn/uploads/auction_schedules/lab-255fc88a-46e3-4b34-adec-a570ef1f6426.pdf,,,reported,,ER-26175
2026-10-05 03:41,2026-09-03,12:00,Эрдэнэс Тавантолгой ХК,Erdenes Tavan Tolgoi,2626-TC,Coal,"Thermal coal (bituminous, non-caking)","Эрчим хүчний нүүрс /Битумт, үл барьцалдах нүүрс/",USD,69.7,20.0,128000.0,https://mse.mn/uploads/auction_schedules/mn-a1011078-53b7-43e5-ad14-0e0e2f2a06f7.pdf,Тогтмол үнэтэй,https://mse.mn/uploads/auction_schedules/lab-b5dcf07b-48bb-47d7-bc46-73a3e5dadcbc.pdf,,,reported,,2626-TC
2026-10-05 03:41,2026-09-03,10:00,Эрдэнэс Тавантолгой ХК,Erdenes Tavan Tolgoi,2636-13 WCO,Coal,Washed semi-soft coking coal,Баяжуулсан сул коксжих нүүрс,USD,171.4,10.0,64000.0,https://mse.mn/uploads/auction_schedules/mn-20fcf604-19b6-43b2-aecd-949952fdfedc.pdf,Тогтмол үнэтэй,https://mse.mn/uploads/auction_schedules/lab-b9671094-c7be-4f65-a28c-fa0a1f15a1f1.pdf,,,reported,,2636-13 WCO
2026-10-05 03:41,2026-09-02,14:00,Тавантолгой ХК,Tavan Tolgoi JSC,TTOA-2026-035,Coal,Medium-volatile coking coal,"Дэгдэмхий бодис дунд, коксжих нүүрс",USD,160.0,8.0,51200.0,https://mse.mn/uploads/auction_schedules/mn-a83749e4-5b89-498b-87f7-a4bc6900ac89.pdf,Тогтмол үнэтэй,https://mse.mn/uploads/auction_schedules/lab-3b4c40ce-9369-452a-a41d-71522cb3af5c.pdf,,,reported,,TTOA-2026-035
2026-10-05 03:41,2026-09-02,11:00,Монголросцветмет ТӨҮГ,Mongolrostsvetmet (ex-Erdenes Critical Minerals),ECM-26-133,Iron ore,Iron ore Fe 52%,Fe-52% Төмрийн хүдэр,USD,65.0,2.0,6600.0,https://mse.mn/uploads/auction_schedules/mn-563db37a-6f70-489b-8ca4-5fd24071a282.pdf,Тогтмол үнэтэй,https://mse.mn/uploads/auction_schedules/lab-66d221f2-d323-4ca8-bfe3-2298c7fdda75.pdf,,,reported,,ECM-26-133
2026-10-05 03:41,2026-09-02,11:00,Тавантолгой ХК,Tavan Tolgoi JSC,TTOA-2026-034,Coal,Medium-volatile coking coal,"Дэгдэмхий бодис дунд, коксжих нүүрс",USD,160.0,8.0,51200.0,https://mse.mn/uploads/auction_schedules/mn-5b2f0e83-d781-43ec-b10e-1b4d186758a6.pdf,Тогтмол үнэтэй,https://mse.mn/uploads/auction_schedules/lab-8d97e079-1087-405e-b19f-dbad0cfa642d.pdf,,,reported,,TTOA-2026-034
2026-10-05 03:41,2026-09-02,10:00,Энержи Ресурс ХХК,Energy Resources,ER-26174,Coal,Washed coking coal,Баяжуулсан коксжих нүүрс,CNY,1150.0,2.0,12800.0,https://mse.mn/uploads/auction_schedules/mn-c0510b0f-5871-4db0-a1eb-a42f334f2f89.pdf,Тогтмол үнэтэй,https://mse.mn/uploads/auction_schedules/lab-3d3eba8d-d7a7-42b3-bb01-761ea5c3f2f3.pdf,,,reported,,ER-26174
2026-10-05 03:41,2026-09-01,10:00,Хангад Эксплорэйшн ХХК,Khangad Exploration,KH-26015,Coal,Washed semi-soft coking coal,Баяжуулсан сул коксжих нүүрс,CNY,950.0,2.0,12800.0,https://mse.mn/uploads/auction_schedules/mn-a5813b03-a9a1-42e7-8494-44754ebda050.pdf,Тогтмол үнэтэй,https://mse.mn/uploads/auction_schedules/lab-d1364983-857f-4485-84f2-1541c0aaa8aa.pdf,,,reported,,KH-26015
2026-10-05 03:41,2026-08-31,10:00,Энержи Ресурс ХХК,Energy Resources,ER-26173,Coal,Washed coking coal,Баяжуулсан коксжих нүүрс,CNY,1150.0,2.0,12800.0,https://mse.mn/uploads/auction_schedules/mn-406d4b50-23e4-4e70-92a1-284d3ebbee7f.pdf,Тогтмол үнэтэй,https://mse.mn/uploads/auction_schedules/lab-94f23e16-ed42-409f-8a25-28afd7af9079.pdf,,,reported,,ER-26173
2026-10-05 03:41,2026-08-28,12:00,Эрдэнэс Тавантолгой ХК,Erdenes Tavan Tolgoi,2631-CO,Coal,Medium-volatile coking coal,"Дэгдэмхий бодис дунд, коксжих нүүрс",USD,138.0,10.0,64000.0,https://mse.mn/uploads/auction_schedules/mn-f6b42798-c5b4-4082-8761-858d9b5522ba.pdf,Тогтмол үнэтэй,https://mse.mn/uploads/auction_schedules/lab-2fbc7ce2-b1e5-48e7-8e2e-b558afb897a9.pdf,,,reported,,2631-CO
2026-10-05 03:41,2026-08-28,11:00,Монголросцветмет ТӨҮГ,Mongolrostsvetmet (ex-Erdenes Critical Minerals),ECM-26-131,Iron ore,Iron ore Fe 52%,Fe-52% Төмрийн хүдэр,USD,65.0,2.0,6600.0,https://mse.mn/uploads/auction_schedules/mn-b2a96c9c-4864-403e-a838-046f73f72724.pdf,Тогтмол үнэтэй,https://mse.mn/uploads/auction_schedules/lab-84e90bb6-f96c-4ae9-bfd3-f2b324d7b465.pdf,,,reported,,ECM-26-131
2026-10-05 03:41,2026-08-28,10:00,Энержи Ресурс ХХК,Energy Resources,ER-26172,Coal,Washed coking coal,Баяжуулсан коксжих нүүрс,CNY,1000.0,2.0,12800.0,https://mse.mn/uploads/auction_schedules/mn-cd2b6d7d-2f9e-45ab-8526-dae1659e902d.pdf,Тогтмол үнэтэй,https://mse.mn/uploads/auction_schedules/lab-cd6a4ad8-03c0-4918-9694-68aac16ad029.pdf,,,reported,,ER-26172
2026-10-05 03:41,2026-08-28,10:00,Эрдэнэс Тавантолгой ХК,Erdenes Tavan Tolgoi,2630-CO,Coal,Medium-volatile coking coal,"Дэгдэмхий бодис дунд, коксжих нүүрс",USD,138.0,2.0,12800.0,https://mse.mn/uploads/auction_schedules/mn-5b3fc015-ec82-41cc-9335-2bd59986e264.pdf,Тогтмол үнэтэй,https://mse.mn/uploads/auction_schedules/lab-0215edf5-3efc-420b-b1cf-801f793c6979.pdf,,,reported,,2630-CO
2026-10-05 03:41,2026-08-27,12:00,Дарханы Төмөрлөгийн Үйлдвэр ХХК,Дарханы Төмөрлөгийн Үйлдвэр ХХК,DMP-2669,Iron ore,Fe-58% Төмрийн баяжмал,Fe-58% Төмрийн баяжмал,USD,58.0,18.0,56700.0,https://mse.mn/uploads/auction_schedules/mn-e9622513-8bfe-4201-82ed-6e9701111c90.pdf,Тогтмол үнэтэй,https://mse.mn/uploads/auction_schedules/lab-341a64cd-645b-449f-a3c8-2b1eaffe6b50.pdf,,,reported,,DMP-2669
2026-10-05 03:41,2026-08-27,12:00,Эрдэнэс Тавантолгой ХК,Erdenes Tavan Tolgoi,2631-WTC,Coal,Washed non-coking-quality coal,Баяжуулсан коксжих чанаргүй нүүрс,USD,63.9,10.0,64000.0,https://mse.mn/uploads/auction_schedules/mn-6a15b326-a88d-440b-8678-1ac52b47a738.pdf,Тогтмол үнэтэй,https://mse.mn/uploads/auction_schedules/lab-f45ef13c-ee9f-4b84-8875-2cbbde21235a.pdf,,,reported,,2631-WTC
2026-10-05 03:41,2026-08-27,10:00,Дарханы Төмөрлөгийн Үйлдвэр ХХК,Дарханы Төмөрлөгийн Үйлдвэр ХХК,DMP-2668,Iron ore,Fe-58% Төмрийн баяжмал,Fe-58% Төмрийн баяжмал,USD,58.0,18.0,56700.0,https://mse.mn/uploads/auction_schedules/mn-cdc58859-4c12-4b97-b7d0-94457e6954d8.pdf,Тогтмол үнэтэй,https://mse.mn/uploads/auction_schedules/lab-2727a948-69a5-4ad5-ad62-4eaaf21e207b.pdf,,,reported,,DMP-2668
2026-10-05 03:41,2026-08-27,10:00,Энержи Ресурс ХХК,Energy Resources,ER-26171,Coal,Washed coking coal,Баяжуулсан коксжих нүүрс,CNY,1000.0,2.0,12800.0,https://mse.mn/uploads/auction_schedules/mn-86b09641-9a83-4339-9dfe-7f6549a2a0b4.pdf,Тогтмол үнэтэй,https://mse.mn/uploads/auction_schedules/lab-a2a39d0f-5ef0-4014-b5e9-9caa0e795d37.pdf,,,reported,,ER-26171
2026-10-05 03:41,2026-08-27,10:00,Эрдэнэс Тавантолгой ХК,Erdenes Tavan Tolgoi,2629-CO,Coal,Medium-volatile coking coal,"Дэгдэмхий бодис дунд, коксжих нүүрс",USD,138.0,5.0,32000.0,https://mse.mn/uploads/auction_schedules/mn-103ef611-3b1d-4311-84dd-b95dff34a161.pdf,Тогтмол үнэтэй,https://mse.mn/uploads/auction_schedules/lab-a2cd0892-14c2-43e5-aac6-6b993b71b9d7.pdf,,,reported,,2629-CO
2026-10-05 03:41,2026-08-26,15:00,Эрдэнэт Үйлдвэр ТӨҮГ,Erdenet Mining Corporation,ERD-09-2026,Copper,Copper concentrate (22.35% Cu),22.35%-ийн зэсийн агуулгатай баяжмал,USD,3288.81,8.0,7248.0,https://mse.mn/uploads/auction_schedules/mn-1683a412-5187-47ef-83a3-3d99c1440c5b.pdf,Тогтмол үнэтэй,https://mse.mn/uploads/auction_schedules/lab-aff24a06-d463-40a9-aaed-849014b97670.pdf,,,reported,,ERD-09-2026
2026-10-05 03:41,2026-08-26,14:00,Дарханы Төмөрлөгийн Үйлдвэр ХХК,Дарханы Төмөрлөгийн Үйлдвэр ХХК,DMP-2667,Iron ore,Fe-58% Төмрийн баяжмал,Fe-58% Төмрийн баяжмал,USD,58.0,18.0,59400.0,https://mse.mn/uploads/auction_schedules/mn-ccb43f7d-7df1-446b-b78a-21b1a775dbeb.pdf,Тогтмол үнэтэй,https://mse.mn/uploads/auction_schedules/lab-59570871-4391-4400-acb9-fd78daa49050.pdf,,,reported,,DMP-2667
2026-10-05 03:41,2026-08-26,12:00,Дарханы Төмөрлөгийн Үйлдвэр ХХК,Дарханы Төмөрлөгийн Үйлдвэр ХХК,DMP-2666,Iron ore,Fe-58% Төмрийн баяжмал,Fe-58% Төмрийн баяжмал,USD,58.0,18.0,59400.0,https://mse.mn/uploads/auction_schedules/mn-09f67da2-169c-46b3-838d-e8b1b28b6821.pdf,Тогтмол үнэтэй,https://mse.mn/uploads/auction_schedules/lab-3c00802f-f605-4399-8679-e31200a5c448.pdf,,,reported,,DMP-2666
2026-10-05 03:41,2026-08-26,12:00,Эрдэнэс Тавантолгой ХК,Erdenes Tavan Tolgoi,2635-13 WCO,Coal,Washed semi-soft coking coal,Баяжуулсан сул коксжих нүүрс,USD,121.4,10.0,64000.0,https://mse.mn/uploads/auction_schedules/mn-81bda92f-55f0-4c69-a528-8858f7bfc42d.pdf,Тогтмол үнэтэй,https://mse.mn/uploads/auction_schedules/lab-60357535-2350-4c2d-bfbf-4c1ddeefa480.pdf,,,reported,,2635-13 WCO
2026-10-05 03:41,2026-08-26,11:00,Монголросцветмет ТӨҮГ,Mongolrostsvetmet (ex-Erdenes Critical Minerals),ECM-26-130,Iron ore,Iron ore Fe 52%,Fe-52% Төмрийн хүдэр,USD,65.0,2.0,6600.0,https://mse.mn/uploads/auction_schedules/mn-d7c16268-f7dd-4a5a-9711-46171eb94bcc.pdf,Тогтмол үнэтэй,https://mse.mn/uploads/auction_schedules/lab-68f9c41f-6881-4d7e-b8a4-d7d110a0ffec.pdf,,,reported,,ECM-26-130
2026-10-05 03:41,2026-08-26,10:00,Дарханы Төмөрлөгийн Үйлдвэр ХХК,Дарханы Төмөрлөгийн Үйлдвэр ХХК,DMP-2665,Iron ore,Fe-58% Төмрийн баяжмал,Fe-58% Төмрийн баяжмал,USD,58.0,18.0,59400.0,https://mse.mn/uploads/auction_schedules/mn-17d46720-1901-4f52-af62-321ed67c77c9.pdf,Тогтмол үнэтэй,https://mse.mn/uploads/auction_schedules/lab-6ea8d41a-f6cf-437e-a9e3-0c59ead29237.pdf,,,reported,,DMP-2665
2026-10-05 03:41,2026-08-26,10:00,Энержи Ресурс ХХК,Energy Resources,ER-26170,Coal,Washed coking coal,Баяжуулсан коксжих нүүрс,CNY,1000.0,2.0,12800.0,https://mse.mn/uploads/auction_schedules/mn-81f01016-8340-4c51-84e8-abd1d25c6736.pdf,Тогтмол үнэтэй,https://mse.mn/uploads/auction_schedules/lab-86eb14a8-cf7d-4e1f-b19e-7ee38997924a.pdf,,,reported,,ER-26170
2026-10-05 03:41,2026-08-26,10:00,Эрдэнэс Тавантолгой ХК,Erdenes Tavan Tolgoi,2628-CO,Coal,Medium-volatile coking coal,"Дэгдэмхий бодис дунд, коксжих нүүрс",USD,138.0,10.0,64000.0,https://mse.mn/uploads/auction_schedules/mn-a83c3a12-1a66-4639-a5f2-98d9a6ba7714.pdf,Тогтмол үнэтэй,https://mse.mn/uploads/auction_schedules/lab-560d7591-788d-4ed0-9b5b-d1839051d33f.pdf,,,reported,,2628-CO
2026-10-05 03:41,2026-08-25,12:00,Эрдэнэс Тавантолгой ХК,Erdenes Tavan Tolgoi,2630-WTC,Coal,Washed non-coking-quality coal,Баяжуулсан коксжих чанаргүй нүүрс,USD,63.9,10.0,64000.0,https://mse.mn/uploads/auction_schedules/mn-cd66b032-8999-4f77-b2a8-6d7096d49f57.pdf,Тогтмол үнэтэй,https://mse.mn/uploads/auction_schedules/lab-a0540526-387e-419c-9704-9a44c25c90da.pdf,,,reported,,2630-WTC
2026-10-05 03:41,2026-08-25,10:00,Хангад Эксплорэйшн ХХК,Khangad Exploration,KH-26014,Coal,Washed semi-soft coking coal,Баяжуулсан сул коксжих нүүрс,CNY,850.0,2.0,12800.0,https://mse.mn/uploads/auction_schedules/mn-7942f11e-07bf-441a-b6c1-32258a71f233.pdf,Тогтмол үнэтэй,https://mse.mn/uploads/auction_schedules/lab-11237757-15b7-4f88-a292-f4bfa2cc1703.pdf,,,reported,,KH-26014
2026-10-05 03:41,2026-08-25,10:00,Эрдэнэс Тавантолгой ХК,Erdenes Tavan Tolgoi,2627-CO,Coal,Medium-volatile coking coal,"Дэгдэмхий бодис дунд, коксжих нүүрс",USD,138.0,5.0,32000.0,https://mse.mn/uploads/auction_schedules/mn-9db3ede5-976a-4add-8305-b89b644e470d.pdf,Тогтмол үнэтэй,https://mse.mn/uploads/auction_schedules/lab-36d4cb01-8228-4fca-b772-53203420bb8d.pdf,,,reported,,2627-CO
2026-10-05 03:41,2026-08-24,14:00,Энержи Ресурс ХХК,Energy Resources,ER-26169,Coal,Washed non-coking-quality coal,Баяжуулсан коксжих чанаргүй нүүрс,CNY,480.0,3.0,19200.0,https://mse.mn/uploads/auction_schedules/mn-92157d70-582c-4fa1-a36c-3837937771f2.pdf,Тогтмол үнэтэй,https://mse.mn/uploads/auction_schedules/lab-b21992de-cef4-4026-ad73-90d298ce1a6e.pdf,,,reported,,ER-26169
2026-10-05 03:41,2026-08-24,14:00,Эрдэнэс Тавантолгой ХК,Erdenes Tavan Tolgoi,26116-13 CO,Coal,1/3 coking coal,1/3 коксжих нүүрс,USD,97.7,60.0,384000.0,https://mse.mn/uploads/auction_schedules/mn-8325fb9b-31c9-496e-974b-46d250ff369e.pdf,Индексэд суурилсан үнэтэй,https://mse.mn/uploads/auction_schedules/lab-fe94c782-938c-4103-8939-3e8d3c000e5b.pdf,,,reported,,26116-13 CO
2026-10-05 03:41,2026-08-24,12:00,Эрдэнэс Тавантолгой ХК,Erdenes Tavan Tolgoi,2634-13 WCO,Coal,Washed semi-soft coking coal,Баяжуулсан сул коксжих нүүрс,USD,121.4,10.0,64000.0,https://mse.mn/uploads/auction_schedules/mn-5da82c23-abb1-4913-bfd8-ff3b0e35964c.pdf,Тогтмол үнэтэй,https://mse.mn/uploads/auction_schedules/lab-270018f4-3b5c-4376-9e2c-bf42c3be0771.pdf,,,reported,,2634-13 WCO
2026-10-05 03:41,2026-08-24,11:00,Монголросцветмет ТӨҮГ,Mongolrostsvetmet (ex-Erdenes Critical Minerals),ECM-26-129,Iron ore,Iron ore Fe 52%,Fe-52% Төмрийн хүдэр,USD,65.0,2.0,6600.0,https://mse.mn/uploads/auction_schedules/mn-45aa0f2e-c9b5-409a-9b89-5c4c5fe3681c.pdf,Тогтмол үнэтэй,https://mse.mn/uploads/auction_schedules/lab-36fe77ec-443e-4d7f-b9a2-338ea7da2c1a.pdf,,,reported,,ECM-26-129
2026-10-05 03:41,2026-08-24,10:00,Эрдэнэс Тавантолгой ХК,Erdenes Tavan Tolgoi,2626-CO,Coal,Medium-volatile coking coal,"Дэгдэмхий бодис дунд, коксжих нүүрс",USD,138.0,10.0,64000.0,https://mse.mn/uploads/auction_schedules/mn-011d81f6-c546-4825-baab-945fed95fb0e.pdf,Тогтмол үнэтэй,https://mse.mn/uploads/auction_schedules/lab-a9ddb0de-8317-4e91-a7eb-6639976d1667.pdf,,,reported,,2626-CO
2026-10-05 03:41,2026-08-21,12:00,Эрдэнэс Тавантолгой ХК,Erdenes Tavan Tolgoi,2625-CO,Coal,Medium-volatile coking coal,"Дэгдэмхий бодис дунд, коксжих нүүрс",USD,138.0,5.0,32000.0,https://mse.mn/uploads/auction_schedules/mn-a59d061a-bad8-4bbf-818b-ed46c45b6717.pdf,Тогтмол үнэтэй,https://mse.mn/uploads/auction_schedules/lab-b7bc0655-a16e-4c9f-9f81-7d5d100aa0ef.pdf,,,reported,,2625-CO
2026-10-05 03:41,2026-08-21,10:00,Эрдэнэс Тавантолгой ХК,Erdenes Tavan Tolgoi,2624-CO,Coal,Medium-volatile coking coal,"Дэгдэмхий бодис дунд, коксжих нүүрс",USD,138.0,2.0,12800.0,https://mse.mn/uploads/auction_schedules/mn-899e5d06-6eb2-4dc2-a363-f1f28d979d94.pdf,Тогтмол үнэтэй,https://mse.mn/uploads/auction_schedules/lab-bf598a57-07d5-4ebb-a244-15416dc16ff4.pdf,,,reported,,2624-CO
2026-10-05 03:41,2026-08-21,10:00,Энержи Ресурс ХХК,Energy Resources,ER-26168,Coal,Washed coking coal,Баяжуулсан коксжих нүүрс,CNY,950.0,2.0,12800.0,https://mse.mn/uploads/auction_schedules/mn-396c2dfd-032e-4faf-b123-022c1daba737.pdf,Тогтмол үнэтэй,https://mse.mn/uploads/auction_schedules/lab-e660c5a5-fcdf-4f83-8e1c-d98e1d0becf9.pdf,,,reported,,ER-26168
2026-10-05 03:41,2026-08-20,12:00,Эрдэнэс Тавантолгой ХК,Erdenes Tavan Tolgoi,2629-WTC,Coal,Washed non-coking-quality coal,Баяжуулсан коксжих чанаргүй нүүрс,USD,63.9,10.0,64000.0,https://mse.mn/uploads/auction_schedules/mn-b3541ca2-5fe4-4693-9577-9ef8cabdb0a4.pdf,Тогтмол үнэтэй,https://mse.mn/uploads/auction_schedules/lab-7af687a2-5139-449c-9e0f-aa4a3a9efe20.pdf,,,reported,,2629-WTC
2026-10-05 03:41,2026-08-20,11:00,Монголросцветмет ТӨҮГ,Mongolrostsvetmet (ex-Erdenes Critical Minerals),ECM-26-128,Iron ore,Iron ore Fe 52%,Fe-52% Төмрийн хүдэр,USD,65.0,2.0,6600.0,https://mse.mn/uploads/auction_schedules/mn-fd6d61c5-66d8-453c-ba90-3dbd8c620f9d.pdf,Тогтмол үнэтэй,https://mse.mn/uploads/auction_schedules/lab-49098dee-8691-4c81-8a66-574b12dec543.pdf,,,reported,,ECM-26-128
2026-10-05 03:41,2026-08-20,10:00,Эрдэнэс Тавантолгой ХК,Erdenes Tavan Tolgoi,2623-CO,Coal,Medium-volatile coking coal,"Дэгдэмхий бодис дунд, коксжих нүүрс",USD,138.0,10.0,64000.0,https://mse.mn/uploads/auction_schedules/mn-5a05f0bf-aed5-4539-abd4-dc09daa95176.pdf,Тогтмол үнэтэй,https://mse.mn/uploads/auction_schedules/lab-e90b888b-beb7-48c5-af8a-17fd18ca968a.pdf,,,reported,,2623-CO
2026-10-05 03:41,2026-08-19,14:00,Тавантолгой ХК,Tavan Tolgoi JSC,TTOA-2026-033,Coal,1/3 coking coal,1/3 коксжих нүүрс,USD,93.0,16.0,102400.0,https://mse.mn/uploads/auction_schedules/mn-a359f7cd-d5ab-44b7-850a-1a2cbb0c53a9.pdf,Тогтмол үнэтэй,https://mse.mn/uploads/auction_schedules/lab-86e11b93-ee48-499d-a1f8-b52fd566742e.pdf,,,reported,,TTOA-2026-033
2026-10-05 03:41,2026-08-19,12:00,Тавантолгой ХК,Tavan Tolgoi JSC,TTOA-2026-032,Coal,1/3 coking coal,1/3 коксжих нүүрс,USD,93.0,16.0,102400.0,https://mse.mn/uploads/auction_schedules/mn-79dbe210-8dfa-43a5-832c-837ffd716ddf.pdf,Тогтмол үнэтэй,https://mse.mn/uploads/auction_schedules/lab-04a6d162-f46b-4391-8125-22ae7b4be78d.pdf,,,reported,,TTOA-2026-032
2026-10-05 03:41,2026-08-19,12:00,Эрдэнэс Тавантолгой ХК,Erdenes Tavan Tolgoi,2633-13 WCO,Coal,Washed semi-soft coking coal,Баяжуулсан сул коксжих нүүрс,USD,121.4,10.0,64000.0,https://mse.mn/uploads/auction_schedules/mn-a6cd6f92-88eb-4239-b1f1-a184b6233335.pdf,Тогтмол үнэтэй,https://mse.mn/uploads/auction_schedules/lab-88346cab-06ae-4177-9389-ddcaa684f157.pdf,,,reported,,2633-13 WCO
2026-10-05 03:41,2026-08-19,11:00,Тавантолгой ХК,Tavan Tolgoi JSC,TTOA-2026-031,Coal,1/3 coking coal,1/3 коксжих нүүрс,USD,93.0,157.0,1004800.0,https://mse.mn/uploads/auction_schedules/mn-d17648ab-f23f-43bb-a563-dc24faaca4f5.pdf,Тогтмол үнэтэй,https://mse.mn/uploads/auction_schedules/lab-fe030de4-1c34-45c3-9212-506c3783abce.pdf,,,reported,,TTOA-2026-031
2026-10-05 03:41,2026-08-19,11:00,Монголросцветмет ТӨҮГ,Mongolrostsvetmet (ex-Erdenes Critical Minerals),ECM-26-127,Iron ore,Iron ore Fe 52%,Fe-52% Төмрийн хүдэр,USD,65.0,2.0,6600.0,https://mse.mn/uploads/auction_schedules/mn-1896b44e-6120-4caa-9e8b-42fcf42b2c38.pdf,Тогтмол үнэтэй,https://mse.mn/uploads/auction_schedules/lab-9b3e7d6b-8417-4aa6-80ce-dead42afc276.pdf,,,reported,,ECM-26-127
2026-10-05 03:41,2026-08-19,10:00,Эрдэнэс Тавантолгой ХК,Erdenes Tavan Tolgoi,2622-CO,Coal,Medium-volatile coking coal,"Дэгдэмхий бодис дунд, коксжих нүүрс",USD,138.0,5.0,32000.0,https://mse.mn/uploads/auction_schedules/mn-e01cf5ba-02da-42c1-8427-67b93d26824b.pdf,Тогтмол үнэтэй,https://mse.mn/uploads/auction_schedules/lab-e73b73eb-b739-4a92-a11a-904f3bc1411e.pdf,,,reported,,2622-CO
2026-10-05 03:41,2026-08-19,10:00,Энержи Ресурс ХХК,Energy Resources,ER-26167,Coal,Washed coking coal,Баяжуулсан коксжих нүүрс,CNY,950.0,2.0,12800.0,https://mse.mn/uploads/auction_schedules/mn-e0bb8251-5cd0-41f2-b168-1a1cc272b77f.pdf,Тогтмол үнэтэй,https://mse.mn/uploads/auction_schedules/lab-5abe49ea-f9f6-45de-9b40-aac8f777b686.pdf,,,reported,,ER-26167
2026-10-05 03:41,2026-08-18,12:00,Эрдэнэс Тавантолгой ХК,Erdenes Tavan Tolgoi,2628-WTC,Coal,Washed non-coking-quality coal,Баяжуулсан коксжих чанаргүй нүүрс,USD,63.9,10.0,64000.0,https://mse.mn/uploads/auction_schedules/mn-b71fff5f-923f-42cf-be27-869ea9ada882.pdf,Тогтмол үнэтэй,https://mse.mn/uploads/auction_schedules/lab-6e0812fd-4153-4465-852b-55540d2d28db.pdf,,,reported,,2628-WTC
2026-10-05 03:41,2026-08-18,11:00,Монголросцветмет ТӨҮГ,Mongolrostsvetmet (ex-Erdenes Critical Minerals),ECM-26-126,Iron ore,Iron ore Fe 52%,Fe-52% Төмрийн хүдэр,USD,72.0,1.0,3300.0,https://mse.mn/uploads/auction_schedules/mn-fdb91c8e-d450-4f32-be8f-e235c6ff2e51.pdf,Тогтмол үнэтэй,https://mse.mn/uploads/auction_schedules/lab-24f9602e-7d0c-49b2-9c7b-cdf8fdf77424.pdf,,,reported,,ECM-26-126
2026-10-05 03:41,2026-08-18,10:00,Эрдэнэс Тавантолгой ХК,Erdenes Tavan Tolgoi,2621-CO,Coal,Medium-volatile coking coal,"Дэгдэмхий бодис дунд, коксжих нүүрс",USD,138.0,10.0,64000.0,https://mse.mn/uploads/auction_schedules/mn-5b326a3b-ed5e-4539-89f2-16ace5776454.pdf,Тогтмол үнэтэй,https://mse.mn/uploads/auction_schedules/lab-c2f3c522-e241-4c14-825f-fad851133ff4.pdf,,,reported,,2621-CO
2026-10-05 03:41,2026-08-17,12:00,Эрдэнэс Тавантолгой ХК,Erdenes Tavan Tolgoi,2632-13 WCO,Coal,Washed semi-soft coking coal,Баяжуулсан сул коксжих нүүрс,USD,121.4,10.0,64000.0,https://mse.mn/uploads/auction_schedules/mn-817c019f-8ddc-45b1-b56e-3457dd0dd4c3.pdf,Тогтмол үнэтэй,https://mse.mn/uploads/auction_schedules/lab-6843cecf-b947-4ebd-a086-0772e3b4fb6e.pdf,,,reported,,2632-13 WCO
2026-10-05 03:41,2026-08-17,11:00,Монголросцветмет ТӨҮГ,Mongolrostsvetmet (ex-Erdenes Critical Minerals),ECM-26-125,Iron ore,Iron ore Fe 52%,Fe-52% Төмрийн хүдэр,USD,72.0,1.0,3300.0,https://mse.mn/uploads/auction_schedules/mn-e7291bee-3b10-488c-9789-053580d9d0a3.pdf,Тогтмол үнэтэй,https://mse.mn/uploads/auction_schedules/lab-53901cb4-9f28-4ea0-a9f0-2d40d687bf72.pdf,,,reported,,ECM-26-125
2026-10-05 03:41,2026-08-17,10:00,Эрдэнэс Тавантолгой ХК,Erdenes Tavan Tolgoi,2620-CO,Coal,Medium-volatile coking coal,"Дэгдэмхий бодис дунд, коксжих нүүрс",USD,138.0,5.0,32000.0,https://mse.mn/uploads/auction_schedules/mn-6fd7f2f9-4126-42d6-9cd6-86b94d816bd6.pdf,Тогтмол үнэтэй,https://mse.mn/uploads/auction_schedules/lab-50108bd8-141e-4e84-bbc6-b7a06abf8911.pdf,,,reported,,2620-CO
2026-10-05 03:41,2026-08-17,10:00,Андын Илч ХХК,Андын Илч ХХК,AND-7,Coal,Чийг багатай хүрэн нүүрс,Чийг багатай хүрэн нүүрс,CNY,180.0,17.0,108800.0,https://mse.mn/uploads/auction_schedules/mn-41672f00-a57c-484b-ae9e-d5e8380c9f0c.pdf,Тогтмол үнэтэй,https://mse.mn/uploads/auction_schedules/lab-dc9bd36b-06ca-4321-a6f8-499bbfa858d7.pdf,,,reported,,AND-7
2026-10-05 03:41,2026-08-17,10:00,Энержи Ресурс ХХК,Energy Resources,ER-26166,Coal,Washed coking coal,Баяжуулсан коксжих нүүрс,CNY,950.0,2.0,12800.0,https://mse.mn/uploads/auction_schedules/mn-bd6214c7-89fc-4caa-a7f5-3a79a188a47e.pdf,Тогтмол үнэтэй,https://mse.mn/uploads/auction_schedules/lab-804180bb-93ba-4360-8d63-db150dad4a07.pdf,,,reported,,ER-26166
2026-10-05 03:41,2026-08-14,11:00,Монголросцветмет ТӨҮГ,Mongolrostsvetmet (ex-Erdenes Critical Minerals),ECM-26-124,Iron ore,Iron ore Fe 52%,Fe-52% Төмрийн хүдэр,USD,65.0,2.0,6600.0,https://mse.mn/uploads/auction_schedules/mn-3e3d6595-7063-440a-85a0-f03e628f9ac8.pdf,Тогтмол үнэтэй,https://mse.mn/uploads/auction_schedules/lab-f34de362-b534-40df-ad86-8a162b1d5239.pdf,,,reported,,ECM-26-124
2026-10-05 03:41,2026-08-14,10:00,Эрдэнэс Тавантолгой ХК,Erdenes Tavan Tolgoi,2619- CO,Coal,Medium-volatile coking coal,"Дэгдэмхий бодис дунд, коксжих нүүрс",USD,141.1,2.0,12800.0,https://mse.mn/uploads/auction_schedules/mn-8fca6713-9721-4d16-87e0-af3ab020bb1e.pdf,Тогтмол үнэтэй,https://mse.mn/uploads/auction_schedules/lab-de2a535a-a07f-493f-ae04-06b450b82e28.pdf,,,reported,,2619- CO
2026-10-05 03:41,2026-08-14,10:00,Энержи Ресурс ХХК,Energy Resources,ER-26165,Coal,Washed coking coal,Баяжуулсан коксжих нүүрс,CNY,950.0,2.0,12800.0,https://mse.mn/uploads/auction_schedules/mn-48ae4fcd-6e47-4d71-a185-bdf4bc8744ea.pdf,Тогтмол үнэтэй,https://mse.mn/uploads/auction_schedules/lab-1e56c905-b661-4336-b061-a24a536ad8e7.pdf,,,reported,,ER-26165
2026-10-05 03:41,2026-08-13,14:00,Энержи Ресурс ХХК,Energy Resources,ER-26164,Coal,Washed medium-ash semi-hard coking coal,"Баяжуулсан дунд зэрэг үнстэй, хагас хатуу коксжих нүүрс",CNY,450.0,3.0,19200.0,https://mse.mn/uploads/auction_schedules/mn-8290da03-0cd3-48d4-9c7b-820ceb487ff2.pdf,Тогтмол үнэтэй,https://mse.mn/uploads/auction_schedules/lab-96a9ecee-ffeb-4cef-881f-2758f50c8d50.pdf,,,reported,,ER-26164
2026-10-05 03:41,2026-08-13,12:00,Эрдэнэс Тавантолгой ХК,Erdenes Tavan Tolgoi,2625-TC,Coal,"Thermal coal (bituminous, non-caking)","Эрчим хүчний нүүрс /Битумт, үл барьцалдах нүүрс/",USD,58.4,20.0,128000.0,https://mse.mn/uploads/auction_schedules/mn-2c9bb29c-3a6c-4974-b6c7-80840d8f7cd9.pdf,Тогтмол үнэтэй,https://mse.mn/uploads/auction_schedules/lab-ea85a722-fea9-4caa-bd64-b93ed263fa03.pdf,,,reported,,2625-TC
2026-10-05 03:41,2026-08-13,10:00,Эрдэнэс Тавантолгой ХК,Erdenes Tavan Tolgoi,2627-WTC,Coal,Washed non-coking-quality coal,Баяжуулсан коксжих чанаргүй нүүрс,USD,63.7,10.0,64000.0,https://mse.mn/uploads/auction_schedules/mn-34c39447-861a-4cf6-ac72-a101f2933ecc.pdf,Тогтмол үнэтэй,https://mse.mn/uploads/auction_schedules/lab-59bb1249-7031-4f41-8f21-7afc4d62690a.pdf,,,reported,,2627-WTC
2026-10-05 03:41,2026-08-12,11:00,Монголросцветмет ТӨҮГ,Mongolrostsvetmet (ex-Erdenes Critical Minerals),ECM-26-123,Iron ore,Iron ore Fe 52%,Fe-52% Төмрийн хүдэр,USD,65.0,2.0,6600.0,https://mse.mn/uploads/auction_schedules/mn-21e68472-3198-4856-aab8-42550f0bdab4.pdf,Тогтмол үнэтэй,https://mse.mn/uploads/auction_schedules/lab-454642f3-9d83-48e4-9421-08021dda24ad.pdf,,,reported,,ECM-26-123
2026-10-05 03:41,2026-08-12,10:00,Монголын Алт (МАК) ХХК,Монголын Алт (МАК) ХХК,MAK-003-2026,Coal,1/3 coking coal,1/3 коксжих нүүрс,CNY,520.0,4.0,25600.0,https://mse.mn/uploads/auction_schedules/mn-1744d13d-6454-465b-862b-844ee01ebc64.pdf,Тогтмол үнэтэй,https://mse.mn/uploads/auction_schedules/lab-c64d75e3-5b19-4f02-8f59-be0bcc9f6d5a.pdf,,,reported,,MAK-003-2026
2026-10-05 03:41,2026-08-12,10:00,Эрдэнэс Тавантолгой ХК,Erdenes Tavan Tolgoi,2631-13 WCO,Coal,Washed semi-soft coking coal,Баяжуулсан сул коксжих нүүрс,USD,121.0,10.0,64000.0,https://mse.mn/uploads/auction_schedules/mn-11b0a201-63e0-4ae1-83ab-8fac9119f225.pdf,Тогтмол үнэтэй,https://mse.mn/uploads/auction_schedules/lab-7b7f2493-6835-4865-8454-75dbbfa14675.pdf,,,reported,,2631-13 WCO
2026-10-05 03:41,2026-08-12,10:00,Энержи Ресурс ХХК,Energy Resources,ER-26163,Coal,Washed coking coal,Баяжуулсан коксжих нүүрс,CNY,950.0,2.0,12800.0,https://mse.mn/uploads/auction_schedules/mn-197ffc61-de41-41d1-a220-9ca7a9d6d4dd.pdf,Тогтмол үнэтэй,https://mse.mn/uploads/auction_schedules/lab-0e573f91-3ef9-466c-b1ec-b7246fd23115.pdf,,,reported,,ER-26163
2026-10-05 03:41,2026-08-11,14:00,Энержи Ресурс ХХК,Energy Resources,ER-26162,Coal,Washed medium-ash semi-hard coking coal,"Баяжуулсан дунд зэрэг үнстэй, хагас хатуу коксжих нүүрс",CNY,450.0,3.0,19200.0,https://mse.mn/uploads/auction_schedules/mn-6edbc0bc-3618-4651-9e1b-e3853c13f0a6.pdf,Тогтмол үнэтэй,https://mse.mn/uploads/auction_schedules/lab-df496135-2647-4b5f-9b1e-caddf0a98370.pdf,,,reported,,ER-26162
2026-10-05 03:41,2026-08-11,12:00,Эрдэнэс Тавантолгой ХК,Erdenes Tavan Tolgoi,2624-TC,Coal,"Thermal coal (bituminous, non-caking)","Эрчим хүчний нүүрс /Битумт, үл барьцалдах нүүрс/",USD,58.4,20.0,128000.0,https://mse.mn/uploads/auction_schedules/mn-e7712028-393f-4755-a661-7822adad4f8b.pdf,Тогтмол үнэтэй,https://mse.mn/uploads/auction_schedules/lab-da78942e-498e-45c0-acf6-ed16de56cb81.pdf,,,reported,,2624-TC
2026-10-05 03:41,2026-08-11,11:00,Монголросцветмет ТӨҮГ,Mongolrostsvetmet (ex-Erdenes Critical Minerals),ECM-26-122,Iron ore,Iron concentrate Fe 65%,Fe-65% Төмрийн баяжмал,USD,85.0,6.0,19800.0,https://mse.mn/uploads/auction_schedules/mn-6703d93f-5b73-4390-bf9c-d99025daeabc.pdf,Тогтмол үнэтэй,https://mse.mn/uploads/auction_schedules/lab-d297f48a-72a9-4c9f-bf02-ef8c7ae6d7f1.pdf,,,reported,,ECM-26-122
2026-10-05 03:41,2026-08-11,10:00,Эрдэнэс Тавантолгой ХК,Erdenes Tavan Tolgoi,2626-WTC,Coal,Washed non-coking-quality coal,Баяжуулсан коксжих чанаргүй нүүрс,USD,63.7,10.0,64000.0,https://mse.mn/uploads/auction_schedules/mn-4b268dc2-12e4-4a88-8eb7-1ecd43d4eca4.pdf,Тогтмол үнэтэй,https://mse.mn/uploads/auction_schedules/lab-55142fe0-6a35-4f0b-801a-8ce6b7d09048.pdf,,,reported,,2626-WTC
2026-10-05 03:41,2026-08-11,10:00,Энержи Ресурс ХХК,Energy Resources,ER-26161,Coal,Washed coking coal,Баяжуулсан коксжих нүүрс,CNY,950.0,2.0,12800.0,https://mse.mn/uploads/auction_schedules/mn-690d2fed-7d27-429b-9bab-edca6c21b910.pdf,Тогтмол үнэтэй,https://mse.mn/uploads/auction_schedules/lab-319418cf-f123-4ea5-8611-02b04962134f.pdf,,,reported,,ER-26161
2026-10-05 03:41,2026-08-10,14:00,Энержи Ресурс ХХК,Energy Resources,ER-26160,Coal,Washed medium-ash semi-hard coking coal,"Баяжуулсан дунд зэрэг үнстэй, хагас хатуу коксжих нүүрс",CNY,450.0,3.0,19200.0,https://mse.mn/uploads/auction_schedules/mn-fb84ed92-4703-4a0d-b041-f68fcc7671a0.pdf,Тогтмол үнэтэй,https://mse.mn/uploads/auction_schedules/lab-5c52e0f0-b061-4c6a-9721-34b32b3a6abf.pdf,,,reported,,ER-26160
2026-10-05 03:41,2026-08-10,12:00,Эрдэнэс Тавантолгой ХК,Erdenes Tavan Tolgoi,2630-13 WCO,Coal,Washed semi-soft coking coal,Баяжуулсан сул коксжих нүүрс,USD,121.0,10.0,64000.0,https://mse.mn/uploads/auction_schedules/mn-d7f04061-331a-4dbb-9cb2-2b2364ef4da1.pdf,Тогтмол үнэтэй,https://mse.mn/uploads/auction_schedules/lab-48dfe9a2-5a0e-414a-badc-02624fc1f9f3.pdf,,,reported,,2630-13 WCO
2026-10-05 03:41,2026-08-10,11:00,Монголросцветмет ТӨҮГ,Mongolrostsvetmet (ex-Erdenes Critical Minerals),ECM-26-121,Iron ore,Iron ore Fe 52%,Fe-52% Төмрийн хүдэр,USD,65.0,2.0,6600.0,https://mse.mn/uploads/auction_schedules/mn-36a6e204-d340-4366-8d9a-f769e8405ffd.pdf,Тогтмол үнэтэй,https://mse.mn/uploads/auction_schedules/lab-cb92ac24-70a5-4508-9407-25315ffefc79.pdf,,,reported,,ECM-26-121
2026-10-05 03:41,2026-08-07,14:00,Эрдэнэс Тавантолгой ХК,Erdenes Tavan Tolgoi,2629-13 WCO,Coal,Washed semi-soft coking coal,Баяжуулсан сул коксжих нүүрс,USD,121.0,10.0,64000.0,https://mse.mn/uploads/auction_schedules/mn-635ef50f-d4b0-45f2-a8cb-e92b186f25b0.pdf,Тогтмол үнэтэй,https://mse.mn/uploads/auction_schedules/lab-3a3dd9f6-71e1-4fe0-ba1a-6daa048dafc4.pdf,,,reported,,2629-13 WCO
2026-10-05 03:41,2026-08-07,12:00,Эрдэнэс Тавантолгой ХК,Erdenes Tavan Tolgoi,2623-TC,Coal,"Thermal coal (bituminous, non-caking)","Эрчим хүчний нүүрс /Битумт, үл барьцалдах нүүрс/",USD,63.7,20.0,128000.0,https://mse.mn/uploads/auction_schedules/mn-0874f96e-d722-468f-ab54-37b8193a8e85.pdf,Тогтмол үнэтэй,https://mse.mn/uploads/auction_schedules/lab-7209eec8-d027-461f-9754-df5c91fa52cc.pdf,,,reported,,2623-TC
2026-10-05 03:41,2026-08-07,11:00,Монголросцветмет ТӨҮГ,Mongolrostsvetmet (ex-Erdenes Critical Minerals),ECM-26-117,Iron ore,Iron ore Fe 52%,Fe-52% Төмрийн хүдэр,USD,65.0,10.0,33000.0,https://mse.mn/uploads/auction_schedules/mn-cefbfc2c-f58c-4eb3-8c55-3a8426a4ddce.pdf,Тогтмол үнэтэй,https://mse.mn/uploads/auction_schedules/lab-9db98dc0-1db7-48a8-b4a7-426bc5c50a2b.pdf,,,reported,,ECM-26-117
2026-10-05 03:41,2026-08-07,10:00,Монголросцветмет ТӨҮГ,Mongolrostsvetmet (ex-Erdenes Critical Minerals),ECM-26-132,Iron ore,Iron concentrate Fe 65%,Fe-65% Төмрийн баяжмал,USD,85.0,6.0,19800.0,https://mse.mn/uploads/auction_schedules/mn-ddd1ac11-d080-423e-ae41-6e417cd5dbcb.pdf,Тогтмол үнэтэй,https://mse.mn/uploads/auction_schedules/lab-b8786ed8-6f98-4aa0-951f-9e592bcb2915.pdf,,,reported,,ECM-26-132
2026-10-05 03:41,2026-08-07,10:00,Эрдэнэс Тавантолгой ХК,Erdenes Tavan Tolgoi,2618- CO,Coal,Medium-volatile coking coal,"Дэгдэмхий бодис дунд, коксжих нүүрс",USD,141.1,2.0,12800.0,https://mse.mn/uploads/auction_schedules/mn-3ca1c552-549c-4aac-90a5-bc5b2b5810a3.pdf,Тогтмол үнэтэй,https://mse.mn/uploads/auction_schedules/lab-1dc6e432-a578-47bc-9e6c-a63ed6041057.pdf,,,reported,,2618- CO
2026-10-05 03:41,2026-08-07,10:00,Энержи Ресурс ХХК,Energy Resources,ER-26159,Coal,Washed coking coal,Баяжуулсан коксжих нүүрс,CNY,950.0,2.0,12800.0,https://mse.mn/uploads/auction_schedules/mn-e77c96f8-7379-46bd-bda8-90fa9145c477.pdf,Тогтмол үнэтэй,https://mse.mn/uploads/auction_schedules/lab-85220cef-4baa-4033-94bd-330d9bb71ddd.pdf,,,reported,,ER-26159
2026-10-05 03:41,2026-08-06,16:00,Эрдэнэс Тавантолгой ХК,Erdenes Tavan Tolgoi,26115-13 CO,Coal,1/3 coking coal,1/3 коксжих нүүрс,USD,81.9,80.0,512000.0,https://mse.mn/uploads/auction_schedules/mn-c4b9321a-3a47-448e-a2b5-625f8e5c891f.pdf,Индексэд суурилсан үнэтэй,https://mse.mn/uploads/auction_schedules/lab-483d44ab-a6e2-462c-a4aa-24717082d238.pdf,,,reported,,26115-13 CO
2026-10-05 03:41,2026-08-06,14:00,Эрдэнэс Тавантолгой ХК,Erdenes Tavan Tolgoi,2622-TC,Coal,"Thermal coal (bituminous, non-caking)","Эрчим хүчний нүүрс /Битумт, үл барьцалдах нүүрс/",USD,63.7,20.0,128000.0,https://mse.mn/uploads/auction_schedules/mn-0837e861-41d9-4c0b-8dd7-985dfd0fa743.pdf,Тогтмол үнэтэй,https://mse.mn/uploads/auction_schedules/lab-8e70b8b9-0ae1-4dbd-a038-72cca7701759.pdf,,,reported,,2622-TC
2026-10-05 03:41,2026-08-06,14:00,Энержи Ресурс ХХК,Energy Resources,ER-26158,Coal,Washed medium-ash semi-hard coking coal,"Баяжуулсан дунд зэрэг үнстэй, хагас хатуу коксжих нүүрс",CNY,450.0,3.0,19200.0,https://mse.mn/uploads/auction_schedules/mn-82e609a3-0e8c-4c69-8156-01fdb69b84ac.pdf,Тогтмол үнэтэй,https://mse.mn/uploads/auction_schedules/lab-cc9c7929-02ba-4caa-9710-1b745c46ecfb.pdf,,,reported,,ER-26158
2026-10-05 03:41,2026-08-06,12:00,Эрдэнэс Тавантолгой ХК,Erdenes Tavan Tolgoi,2625-WTC,Coal,Washed non-coking-quality coal,Баяжуулсан коксжих чанаргүй нүүрс,USD,63.7,10.0,64000.0,https://mse.mn/uploads/auction_schedules/mn-55b22700-0e2a-4e4e-ae61-11f7d7142aad.pdf,Тогтмол үнэтэй,https://mse.mn/uploads/auction_schedules/lab-81a87930-e154-49dc-afd9-5ed23cbc8efb.pdf,,,reported,,2625-WTC
2026-10-05 03:41,2026-08-06,11:00,Монголросцветмет ТӨҮГ,Mongolrostsvetmet (ex-Erdenes Critical Minerals),ECM-26-120,Iron ore,Iron ore Fe 52%,Fe-52% Төмрийн хүдэр,USD,65.0,2.0,6600.0,https://mse.mn/uploads/auction_schedules/mn-b28725fc-eab8-47e1-9fe7-a9d7a7271bea.pdf,Тогтмол үнэтэй,https://mse.mn/uploads/auction_schedules/lab-07519afc-1453-4639-8a90-c71fc0cb438c.pdf,,,reported,,ECM-26-120
2026-10-05 03:41,2026-08-06,10:00,Эрдэнэс Тавантолгой ХК,Erdenes Tavan Tolgoi,26114-13 CO,Coal,1/3 coking coal,1/3 коксжих нүүрс,USD,90.5,40.0,256000.0,https://mse.mn/uploads/auction_schedules/mn-e2193488-eb3c-4f1c-a333-fc0bfc0896ab.pdf,Индексэд суурилсан үнэтэй,https://mse.mn/uploads/auction_schedules/lab-ac9be63e-3ca9-4679-a4e8-122ad102da7b.pdf,,,reported,,26114-13 CO
2026-10-05 03:41,2026-08-05,16:00,Эрдэнэс Тавантолгой ХК,Erdenes Tavan Tolgoi,2624-WTC,Coal,Washed non-coking-quality coal,Баяжуулсан коксжих чанаргүй нүүрс,USD,63.7,10.0,64000.0,https://mse.mn/uploads/auction_schedules/mn-62926e4d-4da2-4153-b253-bd28d9eb3949.pdf,Тогтмол үнэтэй,https://mse.mn/uploads/auction_schedules/lab-e04dc801-f0e0-461a-8d89-35e4f814fc8d.pdf,,,reported,,2624-WTC
2026-10-05 03:41,2026-08-05,14:00,Эрдэнэс Тавантолгой ХК,Erdenes Tavan Tolgoi,26113-13 CO,Coal,1/3 coking coal,1/3 коксжих нүүрс,USD,90.5,40.0,256000.0,https://mse.mn/uploads/auction_schedules/mn-d694dec9-c8c6-40ba-9a55-b839ea32ec04.pdf,Индексэд суурилсан үнэтэй,https://mse.mn/uploads/auction_schedules/lab-60bd75f5-553d-42d7-bf6f-4e88f4edcc81.pdf,,,reported,,26113-13 CO
2026-10-05 03:41,2026-08-05,12:00,Эрдэнэс Тавантолгой ХК,Erdenes Tavan Tolgoi,2628-13 WCO,Coal,Washed semi-soft coking coal,Баяжуулсан сул коксжих нүүрс,USD,121.0,10.0,64000.0,https://mse.mn/uploads/auction_schedules/mn-880cd2ab-0e12-465a-9d9d-7c6371a87656.pdf,Тогтмол үнэтэй,https://mse.mn/uploads/auction_schedules/lab-71aa9da7-226b-47ea-940f-cc3d67b5737e.pdf,,,reported,,2628-13 WCO
2026-10-05 03:41,2026-08-05,11:00,Монголросцветмет ТӨҮГ,Mongolrostsvetmet (ex-Erdenes Critical Minerals),ECM-26-119,Iron ore,Iron concentrate Fe 65%,Fe-65% Төмрийн баяжмал,USD,85.0,6.0,19800.0,https://mse.mn/uploads/auction_schedules/mn-69432cb4-b933-4168-8113-a4a261ea8b1d.pdf,Тогтмол үнэтэй,https://mse.mn/uploads/auction_schedules/lab-39dd982e-4ed1-4d9d-8804-8bb6b0c906f7.pdf,,,reported,,ECM-26-119
2026-10-05 03:41,2026-08-05,10:00,Эрдэнэс Тавантолгой ХК,Erdenes Tavan Tolgoi,26112-13 CO,Coal,1/3 coking coal,1/3 коксжих нүүрс,USD,72.8,80.0,512000.0,https://mse.mn/uploads/auction_schedules/mn-d0f08ae7-6a74-4864-b08b-81bb16bc9319.pdf,Индексэд суурилсан үнэтэй,https://mse.mn/uploads/auction_schedules/lab-fcf14093-4d9b-4d7b-9b49-e5ce6fb63894.pdf,,,reported,,26112-13 CO
2026-10-05 03:41,2026-08-05,10:00,Энержи Ресурс ХХК,Energy Resources,ER-26157,Coal,Washed coking coal,Баяжуулсан коксжих нүүрс,CNY,950.0,2.0,12800.0,https://mse.mn/uploads/auction_schedules/mn-dd1bee2e-935f-4220-be09-e9f8fd017ef3.pdf,Тогтмол үнэтэй,https://mse.mn/uploads/auction_schedules/lab-4788c0c2-38c2-4380-a577-cf704c1554d8.pdf,,,reported,,ER-26157
2026-10-05 03:41,2026-08-04,14:00,Энержи Ресурс ХХК,Energy Resources,ER-26156,Coal,Washed medium-ash semi-hard coking coal,"Баяжуулсан дунд зэрэг үнстэй, хагас хатуу коксжих нүүрс",CNY,450.0,3.0,19200.0,https://mse.mn/uploads/auction_schedules/mn-5ea21fcb-9c93-4ef4-ae7c-116aeff8ec30.pdf,Тогтмол үнэтэй,https://mse.mn/uploads/auction_schedules/lab-2d098361-93d8-4756-950e-c8f6c8c25573.pdf,,,reported,,ER-26156
2026-10-05 03:41,2026-08-04,11:00,Монголросцветмет ТӨҮГ,Mongolrostsvetmet (ex-Erdenes Critical Minerals),ECM-26-118,Iron ore,Iron ore Fe 52%,Fe-52% Төмрийн хүдэр,USD,65.0,2.0,6600.0,https://mse.mn/uploads/auction_schedules/mn-add8088d-75a5-4091-b65b-0baa322d75cb.pdf,Тогтмол үнэтэй,https://mse.mn/uploads/auction_schedules/lab-05055dcf-08d9-4b05-bcc8-6e40fb06b7c6.pdf,,,reported,,ECM-26-118
2026-10-05 03:41,2026-08-04,10:00,Энержи Ресурс ХХК,Energy Resources,ER-26155,Coal,Washed coking coal,Баяжуулсан коксжих нүүрс,CNY,950.0,2.0,12800.0,https://mse.mn/uploads/auction_schedules/mn-7c0c98af-64da-4c80-8112-25da1f4f256e.pdf,Тогтмол үнэтэй,https://mse.mn/uploads/auction_schedules/lab-a81e6e17-a412-4f1a-b5d9-bb19ad5eefb3.pdf,,,reported,,ER-26155
2026-10-05 03:41,2026-08-03,14:00,Энержи Ресурс ХХК,Energy Resources,ER-26154,Coal,Washed medium-ash semi-hard coking coal,"Баяжуулсан дунд зэрэг үнстэй, хагас хатуу коксжих нүүрс",CNY,450.0,3.0,19200.0,https://mse.mn/uploads/auction_schedules/mn-81552164-7509-4079-b4b5-d64ca603b07e.pdf,Тогтмол үнэтэй,https://mse.mn/uploads/auction_schedules/lab-4dccd8c5-ec4d-40bc-b1cd-b54b096e34fa.pdf,,,reported,,ER-26154
2026-10-05 03:41,2026-08-03,10:00,Хангад Эксплорэйшн ХХК,Khangad Exploration,KH-26013,Coal,Washed semi-soft coking coal,Баяжуулсан сул коксжих нүүрс,CNY,800.0,2.0,12800.0,https://mse.mn/uploads/auction_schedules/mn-7ef53e8d-b492-4356-8abf-185ab816002e.pdf,Тогтмол үнэтэй,https://mse.mn/uploads/auction_schedules/lab-7994baed-7b36-4a71-8d14-2d441279b3b2.pdf,,,reported,,KH-26013
2026-10-05 03:41,2026-07-31,15:00,Эрдэнэт Үйлдвэр ТӨҮГ,Erdenet Mining Corporation,ERD-08-2026,Copper,Copper concentrate (22.35% Cu),22.35%-ийн зэсийн агуулгатай баяжмал,USD,3097.93,7.0,6342.0,https://mse.mn/uploads/auction_schedules/mn-e58380ae-05a1-447b-ad6c-a87f61fa846f.pdf,Тогтмол үнэтэй,https://mse.mn/uploads/auction_schedules/lab-a46f805d-1f41-4831-888c-f1891a972d24.pdf,,,reported,,ERD-08-2026
2026-10-05 03:41,2026-07-31,14:00,Энержи Ресурс ХХК,Energy Resources,ER-26153,Coal,Washed medium-ash semi-hard coking coal,"Баяжуулсан дунд зэрэг үнстэй, хагас хатуу коксжих нүүрс",CNY,450.0,3.0,19200.0,https://mse.mn/uploads/auction_schedules/mn-39600eab-d2e3-438b-addf-9df5e8815076.pdf,Тогтмол үнэтэй,https://mse.mn/uploads/auction_schedules/lab-6dcb3e1f-6507-459a-aed1-efe09ef880b6.pdf,,,reported,,ER-26153
2026-10-05 03:41,2026-07-31,12:00,Эрдэнэс Тавантолгой ХК,Erdenes Tavan Tolgoi,2627-13 WCO,Coal,Washed semi-soft coking coal,Баяжуулсан сул коксжих нүүрс,USD,124.9,5.0,32000.0,https://mse.mn/uploads/auction_schedules/mn-7f235b42-a9fe-4f7c-a475-0cf6f1ac5119.pdf,Тогтмол үнэтэй,https://mse.mn/uploads/auction_schedules/lab-3736b057-35f2-4114-9489-fc4c9ece0997.pdf,,,reported,,2627-13 WCO
2026-10-05 03:41,2026-07-31,10:00,Эрдэнэс Тавантолгой ХК,Erdenes Tavan Tolgoi,2617-CO,Coal,Medium-volatile coking coal,"Дэгдэмхий бодис дунд, коксжих нүүрс",USD,136.9,2.0,12800.0,https://mse.mn/uploads/auction_schedules/mn-5a97247c-66b1-4314-9169-cc15cf5bc5ab.pdf,Тогтмол үнэтэй,https://mse.mn/uploads/auction_schedules/lab-07befb4c-2fba-443f-b70a-8209f1bb4f4e.pdf,,,reported,,2617-CO
2026-10-05 03:41,2026-07-30,12:00,Эрдэнэс Тавантолгой ХК,Erdenes Tavan Tolgoi,26111-13 CO,Coal,1/3 coking coal,1/3 коксжих нүүрс,USD,72.6,5.0,32000.0,https://mse.mn/uploads/auction_schedules/mn-dc5ecdf5-6f03-451f-a1ef-7b1b8de5f650.pdf,Тогтмол үнэтэй,https://mse.mn/uploads/auction_schedules/lab-461f18da-6a3d-4938-aa8e-c0c7548578f2.pdf,,,reported,,26111-13 CO
2026-10-05 03:41,2026-07-30,10:00,Энержи Ресурс ХХК,Energy Resources,ER-26152,Coal,Washed coking coal,Баяжуулсан коксжих нүүрс,CNY,950.0,2.0,12800.0,https://mse.mn/uploads/auction_schedules/mn-5b0d0fad-1c08-4229-b395-529be5758587.pdf,Тогтмол үнэтэй,https://mse.mn/uploads/auction_schedules/lab-0388b14c-d086-459f-b933-30ea0a684f5f.pdf,,,reported,,ER-26152
2026-10-05 03:41,2026-07-30,10:00,Эрдэнэс Тавантолгой ХК,Erdenes Tavan Tolgoi,2623-WTC,Coal,Washed non-coking-quality coal,Баяжуулсан коксжих чанаргүй нүүрс,USD,64.6,5.0,32000.0,https://mse.mn/uploads/auction_schedules/mn-1494753c-ff4c-4bfa-bf3d-3c3ffdeb63be.pdf,Тогтмол үнэтэй,https://mse.mn/uploads/auction_schedules/lab-61a46b26-b172-4dac-9c0d-244f6be5d320.pdf,,,reported,,2623-WTC
2026-10-05 03:41,2026-07-29,15:00,Эрдэнэт Үйлдвэр ТӨҮГ,Erdenet Mining Corporation,ERD-07-2026,Copper,Copper concentrate (22.35% Cu),22.35%-ийн зэсийн агуулгатай баяжмал,USD,3077.05,8.0,7248.0,https://mse.mn/uploads/auction_schedules/mn-a31be00f-aa62-413e-9e01-7e7b1276bab7.pdf,Тогтмол үнэтэй,https://mse.mn/uploads/auction_schedules/lab-a641fc01-d49e-45d4-a683-a8b606980315.pdf,,,reported,,ERD-07-2026
2026-10-05 03:41,2026-07-29,14:00,Энержи Ресурс ХХК,Energy Resources,ER-26151,Coal,Washed medium-ash semi-hard coking coal,"Баяжуулсан дунд зэрэг үнстэй, хагас хатуу коксжих нүүрс",CNY,450.0,3.0,19200.0,https://mse.mn/uploads/auction_schedules/mn-58569e01-5c76-4efb-8ba3-8a8816828772.pdf,Тогтмол үнэтэй,https://mse.mn/uploads/auction_schedules/lab-cf22c5e6-4a44-459a-bfd7-7be68e7fb70e.pdf,,,reported,,ER-26151
2026-10-05 03:41,2026-07-29,12:00,Эрдэнэс Тавантолгой ХК,Erdenes Tavan Tolgoi,2626-13 WCO,Coal,Washed semi-soft coking coal,Баяжуулсан сул коксжих нүүрс,USD,122.9,10.0,64000.0,https://mse.mn/uploads/auction_schedules/mn-0d10c60b-60c7-4c8c-a7f5-ac65e8c2959f.pdf,Тогтмол үнэтэй,https://mse.mn/uploads/auction_schedules/lab-60dc0b8d-75c1-404a-8075-7dc059771364.pdf,,,reported,,2626-13 WCO
2026-10-05 03:41,2026-07-29,10:00,Энержи Ресурс ХХК,Energy Resources,ER-26150,Coal,Washed coking coal,Баяжуулсан коксжих нүүрс,CNY,950.0,2.0,12800.0,https://mse.mn/uploads/auction_schedules/mn-63096522-819c-446e-b455-4278e1f97215.pdf,Тогтмол үнэтэй,https://mse.mn/uploads/auction_schedules/lab-65527ae0-b7a8-4f12-b500-3dd69759d528.pdf,,,reported,,ER-26150
2026-10-05 03:41,2026-07-29,10:00,Эрдэнэс Тавантолгой ХК,Erdenes Tavan Tolgoi,2621-TC,Coal,"Thermal coal (bituminous, non-caking)","Эрчим хүчний нүүрс /Битумт, үл барьцалдах нүүрс/",USD,63.5,10.0,64000.0,https://mse.mn/uploads/auction_schedules/mn-941845a3-f75a-47b2-9929-b22b39e055a1.pdf,Тогтмол үнэтэй,https://mse.mn/uploads/auction_schedules/lab-dd317961-f77d-4e79-8971-8358cf404935.pdf,,,reported,,2621-TC
2026-10-05 03:41,2026-07-28,14:00,Энержи Ресурс ХХК,Energy Resources,ER-26149,Coal,Washed medium-ash semi-hard coking coal,"Баяжуулсан дунд зэрэг үнстэй, хагас хатуу коксжих нүүрс",CNY,450.0,3.0,19200.0,https://mse.mn/uploads/auction_schedules/mn-81fb5011-7520-48ed-bbde-4ffe3e7b2b22.pdf,Тогтмол үнэтэй,https://mse.mn/uploads/auction_schedules/lab-879785a9-ba27-4d77-ad16-e04904e19568.pdf,,,reported,,ER-26149
2026-10-05 03:41,2026-07-28,12:00,Эрдэнэс Тавантолгой ХК,Erdenes Tavan Tolgoi,2622-WTC,Coal,Washed non-coking-quality coal,Баяжуулсан коксжих чанаргүй нүүрс,USD,63.5,10.0,64000.0,https://mse.mn/uploads/auction_schedules/mn-3e65fffe-e2e0-4839-9d4d-4ebabb86a770.pdf,Тогтмол үнэтэй,https://mse.mn/uploads/auction_schedules/lab-4500cced-b0e3-4c03-b5b6-9e67ffcc9bfe.pdf,,,reported,,2622-WTC
2026-10-05 03:41,2026-07-28,11:00,Монголросцветмет ТӨҮГ,Mongolrostsvetmet (ex-Erdenes Critical Minerals),ECM-26-114,Iron ore,Iron ore Fe 52%,Fe-52% Төмрийн хүдэр,USD,65.0,2.0,6600.0,https://mse.mn/uploads/auction_schedules/mn-3c9ef79b-6ab7-45fc-8f05-7af9d8f0e889.pdf,Тогтмол үнэтэй,https://mse.mn/uploads/auction_schedules/lab-089f4dee-bd4f-47ba-97b8-f018497b5a09.pdf,,,reported,,ECM-26-114
2026-10-05 03:41,2026-07-28,10:00,Энержи Ресурс ХХК,Energy Resources,ER-26148,Coal,Washed coking coal,Баяжуулсан коксжих нүүрс,CNY,950.0,2.0,12800.0,https://mse.mn/uploads/auction_schedules/mn-1d7372f4-278d-46c9-822b-de9a144605f6.pdf,Тогтмол үнэтэй,https://mse.mn/uploads/auction_schedules/lab-72d8f424-1582-4ad8-aba8-87394765f154.pdf,,,reported,,ER-26148
2026-10-05 03:41,2026-07-28,10:00,Эрдэнэс Тавантолгой ХК,Erdenes Tavan Tolgoi,26110-13 CO,Coal,1/3 coking coal,1/3 коксжих нүүрс,USD,127.7,5.0,32000.0,https://mse.mn/uploads/auction_schedules/mn-20444a8b-e7fc-4669-902f-70d8e0176858.pdf,Тогтмол үнэтэй,https://mse.mn/uploads/auction_schedules/lab-cc01ff88-78b3-4284-a3bd-228b7edc0d38.pdf,,,reported,,26110-13 CO
2026-10-05 03:41,2026-07-27,16:00,Эрдэнэс Тавантолгой ХК,Erdenes Tavan Tolgoi,26109-13 CO,Coal,1/3 coking coal,1/3 коксжих нүүрс,USD,72.6,5.0,32000.0,https://mse.mn/uploads/auction_schedules/mn-7bad760a-b774-482b-a93f-16be466bd7cb.pdf,Тогтмол үнэтэй,https://mse.mn/uploads/auction_schedules/lab-82ab2518-6733-43c0-820c-20641e2f6973.pdf,,,reported,,26109-13 CO
2026-10-05 03:41,2026-07-27,14:00,Энержи Ресурс ХХК,Energy Resources,ER-26147,Coal,Washed medium-ash semi-hard coking coal,"Баяжуулсан дунд зэрэг үнстэй, хагас хатуу коксжих нүүрс",CNY,450.0,3.0,19200.0,https://mse.mn/uploads/auction_schedules/mn-9c2357f4-4f53-4c87-a476-602da2987d60.pdf,Тогтмол үнэтэй,https://mse.mn/uploads/auction_schedules/lab-a07c5e98-d04f-440a-8fc9-2ae0e965b7be.pdf,,,reported,,ER-26147
2026-10-05 03:41,2026-07-27,14:00,Дарханы Төмөрлөгийн Үйлдвэр ХХК,Дарханы Төмөрлөгийн Үйлдвэр ХХК,DMP-2664,Iron ore,Fe-58% Төмрийн баяжмал,Fe-58% Төмрийн баяжмал,USD,58.0,18.0,56700.0,https://mse.mn/uploads/auction_schedules/mn-98994e63-e29d-423b-8821-5fec0430fcb1.pdf,Тогтмол үнэтэй,https://mse.mn/uploads/auction_schedules/lab-0c2b8ab6-54ee-415f-b7ec-3914088cecdc.pdf,,,reported,,DMP-2664
2026-10-05 03:41,2026-07-27,14:00,Эрдэнэс Тавантолгой ХК,Erdenes Tavan Tolgoi,2625-13 WCO,Coal,Washed semi-soft coking coal,Баяжуулсан сул коксжих нүүрс,USD,122.9,10.0,64000.0,https://mse.mn/uploads/auction_schedules/mn-4f895a5a-da2a-4445-a5fc-790c7b6aa50b.pdf,Тогтмол үнэтэй,https://mse.mn/uploads/auction_schedules/lab-9a48aa87-7455-431b-a865-bcfde120589c.pdf,,,reported,,2625-13 WCO
2026-10-05 03:41,2026-07-27,13:00,Дарханы Төмөрлөгийн Үйлдвэр ХХК,Дарханы Төмөрлөгийн Үйлдвэр ХХК,DMP-2663,Iron ore,Fe-58% Төмрийн баяжмал,Fe-58% Төмрийн баяжмал,USD,58.0,18.0,59400.0,https://mse.mn/uploads/auction_schedules/mn-47e9797b-769e-4511-bb49-d4e949ba8d63.pdf,Тогтмол үнэтэй,https://mse.mn/uploads/auction_schedules/lab-b4c0bea1-9a3b-4f3d-80c6-ad9fd2f0160e.pdf,,,reported,,DMP-2663
2026-10-05 03:41,2026-07-27,12:00,Дарханы Төмөрлөгийн Үйлдвэр ХХК,Дарханы Төмөрлөгийн Үйлдвэр ХХК,DMP-2662,Iron ore,Fe-58% Төмрийн баяжмал,Fe-58% Төмрийн баяжмал,USD,58.0,18.0,59400.0,https://mse.mn/uploads/auction_schedules/mn-20b78375-4969-4916-8512-0e06f0ad7be4.pdf,Тогтмол үнэтэй,https://mse.mn/uploads/auction_schedules/lab-19f36710-e52c-4236-9fe5-456233afdc6e.pdf,,,reported,,DMP-2662
2026-10-05 03:41,2026-07-27,12:00,Эрдэнэс Тавантолгой ХК,Erdenes Tavan Tolgoi,26108-13 CO,Coal,1/3 coking coal,1/3 коксжих нүүрс,USD,87.5,5.0,32000.0,https://mse.mn/uploads/auction_schedules/mn-6a7beec8-3ac4-4f2b-9c0d-cb180f918afc.pdf,Тогтмол үнэтэй,https://mse.mn/uploads/auction_schedules/lab-903431d5-4287-4bcc-8d31-1276019e3435.pdf,,,reported,,26108-13 CO
2026-10-05 03:41,2026-07-27,11:00,Монголросцветмет ТӨҮГ,Mongolrostsvetmet (ex-Erdenes Critical Minerals),ECM-26-113,Iron ore,Iron ore Fe 52%,Fe-52% Төмрийн хүдэр,USD,65.0,2.0,6600.0,https://mse.mn/uploads/auction_schedules/mn-bbef1220-ef60-4704-b517-93e3edbabef3.pdf,Тогтмол үнэтэй,https://mse.mn/uploads/auction_schedules/lab-de9c38b1-354c-4112-b87d-a55276ba9ece.pdf,,,reported,,ECM-26-113
2026-10-05 03:41,2026-07-27,10:00,Энержи Ресурс ХХК,Energy Resources,ER-26146,Coal,Washed coking coal,Баяжуулсан коксжих нүүрс,CNY,950.0,2.0,12800.0,https://mse.mn/uploads/auction_schedules/mn-4c335990-5e88-4c23-9bd7-6a8b5bda99c6.pdf,Тогтмол үнэтэй,https://mse.mn/uploads/auction_schedules/lab-aeeee38d-7302-4736-9b8d-3267c31b5fd7.pdf,,,reported,,ER-26146
2026-10-05 03:41,2026-07-24,14:00,Дарханы Төмөрлөгийн Үйлдвэр ХХК,Дарханы Төмөрлөгийн Үйлдвэр ХХК,DMP-2661,Iron ore,Fe-58% Төмрийн баяжмал,Fe-58% Төмрийн баяжмал,USD,54.0,18.0,59400.0,https://mse.mn/uploads/auction_schedules/mn-eac5b89f-b194-4869-83c9-6149751acb5e.pdf,Тогтмол үнэтэй,https://mse.mn/uploads/auction_schedules/lab-f4afa970-1a4b-4f4e-b899-d1cb3a22032f.pdf,,,reported,,DMP-2661
2026-10-05 03:41,2026-07-24,14:00,Эрдэнэс Тавантолгой ХК,Erdenes Tavan Tolgoi,2620-TC,Coal,"Thermal coal (bituminous, non-caking)","Эрчим хүчний нүүрс /Битумт, үл барьцалдах нүүрс/",USD,63.5,5.0,32000.0,https://mse.mn/uploads/auction_schedules/mn-75ef4cda-1c42-423c-9b5a-ea549bd638e9.pdf,Тогтмол үнэтэй,https://mse.mn/uploads/auction_schedules/lab-e333a001-35fb-48da-8317-36e15288d906.pdf,,,reported,,2620-TC
2026-10-05 03:41,2026-07-24,14:00,Энержи Ресурс ХХК,Energy Resources,ER-26145,Coal,Washed medium-ash semi-hard coking coal,"Баяжуулсан дунд зэрэг үнстэй, хагас хатуу коксжих нүүрс",CNY,450.0,3.0,19200.0,https://mse.mn/uploads/auction_schedules/mn-9ee1c154-1b4f-4181-b485-334c95cac1fa.pdf,Тогтмол үнэтэй,https://mse.mn/uploads/auction_schedules/lab-d7b4c661-9b3e-4289-80cb-02fde2388e2a.pdf,,,reported,,ER-26145
2026-10-05 03:41,2026-07-24,13:00,Дарханы Төмөрлөгийн Үйлдвэр ХХК,Дарханы Төмөрлөгийн Үйлдвэр ХХК,DMP-2660,Iron ore,Fe-58% Төмрийн баяжмал,Fe-58% Төмрийн баяжмал,USD,54.0,18.0,59400.0,https://mse.mn/uploads/auction_schedules/mn-ee8e6882-619f-4ac2-94d9-90d2323ce9e6.pdf,Тогтмол үнэтэй,https://mse.mn/uploads/auction_schedules/lab-42278879-a54e-48fb-8023-caf5e41b2ca0.pdf,,,reported,,DMP-2660
2026-10-05 03:41,2026-07-24,12:00,Дарханы Төмөрлөгийн Үйлдвэр ХХК,Дарханы Төмөрлөгийн Үйлдвэр ХХК,DMP-2659,Iron ore,Fe-58% Төмрийн баяжмал,Fe-58% Төмрийн баяжмал,USD,54.0,18.0,59400.0,https://mse.mn/uploads/auction_schedules/mn-5eae657c-2dc0-44f1-a83c-e7298a08a43b.pdf,Тогтмол үнэтэй,https://mse.mn/uploads/auction_schedules/lab-5f320b84-5604-497c-b70c-29c13e8718fc.pdf,,,reported,,DMP-2659
2026-10-05 03:41,2026-07-24,12:00,Эрдэнэс Тавантолгой ХК,Erdenes Tavan Tolgoi,2624-13 WCO,Coal,Washed semi-soft coking coal,Баяжуулсан сул коксжих нүүрс,USD,122.9,10.0,64000.0,https://mse.mn/uploads/auction_schedules/mn-26c3694d-3577-4b2b-9f2b-404a4678616e.pdf,Тогтмол үнэтэй,https://mse.mn/uploads/auction_schedules/lab-b51dead7-e5a6-4bb8-857d-f131529400ff.pdf,,,reported,,2624-13 WCO
2026-10-05 03:41,2026-07-24,11:00,Монголросцветмет ТӨҮГ,Mongolrostsvetmet (ex-Erdenes Critical Minerals),ECM-26-112,Iron ore,Iron ore Fe 52%,Fe-52% Төмрийн хүдэр,USD,65.0,2.0,6600.0,https://mse.mn/uploads/auction_schedules/mn-14aa9cef-2881-4101-a864-f1573ec453ad.pdf,Тогтмол үнэтэй,https://mse.mn/uploads/auction_schedules/lab-10b50aee-c9b9-4b53-8292-5a3d49f7df49.pdf,,,reported,,ECM-26-112
2026-10-05 03:41,2026-07-24,10:00,Эрдэнэс Тавантолгой ХК,Erdenes Tavan Tolgoi,2616-CO,Coal,Medium-volatile coking coal,"Дэгдэмхий бодис дунд, коксжих нүүрс",USD,136.9,2.0,12800.0,https://mse.mn/uploads/auction_schedules/mn-8114d7ed-04d8-4a36-b648-27d583add6b3.pdf,Тогтмол үнэтэй,https://mse.mn/uploads/auction_schedules/lab-e3fa2a3a-3326-4afd-92f3-be12e3fb5e6a.pdf,,,reported,,2616-CO
2026-10-05 03:41,2026-07-24,10:00,Энержи Ресурс ХХК,Energy Resources,ER-26144,Coal,Washed coking coal,Баяжуулсан коксжих нүүрс,CNY,950.0,2.0,12800.0,https://mse.mn/uploads/auction_schedules/mn-4c723bb2-57b4-4775-a651-1482d05abdf8.pdf,Тогтмол үнэтэй,https://mse.mn/uploads/auction_schedules/lab-54cc4ffd-a43c-4986-b9a2-4938b07ca7ba.pdf,,,reported,,ER-26144
2026-10-05 03:41,2026-07-23,14:00,Эрдэнэс Тавантолгой ХК,Erdenes Tavan Tolgoi,26107-13 CO,Coal,1/3 coking coal,1/3 коксжих нүүрс,USD,72.6,10.0,64000.0,https://mse.mn/uploads/auction_schedules/mn-2f4d998c-42b0-410a-89f5-d67f38b33f6e.pdf,Тогтмол үнэтэй,https://mse.mn/uploads/auction_schedules/lab-d1ebfcda-4bfe-451f-be06-55dae4bc8526.pdf,,,reported,,26107-13 CO
2026-10-05 03:41,2026-07-23,14:00,Энержи Ресурс ХХК,Energy Resources,ER-26143,Coal,Washed medium-ash semi-hard coking coal,"Баяжуулсан дунд зэрэг үнстэй, хагас хатуу коксжих нүүрс",CNY,450.0,3.0,19200.0,https://mse.mn/uploads/auction_schedules/mn-98683f68-3656-4a40-a422-3a76fb2085da.pdf,Тогтмол үнэтэй,https://mse.mn/uploads/auction_schedules/lab-ef98072b-9798-4e29-bcb2-eb5f98b72e67.pdf,,,reported,,ER-26143
2026-10-05 03:41,2026-07-23,12:00,Эрдэнэс Тавантолгой ХК,Erdenes Tavan Tolgoi,2621-WTC,Coal,Washed non-coking-quality coal,Баяжуулсан коксжих чанаргүй нүүрс,USD,64.6,5.0,32000.0,https://mse.mn/uploads/auction_schedules/mn-7be95fce-40fd-46b7-9a2a-85a267417606.pdf,Тогтмол үнэтэй,https://mse.mn/uploads/auction_schedules/lab-472cf81e-c103-44e0-8cf1-05edf2702854.pdf,,,reported,,2621-WTC
2026-10-05 03:41,2026-07-23,11:00,Монголросцветмет ТӨҮГ,Mongolrostsvetmet (ex-Erdenes Critical Minerals),ECM-26-111,Iron ore,Iron ore Fe 52%,Fe-52% Төмрийн хүдэр,USD,65.0,2.0,6600.0,https://mse.mn/uploads/auction_schedules/mn-282179b2-7ae6-49a3-8a42-e020b51f9702.pdf,Тогтмол үнэтэй,https://mse.mn/uploads/auction_schedules/lab-3adf7e1d-2cf6-4e20-b065-c4ad53c5b2aa.pdf,,,reported,,ECM-26-111
2026-10-05 03:41,2026-07-23,10:00,Эрдэнэс Тавантолгой ХК,Erdenes Tavan Tolgoi,26106-13 CO,Coal,1/3 coking coal,1/3 коксжих нүүрс,USD,87.5,10.0,64000.0,https://mse.mn/uploads/auction_schedules/mn-f6c55e6f-71c5-4d69-99d0-27311e44476b.pdf,Тогтмол үнэтэй,https://mse.mn/uploads/auction_schedules/lab-44dbe716-a8e3-41dc-986c-b43b29f8076f.pdf,,,reported,,26106-13 CO
2026-10-05 03:41,2026-07-23,10:00,Энержи Ресурс ХХК,Energy Resources,ER-26142,Coal,Washed coking coal,Баяжуулсан коксжих нүүрс,CNY,950.0,2.0,12800.0,https://mse.mn/uploads/auction_schedules/mn-2fa52909-449b-437f-af6a-4b17711a612d.pdf,Тогтмол үнэтэй,https://mse.mn/uploads/auction_schedules/lab-e1e351de-edf7-4b7f-bbb8-642149faba1e.pdf,,,reported,,ER-26142
2026-10-05 03:41,2026-07-22,14:00,Эрдэнэс Тавантолгой ХК,Erdenes Tavan Tolgoi,2619-TC,Coal,"Thermal coal (bituminous, non-caking)","Эрчим хүчний нүүрс /Битумт, үл барьцалдах нүүрс/",USD,64.6,10.0,64000.0,https://mse.mn/uploads/auction_schedules/mn-3169937a-6e97-4116-966c-d4b3263c99e0.pdf,Тогтмол үнэтэй,https://mse.mn/uploads/auction_schedules/lab-0ccd2898-e3aa-4b67-9326-5f0e1f387d4a.pdf,,,reported,,2619-TC
2026-10-05 03:41,2026-07-22,14:00,Энержи Ресурс ХХК,Energy Resources,ER-26141,Coal,Washed medium-ash semi-hard coking coal,"Баяжуулсан дунд зэрэг үнстэй, хагас хатуу коксжих нүүрс",CNY,450.0,3.0,19200.0,https://mse.mn/uploads/auction_schedules/mn-97f932a9-cd24-4e80-b7c8-08f3a7f08f94.pdf,Тогтмол үнэтэй,https://mse.mn/uploads/auction_schedules/lab-13414eb3-43a0-4ac8-b2d3-2b9e5f5a4adb.pdf,,,reported,,ER-26141
2026-10-05 03:41,2026-07-22,12:00,Эрдэнэс Тавантолгой ХК,Erdenes Tavan Tolgoi,2623-13 WCO,Coal,Washed semi-soft coking coal,Баяжуулсан сул коксжих нүүрс,USD,122.9,10.0,64000.0,https://mse.mn/uploads/auction_schedules/mn-784e4e38-885c-462c-99f6-6e72e5609604.pdf,Тогтмол үнэтэй,https://mse.mn/uploads/auction_schedules/lab-18afb769-dcff-4c05-8fd3-e552592020e4.pdf,,,reported,,2623-13 WCO
2026-10-05 03:41,2026-07-22,12:00,Тавантолгой ХК,Tavan Tolgoi JSC,TTOA-2026-030,Coal,1/3 coking coal,1/3 коксжих нүүрс,USD,93.0,157.0,1004800.0,https://mse.mn/uploads/auction_schedules/mn-dd06ef56-a999-445c-846e-62148f3a969a.pdf,Тогтмол үнэтэй,https://mse.mn/uploads/auction_schedules/lab-fc950ef7-1fa7-4415-a61e-94437afc3fc9.pdf,,,reported,,TTOA-2026-030
2026-10-05 03:41,2026-07-22,11:00,Тавантолгой ХК,Tavan Tolgoi JSC,TTOA-2026-029,Coal,1/3 coking coal,1/3 коксжих нүүрс,USD,93.0,79.0,505600.0,https://mse.mn/uploads/auction_schedules/mn-8b5f0080-f049-47e1-8409-17cf28a9444c.pdf,Тогтмол үнэтэй,https://mse.mn/uploads/auction_schedules/lab-7950c390-a1fb-40be-bb20-5ec43309d488.pdf,,,reported,,TTOA-2026-029
2026-10-05 03:41,2026-07-22,11:00,Монголросцветмет ТӨҮГ,Mongolrostsvetmet (ex-Erdenes Critical Minerals),ECM-26-110,Iron ore,Iron ore Fe 52%,Fe-52% Төмрийн хүдэр,USD,65.0,2.0,6600.0,https://mse.mn/uploads/auction_schedules/mn-f4bc8593-0f74-4ca7-bb78-fc97089772a0.pdf,Тогтмол үнэтэй,https://mse.mn/uploads/auction_schedules/lab-3b290652-c21c-4eaf-9fdd-2050231ecdef.pdf,,,reported,,ECM-26-110
2026-10-05 03:41,2026-07-22,10:00,Эрдэнэс Тавантолгой ХК,Erdenes Tavan Tolgoi,26105-13 CO,Coal,1/3 coking coal,1/3 коксжих нүүрс,USD,127.7,5.0,32000.0,https://mse.mn/uploads/auction_schedules/mn-066adc70-435b-4647-bbd8-e47fe8f0ab11.pdf,Тогтмол үнэтэй,https://mse.mn/uploads/auction_schedules/lab-4bb789ad-ad25-4f0c-b414-ffb54440831a.pdf,,,reported,,26105-13 CO
2026-10-05 03:41,2026-07-22,10:00,Энержи Ресурс ХХК,Energy Resources,ER-26140,Coal,Washed coking coal,Баяжуулсан коксжих нүүрс,CNY,950.0,2.0,12800.0,https://mse.mn/uploads/auction_schedules/mn-e53c8ada-8bd5-485c-8a51-72a056fb3f90.pdf,Тогтмол үнэтэй,https://mse.mn/uploads/auction_schedules/lab-ef067c75-aca6-4f8c-b0aa-0532c281f5a8.pdf,,,reported,,ER-26140
2026-10-05 03:41,2026-07-21,14:00,Эрдэнэс Тавантолгой ХК,Erdenes Tavan Tolgoi,2622-13 WCO,Coal,Washed semi-soft coking coal,Баяжуулсан сул коксжих нүүрс,USD,124.9,5.0,32000.0,https://mse.mn/uploads/auction_schedules/mn-04ce3b16-079f-4c59-b60c-080638f8b88a.pdf,Тогтмол үнэтэй,https://mse.mn/uploads/auction_schedules/lab-3e4f81ab-367a-4590-b123-af9fc14d2a7e.pdf,,,reported,,2622-13 WCO
2026-10-05 03:41,2026-07-21,14:00,Энержи Ресурс ХХК,Energy Resources,ER-26139,Coal,Washed medium-ash semi-hard coking coal,"Баяжуулсан дунд зэрэг үнстэй, хагас хатуу коксжих нүүрс",CNY,450.0,3.0,19200.0,https://mse.mn/uploads/auction_schedules/mn-0f32bf79-716d-4545-88ec-34b19db47b6c.pdf,Тогтмол үнэтэй,https://mse.mn/uploads/auction_schedules/lab-346e7e54-66f8-49ee-ab0e-0472e86681d3.pdf,,,reported,,ER-26139
2026-10-05 03:41,2026-07-21,12:00,Эрдэнэс Тавантолгой ХК,Erdenes Tavan Tolgoi,2620-WTC,Coal,Washed non-coking-quality coal,Баяжуулсан коксжих чанаргүй нүүрс,USD,63.5,10.0,64000.0,https://mse.mn/uploads/auction_schedules/mn-ae30c2c7-957a-4397-9eb3-ba5cd76e5a82.pdf,Тогтмол үнэтэй,https://mse.mn/uploads/auction_schedules/lab-a4a55298-57a0-4218-b3f5-439276dd0919.pdf,,,reported,,2620-WTC
2026-10-05 03:41,2026-07-21,11:00,Монголросцветмет ТӨҮГ,Mongolrostsvetmet (ex-Erdenes Critical Minerals),ECM-26-109,Iron ore,Iron ore Fe 52%,Fe-52% Төмрийн хүдэр,USD,65.0,2.0,6600.0,https://mse.mn/uploads/auction_schedules/mn-baea68eb-8e2e-4581-bc4e-2c459f389adc.pdf,Тогтмол үнэтэй,https://mse.mn/uploads/auction_schedules/lab-622479b2-b722-4266-b66e-83e2aa3f55f3.pdf,,,reported,,ECM-26-109
2026-10-05 03:41,2026-07-21,10:00,Эрдэнэс Тавантолгой ХК,Erdenes Tavan Tolgoi,26104-13 CO,Coal,1/3 coking coal,1/3 коксжих нүүрс,USD,87.5,5.0,32000.0,https://mse.mn/uploads/auction_schedules/mn-4e1f5733-9c54-4604-bf8f-ea6780eff8f0.pdf,Тогтмол үнэтэй,https://mse.mn/uploads/auction_schedules/lab-9a1aad3f-a3ef-4572-84bb-edcaa0e1241a.pdf,,,reported,,26104-13 CO
2026-10-05 03:41,2026-07-21,10:00,Энержи Ресурс ХХК,Energy Resources,ER-26138,Coal,Washed coking coal,Баяжуулсан коксжих нүүрс,CNY,950.0,2.0,12800.0,https://mse.mn/uploads/auction_schedules/mn-e27180ee-e3d1-4a7d-ba44-c1ff3c84c8b4.pdf,Тогтмол үнэтэй,https://mse.mn/uploads/auction_schedules/lab-d4f3daa5-f97b-4e93-9973-22b747381e2a.pdf,,,reported,,ER-26138
2026-10-05 03:41,2026-07-20,16:00,Эрдэнэс Тавантолгой ХК,Erdenes Tavan Tolgoi,26103-13 CO,Coal,1/3 coking coal,1/3 коксжих нүүрс,USD,72.6,5.0,32000.0,https://mse.mn/uploads/auction_schedules/mn-17e84452-ef5a-4652-8f68-29d174335a1a.pdf,Тогтмол үнэтэй,https://mse.mn/uploads/auction_schedules/lab-77714665-13a6-4884-9824-f47fc1fb6fff.pdf,,,reported,,26103-13 CO
2026-10-05 03:41,2026-07-20,14:00,Эрдэнэс Тавантолгой ХК,Erdenes Tavan Tolgoi,2621-13 WCO,Coal,Washed semi-soft coking coal,Баяжуулсан сул коксжих нүүрс,USD,122.9,10.0,64000.0,https://mse.mn/uploads/auction_schedules/mn-bf8a6b60-9eb8-46f2-9eaa-8365ff68c710.pdf,Тогтмол үнэтэй,https://mse.mn/uploads/auction_schedules/lab-eb861c37-862a-47c3-abe7-4eb71fae272d.pdf,,,reported,,2621-13 WCO
2026-10-05 03:41,2026-07-20,14:00,Энержи Ресурс ХХК,Energy Resources,ER-26137,Coal,Washed medium-ash semi-hard coking coal,"Баяжуулсан дунд зэрэг үнстэй, хагас хатуу коксжих нүүрс",CNY,450.0,3.0,19200.0,https://mse.mn/uploads/auction_schedules/mn-a2186ef2-5019-4fb8-8cf7-836fea8a62d0.pdf,Тогтмол үнэтэй,https://mse.mn/uploads/auction_schedules/lab-4d505c8b-8802-4f92-b486-bb1dec7d61ed.pdf,,,reported,,ER-26137
2026-10-05 03:41,2026-07-20,12:00,Эрдэнэс Тавантолгой ХК,Erdenes Tavan Tolgoi,26102-13 CO,Coal,1/3 coking coal,1/3 коксжих нүүрс,USD,127.7,5.0,32000.0,https://mse.mn/uploads/auction_schedules/mn-84748d0e-6070-4200-a322-8546c56333af.pdf,Тогтмол үнэтэй,https://mse.mn/uploads/auction_schedules/lab-d092e69c-b86c-41b8-ba2a-e26ce91c6cdb.pdf,,,reported,,26102-13 CO
2026-10-05 03:41,2026-07-20,11:00,Монголросцветмет ТӨҮГ,Mongolrostsvetmet (ex-Erdenes Critical Minerals),ECM-26-108,Iron ore,Iron ore Fe 52%,Fe-52% Төмрийн хүдэр,USD,65.0,2.0,6600.0,https://mse.mn/uploads/auction_schedules/mn-d8d79224-e420-4828-af82-4664f19cc596.pdf,Тогтмол үнэтэй,https://mse.mn/uploads/auction_schedules/lab-754920eb-f266-431d-b9b2-22eff0387266.pdf,,,reported,,ECM-26-108
2026-10-05 03:41,2026-07-20,10:00,Хангад Эксплорэйшн ХХК,Khangad Exploration,KH-26012,Coal,Washed semi-soft coking coal,Баяжуулсан сул коксжих нүүрс,CNY,800.0,2.0,12800.0,https://mse.mn/uploads/auction_schedules/mn-3f380bce-29e5-4da3-94cd-1bc4e99310d9.pdf,Тогтмол үнэтэй,https://mse.mn/uploads/auction_schedules/lab-c79f1640-ae17-42d9-b1dc-c1e1e437670e.pdf,,,reported,,KH-26012
2026-10-05 03:41,2026-07-09,14:00,Энержи Ресурс ХХК,Energy Resources,ER-26136,Coal,Washed medium-ash semi-hard coking coal,"Баяжуулсан дунд зэрэг үнстэй, хагас хатуу коксжих нүүрс",CNY,450.0,3.0,19200.0,https://mse.mn/uploads/auction_schedules/mn-8bdcebb1-26d8-4a21-b40a-bf09deeabfa9.pdf,Тогтмол үнэтэй,https://mse.mn/uploads/auction_schedules/lab-5c41b869-93cd-43cb-a688-5891fbd95598.pdf,,,reported,,ER-26136
2026-10-05 03:41,2026-07-09,11:00,Монголросцветмет ТӨҮГ,Mongolrostsvetmet (ex-Erdenes Critical Minerals),ECM-26-106,Iron ore,Iron ore Fe 52%,Fe-52% Төмрийн хүдэр,USD,65.0,2.0,6600.0,https://mse.mn/uploads/auction_schedules/mn-d8f548e6-fadf-4d15-8359-031535210ee7.pdf,Тогтмол үнэтэй,https://mse.mn/uploads/auction_schedules/lab-91f6060d-3e63-4b88-93d9-98fc38fbe024.pdf,,,reported,,ECM-26-106
2026-10-05 03:41,2026-07-09,10:00,Энержи Ресурс ХХК,Energy Resources,ER-26135,Coal,Washed coking coal,Баяжуулсан коксжих нүүрс,CNY,950.0,2.0,12800.0,https://mse.mn/uploads/auction_schedules/mn-abcd7b57-5e40-4988-bef0-9e0663d8bf17.pdf,Тогтмол үнэтэй,https://mse.mn/uploads/auction_schedules/lab-68ddc3c0-69c2-45da-8031-4fea83fabcef.pdf,,,reported,,ER-26135
2026-10-05 03:41,2026-07-08,14:00,Энержи Ресурс ХХК,Energy Resources,ER-26134,Coal,Washed medium-ash semi-hard coking coal,"Баяжуулсан дунд зэрэг үнстэй, хагас хатуу коксжих нүүрс",CNY,450.0,3.0,19200.0,https://mse.mn/uploads/auction_schedules/mn-1322f1e3-648f-4a39-a0bd-b1e0e40c468d.pdf,Тогтмол үнэтэй,https://mse.mn/uploads/auction_schedules/lab-274c83b5-1349-44f6-a15b-9e0a3e66d39f.pdf,,,reported,,ER-26134
2026-10-05 03:41,2026-07-08,11:00,Монголросцветмет ТӨҮГ,Mongolrostsvetmet (ex-Erdenes Critical Minerals),ECM-26-105,Iron ore,Iron concentrate Fe 65%,Fe-65% Төмрийн баяжмал,USD,85.0,6.0,19800.0,https://mse.mn/uploads/auction_schedules/mn-97979e9f-cf16-4080-a78f-14a2a11ca7a1.pdf,Тогтмол үнэтэй,https://mse.mn/uploads/auction_schedules/lab-6493372b-f5d1-4bb0-9feb-9896f8dfbefd.pdf,,,reported,,ECM-26-105
2026-10-05 03:41,2026-07-08,10:00,Энержи Ресурс ХХК,Energy Resources,ER-26133,Coal,Washed coking coal,Баяжуулсан коксжих нүүрс,CNY,950.0,2.0,12800.0,https://mse.mn/uploads/auction_schedules/mn-780b7165-7d65-4b19-8811-403b949af04f.pdf,Тогтмол үнэтэй,https://mse.mn/uploads/auction_schedules/lab-6f31c8bf-9837-43a5-990d-581ce7da477f.pdf,,,reported,,ER-26133
2026-10-05 03:41,2026-07-07,14:00,Энержи Ресурс ХХК,Energy Resources,ER-26132,Coal,Washed medium-ash semi-hard coking coal,"Баяжуулсан дунд зэрэг үнстэй, хагас хатуу коксжих нүүрс",CNY,450.0,3.0,19200.0,https://mse.mn/uploads/auction_schedules/mn-dcbcb819-f2ed-470b-a88b-b1000dfbc7bb.pdf,Тогтмол үнэтэй,https://mse.mn/uploads/auction_schedules/lab-67166ba1-0164-4f00-b980-a80a68f0554f.pdf,,,reported,,ER-26132
2026-10-05 03:41,2026-07-07,12:00,Дарханы Төмөрлөгийн Үйлдвэр ХХК,Дарханы Төмөрлөгийн Үйлдвэр ХХК,DMP-2658,Iron ore,Fe-58% Төмрийн баяжмал,Fe-58% Төмрийн баяжмал,USD,60.0,18.0,59400.0,https://mse.mn/uploads/auction_schedules/mn-7a15132d-e643-41b8-a6fb-6adb92486f15.pdf,Тогтмол үнэтэй,https://mse.mn/uploads/auction_schedules/lab-69c83685-74fc-4928-8b46-8fffa0b91e4a.pdf,,,reported,,DMP-2658
2026-10-05 03:41,2026-07-07,11:00,Монголросцветмет ТӨҮГ,Mongolrostsvetmet (ex-Erdenes Critical Minerals),ECM-26-104,Iron ore,Iron concentrate Fe 65%,Fe-65% Төмрийн баяжмал,USD,85.0,6.0,19800.0,https://mse.mn/uploads/auction_schedules/mn-815c43e0-5fbe-4384-8564-558af8b06cca.pdf,Тогтмол үнэтэй,https://mse.mn/uploads/auction_schedules/lab-07768a08-cb09-481d-8714-1a261ce07d8d.pdf,,,reported,,ECM-26-104
2026-10-05 03:41,2026-07-07,10:00,Дарханы Төмөрлөгийн Үйлдвэр ХХК,Дарханы Төмөрлөгийн Үйлдвэр ХХК,DMP-2657,Iron ore,Fe-58% Төмрийн баяжмал,Fe-58% Төмрийн баяжмал,USD,60.0,18.0,59400.0,https://mse.mn/uploads/auction_schedules/mn-df4cad6f-ca87-47fa-a0cd-1a5ffc62fe6f.pdf,Тогтмол үнэтэй,https://mse.mn/uploads/auction_schedules/lab-b522117e-d199-4f22-9da6-1e2fcf0c81dd.pdf,,,reported,,DMP-2657
2026-10-05 03:41,2026-07-07,10:00,Энержи Ресурс ХХК,Energy Resources,ER-26131,Coal,Washed coking coal,Баяжуулсан коксжих нүүрс,CNY,950.0,2.0,12800.0,https://mse.mn/uploads/auction_schedules/mn-6d3514e3-7a89-4290-bd45-9f264392026e.pdf,Тогтмол үнэтэй,https://mse.mn/uploads/auction_schedules/lab-b1e9138d-d999-4b6d-94e6-db4ec360e821.pdf,,,reported,,ER-26131
2026-10-05 03:41,2026-07-07,10:00,Монголросцветмет ТӨҮГ,Mongolrostsvetmet (ex-Erdenes Critical Minerals),ECM-26-115,Fluorspar,Fluorspar concentrate CaF2 95%,CaF2-95% Хайлуур жоншны баяжмал,USD,330.0,51.0,3315.0,https://mse.mn/uploads/auction_schedules/mn-25eaa973-a252-4c59-9b70-3d19903aaf81.pdf,Тогтмол үнэтэй,https://mse.mn/uploads/auction_schedules/lab-32b3c77c-5917-485c-a511-9e71fc813486.pdf,,,reported,,ECM-26-115
2026-10-05 03:41,2026-07-06,14:00,Энержи Ресурс ХХК,Energy Resources,ER-26130,Coal,Washed medium-ash semi-hard coking coal,"Баяжуулсан дунд зэрэг үнстэй, хагас хатуу коксжих нүүрс",CNY,450.0,3.0,19200.0,https://mse.mn/uploads/auction_schedules/mn-4507804a-de92-43a2-8bbe-f950d03c096d.pdf,Тогтмол үнэтэй,https://mse.mn/uploads/auction_schedules/lab-4ba351ef-7c17-4475-b4a2-6d1fa8a11bf1.pdf,,,reported,,ER-26130
2026-10-05 03:41,2026-07-06,11:00,Монголросцветмет ТӨҮГ,Mongolrostsvetmet (ex-Erdenes Critical Minerals),ECM-26-103,Iron ore,Iron ore Fe 52%,Fe-52% Төмрийн хүдэр,USD,65.0,2.0,6600.0,https://mse.mn/uploads/auction_schedules/mn-04f79540-0ff0-429e-9a5c-97a766f385d4.pdf,Тогтмол үнэтэй,https://mse.mn/uploads/auction_schedules/lab-ee028e85-a068-4860-9af9-9dde268c4419.pdf,,,reported,,ECM-26-103
2026-10-05 03:41,2026-07-06,10:00,Энержи Ресурс ХХК,Energy Resources,ER-26129,Coal,Washed coking coal,Баяжуулсан коксжих нүүрс,CNY,950.0,2.0,12800.0,https://mse.mn/uploads/auction_schedules/mn-a5b57c1f-21af-4888-a30f-6780aec23134.pdf,Тогтмол үнэтэй,https://mse.mn/uploads/auction_schedules/lab-81eb0318-d513-4634-a3e4-f68b0d2691c9.pdf,,,reported,,ER-26129
2026-10-05 03:41,2026-07-06,10:00,Монголросцветмет ТӨҮГ,Mongolrostsvetmet (ex-Erdenes Critical Minerals),ECM-26-116,Fluorspar,Fluorspar concentrate CaF2 95%,CaF2-95% Хайлуур жоншны баяжмал,USD,330.0,51.0,3315.0,https://mse.mn/uploads/auction_schedules/mn-f7156b40-f2ae-4c70-bae1-de0cc25324dc.pdf,Тогтмол үнэтэй,https://mse.mn/uploads/auction_schedules/lab-20de6a56-6e50-4393-a1c4-3de2a1ec4d8f.pdf,,,reported,,ECM-26-116
2026-10-05 03:41,2026-07-03,11:00,Монголросцветмет ТӨҮГ,Mongolrostsvetmet (ex-Erdenes Critical Minerals),ECM-26-107,Iron ore,Iron ore Fe 52%,Fe-52% Төмрийн хүдэр,USD,65.0,2.0,6600.0,https://mse.mn/uploads/auction_schedules/mn-20ea7c19-9bcc-4b5c-8b91-822676eece97.pdf,Тогтмол үнэтэй,https://mse.mn/uploads/auction_schedules/lab-9a6a16e1-6adb-4327-b953-0fcdeabb9a23.pdf,,,reported,,ECM-26-107
2026-10-05 03:41,2026-07-03,10:00,Эрдэнэс Тавантолгой ХК,Erdenes Tavan Tolgoi,2615- CO,Coal,Medium-volatile coking coal,"Дэгдэмхий бодис дунд, коксжих нүүрс",USD,139.7,2.0,12800.0,https://mse.mn/uploads/auction_schedules/mn-42ea4fd3-0e66-46a8-bd7c-7280b2183b90.pdf,Тогтмол үнэтэй,https://mse.mn/uploads/auction_schedules/lab-56eba6b1-4f30-4dfb-aba6-de8646486428.pdf,,,reported,,2615- CO
2026-10-05 03:41,2026-07-03,10:00,Энержи Ресурс ХХК,Energy Resources,ER-26128,Coal,Washed coking coal,Баяжуулсан коксжих нүүрс,CNY,950.0,2.0,12800.0,https://mse.mn/uploads/auction_schedules/mn-77be6952-cf64-483e-8c2c-e9800ad5365d.pdf,Тогтмол үнэтэй,https://mse.mn/uploads/auction_schedules/lab-a372af71-093a-4b32-a723-ec267ca260b5.pdf,,,reported,,ER-26128
2026-10-05 03:41,2026-07-02,14:00,Энержи Ресурс ХХК,Energy Resources,ER-26127,Coal,Washed medium-ash semi-hard coking coal,"Баяжуулсан дунд зэрэг үнстэй, хагас хатуу коксжих нүүрс",CNY,450.0,3.0,19200.0,https://mse.mn/uploads/auction_schedules/mn-33b0f172-bb36-4d79-bfc1-6276c17f2052.pdf,Тогтмол үнэтэй,https://mse.mn/uploads/auction_schedules/lab-df73973c-56d1-465a-aac6-06ff0d6f928c.pdf,,,reported,,ER-26127
2026-10-05 03:41,2026-07-02,10:00,Эрдэнэс Тавантолгой ХК,Erdenes Tavan Tolgoi,2618-TC,Coal,"Thermal coal (bituminous, non-caking)","Эрчим хүчний нүүрс /Битумт, үл барьцалдах нүүрс/",USD,68.5,10.0,64000.0,https://mse.mn/uploads/auction_schedules/mn-031ad64f-9b14-471b-aab0-b2a5fb0fbcb2.pdf,Тогтмол үнэтэй,https://mse.mn/uploads/auction_schedules/lab-019ed668-2d5c-49ba-a0ff-0782e13ead79.pdf,,,reported,,2618-TC
2026-10-05 03:41,2026-07-01,14:00,Энержи Ресурс ХХК,Energy Resources,ER-26126,Coal,Washed medium-ash semi-hard coking coal,"Баяжуулсан дунд зэрэг үнстэй, хагас хатуу коксжих нүүрс",CNY,450.0,3.0,19200.0,https://mse.mn/uploads/auction_schedules/mn-4f7380b1-6bbe-4829-bb1f-dc8eebbda98d.pdf,Тогтмол үнэтэй,https://mse.mn/uploads/auction_schedules/lab-9fc4c50b-ff19-4b80-8649-ed0d069d5ff9.pdf,,,reported,,ER-26126
2026-10-05 03:41,2026-07-01,10:00,Эрдэнэс Тавантолгой ХК,Erdenes Tavan Tolgoi,26101-13 CO,Coal,1/3 coking coal,1/3 коксжих нүүрс,USD,94.3,10.0,64000.0,https://mse.mn/uploads/auction_schedules/mn-dfed8b36-9e88-405a-9aef-0c6076a5524e.pdf,Тогтмол үнэтэй,https://mse.mn/uploads/auction_schedules/lab-4da8f2f4-a43e-4d46-bf3b-2f714b2440af.pdf,,,reported,,26101-13 CO
2026-10-05 03:41,2026-06-30,14:00,Энержи Ресурс ХХК,Energy Resources,ER-26125,Coal,Washed medium-ash semi-hard coking coal,"Баяжуулсан дунд зэрэг үнстэй, хагас хатуу коксжих нүүрс",CNY,450.0,3.0,19200.0,https://mse.mn/uploads/auction_schedules/mn-6de6b6d8-ac93-4775-8095-1d97b282a392.pdf,Тогтмол үнэтэй,https://mse.mn/uploads/auction_schedules/lab-f7cc7a15-f08f-405b-9cf2-7d9ea7ce4854.pdf,,,reported,,ER-26125
2026-10-05 03:41,2026-06-30,12:00,Эрдэнэс Тавантолгой ХК,Erdenes Tavan Tolgoi,26100-13 CO,Coal,1/3 coking coal,1/3 коксжих нүүрс,USD,75.8,20.0,128000.0,https://mse.mn/uploads/auction_schedules/mn-e22e7c9b-504f-437e-aa79-f5a87fedda75.pdf,Тогтмол үнэтэй,https://mse.mn/uploads/auction_schedules/lab-a045a495-dcbe-41f1-850f-89d1403df225.pdf,,,reported,,26100-13 CO
2026-10-05 03:41,2026-06-30,10:00,Эрдэнэс Тавантолгой ХК,Erdenes Tavan Tolgoi,2617-TC,Coal,"Thermal coal (bituminous, non-caking)","Эрчим хүчний нүүрс /Битумт, үл барьцалдах нүүрс/",USD,68.6,10.0,64000.0,https://mse.mn/uploads/auction_schedules/mn-e2c5065a-5d87-4efc-9a23-59e26d19cdc2.pdf,Тогтмол үнэтэй,https://mse.mn/uploads/auction_schedules/lab-87d57a35-19eb-4e66-a0f6-e7e28f1027f0.pdf,,,reported,,2617-TC
2026-10-05 03:41,2026-06-29,15:00,Эрдэнэт Үйлдвэр ТӨҮГ,Erdenet Mining Corporation,ERD-06-2026,Copper,Copper concentrate (22.35% Cu),22.35%-ийн зэсийн агуулгатай баяжмал,USD,3140.49,8.0,7248.0,https://mse.mn/uploads/auction_schedules/mn-e04f608d-57c1-4e8c-9f1f-4f03c615d121.pdf,Тогтмол үнэтэй,https://mse.mn/uploads/auction_schedules/lab-ceaa6d12-bc19-44dc-9a5e-778ebc56c9fa.pdf,,,reported,,ERD-06-2026
2026-10-05 03:41,2026-06-29,12:00,Эрдэнэс Тавантолгой ХК,Erdenes Tavan Tolgoi,2620-13 WCO,Coal,Washed semi-soft coking coal,Баяжуулсан сул коксжих нүүрс,USD,130.4,20.0,128000.0,https://mse.mn/uploads/auction_schedules/mn-7e468577-651a-4144-80ca-915395d24460.pdf,Тогтмол үнэтэй,https://mse.mn/uploads/auction_schedules/lab-786ed50e-2fad-46a0-8389-bbc833edaf7f.pdf,,,reported,,2620-13 WCO
2026-10-05 03:41,2026-06-29,10:00,Энержи Ресурс ХХК,Energy Resources,ER-26124,Coal,Washed coking coal,Баяжуулсан коксжих нүүрс,CNY,950.0,2.0,12800.0,https://mse.mn/uploads/auction_schedules/mn-b582a261-d48f-4b38-b3f5-af481b9c219f.pdf,Тогтмол үнэтэй,https://mse.mn/uploads/auction_schedules/lab-e946877e-63f8-4ae2-bf0c-ac644040e5e6.pdf,,,reported,,ER-26124
2026-10-05 03:41,2026-06-26,12:00,Эрдэнэс Тавантолгой ХК,Erdenes Tavan Tolgoi,2619-13 WCO,Coal,Washed semi-soft coking coal,Баяжуулсан сул коксжих нүүрс,USD,130.4,10.0,64000.0,https://mse.mn/uploads/auction_schedules/mn-56fad3c1-e011-4b53-810e-deece219b2db.pdf,Тогтмол үнэтэй,https://mse.mn/uploads/auction_schedules/lab-a2bd40b2-3da1-4ca7-b790-9256516eb9d2.pdf,,,reported,,2619-13 WCO
2026-10-05 03:41,2026-06-26,10:00,Эрдэнэс Тавантолгой ХК,Erdenes Tavan Tolgoi,2614-CO,Coal,Medium-volatile coking coal,"Дэгдэмхий бодис дунд, коксжих нүүрс",USD,143.4,2.0,12800.0,https://mse.mn/uploads/auction_schedules/mn-76764afc-9655-4bca-8308-8ce566ddeac6.pdf,Тогтмол үнэтэй,https://mse.mn/uploads/auction_schedules/lab-1d2732ad-5562-4a86-8888-80af0dbba35f.pdf,,,reported,,2614-CO
2026-10-05 03:41,2026-06-26,10:00,Энержи Ресурс ХХК,Energy Resources,ER-26123,Coal,Washed coking coal,Баяжуулсан коксжих нүүрс,CNY,950.0,2.0,12800.0,https://mse.mn/uploads/auction_schedules/mn-5839a51b-fc4e-494a-a7c2-7f4177b1b451.pdf,Тогтмол үнэтэй,https://mse.mn/uploads/auction_schedules/lab-1934fbe6-2628-4d58-b764-c9e6c5e69f17.pdf,,,reported,,ER-26123
2026-10-05 03:41,2026-06-25,14:00,Энержи Ресурс ХХК,Energy Resources,ER-26122,Coal,Washed medium-ash semi-hard coking coal,"Баяжуулсан дунд зэрэг үнстэй, хагас хатуу коксжих нүүрс",CNY,450.0,3.0,19200.0,https://mse.mn/uploads/auction_schedules/mn-44719483-1e4e-4c20-bd59-5f289958a434.pdf,Тогтмол үнэтэй,https://mse.mn/uploads/auction_schedules/lab-baa8df6d-7bbd-4d72-9518-0923f4fc2409.pdf,,,reported,,ER-26122
2026-10-05 03:41,2026-06-25,13:00,Дарханы Төмөрлөгийн Үйлдвэр ХХК,Дарханы Төмөрлөгийн Үйлдвэр ХХК,DMP-2656,Iron ore,Fe-58% Төмрийн баяжмал,Fe-58% Төмрийн баяжмал,USD,60.0,18.0,59400.0,https://mse.mn/uploads/auction_schedules/mn-e3cbc438-b1c3-4872-85b7-347a7ddd2ba6.pdf,Тогтмол үнэтэй,https://mse.mn/uploads/auction_schedules/lab-5243c641-ddae-4f3e-b4f6-e3ade5a5da25.pdf,,,reported,,DMP-2656
2026-10-05 03:41,2026-06-25,12:00,Дарханы Төмөрлөгийн Үйлдвэр ХХК,Дарханы Төмөрлөгийн Үйлдвэр ХХК,DMP-2655,Iron ore,Fe-58% Төмрийн баяжмал,Fe-58% Төмрийн баяжмал,USD,60.0,18.0,59400.0,https://mse.mn/uploads/auction_schedules/mn-f3b45740-71ac-4d58-898c-c0647802fa1f.pdf,Тогтмол үнэтэй,https://mse.mn/uploads/auction_schedules/lab-008198eb-a8d2-4e5a-bdd2-68e318ddca02.pdf,,,reported,,DMP-2655
2026-10-05 03:41,2026-06-25,10:00,Эрдэнэс Тавантолгой ХК,Erdenes Tavan Tolgoi,2699-13 CO,Coal,1/3 coking coal,1/3 коксжих нүүрс,USD,99.0,10.0,64000.0,https://mse.mn/uploads/auction_schedules/mn-76dc1b94-3758-4d77-83cb-7a14bb4a5dbc.pdf,Тогтмол үнэтэй,https://mse.mn/uploads/auction_schedules/lab-e63b8671-ab86-4a83-8a4b-f4b1cbcb2c7d.pdf,,,reported,,2699-13 CO
2026-10-05 03:41,2026-06-24,14:00,Тавантолгой ХК,Tavan Tolgoi JSC,TTOA-2026-028,Coal,1/3 coking coal,1/3 коксжих нүүрс,USD,105.0,16.0,102400.0,https://mse.mn/uploads/auction_schedules/mn-0088f9ed-3351-468f-8351-ca35f86927bf.pdf,Тогтмол үнэтэй,https://mse.mn/uploads/auction_schedules/lab-600932b9-b6c2-4114-ac50-eacba075946a.pdf,,,reported,,TTOA-2026-028
2026-10-05 03:41,2026-06-24,14:00,Энержи Ресурс ХХК,Energy Resources,ER-26121,Coal,Washed medium-ash semi-hard coking coal,"Баяжуулсан дунд зэрэг үнстэй, хагас хатуу коксжих нүүрс",CNY,450.0,3.0,19200.0,https://mse.mn/uploads/auction_schedules/mn-f5277e4f-f7fc-4456-b355-be920598b20c.pdf,Тогтмол үнэтэй,https://mse.mn/uploads/auction_schedules/lab-8e951614-be8e-40de-9ea3-3513130ef213.pdf,,,reported,,ER-26121
2026-10-05 03:41,2026-06-24,12:00,Тавантолгой ХК,Tavan Tolgoi JSC,TTOA-2026-027,Coal,1/3 coking coal,1/3 коксжих нүүрс,USD,105.0,16.0,102400.0,https://mse.mn/uploads/auction_schedules/mn-e10bdc21-d16d-4795-8878-3aa878fc339b.pdf,Тогтмол үнэтэй,https://mse.mn/uploads/auction_schedules/lab-a77d1e62-0584-49e0-9b5a-6ebf9011bf1b.pdf,,,reported,,TTOA-2026-027
2026-10-05 03:41,2026-06-24,10:00,Тавантолгой ХК,Tavan Tolgoi JSC,TTOA-2026-026,Coal,1/3 coking coal,1/3 коксжих нүүрс,USD,105.0,16.0,102400.0,https://mse.mn/uploads/auction_schedules/mn-dcf9e74d-930d-4ce4-b22c-49c47926dd98.pdf,Тогтмол үнэтэй,https://mse.mn/uploads/auction_schedules/lab-46ad587b-c906-450d-afdb-fbbaf6e810cd.pdf,,,reported,,TTOA-2026-026
2026-10-05 03:41,2026-06-24,10:00,Эрдэнэс Тавантолгой ХК,Erdenes Tavan Tolgoi,2618-13 WCO,Coal,Washed semi-soft coking coal,Баяжуулсан сул коксжих нүүрс,USD,130.1,10.0,64000.0,https://mse.mn/uploads/auction_schedules/mn-2a1253b5-f6e6-4f53-824c-f290e3fbe767.pdf,Тогтмол үнэтэй,https://mse.mn/uploads/auction_schedules/lab-cf534868-28ad-4279-8f26-6862e86e176e.pdf,,,reported,,2618-13 WCO
2026-10-05 03:41,2026-06-24,10:00,Энержи Ресурс ХХК,Energy Resources,ER-26120,Coal,Washed coking coal,Баяжуулсан коксжих нүүрс,CNY,950.0,2.0,12800.0,https://mse.mn/uploads/auction_schedules/mn-ac48d662-2b19-44a6-84f5-7f91f1430906.pdf,Тогтмол үнэтэй,https://mse.mn/uploads/auction_schedules/lab-49fae686-95dd-4417-b365-687e8d9816f1.pdf,,,reported,,ER-26120
2026-10-05 03:41,2026-06-23,14:00,Тавантолгой ХК,Tavan Tolgoi JSC,TTOA-2026-025,Coal,1/3 coking coal,1/3 коксжих нүүрс,USD,95.0,50.0,320000.0,https://mse.mn/uploads/auction_schedules/mn-2d92941e-d14b-49f9-aaa3-d233f6918d74.pdf,Тогтмол үнэтэй,https://mse.mn/uploads/auction_schedules/lab-63aa96af-dc27-43a2-be5c-ee8636e5e41e.pdf,,,reported,,TTOA-2026-025
2026-10-05 03:41,2026-06-23,14:00,Энержи Ресурс ХХК,Energy Resources,ER-26119,Coal,Washed medium-ash semi-hard coking coal,"Баяжуулсан дунд зэрэг үнстэй, хагас хатуу коксжих нүүрс",CNY,450.0,3.0,19200.0,https://mse.mn/uploads/auction_schedules/mn-1c5b776c-7628-4358-92bf-09e064543767.pdf,Тогтмол үнэтэй,https://mse.mn/uploads/auction_schedules/lab-933936da-ad94-489b-97f2-3cadfdfa99c0.pdf,,,reported,,ER-26119
2026-10-05 03:41,2026-06-23,11:00,Монголросцветмет ТӨҮГ,Mongolrostsvetmet (ex-Erdenes Critical Minerals),ECM-26-99,Iron ore,Iron ore Fe 52%,Fe-52% Төмрийн хүдэр,USD,70.0,2.0,6600.0,https://mse.mn/uploads/auction_schedules/mn-c5ddd91e-6a78-497d-b62c-2188bf90b249.pdf,Тогтмол үнэтэй,https://mse.mn/uploads/auction_schedules/lab-0915cecb-7b48-4695-a880-22825c645b5d.pdf,,,reported,,ECM-26-99
2026-10-05 03:41,2026-06-23,10:00,Тавантолгой ХК,Tavan Tolgoi JSC,TTOA-2026-024,Coal,1/3 coking coal,1/3 коксжих нүүрс,USD,95.0,50.0,320000.0,https://mse.mn/uploads/auction_schedules/mn-85963f98-10aa-4d38-944d-3ffe386929d2.pdf,Тогтмол үнэтэй,https://mse.mn/uploads/auction_schedules/lab-8ce3d566-d556-4dae-a974-14c1331ef10d.pdf,,,reported,,TTOA-2026-024
2026-10-05 03:41,2026-06-23,10:00,Эрдэнэс Тавантолгой ХК,Erdenes Tavan Tolgoi,2619-WTC,Coal,Washed non-coking-quality coal,Баяжуулсан коксжих чанаргүй нүүрс,USD,68.4,10.0,64000.0,https://mse.mn/uploads/auction_schedules/mn-7da70057-36e0-4b84-9cbf-48be890ecd48.pdf,Тогтмол үнэтэй,https://mse.mn/uploads/auction_schedules/lab-039431ba-644c-41e3-996a-77f4da5aec97.pdf,,,reported,,2619-WTC
2026-10-05 03:41,2026-06-22,14:00,Энержи Ресурс ХХК,Energy Resources,ER-26118,Coal,Washed medium-ash semi-hard coking coal,"Баяжуулсан дунд зэрэг үнстэй, хагас хатуу коксжих нүүрс",CNY,450.0,3.0,19200.0,https://mse.mn/uploads/auction_schedules/mn-b3cc363a-f6d9-42da-8ff6-548f6602ca9b.pdf,Тогтмол үнэтэй,https://mse.mn/uploads/auction_schedules/lab-89c57457-96b4-4322-ab63-fdaa5fc8702f.pdf,,,reported,,ER-26118
2026-10-05 03:41,2026-06-22,12:00,Эрдэнэс Тавантолгой ХК,Erdenes Tavan Tolgoi,2617-13 WCO,Coal,Washed semi-soft coking coal,Баяжуулсан сул коксжих нүүрс,USD,130.1,10.0,64000.0,https://mse.mn/uploads/auction_schedules/mn-e2d0b623-401b-4d13-9738-4aa9031d0b06.pdf,Тогтмол үнэтэй,https://mse.mn/uploads/auction_schedules/lab-bd5df72d-e90b-4062-b50e-b62f13867243.pdf,,,reported,,2617-13 WCO
2026-10-05 03:41,2026-06-22,11:00,Монголросцветмет ТӨҮГ,Mongolrostsvetmet (ex-Erdenes Critical Minerals),ECM-26-98,Iron ore,Iron ore Fe 52%,Fe-52% Төмрийн хүдэр,USD,70.0,2.0,6600.0,https://mse.mn/uploads/auction_schedules/mn-ce61afcd-4d6c-45a3-a269-a9ddf00406ba.pdf,Тогтмол үнэтэй,https://mse.mn/uploads/auction_schedules/lab-6e12eff6-3e79-4f69-bca1-30b01b222f39.pdf,,,reported,,ECM-26-98
2026-10-05 03:41,2026-06-22,10:00,Энержи Ресурс ХХК,Energy Resources,ER-26117,Coal,Washed coking coal,Баяжуулсан коксжих нүүрс,CNY,950.0,2.0,12800.0,https://mse.mn/uploads/auction_schedules/mn-8c87c316-69cd-4e7a-a496-db7ecaa67fad.pdf,Тогтмол үнэтэй,https://mse.mn/uploads/auction_schedules/lab-9f8c2561-d8aa-452c-8c4e-04095f0c9c9d.pdf,,,reported,,ER-26117
2026-10-05 03:41,2026-06-22,10:00,Монголросцветмет ТӨҮГ,Mongolrostsvetmet (ex-Erdenes Critical Minerals),ECM-26-102,Iron ore,Iron ore Fe 52%,Fe-52% Төмрийн хүдэр,USD,70.0,10.0,33000.0,https://mse.mn/uploads/auction_schedules/mn-3284f8f1-b45f-4552-8ff2-94f1a8bf96d6.pdf,Тогтмол үнэтэй,https://mse.mn/uploads/auction_schedules/lab-3b92b2db-98e4-4711-bcbc-f0d73cc94a22.pdf,,,reported,,ECM-26-102
2026-10-05 03:41,2026-06-19,13:00,Дарханы Төмөрлөгийн Үйлдвэр ХХК,Дарханы Төмөрлөгийн Үйлдвэр ХХК,DMP-2654,Iron ore,Fe-58% Төмрийн баяжмал,Fe-58% Төмрийн баяжмал,USD,60.0,18.0,56700.0,https://mse.mn/uploads/auction_schedules/mn-996e19bd-4ede-4779-af32-5ae062641589.pdf,Тогтмол үнэтэй,https://mse.mn/uploads/auction_schedules/lab-c23d98dd-38e0-4ccf-8d28-8d404cac424f.pdf,,,reported,,DMP-2654
2026-10-05 03:41,2026-06-19,12:00,Дарханы Төмөрлөгийн Үйлдвэр ХХК,Дарханы Төмөрлөгийн Үйлдвэр ХХК,DMP-2653,Iron ore,Fe-58% Төмрийн баяжмал,Fe-58% Төмрийн баяжмал,USD,60.0,18.0,56700.0,https://mse.mn/uploads/auction_schedules/mn-4f632cb1-9bcb-459d-b93d-846e517ae377.pdf,Тогтмол үнэтэй,https://mse.mn/uploads/auction_schedules/lab-15121c42-a011-4b98-961e-63da2fa63c67.pdf,,,reported,,DMP-2653
2026-10-05 03:41,2026-06-19,11:00,Монголросцветмет ТӨҮГ,Mongolrostsvetmet (ex-Erdenes Critical Minerals),ECM-26-97,Iron ore,Iron ore Fe 52%,Fe-52% Төмрийн хүдэр,USD,70.0,2.0,6600.0,https://mse.mn/uploads/auction_schedules/mn-4956bbec-7cff-4283-8959-46221b4c1deb.pdf,Тогтмол үнэтэй,https://mse.mn/uploads/auction_schedules/lab-5a79af8e-0764-4149-9caf-1a66823c571e.pdf,,,reported,,ECM-26-97
2026-10-05 03:41,2026-06-19,10:00,Дарханы Төмөрлөгийн Үйлдвэр ХХК,Дарханы Төмөрлөгийн Үйлдвэр ХХК,DMP-2652,Iron ore,Fe-58% Төмрийн баяжмал,Fe-58% Төмрийн баяжмал,USD,60.0,18.0,59400.0,https://mse.mn/uploads/auction_schedules/mn-7cc4c295-8fe2-48e1-8c10-3b670821f50b.pdf,Тогтмол үнэтэй,https://mse.mn/uploads/auction_schedules/lab-0fafa93d-4ac5-4cd2-ba0e-e70a1e8abf02.pdf,,,reported,,DMP-2652
2026-10-05 03:41,2026-06-19,10:00,Монголросцветмет ТӨҮГ,Mongolrostsvetmet (ex-Erdenes Critical Minerals),ECM-26-101,Iron ore,Iron ore Fe 52%,Fe-52% Төмрийн хүдэр,USD,70.0,10.0,33000.0,https://mse.mn/uploads/auction_schedules/mn-6263f82f-80eb-4e64-b2e4-822f02b94ad7.pdf,Тогтмол үнэтэй,https://mse.mn/uploads/auction_schedules/lab-4d0a86d2-2591-4f33-9d1a-aa7a9cae500e.pdf,,,reported,,ECM-26-101
2026-10-05 03:41,2026-06-19,10:00,Энержи Ресурс ХХК,Energy Resources,ER-26115,Coal,Washed coking coal,Баяжуулсан коксжих нүүрс,CNY,950.0,2.0,12800.0,https://mse.mn/uploads/auction_schedules/mn-be836761-3cac-4b3c-a3aa-b8620293728e.pdf,Тогтмол үнэтэй,https://mse.mn/uploads/auction_schedules/lab-5b1353a5-d2f3-4c9e-9edb-15c0374f65d9.pdf,,,reported,,ER-26115
2026-10-05 03:41,2026-06-18,14:00,Энержи Ресурс ХХК,Energy Resources,ER-26114,Coal,Washed medium-ash semi-hard coking coal,"Баяжуулсан дунд зэрэг үнстэй, хагас хатуу коксжих нүүрс",CNY,450.0,3.0,19200.0,https://mse.mn/uploads/auction_schedules/mn-9100323d-350c-4d0d-b022-836402a88c9c.pdf,Тогтмол үнэтэй,https://mse.mn/uploads/auction_schedules/lab-d3c6df13-f736-4fcf-8e91-ce296eef7141.pdf,,,reported,,ER-26114
2026-10-05 03:41,2026-06-18,13:00,Дарханы Төмөрлөгийн Үйлдвэр ХХК,Дарханы Төмөрлөгийн Үйлдвэр ХХК,DMP-2651,Iron ore,Fe-58% Төмрийн баяжмал,Fe-58% Төмрийн баяжмал,USD,60.0,18.0,59400.0,https://mse.mn/uploads/auction_schedules/mn-08bf14b1-e8da-47b1-a158-260f1c3b76c9.pdf,Тогтмол үнэтэй,https://mse.mn/uploads/auction_schedules/lab-85fda8c8-a103-47d1-90d6-29b3e666277b.pdf,,,reported,,DMP-2651
2026-10-05 03:41,2026-06-18,12:00,Тавантолгой ХК,Tavan Tolgoi JSC,TTOA-2026-023,Coal,1/3 coking coal,1/3 коксжих нүүрс,USD,95.0,50.0,320000.0,https://mse.mn/uploads/auction_schedules/mn-1e1d1214-8ca3-46fb-9d4f-fc94c5a5c84b.pdf,Тогтмол үнэтэй,https://mse.mn/uploads/auction_schedules/lab-5c5398e6-6396-40e7-a77b-30312fc202ac.pdf,,,reported,,TTOA-2026-023
2026-10-05 03:41,2026-06-18,12:00,Дарханы Төмөрлөгийн Үйлдвэр ХХК,Дарханы Төмөрлөгийн Үйлдвэр ХХК,DMP-2650,Iron ore,Fe-58% Төмрийн баяжмал,Fe-58% Төмрийн баяжмал,USD,60.0,18.0,59400.0,https://mse.mn/uploads/auction_schedules/mn-93799e44-83ff-4d52-86d9-d56694deb36e.pdf,Тогтмол үнэтэй,https://mse.mn/uploads/auction_schedules/lab-4fb40bd3-7ecb-43ec-9b25-a70d60ccdc78.pdf,,,reported,,DMP-2650
2026-10-05 03:41,2026-06-18,11:00,Тавантолгой ХК,Tavan Tolgoi JSC,TTOA-2026-022,Coal,1/3 coking coal,1/3 коксжих нүүрс,USD,95.0,50.0,320000.0,https://mse.mn/uploads/auction_schedules/mn-9438f6c1-a232-4ef7-8b0c-fdced0fe7ac6.pdf,Тогтмол үнэтэй,https://mse.mn/uploads/auction_schedules/lab-093200a4-e4f5-47fd-8e4f-142bac857685.pdf,,,reported,,TTOA-2026-022
2026-10-05 03:41,2026-06-18,11:00,Монголросцветмет ТӨҮГ,Mongolrostsvetmet (ex-Erdenes Critical Minerals),ECM-26-96,Iron ore,Iron ore Fe 52%,Fe-52% Төмрийн хүдэр,USD,70.0,2.0,6600.0,https://mse.mn/uploads/auction_schedules/mn-a3622471-b3ed-4990-8f24-fb4b78b412b5.pdf,Тогтмол үнэтэй,https://mse.mn/uploads/auction_schedules/lab-c8a1285e-51f0-4c62-9e72-92b9f745f736.pdf,,,reported,,ECM-26-96
2026-10-05 03:41,2026-06-18,10:00,Дарханы Төмөрлөгийн Үйлдвэр ХХК,Дарханы Төмөрлөгийн Үйлдвэр ХХК,DMP-2649,Iron ore,Fe-58% Төмрийн баяжмал,Fe-58% Төмрийн баяжмал,USD,60.0,18.0,59400.0,https://mse.mn/uploads/auction_schedules/mn-53ec9f87-619a-4cdf-a1aa-fa29df54bd40.pdf,Тогтмол үнэтэй,https://mse.mn/uploads/auction_schedules/lab-9d4b530a-78a0-44bf-a793-fe7c554a53c7.pdf,,,reported,,DMP-2649
2026-10-05 03:41,2026-06-18,10:00,Монголросцветмет ТӨҮГ,Mongolrostsvetmet (ex-Erdenes Critical Minerals),ECM-26-100,Iron ore,Iron concentrate Fe 65%,Fe-65% Төмрийн баяжмал,USD,90.0,6.0,19800.0,https://mse.mn/uploads/auction_schedules/mn-88190523-9534-415f-b051-32e5f9575393.pdf,Тогтмол үнэтэй,https://mse.mn/uploads/auction_schedules/lab-edaf6eec-7fea-43a5-a69d-5770d92181bc.pdf,,,reported,,ECM-26-100
2026-10-05 03:41,2026-06-18,10:00,Энержи Ресурс ХХК,Energy Resources,ER-26116,Coal,Washed coking coal,Баяжуулсан коксжих нүүрс,CNY,950.0,2.0,12800.0,https://mse.mn/uploads/auction_schedules/mn-feb00ba9-381a-4dce-8709-1534af8364b7.pdf,Тогтмол үнэтэй,https://mse.mn/uploads/auction_schedules/lab-38c9ac86-914c-418c-8f1b-73bf01904e7f.pdf,,,reported,,ER-26116
2026-10-05 03:41,2026-06-17,14:00,Энержи Ресурс ХХК,Energy Resources,ER-26113,Coal,Washed medium-ash semi-hard coking coal,"Баяжуулсан дунд зэрэг үнстэй, хагас хатуу коксжих нүүрс",CNY,450.0,3.0,19200.0,https://mse.mn/uploads/auction_schedules/mn-0206dc0c-cda6-4c4d-9a35-435e6c3b8a0d.pdf,Тогтмол үнэтэй,https://mse.mn/uploads/auction_schedules/lab-b5c6a62d-eff4-446d-8983-bcde30665b34.pdf,,,reported,,ER-26113
2026-10-05 03:41,2026-06-17,11:00,Монголросцветмет ТӨҮГ,Mongolrostsvetmet (ex-Erdenes Critical Minerals),ECM-26-95,Iron ore,Iron ore Fe 52%,Fe-52% Төмрийн хүдэр,USD,70.0,2.0,6600.0,https://mse.mn/uploads/auction_schedules/mn-1ff477bd-2973-42fc-aa9e-9b44d5bc8dca.pdf,Тогтмол үнэтэй,https://mse.mn/uploads/auction_schedules/lab-940cd123-0bf1-4bb4-96bf-5d142b619a5e.pdf,,,reported,,ECM-26-95
2026-10-05 03:41,2026-06-17,10:00,Энержи Ресурс ХХК,Energy Resources,ER-26112,Coal,Washed coking coal,Баяжуулсан коксжих нүүрс,CNY,950.0,2.0,12800.0,https://mse.mn/uploads/auction_schedules/mn-c5a73426-12ac-471d-9d02-d0373984726f.pdf,Тогтмол үнэтэй,https://mse.mn/uploads/auction_schedules/lab-cb337e48-9b60-41d2-b0cc-4fd0fea8e575.pdf,,,reported,,ER-26112
2026-10-05 03:41,2026-06-16,14:00,Энержи Ресурс ХХК,Energy Resources,ER-26111,Coal,Washed medium-ash semi-hard coking coal,"Баяжуулсан дунд зэрэг үнстэй, хагас хатуу коксжих нүүрс",CNY,450.0,3.0,19200.0,https://mse.mn/uploads/auction_schedules/mn-557f530c-b13a-4a34-9468-b37fc8467dc5.pdf,Тогтмол үнэтэй,https://mse.mn/uploads/auction_schedules/lab-7ffd0021-72c9-41bd-b992-6b59b0ac6a98.pdf,,,reported,,ER-26111
2026-10-05 03:41,2026-06-16,11:00,Монголросцветмет ТӨҮГ,Mongolrostsvetmet (ex-Erdenes Critical Minerals),ECM-26-94,Iron ore,Iron concentrate Fe 65%,Fe-65% Төмрийн баяжмал,USD,90.0,6.0,19800.0,https://mse.mn/uploads/auction_schedules/mn-65cd3be3-d390-4762-a1ae-4e73b6b08333.pdf,Тогтмол үнэтэй,https://mse.mn/uploads/auction_schedules/lab-00bb3b8b-a477-497d-a023-893d49b7f36e.pdf,,,reported,,ECM-26-94
2026-10-05 03:41,2026-06-16,10:00,Монголын Алт (МАК) ХХК,Монголын Алт (МАК) ХХК,MAK-002-2026,Coal,1/3 coking coal,1/3 коксжих нүүрс,CNY,520.0,4.0,25600.0,https://mse.mn/uploads/auction_schedules/mn-4bd06be3-0122-4f9f-8fde-80f45b6479de.pdf,Тогтмол үнэтэй,https://mse.mn/uploads/auction_schedules/lab-195d6a8b-b3e4-4349-9888-760532a95186.pdf,,,reported,,MAK-002-2026
2026-10-05 03:41,2026-06-15,14:00,Энержи Ресурс ХХК,Energy Resources,ER-26110,Coal,Washed medium-ash semi-hard coking coal,"Баяжуулсан дунд зэрэг үнстэй, хагас хатуу коксжих нүүрс",CNY,450.0,3.0,19200.0,https://mse.mn/uploads/auction_schedules/mn-39a3db60-f65d-4463-8537-b16305286c6e.pdf,Тогтмол үнэтэй,https://mse.mn/uploads/auction_schedules/lab-caec78d9-aab8-470a-83c9-0bbf9dbdbc1e.pdf,,,reported,,ER-26110
2026-10-05 03:41,2026-06-15,11:00,Монголросцветмет ТӨҮГ,Mongolrostsvetmet (ex-Erdenes Critical Minerals),ECM-26-93,Iron ore,Iron ore Fe 52%,Fe-52% Төмрийн хүдэр,USD,70.0,2.0,6600.0,https://mse.mn/uploads/auction_schedules/mn-ba758424-0e60-4e07-91df-1a48a7ba7a38.pdf,Тогтмол үнэтэй,https://mse.mn/uploads/auction_schedules/lab-544c6617-2c78-4fe3-a0e8-168cf569ac64.pdf,,,reported,,ECM-26-93
2026-10-05 03:41,2026-06-15,10:00,Хангад Эксплорэйшн ХХК,Khangad Exploration,KH-26011,Coal,Washed semi-soft coking coal,Баяжуулсан сул коксжих нүүрс,CNY,800.0,2.0,12800.0,https://mse.mn/uploads/auction_schedules/mn-fa639d82-b180-46a6-a989-8333fc9fb7e7.pdf,Тогтмол үнэтэй,https://mse.mn/uploads/auction_schedules/lab-ef82f24a-c9a3-4b8b-9500-c5886c12cd15.pdf,,,reported,,KH-26011
2026-10-05 03:41,2026-06-12,11:00,Монголросцветмет ТӨҮГ,Mongolrostsvetmet (ex-Erdenes Critical Minerals),ECM-26-92,Iron ore,Iron ore Fe 52%,Fe-52% Төмрийн хүдэр,USD,70.0,2.0,6600.0,https://mse.mn/uploads/auction_schedules/mn-cc43661f-4299-4812-b210-279b1a57d371.pdf,Тогтмол үнэтэй,https://mse.mn/uploads/auction_schedules/lab-0488f10d-0740-4836-bda9-d3ca415cdfc0.pdf,,,reported,,ECM-26-92
2026-10-05 03:41,2026-06-12,10:00,Эрдэнэс Тавантолгой ХК,Erdenes Tavan Tolgoi,2613- CO,Coal,Medium-volatile coking coal,"Дэгдэмхий бодис дунд, коксжих нүүрс",USD,138.7,2.0,12800.0,https://mse.mn/uploads/auction_schedules/mn-502cb2d2-4a51-49fc-8426-96d52c87b4bc.pdf,Тогтмол үнэтэй,https://mse.mn/uploads/auction_schedules/lab-ce3b053c-1f5b-4733-b9d1-de279463215f.pdf,,,reported,,2613- CO
2026-10-05 03:41,2026-06-12,10:00,Энержи Ресурс ХХК,Energy Resources,ER-26109,Coal,Washed coking coal,Баяжуулсан коксжих нүүрс,CNY,950.0,2.0,12800.0,https://mse.mn/uploads/auction_schedules/mn-cf6da4b4-bca1-4761-8f1f-bc0e55ed6f0c.pdf,Тогтмол үнэтэй,https://mse.mn/uploads/auction_schedules/lab-6ecd393e-468c-483e-955f-d6fca453dfce.pdf,,,reported,,ER-26109
2026-10-05 03:41,2026-06-11,14:00,Энержи Ресурс ХХК,Energy Resources,ER-26108,Coal,Washed medium-ash semi-hard coking coal,"Баяжуулсан дунд зэрэг үнстэй, хагас хатуу коксжих нүүрс",CNY,450.0,3.0,19200.0,https://mse.mn/uploads/auction_schedules/mn-5d54d3b8-696b-4242-a250-ce28eb4bd229.pdf,Тогтмол үнэтэй,https://mse.mn/uploads/auction_schedules/lab-17a14598-7e24-4fc1-9667-92a3a16f8323.pdf,,,reported,,ER-26108
2026-10-05 03:41,2026-06-11,11:00,Монголросцветмет ТӨҮГ,Mongolrostsvetmet (ex-Erdenes Critical Minerals),ECM-26-90,Iron ore,Iron ore Fe 52%,Fe-52% Төмрийн хүдэр,USD,70.0,2.0,6600.0,https://mse.mn/uploads/auction_schedules/mn-23ad93cf-fc88-43d4-b18a-a0f3bacaf83a.pdf,Тогтмол үнэтэй,https://mse.mn/uploads/auction_schedules/lab-c938f3c7-9721-460b-8947-2563ece0a92b.pdf,,,reported,,ECM-26-90
2026-10-05 03:41,2026-06-11,10:00,Эрдэнэс Тавантолгой ХК,Erdenes Tavan Tolgoi,2616-13 WCO,Coal,Washed semi-soft coking coal,Баяжуулсан сул коксжих нүүрс,USD,117.9,10.0,64000.0,https://mse.mn/uploads/auction_schedules/mn-c62d4862-adc0-4081-8da0-d12e232370c6.pdf,Тогтмол үнэтэй,https://mse.mn/uploads/auction_schedules/lab-dcb1d8f9-5eb5-4263-8e43-4345bcdac15f.pdf,,,reported,,2616-13 WCO
2026-10-05 03:41,2026-06-10,14:00,Энержи Ресурс ХХК,Energy Resources,ER-26107,Coal,Washed medium-ash semi-hard coking coal,"Баяжуулсан дунд зэрэг үнстэй, хагас хатуу коксжих нүүрс",CNY,450.0,3.0,19200.0,https://mse.mn/uploads/auction_schedules/mn-88436e4b-9624-4e38-98e8-22fb65cff506.pdf,Тогтмол үнэтэй,https://mse.mn/uploads/auction_schedules/lab-fe7408fd-2f61-46fd-b9a8-da4eff9211ac.pdf,,,reported,,ER-26107
2026-10-05 03:41,2026-06-10,12:00,Эрдэнэс Тавантолгой ХК,Erdenes Tavan Tolgoi,2698-13 CO,Coal,1/3 coking coal,1/3 коксжих нүүрс,USD,94.9,10.0,64000.0,https://mse.mn/uploads/auction_schedules/mn-39b9bec8-e27b-43a9-a98c-3a3e84b402de.pdf,Тогтмол үнэтэй,https://mse.mn/uploads/auction_schedules/lab-33acb73c-9929-4e82-b2b9-5657a72d0be6.pdf,,,reported,,2698-13 CO
2026-10-05 03:41,2026-06-10,11:00,Монголросцветмет ТӨҮГ,Mongolrostsvetmet (ex-Erdenes Critical Minerals),ECM-26-89,Iron ore,Iron ore Fe 52%,Fe-52% Төмрийн хүдэр,USD,70.0,2.0,6600.0,https://mse.mn/uploads/auction_schedules/mn-f60bfa3a-c910-462f-a2ff-813b0cda6ff9.pdf,Тогтмол үнэтэй,https://mse.mn/uploads/auction_schedules/lab-df995d36-ddfa-4838-8412-5d60d8c89efc.pdf,,,reported,,ECM-26-89
2026-10-05 03:41,2026-06-10,10:00,Эрдэнэс Тавантолгой ХК,Erdenes Tavan Tolgoi,2618-WTC,Coal,Washed non-coking-quality coal,Баяжуулсан коксжих чанаргүй нүүрс,USD,67.2,5.0,32000.0,https://mse.mn/uploads/auction_schedules/mn-38f19e78-bafc-463c-b909-cd2773351e46.pdf,Тогтмол үнэтэй,https://mse.mn/uploads/auction_schedules/lab-a845fd58-492a-4f65-999e-b39484db5a44.pdf,,,reported,,2618-WTC
2026-10-05 03:41,2026-06-09,11:00,Монголросцветмет ТӨҮГ,Mongolrostsvetmet (ex-Erdenes Critical Minerals),ECM-26-91,Iron ore,Iron concentrate Fe 65%,Fe-65% Төмрийн баяжмал,USD,90.0,6.0,19800.0,https://mse.mn/uploads/auction_schedules/mn-5c1272ba-6bac-407c-91f4-8dfe287e4224.pdf,Тогтмол үнэтэй,https://mse.mn/uploads/auction_schedules/lab-f92945da-939b-4d71-b483-5e0d9b4867d7.pdf,,,reported,,ECM-26-91
2026-10-05 03:41,2026-06-09,10:00,Эрдэнэс Тавантолгой ХК,Erdenes Tavan Tolgoi,2615-13 WCO,Coal,Washed semi-soft coking coal,Баяжуулсан сул коксжих нүүрс,USD,117.9,10.0,64000.0,https://mse.mn/uploads/auction_schedules/mn-986dc428-2f78-4093-9638-3e33360cacbd.pdf,Тогтмол үнэтэй,https://mse.mn/uploads/auction_schedules/lab-1d6fd2a4-a812-4799-8be4-1fda1a5bdd70.pdf,,,reported,,2615-13 WCO
2026-10-05 03:41,2026-06-09,10:00,Энержи Ресурс ХХК,Energy Resources,ER-26106,Coal,Washed coking coal,Баяжуулсан коксжих нүүрс,CNY,950.0,2.0,12800.0,https://mse.mn/uploads/auction_schedules/mn-ca42ab07-abf2-4763-9641-0bd7fe5ee515.pdf,Тогтмол үнэтэй,https://mse.mn/uploads/auction_schedules/lab-a94a5517-79dc-4a09-b260-215f9b6d3639.pdf,,,reported,,ER-26106
2026-10-05 03:41,2026-06-08,14:00,Энержи Ресурс ХХК,Energy Resources,ER-26105,Coal,Washed medium-ash semi-hard coking coal,"Баяжуулсан дунд зэрэг үнстэй, хагас хатуу коксжих нүүрс",CNY,450.0,3.0,19200.0,https://mse.mn/uploads/auction_schedules/mn-ae8c4f46-5e61-41d9-b5bc-e0e252c7d5d2.pdf,Тогтмол үнэтэй,https://mse.mn/uploads/auction_schedules/lab-d79e83e3-88a8-4d5b-8a7b-7712034296c9.pdf,,,reported,,ER-26105
2026-10-05 03:41,2026-06-08,11:00,Монголросцветмет ТӨҮГ,Mongolrostsvetmet (ex-Erdenes Critical Minerals),ECM-26-88,Iron ore,Iron ore Fe 52%,Fe-52% Төмрийн хүдэр,USD,70.0,2.0,6600.0,https://mse.mn/uploads/auction_schedules/mn-1a7fa168-73af-4eb6-be26-e6fd0abed866.pdf,Тогтмол үнэтэй,https://mse.mn/uploads/auction_schedules/lab-1dc0b967-bd76-4300-94c2-45b820d1ca38.pdf,,,reported,,ECM-26-88
2026-10-05 03:41,2026-06-05,13:00,Дарханы Төмөрлөгийн Үйлдвэр ХХК,Дарханы Төмөрлөгийн Үйлдвэр ХХК,DMP-2648,Iron ore,Fe-58% Төмрийн баяжмал,Fe-58% Төмрийн баяжмал,USD,60.0,54.0,178200.0,https://mse.mn/uploads/auction_schedules/mn-10b19388-bfde-4004-a1dd-e82f1af1639a.pdf,Тогтмол үнэтэй,https://mse.mn/uploads/auction_schedules/lab-1469de1a-7d5e-49de-8216-bf2bf15f5adf.pdf,,,reported,,DMP-2648
2026-10-05 03:41,2026-06-05,12:00,Дарханы Төмөрлөгийн Үйлдвэр ХХК,Дарханы Төмөрлөгийн Үйлдвэр ХХК,DMP-2647,Iron ore,Fe-58% Төмрийн баяжмал,Fe-58% Төмрийн баяжмал,USD,60.0,54.0,178200.0,https://mse.mn/uploads/auction_schedules/mn-2b38fdc2-1434-4bee-97ac-dcd3763d1416.pdf,Тогтмол үнэтэй,https://mse.mn/uploads/auction_schedules/lab-1a394aed-d5d4-4ac5-8bef-87d3f7c853bf.pdf,,,reported,,DMP-2647
2026-10-05 03:41,2026-06-05,10:00,Дарханы Төмөрлөгийн Үйлдвэр ХХК,Дарханы Төмөрлөгийн Үйлдвэр ХХК,DMP-2646,Iron ore,Fe-58% Төмрийн баяжмал,Fe-58% Төмрийн баяжмал,USD,59.0,54.0,178200.0,https://mse.mn/uploads/auction_schedules/mn-e6b24792-6230-4993-ba31-efc45825a1c8.pdf,Тогтмол үнэтэй,https://mse.mn/uploads/auction_schedules/lab-9af4cb02-4881-4805-bfe7-b7a52ebadf54.pdf,,,reported,,DMP-2646
2026-10-05 03:41,2026-06-05,10:00,Эрдэнэс Тавантолгой ХК,Erdenes Tavan Tolgoi,2616-TC,Coal,"Thermal coal (bituminous, non-caking)","Эрчим хүчний нүүрс /Битумт, үл барьцалдах нүүрс/",USD,66.9,10.0,64000.0,https://mse.mn/uploads/auction_schedules/mn-ad3f8faf-acd0-49fc-8cdb-6797657a0f15.pdf,Тогтмол үнэтэй,https://mse.mn/uploads/auction_schedules/lab-856852b1-a0df-4af5-a594-eb56f22cc936.pdf,,,reported,,2616-TC
2026-10-05 03:41,2026-06-05,10:00,Энержи Ресурс ХХК,Energy Resources,ER-26104,Coal,Washed coking coal,Баяжуулсан коксжих нүүрс,CNY,900.0,2.0,12800.0,https://mse.mn/uploads/auction_schedules/mn-ER-26104.pdf,Тогтмол үнэтэй,https://mse.mn/uploads/auction_schedules/lab-d047534f-837b-4c23-9a4a-6ae5b5c9dcbd.pdf,,,reported,,ER-26104
2026-10-05 03:41,2026-06-04,14:00,Энержи Ресурс ХХК,Energy Resources,ER-26103,Coal,Washed medium-ash semi-hard coking coal,"Баяжуулсан дунд зэрэг үнстэй, хагас хатуу коксжих нүүрс",CNY,450.0,3.0,19200.0,https://mse.mn/uploads/auction_schedules/mn-f6533867-b0c0-4e43-8e90-a8c69cf78e3f.pdf,Тогтмол үнэтэй,https://mse.mn/uploads/auction_schedules/lab-8d754c81-01d0-44f2-ab6a-5b4fb8df698e.pdf,,,reported,,ER-26103
2026-10-05 03:41,2026-06-04,13:00,Дарханы Төмөрлөгийн Үйлдвэр ХХК,Дарханы Төмөрлөгийн Үйлдвэр ХХК,DMP-2645,Iron ore,Fe-58% Төмрийн баяжмал,Fe-58% Төмрийн баяжмал,USD,59.0,54.0,178200.0,https://mse.mn/uploads/auction_schedules/mn-6bc9d99a-eceb-437b-9144-4463cb93c9a1.pdf,Тогтмол үнэтэй,https://mse.mn/uploads/auction_schedules/lab-11c606db-30e2-465b-a46e-e3ce4707eef4.pdf,,,reported,,DMP-2645
2026-10-05 03:41,2026-06-04,12:00,Дарханы Төмөрлөгийн Үйлдвэр ХХК,Дарханы Төмөрлөгийн Үйлдвэр ХХК,DMP-2644,Iron ore,Fe-58% Төмрийн баяжмал,Fe-58% Төмрийн баяжмал,USD,59.0,54.0,178200.0,https://mse.mn/uploads/auction_schedules/mn-9a15fab5-597e-4fa4-94a9-be5d761b6911.pdf,Тогтмол үнэтэй,https://mse.mn/uploads/auction_schedules/lab-606de60b-e8d0-442e-b496-22d5fb3cf2bb.pdf,,,reported,,DMP-2644
2026-10-05 03:41,2026-06-04,10:00,Дарханы Төмөрлөгийн Үйлдвэр ХХК,Дарханы Төмөрлөгийн Үйлдвэр ХХК,DMP-2643,Iron ore,Fe-58% Төмрийн баяжмал,Fe-58% Төмрийн баяжмал,USD,59.0,54.0,178200.0,https://mse.mn/uploads/auction_schedules/mn-40681e0c-bcdb-4bb3-aed6-b8f43825dd91.pdf,Тогтмол үнэтэй,https://mse.mn/uploads/auction_schedules/lab-f35cf0d1-a086-488f-8c26-42f16c3d0180.pdf,,,reported,,DMP-2643
2026-10-05 03:41,2026-06-04,10:00,Эрдэнэс Тавантолгой ХК,Erdenes Tavan Tolgoi,2612- CO,Coal,Medium-volatile coking coal,"Дэгдэмхий бодис дунд, коксжих нүүрс",USD,128.5,2.0,12800.0,https://mse.mn/uploads/auction_schedules/mn-a5802706-f974-4c3a-8442-20d4fc073266.pdf,Тогтмол үнэтэй,https://mse.mn/uploads/auction_schedules/lab-a382c40e-3df5-4067-b175-46a323319cc3.pdf,,,reported,,2612- CO
2026-10-05 03:41,2026-06-03,10:00,Эрдэнэс Тавантолгой ХК,Erdenes Tavan Tolgoi,2614-13 WCO,Coal,Washed semi-soft coking coal,Баяжуулсан сул коксжих нүүрс,USD,111.3,20.0,128000.0,https://mse.mn/uploads/auction_schedules/mn-88c241b5-2491-4fe7-a259-2adfda1ee219.pdf,Тогтмол үнэтэй,https://mse.mn/uploads/auction_schedules/lab-fd3c2ed8-e018-4a93-a89d-3f4d64ba6210.pdf,,,reported,,2614-13 WCO
2026-10-05 03:41,2026-06-03,10:00,Энержи Ресурс ХХК,Energy Resources,ER-26102,Coal,Washed coking coal,Баяжуулсан коксжих нүүрс,CNY,900.0,2.0,12800.0,https://mse.mn/uploads/auction_schedules/mn-ER-26102.pdf,Тогтмол үнэтэй,https://mse.mn/uploads/auction_schedules/lab-dc0d4fe3-99e0-4923-8fc3-b1fafa72f668.pdf,,,reported,,ER-26102
2026-10-05 03:41,2026-06-02,14:00,Энержи Ресурс ХХК,Energy Resources,ER-26101,Coal,Washed medium-ash semi-hard coking coal,"Баяжуулсан дунд зэрэг үнстэй, хагас хатуу коксжих нүүрс",CNY,450.0,3.0,19200.0,https://mse.mn/uploads/auction_schedules/mn-9d129bf3-e487-461f-abc6-936e12e4fc21.pdf,Тогтмол үнэтэй,https://mse.mn/uploads/auction_schedules/lab-acdd2b2a-90cc-4a15-bd91-997f0d1e1a4a.pdf,,,reported,,ER-26101
2026-10-05 03:41,2026-06-02,10:00,Эрдэнэс Тавантолгой ХК,Erdenes Tavan Tolgoi,2617-WTC,Coal,Washed non-coking-quality coal,Баяжуулсан коксжих чанаргүй нүүрс,USD,66.9,5.0,32000.0,https://mse.mn/uploads/auction_schedules/mn-cf808e3a-3e9c-477d-9164-c2cf5a2d7c31.pdf,Тогтмол үнэтэй,https://mse.mn/uploads/auction_schedules/lab-b7fdee99-e412-4d9f-b7cb-559565d79506.pdf,,,reported,,2617-WTC
2026-10-05 03:41,2026-06-02,10:00,Энержи Ресурс ХХК,Energy Resources,ER-26100,Coal,Washed coking coal,Баяжуулсан коксжих нүүрс,CNY,1070.0,2.0,12800.0,https://mse.mn/uploads/auction_schedules/mn-ER-26100.pdf,Тогтмол үнэтэй,https://mse.mn/uploads/auction_schedules/lab-2869d235-28fe-4635-b817-bee41bed993f.pdf,,,reported,,ER-26100
2026-10-05 03:41,2026-05-29,11:00,Монголросцветмет ТӨҮГ,Mongolrostsvetmet (ex-Erdenes Critical Minerals),ECM-26-87,Iron ore,Iron ore Fe 52%,Fe-52% Төмрийн хүдэр,USD,70.0,2.0,6600.0,https://mse.mn/uploads/auction_schedules/mn-7fda0925-87f7-4d96-bd92-6f11d09e06ff.pdf,Тогтмол үнэтэй,https://mse.mn/uploads/auction_schedules/lab-957f9a3a-3610-49f4-953c-bd3b4e741a48.pdf,,,reported,,ECM-26-87
2026-10-05 03:41,2026-05-29,10:00,Энержи Ресурс ХХК,Energy Resources,ER-26099,Coal,Washed coking coal,Баяжуулсан коксжих нүүрс,CNY,900.0,2.0,12800.0,https://mse.mn/uploads/auction_schedules/mn-ER-26099.pdf,Тогтмол үнэтэй,https://mse.mn/uploads/auction_schedules/lab-e735e456-a403-4234-b44b-8794302db481.pdf,,,reported,,ER-26099
2026-10-05 03:41,2026-05-28,14:00,Энержи Ресурс ХХК,Energy Resources,ER-26098,Coal,Washed medium-ash semi-hard coking coal,"Баяжуулсан дунд зэрэг үнстэй, хагас хатуу коксжих нүүрс",CNY,450.0,3.0,19200.0,https://mse.mn/uploads/auction_schedules/mn-06f4878c-aaf0-4082-a433-b57539498b26.pdf,Тогтмол үнэтэй,https://mse.mn/uploads/auction_schedules/lab-f4e82b46-c535-4ed7-8048-00f1d769a889.pdf,,,reported,,ER-26098
2026-10-05 03:41,2026-05-28,11:00,Монголросцветмет ТӨҮГ,Mongolrostsvetmet (ex-Erdenes Critical Minerals),ECM-26-86,Iron ore,Iron ore Fe 52%,Fe-52% Төмрийн хүдэр,USD,70.0,2.0,6600.0,https://mse.mn/uploads/auction_schedules/mn-35f8d81e-e448-4593-b352-d89e89f90860.pdf,Тогтмол үнэтэй,https://mse.mn/uploads/auction_schedules/lab-8bdc93d1-de29-4321-a4b8-d89917071d72.pdf,,,reported,,ECM-26-86
2026-10-05 03:41,2026-05-27,15:00,Эрдэнэт Үйлдвэр ТӨҮГ,Erdenet Mining Corporation,ERD-05-2026,Copper,Copper concentrate (22.35% Cu),22.35%-ийн зэсийн агуулгатай баяжмал,USD,3210.34,8.0,7248.0,https://mse.mn/uploads/auction_schedules/mn-12f8d9e2-74d8-4840-aff2-f0bb20d9b88f.pdf,Тогтмол үнэтэй,https://mse.mn/uploads/auction_schedules/lab-266cf99e-6aa3-4d91-9188-7b858c0a3ac4.pdf,,,reported,,ERD-05-2026
2026-10-05 03:41,2026-05-27,14:00,Энержи Ресурс ХХК,Energy Resources,ER-26097,Coal,Washed medium-ash semi-hard coking coal,"Баяжуулсан дунд зэрэг үнстэй, хагас хатуу коксжих нүүрс",CNY,450.0,3.0,19200.0,https://mse.mn/uploads/auction_schedules/mn-79106a0a-08d4-4f06-8027-50b521c5b449.pdf,Тогтмол үнэтэй,https://mse.mn/uploads/auction_schedules/lab-99dbe721-96d0-43a7-9ca5-ff85a29956c2.pdf,,,reported,,ER-26097
2026-10-05 03:41,2026-05-27,11:00,Монголросцветмет ТӨҮГ,Mongolrostsvetmet (ex-Erdenes Critical Minerals),ECM-26-85,Iron ore,Iron ore Fe 52%,Fe-52% Төмрийн хүдэр,USD,70.0,2.0,6600.0,https://mse.mn/uploads/auction_schedules/mn-013d2aa4-efa4-4da4-901f-da2628b71dbe.pdf,Тогтмол үнэтэй,https://mse.mn/uploads/auction_schedules/lab-12ba9f02-873f-428f-8374-610a716b906e.pdf,,,reported,,ECM-26-85
2026-10-05 03:41,2026-05-26,11:00,Саусгоби Сэндс ХХК,Саусгоби Сэндс ХХК,SGS-2602,Coal,"Дэгдэмхий бодис их, хийн нүүрс","Дэгдэмхий бодис их, хийн нүүрс",CNY,330.0,32.0,204800.0,https://mse.mn/uploads/auction_schedules/mn-f01c057b-504f-4125-9fa0-38a8842a438d.pdf,Тогтмол үнэтэй,https://mse.mn/uploads/auction_schedules/lab-b790a30c-12da-48e8-a7ba-700154ee1d6b.pdf,,,reported,,SGS-2602
2026-10-05 03:41,2026-05-26,11:00,Монголросцветмет ТӨҮГ,Mongolrostsvetmet (ex-Erdenes Critical Minerals),ECM-26-84,Iron ore,Iron ore Fe 52%,Fe-52% Төмрийн хүдэр,USD,70.0,2.0,6600.0,https://mse.mn/uploads/auction_schedules/mn-efaf474d-8488-46f0-9990-136360e257a6.pdf,Тогтмол үнэтэй,https://mse.mn/uploads/auction_schedules/lab-d1e508ae-f310-45bd-9efc-61abb9e09d24.pdf,,,reported,,ECM-26-84
2026-10-05 03:41,2026-05-26,10:00,Энержи Ресурс ХХК,Energy Resources,ER-26096,Coal,Washed coking coal,Баяжуулсан коксжих нүүрс,CNY,900.0,2.0,12800.0,https://mse.mn/uploads/auction_schedules/mn-454aeb78-bbd5-47e4-b45f-b877079ef169.pdf,Тогтмол үнэтэй,https://mse.mn/uploads/auction_schedules/lab-b9248596-0f75-4815-9976-f0b7687d6302.pdf,,,reported,,ER-26096
2026-10-05 03:41,2026-05-25,14:00,Энержи Ресурс ХХК,Energy Resources,ER-26095,Coal,Washed medium-ash semi-hard coking coal,"Баяжуулсан дунд зэрэг үнстэй, хагас хатуу коксжих нүүрс",CNY,450.0,3.0,19200.0,https://mse.mn/uploads/auction_schedules/mn-d6b6a324-239e-4d61-ac36-c285f25a89d7.pdf,Тогтмол үнэтэй,https://mse.mn/uploads/auction_schedules/lab-3f66cca3-c7b3-4e84-99e4-01d6be5ce62e.pdf,,,reported,,ER-26095
2026-10-05 03:41,2026-05-25,11:00,Монголросцветмет ТӨҮГ,Mongolrostsvetmet (ex-Erdenes Critical Minerals),ECM-26-83,Iron ore,Iron ore Fe 52%,Fe-52% Төмрийн хүдэр,USD,70.0,2.0,6600.0,https://mse.mn/uploads/auction_schedules/mn-8fb7b105-ecee-44fa-8f3b-78939a88a54d.pdf,Тогтмол үнэтэй,https://mse.mn/uploads/auction_schedules/lab-56aadf8b-b30b-407e-ba7c-eda2b8b687ba.pdf,,,reported,,ECM-26-83
2026-10-05 03:41,2026-05-22,12:00,Эрдэнэс Тавантолгой ХК,Erdenes Tavan Tolgoi,2616-WTC,Coal,Washed non-coking-quality coal,Баяжуулсан коксжих чанаргүй нүүрс,USD,64.4,10.0,64000.0,https://mse.mn/uploads/auction_schedules/mn-1db1a77a-8de8-4161-91bd-efc00dadbc1e.pdf,Тогтмол үнэтэй,https://mse.mn/uploads/auction_schedules/lab-cc8ab796-50db-4353-944c-8c5b26c0468a.pdf,,,reported,,2616-WTC
2026-10-05 03:41,2026-05-22,11:00,Монголросцветмет ТӨҮГ,Mongolrostsvetmet (ex-Erdenes Critical Minerals),ECM-26-81,Iron ore,Iron ore Fe 52%,Fe-52% Төмрийн хүдэр,USD,70.0,2.0,6600.0,https://mse.mn/uploads/auction_schedules/mn-e9fc1f68-904b-4e05-8afa-63aab898e1b3.pdf,Тогтмол үнэтэй,https://mse.mn/uploads/auction_schedules/lab-dae6bc0a-b84e-48ef-9780-2aeb724abfc4.pdf,,,reported,,ECM-26-81
2026-10-05 03:41,2026-05-22,10:00,Эрдэнэс Тавантолгой ХК,Erdenes Tavan Tolgoi,2615-WTC,Coal,Washed non-coking-quality coal,Баяжуулсан коксжих чанаргүй нүүрс,USD,61.0,5.0,32000.0,https://mse.mn/uploads/auction_schedules/mn-bbce0af3-7435-42b6-8924-117da141c4d1.pdf,Тогтмол үнэтэй,https://mse.mn/uploads/auction_schedules/lab-522248e0-8dfd-486d-8c91-e457a02b5c29.pdf,,,reported,,2615-WTC
2026-10-05 03:41,2026-05-22,10:00,Энержи Ресурс ХХК,Energy Resources,ER-26094,Coal,Washed coking coal,Баяжуулсан коксжих нүүрс,CNY,900.0,2.0,12800.0,https://mse.mn/uploads/auction_schedules/mn-a7a152e5-f59c-4681-9d07-31fffae493d9.pdf,Тогтмол үнэтэй,https://mse.mn/uploads/auction_schedules/lab-ae20ebbc-d837-4098-81f5-5b39c4510be8.pdf,,,reported,,ER-26094
2026-10-05 03:41,2026-05-21,14:00,Эрдэнэс Тавантолгой ХК,Erdenes Tavan Tolgoi,2613-13 WCO,Coal,Washed semi-soft coking coal,Баяжуулсан сул коксжих нүүрс,USD,111.3,10.0,64000.0,https://mse.mn/uploads/auction_schedules/mn-072aa8a1-a348-4690-b9d5-044612dd6e4c.pdf,Тогтмол үнэтэй,https://mse.mn/uploads/auction_schedules/lab-b62fe7ca-d506-4c70-9db7-7c7ffdf4a836.pdf,,,reported,,2613-13 WCO
2026-10-05 03:41,2026-05-21,14:00,Энержи Ресурс ХХК,Energy Resources,ER-26093,Coal,Washed medium-ash semi-hard coking coal,"Баяжуулсан дунд зэрэг үнстэй, хагас хатуу коксжих нүүрс",CNY,450.0,3.0,19200.0,https://mse.mn/uploads/auction_schedules/mn-f1c5a8bd-fc9a-4828-810c-a6092b84ffbc.pdf,Тогтмол үнэтэй,https://mse.mn/uploads/auction_schedules/lab-2def6b51-fe4a-4f52-99c0-6b48a1222f9b.pdf,,,reported,,ER-26093
2026-10-05 03:41,2026-05-21,13:00,Дарханы Төмөрлөгийн Үйлдвэр ХХК,Дарханы Төмөрлөгийн Үйлдвэр ХХК,DMP-2642,Iron ore,Fe-58% Төмрийн баяжмал,Fe-58% Төмрийн баяжмал,USD,59.0,54.0,178200.0,https://mse.mn/uploads/auction_schedules/mn-67585b11-2f24-4112-8f20-2e2a28599e5f.pdf,Тогтмол үнэтэй,https://mse.mn/uploads/auction_schedules/lab-2cbc5f98-b2aa-4f41-8a83-4355365f188e.pdf,,,reported,,DMP-2642
2026-10-05 03:41,2026-05-21,12:00,Дарханы Төмөрлөгийн Үйлдвэр ХХК,Дарханы Төмөрлөгийн Үйлдвэр ХХК,DMP-2641,Iron ore,Fe-58% Төмрийн баяжмал,Fe-58% Төмрийн баяжмал,USD,59.0,54.0,178200.0,https://mse.mn/uploads/auction_schedules/mn-146c300f-74c1-4bb6-afde-d64b4707788a.pdf,Тогтмол үнэтэй,https://mse.mn/uploads/auction_schedules/lab-e536cc15-f360-4cb2-bf55-3cd091e6881e.pdf,,,reported,,DMP-2641
2026-10-05 03:41,2026-05-21,12:00,Эрдэнэс Тавантолгой ХК,Erdenes Tavan Tolgoi,2697-13 CO,Coal,1/3 coking coal,1/3 коксжих нүүрс,USD,70.1,10.0,64000.0,https://mse.mn/uploads/auction_schedules/mn-be691e7f-752b-4a17-8889-72b6a59b6af3.pdf,Тогтмол үнэтэй,https://mse.mn/uploads/auction_schedules/lab-45cd02df-6d87-4dec-937d-67f626e60947.pdf,,,reported,,2697-13 CO
2026-10-05 03:41,2026-05-21,11:00,Монголросцветмет ТӨҮГ,Mongolrostsvetmet (ex-Erdenes Critical Minerals),ECM-26-80,Iron ore,Iron ore Fe 52%,Fe-52% Төмрийн хүдэр,USD,70.0,2.0,6600.0,https://mse.mn/uploads/auction_schedules/mn-450912f7-b58b-428e-b3af-a8d631585e59.pdf,Тогтмол үнэтэй,https://mse.mn/uploads/auction_schedules/lab-e40f2981-c8a6-438b-add4-a1f94af0b877.pdf,,,reported,,ECM-26-80
2026-10-05 03:41,2026-05-21,10:00,Дарханы Төмөрлөгийн Үйлдвэр ХХК,Дарханы Төмөрлөгийн Үйлдвэр ХХК,DMP-2640,Iron ore,Fe-58% Төмрийн баяжмал,Fe-58% Төмрийн баяжмал,USD,59.0,54.0,178200.0,https://mse.mn/uploads/auction_schedules/mn-f4c3e3b1-a967-4cf5-9f99-bcc04e36e851.pdf,Тогтмол үнэтэй,https://mse.mn/uploads/auction_schedules/lab-6c0cbe79-5ffb-47f6-9980-f88192e8f578.pdf,,,reported,,DMP-2640
2026-10-05 03:41,2026-05-21,10:00,Эрдэнэс Тавантолгой ХК,Erdenes Tavan Tolgoi,2696-13 CO,Coal,1/3 coking coal,1/3 коксжих нүүрс,USD,88.8,10.0,64000.0,https://mse.mn/uploads/auction_schedules/mn-ae70b720-8bfc-4217-b1d3-14af4427bd2f.pdf,Тогтмол үнэтэй,https://mse.mn/uploads/auction_schedules/lab-dfb56263-0b3d-4b6e-ab25-b792fca9cb92.pdf,,,reported,,2696-13 CO
2026-10-05 03:41,2026-05-20,14:00,Эрдэнэс Тавантолгой ХК,Erdenes Tavan Tolgoi,2612-13 WCO,Coal,Washed semi-soft coking coal,Баяжуулсан сул коксжих нүүрс,USD,117.5,10.0,64000.0,https://mse.mn/uploads/auction_schedules/mn-a946a5c1-a238-4010-8f78-ac726c59eeac.pdf,Тогтмол үнэтэй,https://mse.mn/uploads/auction_schedules/lab-9d8f0cdd-10fa-4d69-b835-4ffc75703108.pdf,,,reported,,2612-13 WCO
2026-10-05 03:41,2026-05-20,13:00,Дарханы Төмөрлөгийн Үйлдвэр ХХК,Дарханы Төмөрлөгийн Үйлдвэр ХХК,DMP-2639,Iron ore,Fe-58% Төмрийн баяжмал,Fe-58% Төмрийн баяжмал,USD,60.0,54.0,178200.0,https://mse.mn/uploads/auction_schedules/mn-5b0b4de6-7b94-4537-bddc-825bf92971c5.pdf,Тогтмол үнэтэй,https://mse.mn/uploads/auction_schedules/lab-3d0aca7c-57e2-43e2-b21b-0d8bb409a464.pdf,,,reported,,DMP-2639
2026-10-05 03:41,2026-05-20,12:00,Дарханы Төмөрлөгийн Үйлдвэр ХХК,Дарханы Төмөрлөгийн Үйлдвэр ХХК,DMP-2638,Iron ore,Fe-58% Төмрийн баяжмал,Fe-58% Төмрийн баяжмал,USD,60.0,54.0,178200.0,https://mse.mn/uploads/auction_schedules/mn-3b6b02e3-6e42-4011-800f-3778e4832f2f.pdf,Тогтмол үнэтэй,https://mse.mn/uploads/auction_schedules/lab-c3039cce-5e00-4931-971b-17127004b986.pdf,,,reported,,DMP-2638
2026-10-05 03:41,2026-05-20,12:00,Эрдэнэс Тавантолгой ХК,Erdenes Tavan Tolgoi,2615-TC,Coal,"Thermal coal (bituminous, non-caking)","Эрчим хүчний нүүрс /Битумт, үл барьцалдах нүүрс/",USD,64.4,20.0,128000.0,https://mse.mn/uploads/auction_schedules/mn-c453fa48-5b86-4cba-90ab-38c70bfa76cd.pdf,Тогтмол үнэтэй,https://mse.mn/uploads/auction_schedules/lab-6ab05e34-26c5-4d77-8cc9-fe719bdd6f04.pdf,,,reported,,2615-TC
2026-10-05 03:41,2026-05-20,11:00,Тавантолгой ХК,Tavan Tolgoi JSC,TTOA-2026-021,Coal,Medium-volatile coking coal,"Дэгдэмхий бодис дунд, коксжих нүүрс",USD,127.0,79.0,505600.0,https://mse.mn/uploads/auction_schedules/mn-7d52cf60-16b9-45cf-8571-7a3bded710a3.pdf,Тогтмол үнэтэй,https://mse.mn/uploads/auction_schedules/lab-86afb916-b1d1-46de-8b7e-3082b85d072e.pdf,,,reported,,TTOA-2026-021
2026-10-05 03:41,2026-05-20,11:00,Монголросцветмет ТӨҮГ,Mongolrostsvetmet (ex-Erdenes Critical Minerals),ECM-26-79,Iron ore,Iron ore Fe 52%,Fe-52% Төмрийн хүдэр,USD,70.0,2.0,6600.0,https://mse.mn/uploads/auction_schedules/mn-34d685ee-7493-454a-bb18-1d4516d480ea.pdf,Тогтмол үнэтэй,https://mse.mn/uploads/auction_schedules/lab-d307aa02-4509-4896-9e5d-5f70a5cb5270.pdf,,,reported,,ECM-26-79
2026-10-05 03:41,2026-05-20,10:00,Дарханы Төмөрлөгийн Үйлдвэр ХХК,Дарханы Төмөрлөгийн Үйлдвэр ХХК,DMP-2637,Iron ore,Fe-58% Төмрийн баяжмал,Fe-58% Төмрийн баяжмал,USD,60.0,54.0,178200.0,https://mse.mn/uploads/auction_schedules/mn-29322a0b-b241-4f14-96b2-e997b6d90106.pdf,Тогтмол үнэтэй,https://mse.mn/uploads/auction_schedules/lab-cde607fe-7afe-4d5b-ad80-26f71b2dc017.pdf,,,reported,,DMP-2637
2026-10-05 03:41,2026-05-20,10:00,Эрдэнэс Тавантолгой ХК,Erdenes Tavan Tolgoi,2611- CO,Coal,Medium-volatile coking coal,"Дэгдэмхий бодис дунд, коксжих нүүрс",USD,131.4,3.0,19200.0,https://mse.mn/uploads/auction_schedules/mn-3ec21d1e-e834-4573-81fd-5cde9dc026c7.pdf,Тогтмол үнэтэй,https://mse.mn/uploads/auction_schedules/lab-1ebf7626-e829-4d47-9f46-67e5174ea19a.pdf,,,reported,,2611- CO
2026-10-05 03:41,2026-05-20,10:00,Энержи Ресурс ХХК,Energy Resources,ER-26092,Coal,Washed coking coal,Баяжуулсан коксжих нүүрс,CNY,900.0,2.0,12800.0,https://mse.mn/uploads/auction_schedules/mn-38bd629d-794d-4e14-a724-2d93bc0c70a3.pdf,Тогтмол үнэтэй,https://mse.mn/uploads/auction_schedules/lab-e3f51842-66ae-4177-b8d9-fbec1864e5a2.pdf,,,reported,,ER-26092
2026-10-05 03:41,2026-05-19,14:00,Эрдэнэс Тавантолгой ХК,Erdenes Tavan Tolgoi,2614-WTC,Coal,Washed non-coking-quality coal,Баяжуулсан коксжих чанаргүй нүүрс,USD,64.4,10.0,64000.0,https://mse.mn/uploads/auction_schedules/mn-7c107863-f99b-4f5c-bfe8-d96a1c95c504.pdf,Тогтмол үнэтэй,https://mse.mn/uploads/auction_schedules/lab-ae13f672-c098-4abf-a591-ca09e9cd5bd7.pdf,,,reported,,2614-WTC
2026-10-05 03:41,2026-05-19,12:00,Эрдэнэс Тавантолгой ХК,Erdenes Tavan Tolgoi,2611-13 WCO,Coal,Washed semi-soft coking coal,Баяжуулсан сул коксжих нүүрс,USD,114.6,10.0,64000.0,https://mse.mn/uploads/auction_schedules/mn-68eb9ed9-6d2f-4c19-a842-2c1183c49d35.pdf,Тогтмол үнэтэй,https://mse.mn/uploads/auction_schedules/lab-b9a9e9db-5d3a-468c-a3a0-c92bd4641c7b.pdf,,,reported,,2611-13 WCO
2026-10-05 03:41,2026-05-19,11:00,Монголросцветмет ТӨҮГ,Mongolrostsvetmet (ex-Erdenes Critical Minerals),ECM-26-78,Iron ore,Iron ore Fe 52%,Fe-52% Төмрийн хүдэр,USD,70.0,2.0,6600.0,https://mse.mn/uploads/auction_schedules/mn-afc3f681-9498-4362-801f-6e9c24b95356.pdf,Тогтмол үнэтэй,https://mse.mn/uploads/auction_schedules/lab-fe457a69-8097-43d2-a306-0861d30a519c.pdf,,,reported,,ECM-26-78
2026-10-05 03:41,2026-05-19,10:00,Эрдэнэс Тавантолгой ХК,Erdenes Tavan Tolgoi,2695-13 CO,Coal,1/3 coking coal,1/3 коксжих нүүрс,USD,84.1,20.0,128000.0,https://mse.mn/uploads/auction_schedules/mn-fbafbb81-fe04-4350-83f9-cc04dbd5732a.pdf,Тогтмол үнэтэй,https://mse.mn/uploads/auction_schedules/lab-4edda7c9-10ff-418f-a31a-0437a818514f.pdf,,,reported,,2695-13 CO
2026-10-05 03:41,2026-05-19,10:00,Энержи Ресурс ХХК,Energy Resources,ER-26091,Coal,Washed coking coal,Баяжуулсан коксжих нүүрс,CNY,900.0,2.0,12800.0,https://mse.mn/uploads/auction_schedules/mn-1740b333-0933-40fe-9a05-5260d4cb0416.pdf,Тогтмол үнэтэй,https://mse.mn/uploads/auction_schedules/lab-618c701f-a9b9-4ff8-a4e9-3fc1048eafdc.pdf,,,reported,,ER-26091
2026-10-05 03:41,2026-05-18,14:00,Энержи Ресурс ХХК,Energy Resources,ER-26090,Coal,Washed medium-ash semi-hard coking coal,"Баяжуулсан дунд зэрэг үнстэй, хагас хатуу коксжих нүүрс",CNY,450.0,3.0,19200.0,https://mse.mn/uploads/auction_schedules/mn-23901aac-58cc-4569-94d9-b8b75f3d2e53.pdf,Тогтмол үнэтэй,https://mse.mn/uploads/auction_schedules/lab-8d8b2f80-a901-42b5-8870-8cdd311eb404.pdf,,,reported,,ER-26090
2026-10-05 03:41,2026-05-18,12:00,Эрдэнэс Тавантолгой ХК,Erdenes Tavan Tolgoi,2694-13 CO,Coal,1/3 coking coal,1/3 коксжих нүүрс,USD,77.1,10.0,64000.0,https://mse.mn/uploads/auction_schedules/mn-3457dbba-2751-49c7-81e9-cf689bc55dc5.pdf,Тогтмол үнэтэй,https://mse.mn/uploads/auction_schedules/lab-dc594183-b19e-4bd9-8da1-87253e45eb0d.pdf,,,reported,,2694-13 CO
2026-10-05 03:41,2026-05-18,11:00,Монголросцветмет ТӨҮГ,Mongolrostsvetmet (ex-Erdenes Critical Minerals),ECM-26-77,Iron ore,Iron ore Fe 52%,Fe-52% Төмрийн хүдэр,USD,70.0,2.0,6600.0,https://mse.mn/uploads/auction_schedules/mn-924b0f26-5a44-46f4-a61f-42a40b7af8a8.pdf,Тогтмол үнэтэй,https://mse.mn/uploads/auction_schedules/lab-00ac7363-9923-49d2-a50c-9f1c8003335b.pdf,,,reported,,ECM-26-77
2026-10-05 03:41,2026-05-18,11:00,Монголросцветмет ТӨҮГ,Mongolrostsvetmet (ex-Erdenes Critical Minerals),ECM-26-82,Iron ore,Iron concentrate Fe 65%,Fe-65% Төмрийн баяжмал,USD,90.0,6.0,19800.0,https://mse.mn/uploads/auction_schedules/mn-ddd403ad-75ee-4fb1-8da3-6fd95e50fe74.pdf,Тогтмол үнэтэй,https://mse.mn/uploads/auction_schedules/lab-e141c5ec-4702-46f1-9d14-f5b63fd1ac5a.pdf,,,reported,,ECM-26-82
2026-10-05 03:41,2026-05-15,11:00,Монголросцветмет ТӨҮГ,Mongolrostsvetmet (ex-Erdenes Critical Minerals),ECM-26-76,Iron ore,Iron ore Fe 52%,Fe-52% Төмрийн хүдэр,USD,70.0,20.0,66000.0,https://mse.mn/uploads/auction_schedules/mn-b099fcfd-c7b0-413a-a1d9-b7db7b4d9119.pdf,Тогтмол үнэтэй,https://mse.mn/uploads/auction_schedules/lab-11ed4482-8ccd-4724-a1b6-ce8a872d96a3.pdf,,,reported,,ECM-26-76
2026-10-05 03:41,2026-05-15,10:00,Эрдэнэс Тавантолгой ХК,Erdenes Tavan Tolgoi,2614-TC,Coal,"Thermal coal (bituminous, non-caking)","Эрчим хүчний нүүрс /Битумт, үл барьцалдах нүүрс/",USD,64.4,20.0,128000.0,https://mse.mn/uploads/auction_schedules/mn-a3953640-daec-499f-9a93-5991c851e540.pdf,Тогтмол үнэтэй,https://mse.mn/uploads/auction_schedules/lab-ccf3f582-2860-45d5-a2e4-771a7aa96267.pdf,,,reported,,2614-TC
2026-10-05 03:41,2026-05-15,10:00,Энержи Ресурс ХХК,Energy Resources,ER-26089,Coal,Washed coking coal,Баяжуулсан коксжих нүүрс,CNY,900.0,2.0,12800.0,https://mse.mn/uploads/auction_schedules/mn-d9ec27be-184e-4430-bcc2-823896a7f213.pdf,Тогтмол үнэтэй,https://mse.mn/uploads/auction_schedules/lab-66679b64-493b-4a41-bda3-5448a7b723ca.pdf,,,reported,,ER-26089
2026-10-05 03:41,2026-05-14,14:00,Энержи Ресурс ХХК,Energy Resources,ER-26088,Coal,Washed medium-ash semi-hard coking coal,"Баяжуулсан дунд зэрэг үнстэй, хагас хатуу коксжих нүүрс",CNY,450.0,3.0,19200.0,https://mse.mn/uploads/auction_schedules/mn-9a3ceb3e-7f55-4996-a167-a8413b78554e.pdf,Тогтмол үнэтэй,https://mse.mn/uploads/auction_schedules/lab-ed88ed61-e25b-4868-855c-a581e8cea295.pdf,,,reported,,ER-26088
2026-10-05 03:41,2026-05-14,10:00,Эрдэнэс Тавантолгой ХК,Erdenes Tavan Tolgoi,2613-WTC,Coal,Washed non-coking-quality coal,Баяжуулсан коксжих чанаргүй нүүрс,USD,64.4,10.0,64000.0,https://mse.mn/uploads/auction_schedules/mn-1e7fd143-12ee-4fb6-b563-d4e68e574dc1.pdf,Тогтмол үнэтэй,https://mse.mn/uploads/auction_schedules/lab-2cee740c-6bd7-41be-9005-459971023b69.pdf,,,reported,,2613-WTC
2026-10-05 03:41,2026-05-14,10:00,Андын Илч ХХК,Андын Илч ХХК,AND-6,Coal,Чийг багатай хүрэн нүүрс,Чийг багатай хүрэн нүүрс,CNY,140.0,3.0,19200.0,https://mse.mn/uploads/auction_schedules/mn-e68d3a75-eb22-42aa-87bf-bcc614de64ab.pdf,Тогтмол үнэтэй,https://mse.mn/uploads/auction_schedules/lab-7959da5f-fae9-4780-98c9-41c5e34a606e.pdf,,,reported,,AND-6
2026-10-05 03:41,2026-05-13,12:00,Эрдэнэс Тавантолгой ХК,Erdenes Tavan Tolgoi,2693-13 CO,Coal,1/3 coking coal,1/3 коксжих нүүрс,USD,88.9,10.0,64000.0,https://mse.mn/uploads/auction_schedules/mn-5db048fa-cc21-48d4-ae1b-794b45639adc.pdf,Тогтмол үнэтэй,https://mse.mn/uploads/auction_schedules/lab-db284996-0d34-47d4-8e52-3dc8c740340e.pdf,,,reported,,2693-13 CO
2026-10-05 03:41,2026-05-13,10:00,Эрдэнэс Тавантолгой ХК,Erdenes Tavan Tolgoi,2613-TC,Coal,"Thermal coal (bituminous, non-caking)","Эрчим хүчний нүүрс /Битумт, үл барьцалдах нүүрс/",USD,61.0,10.0,64000.0,https://mse.mn/uploads/auction_schedules/mn-92b58138-8f3a-48db-91ca-30742937fa44.pdf,Тогтмол үнэтэй,https://mse.mn/uploads/auction_schedules/lab-fceec5bf-6842-4e51-8651-4bef5538c450.pdf,,,reported,,2613-TC
2026-10-05 03:41,2026-05-13,10:00,Энержи Ресурс ХХК,Energy Resources,ER-26087,Coal,Washed coking coal,Баяжуулсан коксжих нүүрс,CNY,900.0,2.0,12800.0,https://mse.mn/uploads/auction_schedules/mn-ff8ef2b2-2085-4aa5-9565-91931fbc5377.pdf,Тогтмол үнэтэй,https://mse.mn/uploads/auction_schedules/lab-58ad3839-de36-4974-ac66-5f065eff3211.pdf,,,reported,,ER-26087
2026-10-05 03:41,2026-05-12,14:00,Эрдэнэс Тавантолгой ХК,Erdenes Tavan Tolgoi,2612-WTC,Coal,Washed non-coking-quality coal,Баяжуулсан коксжих чанаргүй нүүрс,USD,61.0,5.0,32000.0,https://mse.mn/uploads/auction_schedules/mn-c7f431c0-ad2b-4ee6-9e74-e94f71e36c40.pdf,Тогтмол үнэтэй,https://mse.mn/uploads/auction_schedules/lab-219dfe06-42ea-44c9-8730-a807742b3b8d.pdf,,,reported,,2612-WTC
2026-10-05 03:41,2026-05-12,12:00,Эрдэнэс Тавантолгой ХК,Erdenes Tavan Tolgoi,2692 1-3 CO,Coal,1/3 coking coal,1/3 коксжих нүүрс,USD,77.2,10.0,64000.0,https://mse.mn/uploads/auction_schedules/mn-2692 1-3 CO.pdf,,https://mse.mn/uploads/auction_schedules/lab-mn-2692 1-3 CO.pdf,,,reported,,2692 1-3 CO
2026-10-05 03:41,2026-05-12,10:00,Монголын Алт (МАК) ХХК,Монголын Алт (МАК) ХХК,MAK-001-2026,Coal,1/3 coking coal,1/3 коксжих нүүрс,CNY,470.0,4.0,25600.0,https://mse.mn/uploads/auction_schedules/mn-12bb8bec-5502-4546-b3c8-91dc15eb00c6.pdf,Тогтмол үнэтэй,https://mse.mn/uploads/auction_schedules/lab-9ed95a1b-e394-41fd-a995-45a555a3fcb6.pdf,,,reported,,MAK-001-2026
2026-10-05 03:41,2026-05-12,10:00,Эрдэнэс Тавантолгой ХК,Erdenes Tavan Tolgoi,2691-13 CO,Coal,1/3 coking coal,1/3 коксжих нүүрс,USD,84.2,5.0,32000.0,https://mse.mn/uploads/auction_schedules/mn-8ab452f4-c3f9-49ac-b403-e48a61c8e05c.pdf,Тогтмол үнэтэй,https://mse.mn/uploads/auction_schedules/lab-dc978f43-e785-4f40-bc3a-5b06c7987a29.pdf,,,reported,,2691-13 CO
2026-10-05 03:41,2026-05-12,10:00,Энержи Ресурс ХХК,Energy Resources,ER-26086,Coal,Washed coking coal,Баяжуулсан коксжих нүүрс,CNY,900.0,2.0,12800.0,https://mse.mn/uploads/auction_schedules/mn-708cc015-b46d-4d23-936b-0b75631f9421.pdf,Тогтмол үнэтэй,https://mse.mn/uploads/auction_schedules/lab-fb5df2d4-12cf-409c-af72-69c485f92847.pdf,,,reported,,ER-26086
2026-10-05 03:41,2026-05-11,14:00,Эрдэнэс Тавантолгой ХК,Erdenes Tavan Tolgoi,2610-13 WCO,Coal,Washed semi-soft coking coal,Баяжуулсан сул коксжих нүүрс,USD,114.7,10.0,64000.0,https://mse.mn/uploads/auction_schedules/mn-0b8a44bd-8f71-47ff-8bb7-0b06c0f7d6e9.pdf,Тогтмол үнэтэй,https://mse.mn/uploads/auction_schedules/lab-e92db367-485e-4a6b-9313-aee70336bad4.pdf,,,reported,,2610-13 WCO
2026-10-05 03:41,2026-05-11,14:00,Энержи Ресурс ХХК,Energy Resources,ER-26085,Coal,Washed medium-ash semi-hard coking coal,"Баяжуулсан дунд зэрэг үнстэй, хагас хатуу коксжих нүүрс",CNY,450.0,3.0,19200.0,https://mse.mn/uploads/auction_schedules/mn-e87e0cd3-f1e3-4b18-8fb5-e051349dc089.pdf,Тогтмол үнэтэй,https://mse.mn/uploads/auction_schedules/lab-1ad7fb54-ba3e-4ef2-8ed0-889b49b16620.pdf,,,reported,,ER-26085
2026-10-05 03:41,2026-05-11,12:00,Эрдэнэс Тавантолгой ХК,Erdenes Tavan Tolgoi,2611-WTC,Coal,Washed non-coking-quality coal,Баяжуулсан коксжих чанаргүй нүүрс,USD,57.8,5.0,32000.0,https://mse.mn/uploads/auction_schedules/mn-f92a9e6e-54f1-4883-94e8-809cf0984038.pdf,Тогтмол үнэтэй,https://mse.mn/uploads/auction_schedules/lab-91a3753f-e6e1-4830-a5b8-912d423d6001.pdf,,,reported,,2611-WTC
2026-10-05 03:41,2026-05-08,12:00,Эрдэнэс Тавантолгой ХК,Erdenes Tavan Tolgoi,2612-TC,Coal,"Thermal coal (bituminous, non-caking)","Эрчим хүчний нүүрс /Битумт, үл барьцалдах нүүрс/",USD,61.0,10.0,64000.0,https://mse.mn/uploads/auction_schedules/mn-3f6619b6-6a7f-4678-bbf4-c38acc82587f.pdf,Тогтмол үнэтэй,https://mse.mn/uploads/auction_schedules/lab-0041348f-80d9-4b6e-bcbf-c25d810b6bcf.pdf,,,reported,,2612-TC
2026-10-05 03:41,2026-05-08,10:00,Эрдэнэс Тавантолгой ХК,Erdenes Tavan Tolgoi,2610-WTC,Coal,Washed non-coking-quality coal,Баяжуулсан коксжих чанаргүй нүүрс,USD,61.0,10.0,64000.0,https://mse.mn/uploads/auction_schedules/mn-e54ec461-2e43-4deb-9637-314db6446777.pdf,Тогтмол үнэтэй,https://mse.mn/uploads/auction_schedules/lab-1332f3bd-0739-4340-b38d-d06d19bfa8ab.pdf,,,reported,,2610-WTC
2026-10-05 03:41,2026-05-08,10:00,Тавантолгой ХК,Tavan Tolgoi JSC,TTOA-2026-020,Coal,Medium-volatile coking coal,"Дэгдэмхий бодис дунд, коксжих нүүрс",USD,126.0,79.0,505600.0,https://mse.mn/uploads/auction_schedules/mn-c928443f-cd5f-4ff7-9e38-23b687eb30de.pdf,Тогтмол үнэтэй,https://mse.mn/uploads/auction_schedules/lab-076fd838-926e-45e9-a630-41fa22bdac47.pdf,,,reported,,TTOA-2026-020
2026-10-05 03:41,2026-05-08,10:00,Энержи Ресурс ХХК,Energy Resources,ER-26084,Coal,Washed coking coal,Баяжуулсан коксжих нүүрс,CNY,900.0,2.0,12800.0,https://mse.mn/uploads/auction_schedules/mn-c73a3854-1be4-40ac-b5ad-fe7fc4ff1dec.pdf,Тогтмол үнэтэй,https://mse.mn/uploads/auction_schedules/lab-abafd0b9-578a-4603-86ea-3aeb4901cda6.pdf,,,reported,,ER-26084
2026-10-05 03:41,2026-05-07,14:00,Энержи Ресурс ХХК,Energy Resources,ER-26083,Coal,Washed medium-ash semi-hard coking coal,"Баяжуулсан дунд зэрэг үнстэй, хагас хатуу коксжих нүүрс",CNY,450.0,3.0,19200.0,https://mse.mn/uploads/auction_schedules/mn-a8dd7a1d-0e49-4e0f-b066-b5618bd66e97.pdf,Тогтмол үнэтэй,https://mse.mn/uploads/auction_schedules/lab-dbbeaa22-e47d-450e-ae17-2a9fad966171.pdf,,,reported,,ER-26083
2026-10-05 03:41,2026-05-07,12:00,Эрдэнэс Тавантолгой ХК,Erdenes Tavan Tolgoi,2690-13 CO,Coal,1/3 coking coal,1/3 коксжих нүүрс,USD,70.2,5.0,32000.0,https://mse.mn/uploads/auction_schedules/mn-697fa049-dcad-4679-a2ea-d500407b5504.pdf,Тогтмол үнэтэй,https://mse.mn/uploads/auction_schedules/lab-7b13f6fa-57c9-4329-a5bd-8575a02e4170.pdf,,,reported,,2690-13 CO
2026-10-05 03:41,2026-05-07,11:00,Монголросцветмет ТӨҮГ,Mongolrostsvetmet (ex-Erdenes Critical Minerals),ECM-26-75,Iron ore,Iron concentrate Fe 65%,Fe-65% Төмрийн баяжмал,USD,85.0,6.0,19800.0,https://mse.mn/uploads/auction_schedules/mn-6d7947a8-88c2-4db9-b3b1-4ca637b2850b.pdf,Тогтмол үнэтэй,https://mse.mn/uploads/auction_schedules/lab-f68a288c-8b5a-4aa4-9217-6063aaf8f09a.pdf,,,reported,,ECM-26-75
2026-10-05 03:41,2026-05-07,10:00,Эрдэнэс Тавантолгой ХК,Erdenes Tavan Tolgoi,2609-13 WCO,Coal,Washed semi-soft coking coal,Баяжуулсан сул коксжих нүүрс,USD,114.7,10.0,64000.0,https://mse.mn/uploads/auction_schedules/mn-bed1bdb1-693c-4254-95f9-3dd4f1fb224f.pdf,Тогтмол үнэтэй,https://mse.mn/uploads/auction_schedules/lab-mn-2609-13 WCO.pdf,,,reported,,2609-13 WCO
2026-10-05 03:41,2026-05-06,11:00,Монголросцветмет ТӨҮГ,Mongolrostsvetmet (ex-Erdenes Critical Minerals),ECM-26-74,Iron ore,Iron ore Fe 52%,Fe-52% Төмрийн хүдэр,USD,70.0,20.0,66000.0,https://mse.mn/uploads/auction_schedules/mn-d164f86e-fc4a-4fb0-a3cd-98bd5d84bb1a.pdf,Тогтмол үнэтэй,https://mse.mn/uploads/auction_schedules/lab-32bc04ff-6104-4de5-ac96-ef8bd65404e9.pdf,,,reported,,ECM-26-74
2026-10-05 03:41,2026-05-06,10:00,Эрдэнэс Тавантолгой ХК,Erdenes Tavan Tolgoi,2609-WTC,Coal,Washed non-coking-quality coal,Баяжуулсан коксжих чанаргүй нүүрс,USD,56.8,5.0,32000.0,https://mse.mn/uploads/auction_schedules/mn-56036356-58b5-4fb5-a020-74f34723f8dd.pdf,Тогтмол үнэтэй,https://mse.mn/uploads/auction_schedules/lab-3e6ff9a2-4cc0-46b8-913a-3e289aa1837d.pdf,,,reported,,2609-WTC
2026-10-05 03:41,2026-05-06,10:00,Энержи Ресурс ХХК,Energy Resources,ER-26081,Coal,Washed coking coal,Баяжуулсан коксжих нүүрс,CNY,900.0,2.0,12800.0,https://mse.mn/uploads/auction_schedules/mn-86ddf2eb-a38d-47c9-bdeb-a1a464814b26.pdf,Тогтмол үнэтэй,https://mse.mn/uploads/auction_schedules/lab-484725c5-a5a4-4987-be6d-605fa9529ef3.pdf,,,reported,,ER-26081
2026-10-05 03:41,2026-05-05,13:00,Дарханы Төмөрлөгийн Үйлдвэр ХХК,Дарханы Төмөрлөгийн Үйлдвэр ХХК,DMP-2636,Iron ore,Fe-58% Төмрийн баяжмал,Fe-58% Төмрийн баяжмал,USD,60.0,18.0,56700.0,https://mse.mn/uploads/auction_schedules/mn-2628950d-350f-43b1-951d-e404ffec8db2.pdf,Тогтмол үнэтэй,https://mse.mn/uploads/auction_schedules/lab-25aac194-9219-4082-907a-85b727241aca.pdf,,,reported,,DMP-2636
2026-10-05 03:41,2026-05-05,12:00,Эрдэнэс Тавантолгой ХК,Erdenes Tavan Tolgoi,2608-WTC,Coal,Washed non-coking-quality coal,Баяжуулсан коксжих чанаргүй нүүрс,USD,59.9,5.0,32000.0,https://mse.mn/uploads/auction_schedules/mn-e024d27d-65f9-49cd-a572-36a2786e6bab.pdf,Тогтмол үнэтэй,https://mse.mn/uploads/auction_schedules/lab-c73ee788-dea9-4d55-9d3a-f886195d3f9a.pdf,,,reported,,2608-WTC
2026-10-05 03:41,2026-05-05,12:00,Дарханы Төмөрлөгийн Үйлдвэр ХХК,Дарханы Төмөрлөгийн Үйлдвэр ХХК,DMP-2635,Iron ore,Fe-58% Төмрийн баяжмал,Fe-58% Төмрийн баяжмал,USD,60.0,18.0,56700.0,https://mse.mn/uploads/auction_schedules/mn-6ec9dcdf-6f46-449c-9db5-64d5a4e94da9.pdf,Тогтмол үнэтэй,https://mse.mn/uploads/auction_schedules/lab-1f0bc6eb-4531-40b5-916a-5c0c576adfab.pdf,,,reported,,DMP-2635
2026-10-05 03:41,2026-05-05,10:00,Эрдэнэс Тавантолгой ХК,Erdenes Tavan Tolgoi,2607-WTC,Coal,Washed non-coking-quality coal,Баяжуулсан коксжих чанаргүй нүүрс,USD,56.8,5.0,32000.0,https://mse.mn/uploads/auction_schedules/mn-f49c4c60-eeee-4506-b31e-a8c1248f9cfe.pdf,Тогтмол үнэтэй,https://mse.mn/uploads/auction_schedules/lab-6c633100-16f6-4134-93d7-a72b9b9ff850.pdf,,,reported,,2607-WTC
2026-10-05 03:41,2026-05-05,10:00,Энержи Ресурс ХХК,Energy Resources,ER-26080,Coal,Washed coking coal,Баяжуулсан коксжих нүүрс,CNY,900.0,2.0,12800.0,https://mse.mn/uploads/auction_schedules/mn-f4f6136c-623c-4446-96c5-dd3516135968.pdf,Тогтмол үнэтэй,https://mse.mn/uploads/auction_schedules/lab-911982d8-99ef-4f03-8033-fb6100dd77a3.pdf,,,reported,,ER-26080
2026-10-05 03:41,2026-05-05,10:00,Дарханы Төмөрлөгийн Үйлдвэр ХХК,Дарханы Төмөрлөгийн Үйлдвэр ХХК,DMP-2634,Iron ore,Fe-58% Төмрийн баяжмал,Fe-58% Төмрийн баяжмал,USD,60.0,18.0,56700.0,https://mse.mn/uploads/auction_schedules/mn-e08be899-4fde-4232-bd02-88a1dc1c1bf2.pdf,Тогтмол үнэтэй,https://mse.mn/uploads/auction_schedules/lab-f7467bf5-bd82-4493-a9f1-5bb7dc4560cb.pdf,,,reported,,DMP-2634
2026-10-05 03:41,2026-05-04,14:00,Эрдэнэс Тавантолгой ХК,Erdenes Tavan Tolgoi,2608-13 WCO,Coal,Washed semi-soft coking coal,Баяжуулсан сул коксжих нүүрс,USD,112.4,10.0,64000.0,https://mse.mn/uploads/auction_schedules/mn-e1aefb68-37cd-4203-bb7d-11eab7b75663.pdf,Тогтмол үнэтэй,https://mse.mn/uploads/auction_schedules/lab-d0a6528f-54e5-47c3-8079-c3b5d2722c63.pdf,,,reported,,2608-13 WCO
2026-10-05 03:41,2026-05-04,14:00,Энержи Ресурс ХХК,Energy Resources,ER-26082,Coal,Washed medium-ash semi-hard coking coal,"Баяжуулсан дунд зэрэг үнстэй, хагас хатуу коксжих нүүрс",CNY,450.0,3.0,19200.0,https://mse.mn/uploads/auction_schedules/mn-3c77e42f-7668-436c-9acd-12ac252b04ee.pdf,Тогтмол үнэтэй,https://mse.mn/uploads/auction_schedules/lab-d0b2fce6-105d-4969-a9ee-5ed01be62945.pdf,,,reported,,ER-26082
2026-10-05 03:41,2026-05-04,13:00,Дарханы Төмөрлөгийн Үйлдвэр ХХК,Дарханы Төмөрлөгийн Үйлдвэр ХХК,DMP-2633,Iron ore,Fe-58% Төмрийн баяжмал,Fe-58% Төмрийн баяжмал,USD,60.0,18.0,59400.0,https://mse.mn/uploads/auction_schedules/mn-270aff30-c2a4-4464-a24b-dbe4d7e78971.pdf,Тогтмол үнэтэй,https://mse.mn/uploads/auction_schedules/lab-8c0ba3eb-a10c-4b58-a679-bc9b7ac18734.pdf,,,reported,,DMP-2633
2026-10-05 03:41,2026-05-04,12:00,Дарханы Төмөрлөгийн Үйлдвэр ХХК,Дарханы Төмөрлөгийн Үйлдвэр ХХК,DMP-2632,Iron ore,Fe-58% Төмрийн баяжмал,Fe-58% Төмрийн баяжмал,USD,60.0,18.0,59400.0,https://mse.mn/uploads/auction_schedules/mn-e6919db5-ae20-4842-8b66-909f875ae1dc.pdf,Тогтмол үнэтэй,https://mse.mn/uploads/auction_schedules/lab-58640eda-fdb3-4e35-bb04-615af6ae0483.pdf,,,reported,,DMP-2632
2026-10-05 03:41,2026-05-04,12:00,Эрдэнэс Тавантолгой ХК,Erdenes Tavan Tolgoi,2607-13 WCO,Coal,Washed semi-soft coking coal,Баяжуулсан сул коксжих нүүрс,USD,106.3,10.0,64000.0,https://mse.mn/uploads/auction_schedules/mn-f7490688-0d3c-4ed9-9311-8eeddabfbdc7.pdf,Тогтмол үнэтэй,https://mse.mn/uploads/auction_schedules/lab-bb572e60-e686-449d-8038-82272b929a58.pdf,,,reported,,2607-13 WCO
2026-10-05 03:41,2026-05-04,10:00,Энержи Ресурс ХХК,Energy Resources,ER-26079,Coal,Washed coking coal,Баяжуулсан коксжих нүүрс,CNY,1080.0,2.0,12800.0,https://mse.mn/uploads/auction_schedules/mn-6adf211a-27f3-4aaa-b9d6-5c69a491d911.pdf,Тогтмол үнэтэй,https://mse.mn/uploads/auction_schedules/lab-9c524997-6cf5-4250-b392-4b8ebbea26f8.pdf,,,reported,,ER-26079
2026-10-05 03:41,2026-05-04,10:00,Дарханы Төмөрлөгийн Үйлдвэр ХХК,Дарханы Төмөрлөгийн Үйлдвэр ХХК,DMP-2631,Iron ore,Fe-58% Төмрийн баяжмал,Fe-58% Төмрийн баяжмал,USD,60.0,18.0,59400.0,https://mse.mn/uploads/auction_schedules/mn-ff33650d-efad-4695-9b9c-c573b0395c7b.pdf,Тогтмол үнэтэй,https://mse.mn/uploads/auction_schedules/lab-0f976a90-ee79-438c-9b25-532cd86a8fe9.pdf,,,reported,,DMP-2631
2026-10-05 03:41,2026-05-04,10:00,Эрдэнэс Тавантолгой ХК,Erdenes Tavan Tolgoi,2606-13 WCO,Coal,Washed semi-soft coking coal,Баяжуулсан сул коксжих нүүрс,USD,118.6,1.0,6400.0,https://mse.mn/uploads/auction_schedules/mn-dba22ff1-9482-44f7-9b5b-40d31c998e2d.pdf,Тогтмол үнэтэй,https://mse.mn/uploads/auction_schedules/lab-407de499-fb77-437f-aec5-c99885a47e2e.pdf,,,reported,,2606-13 WCO
2026-10-05 03:41,2026-05-01,12:00,Мөнх тэнүүн оргил ХХК,Мөнх тэнүүн оргил ХХК,MTO-2602,Coal,Washed non-coking-quality coal,Баяжуулсан коксжих чанаргүй нүүрс,CNY,280.0,4.0,25600.0,https://mse.mn/uploads/auction_schedules/mn-cbf3fa82-6b35-4eb2-ba65-4aba717c3aca.pdf,Тогтмол үнэтэй,https://mse.mn/uploads/auction_schedules/lab-232f9372-19c9-412d-9cc1-d556d0484c27.pdf,,,reported,,MTO-2602
2026-10-05 03:41,2026-05-01,10:00,Мөнх тэнүүн оргил ХХК,Мөнх тэнүүн оргил ХХК,MTO-2601,Coal,Washed semi-soft coking coal,Баяжуулсан сул коксжих нүүрс,CNY,700.0,10.0,64000.0,https://mse.mn/uploads/auction_schedules/mn-e005b73d-bedb-4594-8758-6c085c921bbc.pdf,Тогтмол үнэтэй,https://mse.mn/uploads/auction_schedules/lab-b3d99a44-8e58-49cb-9584-a4bf927eb79b.pdf,,,reported,,MTO-2601
2026-10-05 03:41,2026-05-01,10:00,Эрдэнэс Тавантолгой ХК,Erdenes Tavan Tolgoi,2605-13 WCO,Coal,Washed semi-soft coking coal,Баяжуулсан сул коксжих нүүрс,USD,106.3,10.0,64000.0,https://mse.mn/uploads/auction_schedules/mn-688056f9-58ea-43d1-ba25-3700888dac26.pdf,Тогтмол үнэтэй,https://mse.mn/uploads/auction_schedules/lab-375bd0c3-3979-4532-859d-aa369fb6e856.pdf,,,reported,,2605-13 WCO
2026-10-05 03:41,2026-05-01,10:00,Энержи Ресурс ХХК,Energy Resources,ER-26078,Coal,Washed coking coal,Баяжуулсан коксжих нүүрс,CNY,900.0,2.0,12800.0,https://mse.mn/uploads/auction_schedules/mn-ed2cd3a0-72a1-42c6-a9c2-1d24cc02f5ed.pdf,Тогтмол үнэтэй,https://mse.mn/uploads/auction_schedules/lab-676f1ccc-50d4-460c-b018-eab44fc2846f.pdf,,,reported,,ER-26078
2026-10-05 03:41,2026-04-30,14:00,Энержи Ресурс ХХК,Energy Resources,ER-26077,Coal,Washed medium-ash semi-hard coking coal,"Баяжуулсан дунд зэрэг үнстэй, хагас хатуу коксжих нүүрс",CNY,450.0,3.0,19200.0,https://mse.mn/uploads/auction_schedules/mn-9186b57f-66ce-4103-8c89-dad0b54df3dd.pdf,Тогтмол үнэтэй,https://mse.mn/uploads/auction_schedules/lab-c13c10f4-c587-4550-8409-742c092540b7.pdf,,,reported,,ER-26077
2026-10-05 03:41,2026-04-30,10:00,Тавантолгой ХК,Tavan Tolgoi JSC,TTOA-2026-019,Coal,"Thermal coal (sub-bituminous, weakly caking)","Эрчим хүчний нүүрс /Саб-битумт, сул барьцалдах нүүрс/",USD,36.0,8.0,51200.0,https://mse.mn/uploads/auction_schedules/mn-75e6141e-3ff4-40e1-a694-9cbb35a2c3fd.pdf,Тогтмол үнэтэй,https://mse.mn/uploads/auction_schedules/lab-81dfbc78-c5fd-419a-86e9-da6914b899fa.pdf,,,reported,,TTOA-2026-019
2026-10-05 03:41,2026-04-29,15:00,Эрдэнэт Үйлдвэр ТӨҮГ,Erdenet Mining Corporation,04-2026,Copper,Copper concentrate (22.35% Cu),22.35%-ийн зэсийн агуулгатай баяжмал,USD,3032.93,8.0,7248.0,https://mse.mn/uploads/auction_schedules/mn-0adcd28f-e55a-48dc-a3a5-543e067b735a.pdf,Тогтмол үнэтэй,https://mse.mn/uploads/auction_schedules/lab-9562d63b-77a0-4edb-b2e1-a6b5d626cb67.pdf,,,reported,,04-2026
2026-10-05 03:41,2026-04-29,12:00,Тавантолгой ХК,Tavan Tolgoi JSC,TTOA-2026-018,Coal,"Thermal coal (sub-bituminous, weakly caking)","Эрчим хүчний нүүрс /Саб-битумт, сул барьцалдах нүүрс/",USD,36.0,8.0,51200.0,https://mse.mn/uploads/auction_schedules/mn-b1cb949a-5dd0-42f5-a193-386c909d8bea.pdf,Тогтмол үнэтэй,https://mse.mn/uploads/auction_schedules/lab-98aed934-c85d-4c9f-a3e2-07ffe650e359.pdf,,,reported,,TTOA-2026-018
2026-10-05 03:41,2026-04-29,11:00,Тавантолгой ХК,Tavan Tolgoi JSC,TTOA-2026-017,Coal,"Thermal coal (sub-bituminous, weakly caking)","Эрчим хүчний нүүрс /Саб-битумт, сул барьцалдах нүүрс/",USD,36.0,8.0,51200.0,https://mse.mn/uploads/auction_schedules/mn-ac4ac5b6-e0de-4261-84c2-07f7835e9246.pdf,Тогтмол үнэтэй,https://mse.mn/uploads/auction_schedules/lab-41639f2d-c3a6-46f9-be0a-8dfa01dcebca.pdf,,,reported,,TTOA-2026-017
2026-10-05 03:41,2026-04-29,10:00,Энержи Ресурс ХХК,Energy Resources,ER-26076,Coal,Washed coking coal,Баяжуулсан коксжих нүүрс,CNY,900.0,2.0,12800.0,https://mse.mn/uploads/auction_schedules/mn-23a058bc-f6ef-4f4c-be7e-137a24545ce3.pdf,Тогтмол үнэтэй,https://mse.mn/uploads/auction_schedules/lab-818dac1d-957c-49da-9f2c-08b9f053ef9a.pdf,,,reported,,ER-26076
2026-10-05 03:41,2026-04-28,10:00,Энержи Ресурс ХХК,Energy Resources,ER-26075,Coal,Washed coking coal,Баяжуулсан коксжих нүүрс,CNY,900.0,2.0,12800.0,https://mse.mn/uploads/auction_schedules/mn-f34bf9f7-488f-4b54-a6b4-e186579ad04c.pdf,Тогтмол үнэтэй,https://mse.mn/uploads/auction_schedules/lab-29541d33-97eb-467b-9ed6-6dc4cefffc4a.pdf,,,reported,,ER-26075
2026-10-05 03:41,2026-04-27,14:00,Энержи Ресурс ХХК,Energy Resources,ER-26074,Coal,Washed medium-ash semi-hard coking coal,"Баяжуулсан дунд зэрэг үнстэй, хагас хатуу коксжих нүүрс",CNY,450.0,3.0,19200.0,https://mse.mn/uploads/auction_schedules/mn-61341c64-b8af-4c28-9ae9-2fe9c08c8470.pdf,Тогтмол үнэтэй,https://mse.mn/uploads/auction_schedules/lab-70206bfe-4873-4dd3-8123-ac2d9f981e60.pdf,,,reported,,ER-26074
2026-10-05 03:41,2026-04-27,11:00,Монголросцветмет ТӨҮГ,Mongolrostsvetmet (ex-Erdenes Critical Minerals),ECM-26-73,Iron ore,Iron ore Fe 52%,Fe-52% Төмрийн хүдэр,USD,65.0,2.0,6600.0,https://mse.mn/uploads/auction_schedules/mn-ECM-26-73.pdf,,https://mse.mn/uploads/auction_schedules/lab-mn-ECM-26-73.pdf,,,reported,,ECM-26-73
2026-10-05 03:41,2026-04-24,12:00,Тавантолгой ХК,Tavan Tolgoi JSC,TTOA-2026-016,Coal,1/3 coking coal,1/3 коксжих нүүрс,USD,65.0,8.0,51200.0,https://mse.mn/uploads/auction_schedules/mn-ea18f455-4d76-44cb-a632-0e1c330a99f3.pdf,Тогтмол үнэтэй,https://mse.mn/uploads/auction_schedules/lab-61b9322c-04ab-4ee6-a072-0e8a11fa11d2.pdf,,,reported,,TTOA-2026-016
2026-10-05 03:41,2026-04-24,11:00,Тавантолгой ХК,Tavan Tolgoi JSC,TTOA-2026-015,Coal,1/3 coking coal,1/3 коксжих нүүрс,USD,65.0,8.0,51200.0,https://mse.mn/uploads/auction_schedules/mn-07a7827f-130c-4e7d-9495-e09e049fdf27.pdf,Тогтмол үнэтэй,https://mse.mn/uploads/auction_schedules/lab-633fbe63-7ed9-487f-b3f9-3f97547a57d4.pdf,,,reported,,TTOA-2026-015
2026-10-05 03:41,2026-04-24,10:00,Эрдэнэс Тавантолгой ХК,Erdenes Tavan Tolgoi,2611 TC,Coal,"Thermal coal (bituminous, non-caking)","Эрчим хүчний нүүрс /Битумт, үл барьцалдах нүүрс/",USD,58.5,10.0,64000.0,https://mse.mn/uploads/auction_schedules/mn-1b01fb1a-d04c-4c69-bd4f-579b45d04a89.pdf,,https://mse.mn/uploads/auction_schedules/lab-734563e2-2fdc-40ac-8f62-56f313e96bce.pdf,,,reported,,2611 TC
2026-10-05 03:41,2026-04-24,10:00,Энержи Ресурс ХХК,Energy Resources,ER-26073,Coal,Washed coking coal,Баяжуулсан коксжих нүүрс,CNY,900.0,2.0,12800.0,https://mse.mn/uploads/auction_schedules/mn-337ba9c8-b5fa-4797-a3f0-39f1ae3817a6.pdf,,https://mse.mn/uploads/auction_schedules/lab-54779afc-430d-46a9-a1c5-9527f63d94ba.pdf,,,reported,,ER-26073
2026-10-05 03:41,2026-04-23,14:00,Эрдэнэс Тавантолгой ХК,Erdenes Tavan Tolgoi,2689-13 CO,Coal,1/3 coking coal,1/3 коксжих нүүрс,USD,76.3,10.0,64000.0,https://mse.mn/uploads/auction_schedules/mn-fcaefdda-e43f-4f4a-85e3-7f43e75d6af6.pdf,,https://mse.mn/uploads/auction_schedules/lab-5b7b8661-bb78-4981-bc48-76870b0a1af4.pdf,,,reported,,2689-13 CO
2026-10-05 03:41,2026-04-23,14:00,Энержи Ресурс ХХК,Energy Resources,ER-26072,Coal,Washed medium-ash semi-hard coking coal,"Баяжуулсан дунд зэрэг үнстэй, хагас хатуу коксжих нүүрс",CNY,450.0,3.0,19200.0,https://mse.mn/uploads/auction_schedules/mn-5e137a7a-103f-450b-adec-409ee03ae190.pdf,,https://mse.mn/uploads/auction_schedules/lab-e904ddd9-ba11-4d12-b43d-84cd0c958a4f.pdf,,,reported,,ER-26072
2026-10-05 03:41,2026-04-23,12:00,Эрдэнэс Тавантолгой ХК,Erdenes Tavan Tolgoi,2688-13 CO,Coal,1/3 coking coal,1/3 коксжих нүүрс,USD,86.0,10.0,64000.0,https://mse.mn/uploads/auction_schedules/mn-84b0948c-c47b-409b-9bee-ec1688189943.pdf,,https://mse.mn/uploads/auction_schedules/lab-b99a9516-b5c7-4893-9ce2-fca6263bff62.pdf,,,reported,,2688-13 CO
2026-10-05 03:41,2026-04-23,10:00,Эрдэнэс Тавантолгой ХК,Erdenes Tavan Tolgoi,2687-13 CO,Coal,1/3 coking coal,1/3 коксжих нүүрс,USD,81.4,10.0,64000.0,https://mse.mn/uploads/auction_schedules/mn-051e9950-0623-43ba-b7a3-123be51b96d4.pdf,,https://mse.mn/uploads/auction_schedules/lab-e6c6d76d-1164-4b8f-91c8-34b683eb1ad0.pdf,,,reported,,2687-13 CO
2026-10-05 03:41,2026-04-22,12:00,Эрдэнэс Тавантолгой ХК,Erdenes Tavan Tolgoi,2686-13 CO,Coal,1/3 coking coal,1/3 коксжих нүүрс,USD,76.3,40.0,256000.0,https://mse.mn/uploads/auction_schedules/mn-6565f9a5-500f-483e-a3fc-6707e8b5df0f.pdf,,https://mse.mn/uploads/auction_schedules/lab-3f9e8a45-eefa-42cd-b077-f322be40c33d.pdf,,,reported,,2686-13 CO
2026-10-05 03:41,2026-04-22,11:00,Монголросцветмет ТӨҮГ,Mongolrostsvetmet (ex-Erdenes Critical Minerals),ECM-26-72,Iron ore,Iron ore Fe 52%,Fe-52% Төмрийн хүдэр,USD,65.0,2.0,6600.0,https://mse.mn/uploads/auction_schedules/mn-ECM-26-72.pdf,,https://mse.mn/uploads/auction_schedules/lab-mn-ECM-26-72.pdf,,,reported,,ECM-26-72
2026-10-05 03:41,2026-04-22,10:00,Эрдэнэс Тавантолгой ХК,Erdenes Tavan Tolgoi,2610- СО,Coal,Medium-volatile coking coal,"Дэгдэмхий бодис дунд, коксжих нүүрс",USD,129.7,5.0,32000.0,https://mse.mn/uploads/auction_schedules/mn-869a4dac-690d-45c4-8f4c-a2684ee728a8.pdf,,https://mse.mn/uploads/auction_schedules/lab-c8f10370-e169-4704-9d34-996a13c955ea.pdf,,,reported,,2610- СО
2026-10-05 03:41,2026-04-22,10:00,Энержи Ресурс ХХК,Energy Resources,ER-26071,Coal,Washed coking coal,Баяжуулсан коксжих нүүрс,CNY,900.0,2.0,12800.0,https://mse.mn/uploads/auction_schedules/mn-7aa658a9-9fdd-4077-88cb-1b0edb90a74e.pdf,,https://mse.mn/uploads/auction_schedules/lab-8fbea6b1-9e73-4618-bc49-52cdb4a49385.pdf,,,reported,,ER-26071
2026-10-05 03:41,2026-04-21,14:00,Дарханы Төмөрлөгийн Үйлдвэр ХХК,Дарханы Төмөрлөгийн Үйлдвэр ХХК,DMP-2630,Iron ore,Fe-58% Төмрийн баяжмал,Fe-58% Төмрийн баяжмал,USD,61.0,18.0,56700.0,https://mse.mn/uploads/auction_schedules/mn-DMP-2630.pdf,,https://mse.mn/uploads/auction_schedules/lab-mn-DMP-2630.pdf,,,reported,,DMP-2630
2026-10-05 03:41,2026-04-21,14:00,Эрдэнэс Тавантолгой ХК,Erdenes Tavan Tolgoi,2604-13 WCO,Coal,Washed semi-soft coking coal,Баяжуулсан сул коксжих нүүрс,USD,111.6,10.0,64000.0,https://mse.mn/uploads/auction_schedules/mn-f133e872-3fe1-4e07-9851-d559c846c11b.pdf,,https://mse.mn/uploads/auction_schedules/lab-a77d79b6-b348-4d52-9d95-cea4ad74b35b.pdf,,,reported,,2604-13 WCO
2026-10-05 03:41,2026-04-21,13:00,Дарханы Төмөрлөгийн Үйлдвэр ХХК,Дарханы Төмөрлөгийн Үйлдвэр ХХК,DMP-2629,Iron ore,Fe-58% Төмрийн баяжмал,Fe-58% Төмрийн баяжмал,USD,61.0,18.0,56700.0,https://mse.mn/uploads/auction_schedules/mn-DMP-2629.pdf,,https://mse.mn/uploads/auction_schedules/lab-mn-DMP-2629.pdf,,,reported,,DMP-2629
2026-10-05 03:41,2026-04-21,12:00,Дарханы Төмөрлөгийн Үйлдвэр ХХК,Дарханы Төмөрлөгийн Үйлдвэр ХХК,DMP-2628,Iron ore,Fe-58% Төмрийн баяжмал,Fe-58% Төмрийн баяжмал,USD,61.0,18.0,56700.0,https://mse.mn/uploads/auction_schedules/mn-DMP-2628.pdf,,https://mse.mn/uploads/auction_schedules/lab-mn-DMP-2628.pdf,,,reported,,DMP-2628
2026-10-05 03:41,2026-04-21,12:00,Эрдэнэс Тавантолгой ХК,Erdenes Tavan Tolgoi,2610 TC,Coal,"Thermal coal (bituminous, non-caking)","Эрчим хүчний нүүрс /Битумт, үл барьцалдах нүүрс/",USD,58.5,20.0,128000.0,https://mse.mn/uploads/auction_schedules/mn-27c36228-e493-438a-a6d3-b00b60ab56cb.pdf,,https://mse.mn/uploads/auction_schedules/lab-a9f37425-3a9c-4c3d-bf88-bbbabbbbe891.pdf,,,reported,,2610 TC
2026-10-05 03:41,2026-04-21,11:00,Монголросцветмет ТӨҮГ,Mongolrostsvetmet (ex-Erdenes Critical Minerals),ECM-26-71,Iron ore,Iron ore Fe 52%,Fe-52% Төмрийн хүдэр,USD,65.0,2.0,6600.0,https://mse.mn/uploads/auction_schedules/mn-ECM-26-71.pdf,,https://mse.mn/uploads/auction_schedules/lab-mn-ECM-26-71.pdf,,,reported,,ECM-26-71
2026-10-05 03:41,2026-04-21,10:00,Эрдэнэс Тавантолгой ХК,Erdenes Tavan Tolgoi,2685-13 CO,Coal,1/3 coking coal,1/3 коксжих нүүрс,USD,76.3,10.0,64000.0,https://mse.mn/uploads/auction_schedules/mn-8f68a261-dff6-4e9f-b565-a232c7394cdb.pdf,,https://mse.mn/uploads/auction_schedules/lab-58ed4251-bc77-40ff-9a0d-90a734066aff.pdf,,,reported,,2685-13 CO
2026-10-05 03:41,2026-04-21,10:00,Энержи Ресурс ХХК,Energy Resources,ER-26070,Coal,Washed coking coal,Баяжуулсан коксжих нүүрс,CNY,900.0,2.0,12800.0,https://mse.mn/uploads/auction_schedules/mn-b3d98230-a02f-46b9-8d6f-940694f205d5.pdf,,https://mse.mn/uploads/auction_schedules/lab-430a3203-4c66-4ca4-8bbf-a837432c70fb.pdf,,,reported,,ER-26070
2026-10-05 03:41,2026-04-20,14:00,Дарханы Төмөрлөгийн Үйлдвэр ХХК,Дарханы Төмөрлөгийн Үйлдвэр ХХК,DMP-2627,Iron ore,Fe-58% Төмрийн баяжмал,Fe-58% Төмрийн баяжмал,USD,61.0,18.0,59400.0,https://mse.mn/uploads/auction_schedules/mn-DMP-2627.pdf,,https://mse.mn/uploads/auction_schedules/lab-mn-DMP-2627.pdf,,,reported,,DMP-2627
2026-10-05 03:41,2026-04-20,14:00,Эрдэнэс Тавантолгой ХК,Erdenes Tavan Tolgoi,2603-13 WCO,Coal,Washed semi-soft coking coal,Баяжуулсан сул коксжих нүүрс,USD,105.7,10.0,64000.0,https://mse.mn/uploads/auction_schedules/mn-d1befb39-314a-44ae-9cdd-a19bcd41f3cd.pdf,,https://mse.mn/uploads/auction_schedules/lab-79d0e2e8-4a5b-4a5e-8d9a-9dcd14ba6d24.pdf,,,reported,,2603-13 WCO
2026-10-05 03:41,2026-04-20,14:00,Энержи Ресурс ХХК,Energy Resources,ER-26069,Coal,Washed medium-ash semi-hard coking coal,"Баяжуулсан дунд зэрэг үнстэй, хагас хатуу коксжих нүүрс",CNY,450.0,3.0,19200.0,https://mse.mn/uploads/auction_schedules/mn-f6f3e8ee-5087-4e37-8838-d07f6937e21e.pdf,,https://mse.mn/uploads/auction_schedules/lab-b644068a-b279-46df-9e4b-ed0b1f06771f.pdf,,,reported,,ER-26069
2026-10-05 03:41,2026-04-20,13:00,Дарханы Төмөрлөгийн Үйлдвэр ХХК,Дарханы Төмөрлөгийн Үйлдвэр ХХК,DMP-2626,Iron ore,Fe-58% Төмрийн баяжмал,Fe-58% Төмрийн баяжмал,USD,61.0,18.0,59400.0,https://mse.mn/uploads/auction_schedules/mn-DMP-2626.pdf,,https://mse.mn/uploads/auction_schedules/lab-mn-DMP-2626.pdf,,,reported,,DMP-2626
2026-10-05 03:41,2026-04-20,12:00,Дарханы Төмөрлөгийн Үйлдвэр ХХК,Дарханы Төмөрлөгийн Үйлдвэр ХХК,DMP-2625,Iron ore,Fe-58% Төмрийн баяжмал,Fe-58% Төмрийн баяжмал,USD,61.0,18.0,59400.0,https://mse.mn/uploads/auction_schedules/mn-DMP-2625.pdf,,https://mse.mn/uploads/auction_schedules/lab-mn-DMP-2625.pdf,,,reported,,DMP-2625
2026-10-05 03:41,2026-04-20,12:00,Эрдэнэс Тавантолгой ХК,Erdenes Tavan Tolgoi,2609 TC,Coal,"Thermal coal (bituminous, non-caking)","Эрчим хүчний нүүрс /Битумт, үл барьцалдах нүүрс/",USD,55.3,10.0,64000.0,https://mse.mn/uploads/auction_schedules/mn-4c05c5d8-3776-4bb8-a439-e2507e5c744e.pdf,,https://mse.mn/uploads/auction_schedules/lab-c4365b47-ba99-4fb6-b5ca-197441c036e2.pdf,,,reported,,2609 TC
2026-10-05 03:41,2026-04-20,11:00,Монголросцветмет ТӨҮГ,Mongolrostsvetmet (ex-Erdenes Critical Minerals),ECM-26-70,Iron ore,Iron ore Fe 52%,Fe-52% Төмрийн хүдэр,USD,65.0,2.0,6600.0,https://mse.mn/uploads/auction_schedules/mn-ECM-26-70.pdf,,https://mse.mn/uploads/auction_schedules/lab-mn-ECM-26-70.pdf,,,reported,,ECM-26-70
2026-10-05 03:41,2026-04-20,10:00,Эрдэнэс Тавантолгой ХК,Erdenes Tavan Tolgoi,2684-13 CO,Coal,1/3 coking coal,1/3 коксжих нүүрс,USD,86.0,20.0,128000.0,https://mse.mn/uploads/auction_schedules/mn-8c844e84-355d-4d52-9a9d-223423e6764c.pdf,,https://mse.mn/uploads/auction_schedules/lab-c5b5442e-4c6c-4374-808a-935052bdf966.pdf,,,reported,,2684-13 CO
2026-10-05 03:41,2026-04-17,12:00,Эрдэнэс Тавантолгой ХК,Erdenes Tavan Tolgoi,2683-13 CO,Coal,1/3 coking coal,1/3 коксжих нүүрс,USD,69.4,10.0,64000.0,https://mse.mn/uploads/auction_schedules/mn-9b5e60b7-1c2d-448d-81dd-478640f11ddb.pdf,,https://mse.mn/uploads/auction_schedules/lab-140b031f-9391-4427-ba2f-60ecf50ccdc2.pdf,,,reported,,2683-13 CO
2026-10-05 03:41,2026-04-17,10:00,Эрдэнэс Тавантолгой ХК,Erdenes Tavan Tolgoi,2682-13 CO,Coal,1/3 coking coal,1/3 коксжих нүүрс,USD,83.3,5.0,32000.0,https://mse.mn/uploads/auction_schedules/mn-fda4941b-5f97-4769-ba65-6b5b3029a051.pdf,,https://mse.mn/uploads/auction_schedules/lab-2fe7ce61-63f2-419f-a708-496ca911db33.pdf,,,reported,,2682-13 CO
2026-10-05 03:41,2026-04-17,10:00,Энержи Ресурс ХХК,Energy Resources,ER-26068,Coal,Washed coking coal,Баяжуулсан коксжих нүүрс,CNY,900.0,2.0,12800.0,https://mse.mn/uploads/auction_schedules/mn-f6b33f4f-6e1f-4b6c-9527-4a23dc92ffd9.pdf,,https://mse.mn/uploads/auction_schedules/lab-09bef9ae-5287-4a15-a112-47b22cc4bc66.pdf,,,reported,,ER-26068
2026-10-05 03:41,2026-04-16,14:00,Эрдэнэс Тавантолгой ХК,Erdenes Tavan Tolgoi,2608 TC,Coal,"Thermal coal (bituminous, non-caking)","Эрчим хүчний нүүрс /Битумт, үл барьцалдах нүүрс/",USD,54.9,5.0,32000.0,https://mse.mn/uploads/auction_schedules/mn-c7bae674-118e-4f5b-97f8-8bf8f0f265a7.pdf,,https://mse.mn/uploads/auction_schedules/lab-a2876e44-fd93-4c3d-8fff-97877e2b9488.pdf,,,reported,,2608 TC
2026-10-05 03:41,2026-04-16,14:00,Энержи Ресурс ХХК,Energy Resources,ER-26067,Coal,Washed medium-ash semi-hard coking coal,"Баяжуулсан дунд зэрэг үнстэй, хагас хатуу коксжих нүүрс",CNY,450.0,3.0,19200.0,https://mse.mn/uploads/auction_schedules/mn-26547c5d-7efa-46ae-8bb2-dd50f89d8672.pdf,,https://mse.mn/uploads/auction_schedules/lab-ae52e268-92e6-4ed7-b4a4-1fcdcce5bd95.pdf,,,reported,,ER-26067
2026-10-05 03:41,2026-04-16,12:00,Эрдэнэс Тавантолгой ХК,Erdenes Tavan Tolgoi,2681-13 CO,Coal,1/3 coking coal,1/3 коксжих нүүрс,USD,76.3,10.0,64000.0,https://mse.mn/uploads/auction_schedules/mn-3bcac54c-933c-4dbe-9d6a-e76de4f6ccb4.pdf,,https://mse.mn/uploads/auction_schedules/lab-858ae938-a7fd-4cc5-a2da-3e055c45611c.pdf,,,reported,,2681-13 CO
2026-10-05 03:41,2026-04-16,11:00,Андын Илч ХХК,Андын Илч ХХК,AND-5,Coal,Чийг багатай хүрэн нүүрс,Чийг багатай хүрэн нүүрс,CNY,140.0,3.0,19200.0,https://mse.mn/uploads/auction_schedules/mn-0fa8939d-8db9-47eb-8545-1edcae4a4d35.pdf,,https://mse.mn/uploads/auction_schedules/lab-ef508362-f372-4957-873a-a61cd107c714.pdf,,,reported,,AND-5
2026-10-05 03:41,2026-04-16,11:00,Монголросцветмет ТӨҮГ,Mongolrostsvetmet (ex-Erdenes Critical Minerals),ECM-26-69,Iron ore,Iron ore Fe 52%,Fe-52% Төмрийн хүдэр,USD,65.0,2.0,6600.0,https://mse.mn/uploads/auction_schedules/mn-ECM-26-69.pdf,,https://mse.mn/uploads/auction_schedules/lab-mn-ECM-26-69.pdf,,,reported,,ECM-26-69
2026-10-05 03:41,2026-04-16,10:00,Андын Илч ХХК,Андын Илч ХХК,AND-4,Coal,Чийг багатай хүрэн нүүрс,Чийг багатай хүрэн нүүрс,CNY,140.0,3.0,19200.0,https://mse.mn/uploads/auction_schedules/mn-03c286fd-b877-4e7f-b1a8-60143044d26d.pdf,,https://mse.mn/uploads/auction_schedules/lab-71ed0211-62ad-4b32-ac0e-af5ab68a5b83.pdf,,,reported,,AND-4
2026-10-05 03:41,2026-04-16,10:00,Эрдэнэс Тавантолгой ХК,Erdenes Tavan Tolgoi,2680-13 CO,Coal,1/3 coking coal,1/3 коксжих нүүрс,USD,101.7,5.0,32000.0,https://mse.mn/uploads/auction_schedules/mn-12dbb488-e762-49bd-bddc-e87702b6bc82.pdf,,https://mse.mn/uploads/auction_schedules/lab-5b94496d-4b1d-40cb-b3f4-f03461b87ad3.pdf,,,reported,,2680-13 CO
2026-10-05 03:41,2026-04-15,14:00,Эрдэнэс Тавантолгой ХК,Erdenes Tavan Tolgoi,2679-13 CO,Coal,1/3 coking coal,1/3 коксжих нүүрс,USD,69.4,5.0,32000.0,https://mse.mn/uploads/auction_schedules/mn-bdc775de-8d8c-4e8c-bcfd-50b8d3f16031.pdf,,https://mse.mn/uploads/auction_schedules/lab-aeb99398-18cd-4ab5-afe9-4da4ae92e519.pdf,,,reported,,2679-13 CO
2026-10-05 03:41,2026-04-15,12:00,Эрдэнэс Тавантолгой ХК,Erdenes Tavan Tolgoi,2678-13 CO,Coal,1/3 coking coal,1/3 коксжих нүүрс,USD,83.3,10.0,64000.0,https://mse.mn/uploads/auction_schedules/mn-80ea6a58-2f60-47f9-b6c2-d3952ed81fc7.pdf,,https://mse.mn/uploads/auction_schedules/lab-d7d5c06e-71fb-479e-accd-da39fdc15e34.pdf,,,reported,,2678-13 CO
2026-10-05 03:41,2026-04-15,11:00,Монголросцветмет ТӨҮГ,Mongolrostsvetmet (ex-Erdenes Critical Minerals),ECM-26-68,Iron ore,Iron ore Fe 52%,Fe-52% Төмрийн хүдэр,USD,65.0,2.0,6600.0,https://mse.mn/uploads/auction_schedules/mn-ECM-26-68.pdf,,https://mse.mn/uploads/auction_schedules/lab-mn-ECM-26-68.pdf,,,reported,,ECM-26-68
2026-10-05 03:41,2026-04-15,10:00,Энержи Ресурс ХХК,Energy Resources,ER-26066,Coal,Washed coking coal,Баяжуулсан коксжих нүүрс,CNY,900.0,2.0,12800.0,https://mse.mn/uploads/auction_schedules/mn-a9559e33-2253-44c2-a03b-44df2ae784f2.pdf,,https://mse.mn/uploads/auction_schedules/lab-19804f2b-7472-4b8f-8524-a789809997a5.pdf,,,reported,,ER-26066
2026-10-05 03:41,2026-04-15,10:00,Эрдэнэс Тавантолгой ХК,Erdenes Tavan Tolgoi,2609- СО,Coal,Medium-volatile coking coal,"Дэгдэмхий бодис дунд, коксжих нүүрс",USD,130.5,3.0,19200.0,https://mse.mn/uploads/auction_schedules/mn-fb06410b-5d69-4fc2-8d68-548b68020842.pdf,,https://mse.mn/uploads/auction_schedules/lab-7a1c71fb-e0aa-4949-9e6a-99d828ad9032.pdf,,,reported,,2609- СО
2026-10-05 03:41,2026-04-14,12:00,Эрдэнэс Тавантолгой ХК,Erdenes Tavan Tolgoi,2677-13 CO,Coal,1/3 coking coal,1/3 коксжих нүүрс,USD,69.4,10.0,64000.0,https://mse.mn/uploads/auction_schedules/mn-53cf6d19-1a17-434f-8774-75537ac80c6a.pdf,,https://mse.mn/uploads/auction_schedules/lab-dc13bda9-f4b3-42d5-bfb7-2869e3b89df1.pdf,,,reported,,2677-13 CO
2026-10-05 03:41,2026-04-14,11:00,Монголросцветмет ТӨҮГ,Mongolrostsvetmet (ex-Erdenes Critical Minerals),ECM-26-67,Iron ore,Iron ore Fe 52%,Fe-52% Төмрийн хүдэр,USD,65.0,2.0,6600.0,https://mse.mn/uploads/auction_schedules/mn-ECM-26-67.pdf,,https://mse.mn/uploads/auction_schedules/lab-mn-ECM-26-67.pdf,,,reported,,ECM-26-67
2026-10-05 03:41,2026-04-14,10:00,Энержи Ресурс ХХК,Energy Resources,ER-26065,Coal,Washed coking coal,Баяжуулсан коксжих нүүрс,CNY,900.0,2.0,12800.0,https://mse.mn/uploads/auction_schedules/mn-d9e216f5-20bd-48bb-b117-bcffcae98f7f.pdf,,https://mse.mn/uploads/auction_schedules/lab-ff8ea721-1448-46f2-a5f3-51d252306ca2.pdf,,,reported,,ER-26065
2026-10-05 03:41,2026-04-14,10:00,Эрдэнэс Тавантолгой ХК,Erdenes Tavan Tolgoi,2676-13 CO,Coal,1/3 coking coal,1/3 коксжих нүүрс,USD,101.7,10.0,64000.0,https://mse.mn/uploads/auction_schedules/mn-f52a3d21-ad0f-4690-8a28-b36b3c16176a.pdf,,https://mse.mn/uploads/auction_schedules/lab-1e41f75f-b5d8-46ac-bd44-e113a9619e94.pdf,,,reported,,2676-13 CO
2026-10-05 03:41,2026-04-13,14:00,Энержи Ресурс ХХК,Energy Resources,ER-26064,Coal,Washed medium-ash semi-hard coking coal,"Баяжуулсан дунд зэрэг үнстэй, хагас хатуу коксжих нүүрс",CNY,450.0,3.0,19200.0,https://mse.mn/uploads/auction_schedules/mn-dbda5821-82b0-4b31-8ee4-b27890c4824d.pdf,,https://mse.mn/uploads/auction_schedules/lab-34545f23-9894-473f-8526-6198e729bc45.pdf,,,reported,,ER-26064
2026-10-05 03:41,2026-04-13,12:00,Эрдэнэс Тавантолгой ХК,Erdenes Tavan Tolgoi,2675-13 CO,Coal,1/3 coking coal,1/3 коксжих нүүрс,USD,76.3,80.0,512000.0,https://mse.mn/uploads/auction_schedules/mn-e7f8ec65-e236-4a30-b57b-052af2ce3495.pdf,,https://mse.mn/uploads/auction_schedules/lab-682ba2e7-9945-45bf-bcb6-97797501b671.pdf,,,reported,,2675-13 CO
2026-10-05 03:41,2026-04-13,11:00,Монголросцветмет ТӨҮГ,Mongolrostsvetmet (ex-Erdenes Critical Minerals),ECM-26-66,Iron ore,Iron ore Fe 52%,Fe-52% Төмрийн хүдэр,USD,65.0,2.0,6600.0,https://mse.mn/uploads/auction_schedules/mn-ECM-26-66.pdf,,https://mse.mn/uploads/auction_schedules/lab-mn-ECM-26-66.pdf,,,reported,,ECM-26-66
2026-10-05 03:41,2026-04-13,10:00,Эрдэнэс Тавантолгой ХК,Erdenes Tavan Tolgoi,2607 TC,Coal,"Thermal coal (bituminous, non-caking)","Эрчим хүчний нүүрс /Битумт, үл барьцалдах нүүрс/",USD,51.7,5.0,32000.0,https://mse.mn/uploads/auction_schedules/mn-81a9e508-2923-41cb-a501-1e201ef3f017.pdf,,https://mse.mn/uploads/auction_schedules/lab-a3f74c44-5d86-4cee-8a45-e6c259f85ac6.pdf,,,reported,,2607 TC
2026-10-05 03:41,2026-04-10,16:00,Эрдэнэс Тавантолгой ХК,Erdenes Tavan Tolgoi,26-02 1-3 WCO,Coal,Washed semi-soft coking coal,Баяжуулсан сул коксжих нүүрс,USD,99.2,10.0,64000.0,https://mse.mn/uploads/auction_schedules/mn-26-02 1-3 WCO.pdf,,https://mse.mn/uploads/auction_schedules/lab-mn-26-02 1-3 WCO.pdf,,,reported,,26-02 1-3 WCO
2026-10-05 03:41,2026-04-10,14:00,Тавантолгой ХК,Tavan Tolgoi JSC,TTOA-2026-014,Coal,Medium-volatile coking coal,"Дэгдэмхий бодис дунд, коксжих нүүрс",USD,126.0,5.0,32000.0,https://mse.mn/uploads/auction_schedules/mn-TTOA-2026-014.pdf,,https://mse.mn/uploads/auction_schedules/lab-mn-TTOA-2026-014.pdf,,,reported,,TTOA-2026-014
2026-10-05 03:41,2026-04-10,14:00,Эрдэнэс Тавантолгой ХК,Erdenes Tavan Tolgoi,26-74 1-3 CO,Coal,1/3 coking coal,1/3 коксжих нүүрс,USD,69.4,5.0,32000.0,https://mse.mn/uploads/auction_schedules/mn-26-74 1-3 CO.pdf,,https://mse.mn/uploads/auction_schedules/lab-mn-26-74 1-3 CO.pdf,,,reported,,26-74 1-3 CO
2026-10-05 03:41,2026-04-10,12:00,Эрдэнэс Тавантолгой ХК,Erdenes Tavan Tolgoi,26-73 1-3 CO,Coal,1/3 coking coal,1/3 коксжих нүүрс,USD,76.3,10.0,64000.0,https://mse.mn/uploads/auction_schedules/mn-26-73 1-3 CO.pdf,,https://mse.mn/uploads/auction_schedules/lab-mn-26-73 1-3 CO.pdf,,,reported,,26-73 1-3 CO
2026-10-05 03:41,2026-04-10,10:00,Эрдэнэс Тавантолгой ХК,Erdenes Tavan Tolgoi,26-72 1-3 CO,Coal,1/3 coking coal,1/3 коксжих нүүрс,USD,101.9,5.0,32000.0,https://mse.mn/uploads/auction_schedules/mn-26-72 1-3 CO.pdf,,https://mse.mn/uploads/auction_schedules/lab-mn-26-72 1-3 CO.pdf,,,reported,,26-72 1-3 CO
2026-10-05 03:41,2026-04-10,10:00,Энержи Ресурс ХХК,Energy Resources,ER-26063,Coal,Washed coking coal,Баяжуулсан коксжих нүүрс,CNY,850.0,2.0,12800.0,https://mse.mn/uploads/auction_schedules/mn-ER-26063.pdf,,https://mse.mn/uploads/auction_schedules/lab-mn-ER-26063.pdf,,,reported,,ER-26063
2026-10-05 03:41,2026-04-09,14:00,Эрдэнэс Тавантолгой ХК,Erdenes Tavan Tolgoi,26-06 TC,Coal,"Thermal coal (bituminous, non-caking)","Эрчим хүчний нүүрс /Битумт, үл барьцалдах нүүрс/",USD,45.8,5.0,32000.0,https://mse.mn/uploads/auction_schedules/mn-26-06 TC.pdf,,https://mse.mn/uploads/auction_schedules/lab-mn-26-06 TC.pdf,,,reported,,26-06 TC
2026-10-05 03:41,2026-04-09,14:00,Энержи Ресурс ХХК,Energy Resources,ER-26062,Coal,Washed medium-ash semi-hard coking coal,"Баяжуулсан дунд зэрэг үнстэй, хагас хатуу коксжих нүүрс",CNY,470.0,3.0,19200.0,https://mse.mn/uploads/auction_schedules/mn-ER-26062.pdf,,https://mse.mn/uploads/auction_schedules/lab-mn-ER-26062.pdf,,,reported,,ER-26062
2026-10-05 03:41,2026-04-09,12:00,Эрдэнэс Тавантолгой ХК,Erdenes Tavan Tolgoi,26-71 1-3 CO,Coal,1/3 coking coal,1/3 коксжих нүүрс,USD,83.3,5.0,32000.0,https://mse.mn/uploads/auction_schedules/mn-26-71 1-3 CO.pdf,,https://mse.mn/uploads/auction_schedules/lab-mn-26-71 1-3 CO.pdf,,,reported,,26-71 1-3 CO
2026-10-05 03:41,2026-04-09,11:00,Монголросцветмет ТӨҮГ,Mongolrostsvetmet (ex-Erdenes Critical Minerals),ECM-26-65,Iron ore,Iron ore Fe 52%,Fe-52% Төмрийн хүдэр,USD,65.0,2.0,6600.0,https://mse.mn/uploads/auction_schedules/mn-ECM-26-65.pdf,,https://mse.mn/uploads/auction_schedules/lab-mn-ECM-26-65.pdf,,,reported,,ECM-26-65
2026-10-05 03:41,2026-04-09,10:00,Эрдэнэс Тавантолгой ХК,Erdenes Tavan Tolgoi,26-70 1-3 CO,Coal,1/3 coking coal,1/3 коксжих нүүрс,USD,101.9,10.0,64000.0,https://mse.mn/uploads/auction_schedules/mn-26-70 1-3 CO.pdf,,https://mse.mn/uploads/auction_schedules/lab-mn-26-70 1-3 CO.pdf,,,reported,,26-70 1-3 CO
2026-10-05 03:41,2026-04-08,14:00,Тавантолгой ХК,Tavan Tolgoi JSC,TTOA-2026-013,Coal,Medium-volatile coking coal,"Дэгдэмхий бодис дунд, коксжих нүүрс",USD,126.0,5.0,32000.0,https://mse.mn/uploads/auction_schedules/mn-TTOA-2026-013.pdf,,https://mse.mn/uploads/auction_schedules/lab-mn-TTOA-2026-013.pdf,,,reported,,TTOA-2026-013
2026-10-05 03:41,2026-04-08,12:00,Эрдэнэс Тавантолгой ХК,Erdenes Tavan Tolgoi,26-69 1-3 CO,Coal,1/3 coking coal,1/3 коксжих нүүрс,USD,69.4,10.0,64000.0,https://mse.mn/uploads/auction_schedules/mn-26-69 1-3 CO.pdf,,https://mse.mn/uploads/auction_schedules/lab-mn-26-69 1-3 CO.pdf,,,reported,,26-69 1-3 CO
2026-10-05 03:41,2026-04-08,11:00,Монголросцветмет ТӨҮГ,Mongolrostsvetmet (ex-Erdenes Critical Minerals),ECM-26-64,Iron ore,Iron ore Fe 52%,Fe-52% Төмрийн хүдэр,USD,65.0,2.0,6600.0,https://mse.mn/uploads/auction_schedules/mn-ECM-26-64.pdf,,https://mse.mn/uploads/auction_schedules/lab-mn-ECM-26-64.pdf,,,reported,,ECM-26-64
2026-10-05 03:41,2026-04-08,10:00,Эрдэнэс Тавантолгой ХК,Erdenes Tavan Tolgoi,26-68 1-3 CO,Coal,1/3 coking coal,1/3 коксжих нүүрс,USD,101.9,5.0,32000.0,https://mse.mn/uploads/auction_schedules/mn-26-68 1-3 CO.pdf,,https://mse.mn/uploads/auction_schedules/lab-mn-26-68 1-3 CO.pdf,,,reported,,26-68 1-3 CO
2026-10-05 03:41,2026-04-08,10:00,Энержи Ресурс ХХК,Energy Resources,ER-26061,Coal,Washed coking coal,Баяжуулсан коксжих нүүрс,CNY,850.0,2.0,12800.0,https://mse.mn/uploads/auction_schedules/mn-ER-26061.pdf,,https://mse.mn/uploads/auction_schedules/lab-mn-ER-26061.pdf,,,reported,,ER-26061
2026-10-05 03:41,2026-04-07,12:00,Эрдэнэс Тавантолгой ХК,Erdenes Tavan Tolgoi,26-01 1-3 WCO,Coal,Washed semi-soft coking coal,Баяжуулсан сул коксжих нүүрс,USD,99.2,10.0,64000.0,https://mse.mn/uploads/auction_schedules/mn-26-01 1-3 WCO.pdf,,https://mse.mn/uploads/auction_schedules/lab-mn-26-01 1-3 WCO.pdf,,,reported,,26-01 1-3 WCO
2026-10-05 03:41,2026-04-07,11:00,Монголросцветмет ТӨҮГ,Mongolrostsvetmet (ex-Erdenes Critical Minerals),ECM-26-63,Iron ore,Iron concentrate Fe 65%,Fe-65% Төмрийн баяжмал,USD,85.0,6.0,19800.0,https://mse.mn/uploads/auction_schedules/mn-ECM-26-63.pdf,,https://mse.mn/uploads/auction_schedules/lab-mn-ECM-26-63.pdf,,,reported,,ECM-26-63
2026-10-05 03:41,2026-04-07,10:00,Тавантолгой ХК,Tavan Tolgoi JSC,TTOA-2026-012,Coal,Medium-volatile coking coal,"Дэгдэмхий бодис дунд, коксжих нүүрс",USD,126.0,5.0,32000.0,https://mse.mn/uploads/auction_schedules/mn-TTOA-2026-012.pdf,,https://mse.mn/uploads/auction_schedules/lab-mn-TTOA-2026-012.pdf,,,reported,,TTOA-2026-012
2026-10-05 03:41,2026-04-07,10:00,Эрдэнэс Тавантолгой ХК,Erdenes Tavan Tolgoi,26-67 1-3 CO,Coal,1/3 coking coal,1/3 коксжих нүүрс,USD,83.3,10.0,64000.0,https://mse.mn/uploads/auction_schedules/mn-26-67 1-3 CO.pdf,,https://mse.mn/uploads/auction_schedules/lab-mn-26-67 1-3 CO.pdf,,,reported,,26-67 1-3 CO
2026-10-05 03:41,2026-04-07,10:00,Энержи Ресурс ХХК,Energy Resources,ER-26060,Coal,Washed coking coal,Баяжуулсан коксжих нүүрс,CNY,850.0,2.0,12800.0,https://mse.mn/uploads/auction_schedules/mn-ER-26060.pdf,,https://mse.mn/uploads/auction_schedules/lab-mn-ER-26060.pdf,,,reported,,ER-26060
2026-10-05 03:41,2026-04-06,15:00,Дарханы Төмөрлөгийн Үйлдвэр ХХК,Дарханы Төмөрлөгийн Үйлдвэр ХХК,DMP-2624,Iron ore,Fe-58% Төмрийн баяжмал,Fe-58% Төмрийн баяжмал,USD,59.0,18.0,59400.0,https://mse.mn/uploads/auction_schedules/mn-DMP-2624.pdf,,https://mse.mn/uploads/auction_schedules/lab-mn-DMP-2624.pdf,,,reported,,DMP-2624
2026-10-05 03:41,2026-04-06,14:00,Дарханы Төмөрлөгийн Үйлдвэр ХХК,Дарханы Төмөрлөгийн Үйлдвэр ХХК,DMP-2623,Iron ore,Fe-58% Төмрийн баяжмал,Fe-58% Төмрийн баяжмал,USD,59.0,18.0,59400.0,https://mse.mn/uploads/auction_schedules/mn-DMP-2623.pdf,,https://mse.mn/uploads/auction_schedules/lab-mn-DMP-2623.pdf,,,reported,,DMP-2623
2026-10-05 03:41,2026-04-06,14:00,Энержи Ресурс ХХК,Energy Resources,ER-26059,Coal,Washed medium-ash semi-hard coking coal,"Баяжуулсан дунд зэрэг үнстэй, хагас хатуу коксжих нүүрс",CNY,470.0,3.0,19200.0,https://mse.mn/uploads/auction_schedules/mn-ER-26059.pdf,,https://mse.mn/uploads/auction_schedules/lab-mn-ER-26059.pdf,,,reported,,ER-26059
2026-10-05 03:41,2026-04-06,12:00,Эрдэнэс Тавантолгой ХК,Erdenes Tavan Tolgoi,26-66 1-3 CO,Coal,1/3 coking coal,1/3 коксжих нүүрс,USD,76.3,5.0,32000.0,https://mse.mn/uploads/auction_schedules/mn-26-66 1-3 CO.pdf,,https://mse.mn/uploads/auction_schedules/lab-mn-26-66 1-3 CO.pdf,,,reported,,26-66 1-3 CO
2026-10-05 03:41,2026-04-06,12:00,Дарханы Төмөрлөгийн Үйлдвэр ХХК,Дарханы Төмөрлөгийн Үйлдвэр ХХК,DMP-2622,Iron ore,Fe-58% Төмрийн баяжмал,Fe-58% Төмрийн баяжмал,USD,63.0,18.0,56700.0,https://mse.mn/uploads/auction_schedules/mn-DMP-2622.pdf,,https://mse.mn/uploads/auction_schedules/lab-mn-DMP-2622.pdf,,,reported,,DMP-2622
2026-10-05 03:42,2026-04-06,11:00,Монголросцветмет ТӨҮГ,Mongolrostsvetmet (ex-Erdenes Critical Minerals),ECM-26-62,Iron ore,Iron ore Fe 52%,Fe-52% Төмрийн хүдэр,USD,65.0,2.0,6600.0,https://mse.mn/uploads/auction_schedules/mn-ECM-26-62.pdf,,https://mse.mn/uploads/auction_schedules/lab-mn-ECM-26-62.pdf,,,reported,,ECM-26-62
2026-10-05 03:42,2026-04-06,10:00,Эрдэнэс Тавантолгой ХК,Erdenes Tavan Tolgoi,26-65 1-3 CO,Coal,1/3 coking coal,1/3 коксжих нүүрс,USD,101.9,10.0,64000.0,https://mse.mn/uploads/auction_schedules/mn-26-65 1-3 CO.pdf,,https://mse.mn/uploads/auction_schedules/lab-mn-26-65 1-3 CO.pdf,,,reported,,26-65 1-3 CO
2026-10-05 03:42,2026-04-06,10:00,Дарханы Төмөрлөгийн Үйлдвэр ХХК,Дарханы Төмөрлөгийн Үйлдвэр ХХК,DMP-2621,Iron ore,Fe-58% Төмрийн баяжмал,Fe-58% Төмрийн баяжмал,USD,63.0,18.0,56700.0,https://mse.mn/uploads/auction_schedules/mn-DMP-2621.pdf,,https://mse.mn/uploads/auction_schedules/lab-mn-DMP-2621.pdf,,,reported,,DMP-2621
2026-10-05 03:42,2026-04-03,16:00,Эрдэнэс Тавантолгой ХК,Erdenes Tavan Tolgoi,26-08 CO,Coal,Medium-volatile coking coal,"Дэгдэмхий бодис дунд, коксжих нүүрс",USD,128.4,2.0,12800.0,https://mse.mn/uploads/auction_schedules/mn-26-08 CO.pdf,,https://mse.mn/uploads/auction_schedules/lab-mn-26-08 CO.pdf,,,reported,,26-08 CO
2026-10-05 03:42,2026-04-03,15:00,Дарханы Төмөрлөгийн Үйлдвэр ХХК,Дарханы Төмөрлөгийн Үйлдвэр ХХК,DMP-2620,Iron ore,Fe-58% Төмрийн баяжмал,Fe-58% Төмрийн баяжмал,USD,59.0,18.0,59400.0,https://mse.mn/uploads/auction_schedules/mn-DMP-2620.pdf,,https://mse.mn/uploads/auction_schedules/lab-mn-DMP-2620.pdf,,,reported,,DMP-2620
2026-10-05 03:42,2026-04-03,14:00,Дарханы Төмөрлөгийн Үйлдвэр ХХК,Дарханы Төмөрлөгийн Үйлдвэр ХХК,DMP-2619,Iron ore,Fe-58% Төмрийн баяжмал,Fe-58% Төмрийн баяжмал,USD,59.0,18.0,59400.0,https://mse.mn/uploads/auction_schedules/mn-DMP-2619.pdf,,https://mse.mn/uploads/auction_schedules/lab-mn-DMP-2619.pdf,,,reported,,DMP-2619
2026-10-05 03:42,2026-04-03,14:00,Энержи Ресурс ХХК,Energy Resources,ER-26058,Coal,Washed coking coal,Баяжуулсан коксжих нүүрс,CNY,850.0,2.0,12800.0,https://mse.mn/uploads/auction_schedules/mn-ER-26058.pdf,,https://mse.mn/uploads/auction_schedules/lab-mn-ER-26058.pdf,,,reported,,ER-26058
2026-10-05 03:42,2026-04-03,14:00,Эрдэнэс Тавантолгой ХК,Erdenes Tavan Tolgoi,26-64 1-3 CO,Coal,1/3 coking coal,1/3 коксжих нүүрс,USD,66.6,5.0,32000.0,https://mse.mn/uploads/auction_schedules/mn-26-64 1-3 CO.pdf,,https://mse.mn/uploads/auction_schedules/lab-mn-26-64 1-3 CO.pdf,,,reported,,26-64 1-3 CO
2026-10-05 03:42,2026-04-03,13:00,Тавантолгой ХК,Tavan Tolgoi JSC,TTOA-2026-011,Coal,Medium-volatile coking coal,"Дэгдэмхий бодис дунд, коксжих нүүрс",USD,126.0,8.0,51200.0,https://mse.mn/uploads/auction_schedules/mn-TTOA-2026-011.pdf,,https://mse.mn/uploads/auction_schedules/lab-mn-TTOA-2026-011.pdf,,,reported,,TTOA-2026-011
2026-10-05 03:42,2026-04-03,12:00,Дарханы Төмөрлөгийн Үйлдвэр ХХК,Дарханы Төмөрлөгийн Үйлдвэр ХХК,DMP-2618,Iron ore,Fe-58% Төмрийн баяжмал,Fe-58% Төмрийн баяжмал,USD,63.0,18.0,59400.0,https://mse.mn/uploads/auction_schedules/mn-DMP-2618.pdf,,https://mse.mn/uploads/auction_schedules/lab-mn-DMP-2618.pdf,,,reported,,DMP-2618
2026-10-05 03:42,2026-04-03,12:00,Эрдэнэс Тавантолгой ХК,Erdenes Tavan Tolgoi,26-63 1-3 CO,Coal,1/3 coking coal,1/3 коксжих нүүрс,USD,73.2,10.0,64000.0,https://mse.mn/uploads/auction_schedules/mn-26-63 1-3 CO.pdf,,https://mse.mn/uploads/auction_schedules/lab-mn-26-63 1-3 CO.pdf,,,reported,,26-63 1-3 CO
2026-10-05 03:42,2026-04-03,11:00,Тавантолгой ХК,Tavan Tolgoi JSC,TTOA-2026-010,Coal,Medium-volatile coking coal,"Дэгдэмхий бодис дунд, коксжих нүүрс",USD,126.0,8.0,51200.0,https://mse.mn/uploads/auction_schedules/mn-TTOA-2026-010.pdf,,https://mse.mn/uploads/auction_schedules/lab-mn-TTOA-2026-010.pdf,,,reported,,TTOA-2026-010
2026-10-05 03:42,2026-04-03,10:00,Дарханы Төмөрлөгийн Үйлдвэр ХХК,Дарханы Төмөрлөгийн Үйлдвэр ХХК,DMP-2617,Iron ore,Fe-58% Төмрийн баяжмал,Fe-58% Төмрийн баяжмал,USD,63.0,18.0,59400.0,https://mse.mn/uploads/auction_schedules/mn-DMP-2617.pdf,,https://mse.mn/uploads/auction_schedules/lab-mn-DMP-2617.pdf,,,reported,,DMP-2617
2026-10-05 03:42,2026-04-03,10:00,Эрдэнэс Тавантолгой ХК,Erdenes Tavan Tolgoi,26-62 1-3 CO,Coal,1/3 coking coal,1/3 коксжих нүүрс,USD,99.6,5.0,32000.0,https://mse.mn/uploads/auction_schedules/mn-26-62 1-3 CO.pdf,,https://mse.mn/uploads/auction_schedules/lab-mn-26-62 1-3 CO.pdf,,,reported,,26-62 1-3 CO
2026-10-05 03:42,2026-04-03,10:00,Энержи Ресурс ХХК,Energy Resources,ER-26057,Coal,Washed coking coal,Баяжуулсан коксжих нүүрс,CNY,850.0,2.0,12800.0,https://mse.mn/uploads/auction_schedules/mn-ER-26057.pdf,,https://mse.mn/uploads/auction_schedules/lab-mn-ER-26057.pdf,,,reported,,ER-26057
2026-10-05 03:42,2026-04-02,12:00,Эрдэнэс Тавантолгой ХК,Erdenes Tavan Tolgoi,26-61 1-3 CO,Coal,1/3 coking coal,1/3 коксжих нүүрс,USD,66.6,10.0,64000.0,https://mse.mn/uploads/auction_schedules/mn-26-61 1-3 CO.pdf,,https://mse.mn/uploads/auction_schedules/lab-mn-26-61 1-3 CO.pdf,,,reported,,26-61 1-3 CO
2026-10-05 03:42,2026-04-02,11:00,Тавантолгой ХК,Tavan Tolgoi JSC,TTOA-2026-009,Coal,Medium-volatile coking coal,"Дэгдэмхий бодис дунд, коксжих нүүрс",USD,126.0,8.0,51200.0,https://mse.mn/uploads/auction_schedules/mn-TTOA-2026-009.pdf,,https://mse.mn/uploads/auction_schedules/lab-mn-TTOA-2026-009.pdf,,,reported,,TTOA-2026-009
2026-10-05 03:42,2026-04-02,11:00,Монголросцветмет ТӨҮГ,Mongolrostsvetmet (ex-Erdenes Critical Minerals),ECM-26-61,Iron ore,Iron ore Fe 52%,Fe-52% Төмрийн хүдэр,USD,65.0,2.0,6600.0,https://mse.mn/uploads/auction_schedules/mn-ECM-26-61.pdf,,https://mse.mn/uploads/auction_schedules/lab-mn-ECM-26-61.pdf,,,reported,,ECM-26-61
2026-10-05 03:42,2026-04-02,10:00,Эрдэнэс Тавантолгой ХК,Erdenes Tavan Tolgoi,26-60 1-3 CO,Coal,1/3 coking coal,1/3 коксжих нүүрс,USD,79.9,5.0,32000.0,https://mse.mn/uploads/auction_schedules/mn-26-60 1-3 CO.pdf,,https://mse.mn/uploads/auction_schedules/lab-mn-26-60 1-3 CO.pdf,,,reported,,26-60 1-3 CO
2026-10-05 03:42,2026-04-02,10:00,Энержи Ресурс ХХК,Energy Resources,ER-26056,Coal,Washed coking coal,Баяжуулсан коксжих нүүрс,CNY,850.0,2.0,12800.0,https://mse.mn/uploads/auction_schedules/mn-ER-26056.pdf,,https://mse.mn/uploads/auction_schedules/lab-mn-ER-26056.pdf,,,reported,,ER-26056
2026-10-05 03:42,2026-04-01,14:00,Эрдэнэс Тавантолгой ХК,Erdenes Tavan Tolgoi,26-59 1-3 CO,Coal,1/3 coking coal,1/3 коксжих нүүрс,USD,73.2,5.0,32000.0,https://mse.mn/uploads/auction_schedules/mn-26-59 1-3 CO.pdf,,https://mse.mn/uploads/auction_schedules/lab-mn-26-59 1-3 CO.pdf,,,reported,,26-59 1-3 CO
2026-10-05 03:42,2026-04-01,14:00,Энержи Ресурс ХХК,Energy Resources,ER-26055,Coal,Washed medium-ash semi-hard coking coal,"Баяжуулсан дунд зэрэг үнстэй, хагас хатуу коксжих нүүрс",CNY,470.0,3.0,19200.0,https://mse.mn/uploads/auction_schedules/mn-ER-26055.pdf,,https://mse.mn/uploads/auction_schedules/lab-mn-ER-26055.pdf,,,reported,,ER-26055
2026-10-05 03:42,2026-04-01,12:00,Эрдэнэс Тавантолгой ХК,Erdenes Tavan Tolgoi,26-05 TC,Coal,"Thermal coal (bituminous, non-caking)","Эрчим хүчний нүүрс /Битумт, үл барьцалдах нүүрс/",USD,45.9,5.0,32000.0,https://mse.mn/uploads/auction_schedules/mn-26-05 TC.pdf,,https://mse.mn/uploads/auction_schedules/lab-mn-26-05 TC.pdf,,,reported,,26-05 TC
2026-10-05 03:42,2026-04-01,11:00,Монголросцветмет ТӨҮГ,Mongolrostsvetmet (ex-Erdenes Critical Minerals),ECM-26-60,Iron ore,Iron ore Fe 52%,Fe-52% Төмрийн хүдэр,USD,65.0,2.0,6600.0,https://mse.mn/uploads/auction_schedules/mn-ECM-26-60.pdf,,https://mse.mn/uploads/auction_schedules/lab-mn-ECM-26-60.pdf,,,reported,,ECM-26-60
2026-10-05 03:42,2026-04-01,10:00,Эрдэнэс Тавантолгой ХК,Erdenes Tavan Tolgoi,26-58 1-3 CO,Coal,1/3 coking coal,1/3 коксжих нүүрс,USD,99.6,10.0,64000.0,https://mse.mn/uploads/auction_schedules/mn-26-58 1-3 CO.pdf,,https://mse.mn/uploads/auction_schedules/lab-mn-26-58 1-3 CO.pdf,,,reported,,26-58 1-3 CO
2026-10-05 03:42,2026-03-31,10:00,Эрдэнэс Тавантолгой ХК,Erdenes Tavan Tolgoi,26-57 1-3 CO,Coal,1/3 coking coal,1/3 коксжих нүүрс,USD,60.0,5.0,32000.0,https://mse.mn/uploads/auction_schedules/mn-26-57 1-3 CO.pdf,,https://mse.mn/uploads/auction_schedules/lab-mn-26-57 1-3 CO.pdf,,,reported,,26-57 1-3 CO
2026-10-05 03:42,2026-03-30,14:00,Энержи Ресурс ХХК,Energy Resources,ER-26054,Coal,Washed medium-ash semi-hard coking coal,"Баяжуулсан дунд зэрэг үнстэй, хагас хатуу коксжих нүүрс",CNY,470.0,3.0,19200.0,https://mse.mn/uploads/auction_schedules/mn-ER-26054.pdf,,https://mse.mn/uploads/auction_schedules/lab-mn-ER-26054.pdf,,,reported,,ER-26054
2026-10-05 03:42,2026-03-30,10:00,Эрдэнэс Тавантолгой ХК,Erdenes Tavan Tolgoi,26-56 1-3 CO,Coal,1/3 coking coal,1/3 коксжих нүүрс,USD,97.7,5.0,32000.0,https://mse.mn/uploads/auction_schedules/mn-26-56 1-3 CO.pdf,,https://mse.mn/uploads/auction_schedules/lab-mn-26-56 1-3 CO.pdf,,,reported,,26-56 1-3 CO
2026-10-05 03:42,2026-03-27,11:00,Монголросцветмет ТӨҮГ,Mongolrostsvetmet (ex-Erdenes Critical Minerals),ECM-26-59,Iron ore,Iron ore Fe 52%,Fe-52% Төмрийн хүдэр,USD,65.0,2.0,6600.0,https://mse.mn/uploads/auction_schedules/mn-ECM-26-59.pdf,,https://mse.mn/uploads/auction_schedules/lab-mn-ECM-26-59.pdf,,,reported,,ECM-26-59
2026-10-05 03:42,2026-03-27,10:00,Эрдэнэс Тавантолгой ХК,Erdenes Tavan Tolgoi,26-07 CO,Coal,Medium-volatile coking coal,"Дэгдэмхий бодис дунд, коксжих нүүрс",USD,126.0,2.0,12800.0,https://mse.mn/uploads/auction_schedules/mn-26-07 CO.pdf,,https://mse.mn/uploads/auction_schedules/lab-mn-26-07 CO.pdf,,,reported,,26-07 CO
2026-10-05 03:42,2026-03-27,10:00,Энержи Ресурс ХХК,Energy Resources,ER-26053,Coal,Washed coking coal,Баяжуулсан коксжих нүүрс,CNY,800.0,2.0,12800.0,https://mse.mn/uploads/auction_schedules/mn-ER-26053.pdf,,https://mse.mn/uploads/auction_schedules/lab-mn-ER-26053.pdf,,,reported,,ER-26053
2026-10-05 03:42,2026-03-26,10:00,Хангад Эксплорэйшн ХХК,Khangad Exploration,KH-26010,Coal,Washed semi-soft coking coal,Баяжуулсан сул коксжих нүүрс,CNY,650.0,4.0,25600.0,https://mse.mn/uploads/auction_schedules/mn-KH-26010.pdf,,https://mse.mn/uploads/auction_schedules/lab-mn-KH-26010.pdf,,,reported,,KH-26010
2026-10-05 03:42,2026-03-25,15:00,Эрдэнэт Үйлдвэр ТӨҮГ,Erdenet Mining Corporation,2026-03,Copper,Copper concentrate (22.35% Cu),22.35%-ийн зэсийн агуулгатай баяжмал,USD,3005.92,8.0,7248.0,https://mse.mn/uploads/auction_schedules/mn-2026-03.pdf,,https://mse.mn/uploads/auction_schedules/lab-mn-2026-03.pdf,,,reported,,2026-03
2026-10-05 03:42,2026-03-25,14:00,Эрдэнэс Тавантолгой ХК,Erdenes Tavan Tolgoi,26-06 WTC,Coal,Washed non-coking-quality coal,Баяжуулсан коксжих чанаргүй нүүрс,USD,51.0,5.0,32000.0,https://mse.mn/uploads/auction_schedules/mn-26-06 WTC.pdf,,https://mse.mn/uploads/auction_schedules/lab-mn-26-06 WTC.pdf,,,reported,,26-06 WTC
2026-10-05 03:42,2026-03-25,14:00,Энержи Ресурс ХХК,Energy Resources,ER-26052,Coal,Washed medium-ash semi-hard coking coal,"Баяжуулсан дунд зэрэг үнстэй, хагас хатуу коксжих нүүрс",CNY,350.0,3.0,19200.0,https://mse.mn/uploads/auction_schedules/mn-ER-26052.pdf,,https://mse.mn/uploads/auction_schedules/lab-mn-ER-26052.pdf,,,reported,,ER-26052
2026-10-05 03:42,2026-03-25,11:00,Монголросцветмет ТӨҮГ,Mongolrostsvetmet (ex-Erdenes Critical Minerals),ECM-26-58,Iron ore,Iron ore Fe 52%,Fe-52% Төмрийн хүдэр,USD,65.0,2.0,6600.0,https://mse.mn/uploads/auction_schedules/mn-ECM-26-58.pdf,,https://mse.mn/uploads/auction_schedules/lab-mn-ECM-26-58.pdf,,,reported,,ECM-26-58
2026-10-05 03:42,2026-03-24,14:00,Эрдэнэс Тавантолгой ХК,Erdenes Tavan Tolgoi,26-05 WTC,Coal,Washed non-coking-quality coal,Баяжуулсан коксжих чанаргүй нүүрс,USD,45.3,10.0,64000.0,https://mse.mn/uploads/auction_schedules/mn-26-05 WTC.pdf,,https://mse.mn/uploads/auction_schedules/lab-mn-26-05 WTC.pdf,,,reported,,26-05 WTC
2026-10-05 03:42,2026-03-24,12:00,Эрдэнэс Тавантолгой ХК,Erdenes Tavan Tolgoi,26-55 1-3 CO,Coal,1/3 coking coal,1/3 коксжих нүүрс,USD,69.6,10.0,64000.0,https://mse.mn/uploads/auction_schedules/mn-26-55 1-3 CO.pdf,,https://mse.mn/uploads/auction_schedules/lab-mn-26-55 1-3 CO.pdf,,,reported,,26-55 1-3 CO
2026-10-05 03:42,2026-03-24,10:00,Эрдэнэс Тавантолгой ХК,Erdenes Tavan Tolgoi,26-54 1-3 CO,Coal,1/3 coking coal,1/3 коксжих нүүрс,USD,75.9,5.0,32000.0,https://mse.mn/uploads/auction_schedules/mn-26-54 1-3 CO.pdf,,https://mse.mn/uploads/auction_schedules/lab-mn-26-54 1-3 CO.pdf,,,reported,,26-54 1-3 CO
2026-10-05 03:42,2026-03-24,10:00,Энержи Ресурс ХХК,Energy Resources,ER-26051,Coal,Washed coking coal,Баяжуулсан коксжих нүүрс,CNY,800.0,2.0,12800.0,https://mse.mn/uploads/auction_schedules/mn-ER-26051.pdf,,https://mse.mn/uploads/auction_schedules/lab-mn-ER-26051.pdf,,,reported,,ER-26051
2026-10-05 03:42,2026-03-23,14:00,Эрдэнэс Тавантолгой ХК,Erdenes Tavan Tolgoi,26-53 1-3 CO,Coal,1/3 coking coal,1/3 коксжих нүүрс,USD,59.7,10.0,64000.0,https://mse.mn/uploads/auction_schedules/mn-26-53 1-3 CO.pdf,,https://mse.mn/uploads/auction_schedules/lab-mn-26-53 1-3 CO.pdf,,,reported,,26-53 1-3 CO
2026-10-05 03:42,2026-03-23,14:00,Энержи Ресурс ХХК,Energy Resources,ER-26050,Coal,Washed medium-ash semi-hard coking coal,"Баяжуулсан дунд зэрэг үнстэй, хагас хатуу коксжих нүүрс",CNY,350.0,3.0,19200.0,https://mse.mn/uploads/auction_schedules/mn-ER-26050.pdf,,https://mse.mn/uploads/auction_schedules/lab-mn-ER-26050.pdf,,,reported,,ER-26050
2026-10-05 03:42,2026-03-23,12:00,Эрдэнэс Тавантолгой ХК,Erdenes Tavan Tolgoi,26-04 TC,Coal,"Thermal coal (bituminous, non-caking)","Эрчим хүчний нүүрс /Битумт, үл барьцалдах нүүрс/",USD,48.2,10.0,64000.0,https://mse.mn/uploads/auction_schedules/mn-26-04 TC.pdf,,https://mse.mn/uploads/auction_schedules/lab-mn-26-04 TC.pdf,,,reported,,26-04 TC
2026-10-05 03:42,2026-03-23,11:00,Монголросцветмет ТӨҮГ,Mongolrostsvetmet (ex-Erdenes Critical Minerals),ECM-26-57,Iron ore,Iron ore Fe 52%,Fe-52% Төмрийн хүдэр,USD,65.0,2.0,6600.0,https://mse.mn/uploads/auction_schedules/mn-ECM-26-57.pdf,,https://mse.mn/uploads/auction_schedules/lab-mn-ECM-26-57.pdf,,,reported,,ECM-26-57
2026-10-05 03:42,2026-03-23,10:00,Эрдэнэс Тавантолгой ХК,Erdenes Tavan Tolgoi,26-52 1-3 CO,Coal,1/3 coking coal,1/3 коксжих нүүрс,USD,95.8,5.0,32000.0,https://mse.mn/uploads/auction_schedules/mn-26-52 1-3 CO.pdf,,https://mse.mn/uploads/auction_schedules/lab-mn-26-52 1-3 CO.pdf,,,reported,,26-52 1-3 CO
2026-10-05 03:42,2026-03-20,16:00,Эрдэнэс Тавантолгой ХК,Erdenes Tavan Tolgoi,26-03 TC,Coal,"Thermal coal (bituminous, non-caking)","Эрчим хүчний нүүрс /Битумт, үл барьцалдах нүүрс/",USD,38.9,20.0,128000.0,https://mse.mn/uploads/auction_schedules/mn-26-03 TC.pdf,,https://mse.mn/uploads/auction_schedules/lab-mn-26-03 TC.pdf,,,reported,,26-03 TC
2026-10-05 03:42,2026-03-20,14:00,Эрдэнэс Тавантолгой ХК,Erdenes Tavan Tolgoi,26-51 1-3 CO,Coal,1/3 coking coal,1/3 коксжих нүүрс,USD,58.6,10.0,64000.0,https://mse.mn/uploads/auction_schedules/mn-26-51 1-3 CO.pdf,,https://mse.mn/uploads/auction_schedules/lab-mn-26-51 1-3 CO.pdf,,,reported,,26-51 1-3 CO
2026-10-05 03:42,2026-03-20,12:00,Эрдэнэс Тавантолгой ХК,Erdenes Tavan Tolgoi,26-50 1-3 CO,Coal,1/3 coking coal,1/3 коксжих нүүрс,USD,68.3,5.0,32000.0,https://mse.mn/uploads/auction_schedules/mn-26-50 1-3 CO.pdf,,https://mse.mn/uploads/auction_schedules/lab-mn-26-50 1-3 CO.pdf,,,reported,,26-50 1-3 CO
2026-10-05 03:42,2026-03-20,12:00,Тавантолгой ХК,Tavan Tolgoi JSC,TTOA-2026-006,Coal,Medium-volatile coking coal,"Дэгдэмхий бодис дунд, коксжих нүүрс",USD,115.0,16.0,102400.0,https://mse.mn/uploads/auction_schedules/mn-TTOA-2026-006.pdf,,https://mse.mn/uploads/auction_schedules/lab-mn-TTOA-2026-006.pdf,,,reported,,TTOA-2026-006
2026-10-05 03:42,2026-03-20,10:00,Эрдэнэс Тавантолгой ХК,Erdenes Tavan Tolgoi,26-49 1-3 CO,Coal,1/3 coking coal,1/3 коксжих нүүрс,USD,95.4,10.0,64000.0,https://mse.mn/uploads/auction_schedules/mn-26-49 1-3 CO.pdf,,https://mse.mn/uploads/auction_schedules/lab-mn-26-49 1-3 CO.pdf,,,reported,,26-49 1-3 CO
2026-10-05 03:42,2026-03-20,10:00,Энержи Ресурс ХХК,Energy Resources,ER-26049,Coal,Washed coking coal,Баяжуулсан коксжих нүүрс,CNY,800.0,2.0,12800.0,https://mse.mn/uploads/auction_schedules/mn-ER-26049.pdf,,https://mse.mn/uploads/auction_schedules/lab-mn-ER-26049.pdf,,,reported,,ER-26049
2026-10-05 03:42,2026-03-19,15:00,Саусгоби Сэндс ХХК,Саусгоби Сэндс ХХК,26-01 SGS,Coal,"Дэгдэмхий бодис их, хийн нүүрс","Дэгдэмхий бодис их, хийн нүүрс",CNY,290.0,1.0,6400.0,https://mse.mn/uploads/auction_schedules/mn-26-01 SGS.pdf,,https://mse.mn/uploads/auction_schedules/lab-mn-26-01 SGS.pdf,,,reported,,26-01 SGS
2026-10-05 03:42,2026-03-19,13:00,Тавантолгой ХК,Tavan Tolgoi JSC,TTOA-2026-008,Coal,Medium-volatile coking coal,"Дэгдэмхий бодис дунд, коксжих нүүрс",USD,118.0,16.0,102400.0,https://mse.mn/uploads/auction_schedules/mn-TTOA-2026-008.pdf,,https://mse.mn/uploads/auction_schedules/lab-mn-TTOA-2026-008.pdf,,,reported,,TTOA-2026-008
2026-10-05 03:42,2026-03-19,12:00,Эрдэнэс Тавантолгой ХК,Erdenes Tavan Tolgoi,26-48 1-3 CO,Coal,1/3 coking coal,1/3 коксжих нүүрс,USD,68.3,10.0,64000.0,https://mse.mn/uploads/auction_schedules/mn-26-48 1-3 CO.pdf,,https://mse.mn/uploads/auction_schedules/lab-mn-26-48 1-3 CO.pdf,,,reported,,26-48 1-3 CO
2026-10-05 03:42,2026-03-19,11:00,Тавантолгой ХК,Tavan Tolgoi JSC,TTOA-2026-007,Coal,Medium-volatile coking coal,"Дэгдэмхий бодис дунд, коксжих нүүрс",USD,118.0,16.0,102400.0,https://mse.mn/uploads/auction_schedules/mn-TTOA-2026-007.pdf,,https://mse.mn/uploads/auction_schedules/lab-mn-TTOA-2026-007.pdf,,,reported,,TTOA-2026-007
2026-10-05 03:42,2026-03-19,11:00,Монголросцветмет ТӨҮГ,Mongolrostsvetmet (ex-Erdenes Critical Minerals),ECM-26-56,Iron ore,Iron ore Fe 52%,Fe-52% Төмрийн хүдэр,USD,65.0,2.0,6600.0,https://mse.mn/uploads/auction_schedules/mn-ECM-26-56.pdf,,https://mse.mn/uploads/auction_schedules/lab-mn-ECM-26-56.pdf,,,reported,,ECM-26-56
2026-10-05 03:42,2026-03-19,10:00,Эрдэнэс Тавантолгой ХК,Erdenes Tavan Tolgoi,26-47 1-3 CO,Coal,1/3 coking coal,1/3 коксжих нүүрс,USD,74.4,5.0,32000.0,https://mse.mn/uploads/auction_schedules/mn-26-47 1-3 CO.pdf,,https://mse.mn/uploads/auction_schedules/lab-mn-26-47 1-3 CO.pdf,,,reported,,26-47 1-3 CO
2026-10-05 03:42,2026-03-19,10:00,Хангад Эксплорэйшн ХХК,Khangad Exploration,KH-26009,Coal,Washed semi-soft coking coal,Баяжуулсан сул коксжих нүүрс,CNY,650.0,4.0,25600.0,https://mse.mn/uploads/auction_schedules/mn-KH-26009.pdf,,https://mse.mn/uploads/auction_schedules/lab-mn-KH-26009.pdf,,,reported,,KH-26009
2026-10-05 03:42,2026-03-18,14:00,Эрдэнэс Тавантолгой ХК,Erdenes Tavan Tolgoi,26-46 1-3 CO,Coal,1/3 coking coal,1/3 коксжих нүүрс,USD,58.6,10.0,64000.0,https://mse.mn/uploads/auction_schedules/mn-26-46 1-3 CO.pdf,,https://mse.mn/uploads/auction_schedules/lab-mn-26-46 1-3 CO.pdf,,,reported,,26-46 1-3 CO
2026-10-05 03:42,2026-03-18,14:00,Энержи Ресурс ХХК,Energy Resources,ER-26048,Coal,Washed medium-ash semi-hard coking coal,"Баяжуулсан дунд зэрэг үнстэй, хагас хатуу коксжих нүүрс",CNY,350.0,3.0,19200.0,https://mse.mn/uploads/auction_schedules/mn-ER-26048.pdf,,https://mse.mn/uploads/auction_schedules/lab-mn-ER-26048.pdf,,,reported,,ER-26048
2026-10-05 03:42,2026-03-18,12:00,Эрдэнэс Тавантолгой ХК,Erdenes Tavan Tolgoi,26-45 1-3 CO,Coal,1/3 coking coal,1/3 коксжих нүүрс,USD,68.3,5.0,32000.0,https://mse.mn/uploads/auction_schedules/mn-26-45 1-3 CO.pdf,,https://mse.mn/uploads/auction_schedules/lab-mn-26-45 1-3 CO.pdf,,,reported,,26-45 1-3 CO
2026-10-05 03:42,2026-03-18,11:00,Тавантолгой ХК,Tavan Tolgoi JSC,TTOA-2026-005,Coal,Medium-volatile coking coal,"Дэгдэмхий бодис дунд, коксжих нүүрс",USD,115.0,16.0,102400.0,https://mse.mn/uploads/auction_schedules/mn-TTOA-2026-005.pdf,,https://mse.mn/uploads/auction_schedules/lab-mn-TTOA-2026-005.pdf,,,reported,,TTOA-2026-005
2026-10-05 03:42,2026-03-18,10:00,Эрдэнэс Тавантолгой ХК,Erdenes Tavan Tolgoi,26-44 1-3 CO,Coal,1/3 coking coal,1/3 коксжих нүүрс,USD,95.4,10.0,64000.0,https://mse.mn/uploads/auction_schedules/mn-26-44 1-3 CO.pdf,,https://mse.mn/uploads/auction_schedules/lab-mn-26-44 1-3 CO.pdf,,,reported,,26-44 1-3 CO
2026-10-05 03:42,2026-03-17,14:00,Өсөх Зоос ХХК,Өсөх Зоос ХХК,UZ-01-2026,Coal,1/3 coking coal,1/3 коксжих нүүрс,CNY,466.0,3.0,19200.0,https://mse.mn/uploads/auction_schedules/mn-UZ-01-2026.pdf,,https://mse.mn/uploads/auction_schedules/lab-mn-UZ-01-2026.pdf,,,reported,,UZ-01-2026
2026-10-05 03:42,2026-03-17,14:00,Эрдэнэс Тавантолгой ХК,Erdenes Tavan Tolgoi,26-43 1-3 CO,Coal,1/3 coking coal,1/3 коксжих нүүрс,USD,58.5,5.0,32000.0,https://mse.mn/uploads/auction_schedules/mn-26-43 1-3 CO.pdf,,https://mse.mn/uploads/auction_schedules/lab-mn-26-43 1-3 CO.pdf,,,reported,,26-43 1-3 CO
2026-10-05 03:42,2026-03-17,12:00,Эрдэнэс Тавантолгой ХК,Erdenes Tavan Tolgoi,26-42 1-3 CO,Coal,1/3 coking coal,1/3 коксжих нүүрс,USD,68.1,10.0,64000.0,https://mse.mn/uploads/auction_schedules/mn-26-42 1-3 CO.pdf,,https://mse.mn/uploads/auction_schedules/lab-mn-26-42 1-3 CO.pdf,,,reported,,26-42 1-3 CO
2026-10-05 03:42,2026-03-17,11:00,Монголросцветмет ТӨҮГ,Mongolrostsvetmet (ex-Erdenes Critical Minerals),ECM-26-55,Iron ore,Iron ore Fe 52%,Fe-52% Төмрийн хүдэр,USD,65.0,2.0,6600.0,https://mse.mn/uploads/auction_schedules/mn-ECM-26-55.pdf,,https://mse.mn/uploads/auction_schedules/lab-mn-ECM-26-55.pdf,,,reported,,ECM-26-55
2026-10-05 03:42,2026-03-17,10:00,Эрдэнэс Тавантолгой ХК,Erdenes Tavan Tolgoi,26-41 1-3 CO,Coal,1/3 coking coal,1/3 коксжих нүүрс,USD,74.3,5.0,32000.0,https://mse.mn/uploads/auction_schedules/mn-26-41 1-3 CO.pdf,,https://mse.mn/uploads/auction_schedules/lab-mn-26-41 1-3 CO.pdf,,,reported,,26-41 1-3 CO
2026-10-05 03:42,2026-03-17,10:00,Энержи Ресурс ХХК,Energy Resources,ER-26047,Coal,Washed coking coal,Баяжуулсан коксжих нүүрс,CNY,800.0,2.0,12800.0,https://mse.mn/uploads/auction_schedules/mn-ER-26047.pdf,,https://mse.mn/uploads/auction_schedules/lab-mn-ER-26047.pdf,,,reported,,ER-26047
2026-10-05 03:42,2026-03-16,14:00,Эрдэнэс Тавантолгой ХК,Erdenes Tavan Tolgoi,26-40 1-3 CO,Coal,1/3 coking coal,1/3 коксжих нүүрс,USD,58.5,5.0,32000.0,https://mse.mn/uploads/auction_schedules/mn-26-40 1-3 CO.pdf,,https://mse.mn/uploads/auction_schedules/lab-mn-26-40 1-3 CO.pdf,,,reported,,26-40 1-3 CO
2026-10-05 03:42,2026-03-16,14:00,Энержи Ресурс ХХК,Energy Resources,ER-26046,Coal,Washed medium-ash semi-hard coking coal,"Баяжуулсан дунд зэрэг үнстэй, хагас хатуу коксжих нүүрс",CNY,350.0,3.0,19200.0,https://mse.mn/uploads/auction_schedules/mn-ER-26046.pdf,,https://mse.mn/uploads/auction_schedules/lab-mn-ER-26046.pdf,,,reported,,ER-26046
2026-10-05 03:42,2026-03-16,12:00,Эрдэнэс Тавантолгой ХК,Erdenes Tavan Tolgoi,26-39 1-3 CO,Coal,1/3 coking coal,1/3 коксжих нүүрс,USD,68.1,10.0,64000.0,https://mse.mn/uploads/auction_schedules/mn-26-39 1-3 CO.pdf,,https://mse.mn/uploads/auction_schedules/lab-mn-26-39 1-3 CO.pdf,,,reported,,26-39 1-3 CO
2026-10-05 03:42,2026-03-16,10:00,Эрдэнэс Тавантолгой ХК,Erdenes Tavan Tolgoi,26-38 1-3 CO,Coal,1/3 coking coal,1/3 коксжих нүүрс,USD,74.3,5.0,32000.0,https://mse.mn/uploads/auction_schedules/mn-26-38 1-3 CO.pdf,,https://mse.mn/uploads/auction_schedules/lab-mn-26-38 1-3 CO.pdf,,,reported,,26-38 1-3 CO
2026-10-05 03:42,2026-03-13,14:00,Эрдэнэс Тавантолгой ХК,Erdenes Tavan Tolgoi,26-37 1-3 CO,Coal,1/3 coking coal,1/3 коксжих нүүрс,USD,58.9,5.0,32000.0,https://mse.mn/uploads/auction_schedules/mn-26-37 1-3 CO.pdf,,https://mse.mn/uploads/auction_schedules/lab-mn-26-37 1-3 CO.pdf,,,reported,,26-37 1-3 CO
2026-10-05 03:42,2026-03-13,12:00,Эрдэнэс Тавантолгой ХК,Erdenes Tavan Tolgoi,26-36 1-3 CO,Coal,1/3 coking coal,1/3 коксжих нүүрс,USD,74.8,10.0,64000.0,https://mse.mn/uploads/auction_schedules/mn-26-36 1-3 CO.pdf,,https://mse.mn/uploads/auction_schedules/lab-mn-26-36 1-3 CO.pdf,,,reported,,26-36 1-3 CO
2026-10-05 03:42,2026-03-13,11:00,Монголросцветмет ТӨҮГ,Mongolrostsvetmet (ex-Erdenes Critical Minerals),ECM-26-54,Iron ore,Iron ore Fe 52%,Fe-52% Төмрийн хүдэр,USD,65.0,2.0,6600.0,https://mse.mn/uploads/auction_schedules/mn-ECM-26-54.pdf,,https://mse.mn/uploads/auction_schedules/lab-mn-ECM-26-54.pdf,,,reported,,ECM-26-54
2026-10-05 03:42,2026-03-13,10:00,Эрдэнэс Тавантолгой ХК,Erdenes Tavan Tolgoi,26-06 CO,Coal,Medium-volatile coking coal,"Дэгдэмхий бодис дунд, коксжих нүүрс",USD,111.1,2.0,12800.0,https://mse.mn/uploads/auction_schedules/mn-26-06 CO.pdf,,https://mse.mn/uploads/auction_schedules/lab-mn-26-06 CO.pdf,,,reported,,26-06 CO
2026-10-05 03:42,2026-03-13,10:00,Энержи Ресурс ХХК,Energy Resources,ER-26045,Coal,Washed coking coal,Баяжуулсан коксжих нүүрс,CNY,800.0,2.0,12800.0,https://mse.mn/uploads/auction_schedules/mn-ER-26045.pdf,,https://mse.mn/uploads/auction_schedules/lab-mn-ER-26045.pdf,,,reported,,ER-26045
2026-10-05 03:42,2026-03-12,12:00,Эрдэнэс Тавантолгой ХК,Erdenes Tavan Tolgoi,26-35 1-3 CO,Coal,1/3 coking coal,1/3 коксжих нүүрс,USD,68.6,5.0,32000.0,https://mse.mn/uploads/auction_schedules/mn-26-35 1-3 CO.pdf,,https://mse.mn/uploads/auction_schedules/lab-mn-26-35 1-3 CO.pdf,,,reported,,26-35 1-3 CO
2026-10-05 03:42,2026-03-12,11:00,Монголросцветмет ТӨҮГ,Mongolrostsvetmet (ex-Erdenes Critical Minerals),ECM-26-53,Iron ore,Iron ore Fe 52%,Fe-52% Төмрийн хүдэр,USD,65.0,2.0,6600.0,https://mse.mn/uploads/auction_schedules/mn-ECM-26-53.pdf,,https://mse.mn/uploads/auction_schedules/lab-mn-ECM-26-53.pdf,,,reported,,ECM-26-53
2026-10-05 03:42,2026-03-12,10:00,Эрдэнэс Тавантолгой ХК,Erdenes Tavan Tolgoi,26-34 1-3 CO,Coal,1/3 coking coal,1/3 коксжих нүүрс,USD,93.6,10.0,64000.0,https://mse.mn/uploads/auction_schedules/mn-26-34 1-3 CO.pdf,,https://mse.mn/uploads/auction_schedules/lab-mn-26-34 1-3 CO.pdf,,,reported,,26-34 1-3 CO
2026-10-05 03:42,2026-03-12,10:00,Хангад Эксплорэйшн ХХК,Khangad Exploration,KH-26008,Coal,Washed semi-soft coking coal,Баяжуулсан сул коксжих нүүрс,CNY,700.0,4.0,25600.0,https://mse.mn/uploads/auction_schedules/mn-KH-26008.pdf,,https://mse.mn/uploads/auction_schedules/lab-mn-KH-26008.pdf,,,reported,,KH-26008
2026-10-05 03:42,2026-03-11,14:00,Энержи Ресурс ХХК,Energy Resources,ER-26044,Coal,Washed medium-ash semi-hard coking coal,"Баяжуулсан дунд зэрэг үнстэй, хагас хатуу коксжих нүүрс",CNY,350.0,3.0,19200.0,https://mse.mn/uploads/auction_schedules/mn-ER-26044.pdf,,https://mse.mn/uploads/auction_schedules/lab-mn-ER-26044.pdf,,,reported,,ER-26044
2026-10-05 03:42,2026-03-11,12:00,Эрдэнэс Тавантолгой ХК,Erdenes Tavan Tolgoi,26-33 1-3 CO,Coal,1/3 coking coal,1/3 коксжих нүүрс,USD,74.8,5.0,32000.0,https://mse.mn/uploads/auction_schedules/mn-26-33 1-3 CO.pdf,,https://mse.mn/uploads/auction_schedules/lab-mn-26-33 1-3 CO.pdf,,,reported,,26-33 1-3 CO
2026-10-05 03:42,2026-03-11,11:00,Монголросцветмет ТӨҮГ,Mongolrostsvetmet (ex-Erdenes Critical Minerals),ECM-26-52,Iron ore,Iron concentrate Fe 65%,Fe-65% Төмрийн баяжмал,USD,85.0,6.0,19800.0,https://mse.mn/uploads/auction_schedules/mn-ECM-26-52.pdf,,https://mse.mn/uploads/auction_schedules/lab-mn-ECM-26-52.pdf,,,reported,,ECM-26-52
2026-10-05 03:42,2026-03-11,10:00,Эрдэнэс Тавантолгой ХК,Erdenes Tavan Tolgoi,26-32 1-3 CO,Coal,1/3 coking coal,1/3 коксжих нүүрс,USD,93.6,5.0,32000.0,https://mse.mn/uploads/auction_schedules/mn-26-32 1-3 CO.pdf,,https://mse.mn/uploads/auction_schedules/lab-mn-26-32 1-3 CO.pdf,,,reported,,26-32 1-3 CO
2026-10-05 03:42,2026-03-10,12:00,Эрдэнэс Тавантолгой ХК,Erdenes Tavan Tolgoi,26-31 1-3 CO,Coal,1/3 coking coal,1/3 коксжих нүүрс,USD,58.9,10.0,64000.0,https://mse.mn/uploads/auction_schedules/mn-26-31 1-3 CO.pdf,,https://mse.mn/uploads/auction_schedules/lab-mn-26-31 1-3 CO.pdf,,,reported,,26-31 1-3 CO
2026-10-05 03:42,2026-03-10,11:00,Монголросцветмет ТӨҮГ,Mongolrostsvetmet (ex-Erdenes Critical Minerals),ECM-26-51,Iron ore,Iron ore Fe 52%,Fe-52% Төмрийн хүдэр,USD,65.0,2.0,6600.0,https://mse.mn/uploads/auction_schedules/mn-ECM-26-51.pdf,,https://mse.mn/uploads/auction_schedules/lab-mn-ECM-26-51.pdf,,,reported,,ECM-26-51
2026-10-05 03:42,2026-03-10,10:00,Эрдэнэс Тавантолгой ХК,Erdenes Tavan Tolgoi,26-30 1-3 CO,Coal,1/3 coking coal,1/3 коксжих нүүрс,USD,93.6,10.0,64000.0,https://mse.mn/uploads/auction_schedules/mn-26-30 1-3 CO.pdf,,https://mse.mn/uploads/auction_schedules/lab-mn-26-30 1-3 CO.pdf,,,reported,,26-30 1-3 CO
2026-10-05 03:42,2026-03-10,10:00,Энержи Ресурс ХХК,Energy Resources,ER-26043,Coal,Washed coking coal,Баяжуулсан коксжих нүүрс,CNY,800.0,2.0,12800.0,https://mse.mn/uploads/auction_schedules/mn-ER-26043.pdf,,https://mse.mn/uploads/auction_schedules/lab-mn-ER-26043.pdf,,,reported,,ER-26043
2026-10-05 03:42,2026-03-09,14:00,Энержи Ресурс ХХК,Energy Resources,ER-26042,Coal,Washed medium-ash semi-hard coking coal,"Баяжуулсан дунд зэрэг үнстэй, хагас хатуу коксжих нүүрс",CNY,350.0,3.0,19200.0,https://mse.mn/uploads/auction_schedules/mn-ER-26042.pdf,,https://mse.mn/uploads/auction_schedules/lab-mn-ER-26042.pdf,,,reported,,ER-26042
2026-10-05 03:42,2026-03-09,12:00,Эрдэнэс Тавантолгой ХК,Erdenes Tavan Tolgoi,26-29 1-3 CO,Coal,1/3 coking coal,1/3 коксжих нүүрс,USD,58.9,10.0,64000.0,https://mse.mn/uploads/auction_schedules/mn-26-29 1-3 CO.pdf,,https://mse.mn/uploads/auction_schedules/lab-mn-26-29 1-3 CO.pdf,,,reported,,26-29 1-3 CO
2026-10-05 03:42,2026-03-09,11:00,Монголросцветмет ТӨҮГ,Mongolrostsvetmet (ex-Erdenes Critical Minerals),ECM-26-50,Iron ore,Iron ore Fe 52%,Fe-52% Төмрийн хүдэр,USD,65.0,2.0,6600.0,https://mse.mn/uploads/auction_schedules/mn-ECM-26-50.pdf,,https://mse.mn/uploads/auction_schedules/lab-mn-ECM-26-50.pdf,,,reported,,ECM-26-50
2026-10-05 03:42,2026-03-09,10:00,Эрдэнэс Тавантолгой ХК,Erdenes Tavan Tolgoi,26-28 1-3 CO,Coal,1/3 coking coal,1/3 коксжих нүүрс,USD,93.6,5.0,32000.0,https://mse.mn/uploads/auction_schedules/mn-26-28 1-3 CO.pdf,,https://mse.mn/uploads/auction_schedules/lab-mn-26-28 1-3 CO.pdf,,,reported,,26-28 1-3 CO
2026-10-05 03:42,2026-03-06,10:00,Эрдэнэс Тавантолгой ХК,Erdenes Tavan Tolgoi,26-05 CO,Coal,Medium-volatile coking coal,"Дэгдэмхий бодис дунд, коксжих нүүрс",USD,111.1,2.0,12800.0,https://mse.mn/uploads/auction_schedules/mn-26-05 CO.pdf,,https://mse.mn/uploads/auction_schedules/lab-mn-26-05 CO.pdf,,,reported,,26-05 CO
2026-10-05 03:42,2026-03-06,10:00,Энержи Ресурс ХХК,Energy Resources,ER-26041,Coal,Washed coking coal,Баяжуулсан коксжих нүүрс,CNY,800.0,2.0,12800.0,https://mse.mn/uploads/auction_schedules/mn-ER-26041.pdf,,https://mse.mn/uploads/auction_schedules/lab-mn-ER-26041.pdf,,,reported,,ER-26041
2026-10-05 03:42,2026-03-05,11:00,Эрдэнэс Тавантолгой ХК,Erdenes Tavan Tolgoi,26-27 1-3 CO,Coal,1/3 coking coal,1/3 коксжих нүүрс,USD,58.4,10.0,64000.0,https://mse.mn/uploads/auction_schedules/mn-26-27 1-3 CO.pdf,,https://mse.mn/uploads/auction_schedules/lab-mn-26-27 1-3 CO.pdf,,,reported,,26-27 1-3 CO
2026-10-05 03:42,2026-03-05,10:00,Хангад Эксплорэйшн ХХК,Khangad Exploration,KH-26007,Coal,Washed semi-soft coking coal,Баяжуулсан сул коксжих нүүрс,CNY,700.0,4.0,25600.0,https://mse.mn/uploads/auction_schedules/mn-KH-26007.pdf,,https://mse.mn/uploads/auction_schedules/lab-mn-KH-26007.pdf,,,reported,,KH-26007
2026-10-05 03:42,2026-03-04,14:00,Энержи Ресурс ХХК,Energy Resources,ER-26040,Coal,Washed medium-ash semi-hard coking coal,"Баяжуулсан дунд зэрэг үнстэй, хагас хатуу коксжих нүүрс",CNY,350.0,3.0,19200.0,https://mse.mn/uploads/auction_schedules/mn-ER-26040.pdf,,https://mse.mn/uploads/auction_schedules/lab-mn-ER-26040.pdf,,,reported,,ER-26040
2026-10-05 03:42,2026-03-04,13:00,Тавантолгой ХК,Tavan Tolgoi JSC,TTOA-2026-004,Coal,Medium-volatile coking coal,"Дэгдэмхий бодис дунд, коксжих нүүрс",USD,118.0,47.0,300800.0,https://mse.mn/uploads/auction_schedules/mn-TTOA-2026-004.pdf,,https://mse.mn/uploads/auction_schedules/lab-mn-TTOA-2026-004.pdf,,,reported,,TTOA-2026-004
2026-10-05 03:42,2026-03-04,13:00,Эрдэнэс Тавантолгой ХК,Erdenes Tavan Tolgoi,26-26 1-3 CO,Coal,1/3 coking coal,1/3 коксжих нүүрс,USD,67.9,5.0,32000.0,https://mse.mn/uploads/auction_schedules/mn-26-26 1-3 CO.pdf,,https://mse.mn/uploads/auction_schedules/lab-mn-26-26 1-3 CO.pdf,,,reported,,26-26 1-3 CO
2026-10-05 03:42,2026-03-04,11:00,Эрдэнэс Тавантолгой ХК,Erdenes Tavan Tolgoi,26-25 1-3 CO,Coal,1/3 coking coal,1/3 коксжих нүүрс,USD,93.8,10.0,64000.0,https://mse.mn/uploads/auction_schedules/mn-26-25 1-3 CO.pdf,,https://mse.mn/uploads/auction_schedules/lab-mn-26-25 1-3 CO.pdf,,,reported,,26-25 1-3 CO
2026-10-05 03:42,2026-03-04,10:00,Тавантолгой ХК,Tavan Tolgoi JSC,TTOA-2026-003,Coal,Medium-volatile coking coal,"Дэгдэмхий бодис дунд, коксжих нүүрс",USD,118.0,47.0,300800.0,https://mse.mn/uploads/auction_schedules/mn-TTOA-2026-003.pdf,,https://mse.mn/uploads/auction_schedules/lab-mn-TTOA-2026-003.pdf,,,reported,,TTOA-2026-003
2026-10-05 03:42,2026-03-03,13:00,Эрдэнэс Тавантолгой ХК,Erdenes Tavan Tolgoi,26-24 1-3 CO,Coal,1/3 coking coal,1/3 коксжих нүүрс,USD,67.9,10.0,64000.0,https://mse.mn/uploads/auction_schedules/mn-26-24 1-3 CO.pdf,,https://mse.mn/uploads/auction_schedules/lab-mn-26-24 1-3 CO.pdf,,,reported,,26-24 1-3 CO
2026-10-05 03:42,2026-03-03,11:00,Эрдэнэс Тавантолгой ХК,Erdenes Tavan Tolgoi,26-23 1-3 CO,Coal,1/3 coking coal,1/3 коксжих нүүрс,USD,93.8,5.0,32000.0,https://mse.mn/uploads/auction_schedules/mn-26-23 1-3 CO.pdf,,https://mse.mn/uploads/auction_schedules/lab-mn-26-23 1-3 CO.pdf,,,reported,,26-23 1-3 CO
2026-10-05 03:42,2026-03-03,10:00,Энержи Ресурс ХХК,Energy Resources,ER-26039,Coal,Washed coking coal,Баяжуулсан коксжих нүүрс,CNY,800.0,2.0,12800.0,https://mse.mn/uploads/auction_schedules/mn-ER-26039.pdf,,https://mse.mn/uploads/auction_schedules/lab-mn-ER-26039.pdf,,,reported,,ER-26039
2026-10-05 03:42,2026-03-02,14:00,Энержи Ресурс ХХК,Energy Resources,ER-26038,Coal,Washed medium-ash semi-hard coking coal,"Баяжуулсан дунд зэрэг үнстэй, хагас хатуу коксжих нүүрс",CNY,350.0,3.0,19200.0,https://mse.mn/uploads/auction_schedules/mn-ER-26038.pdf,,https://mse.mn/uploads/auction_schedules/lab-mn-ER-26038.pdf,,,reported,,ER-26038
2026-10-05 03:42,2026-03-02,13:00,Эрдэнэс Тавантолгой ХК,Erdenes Tavan Tolgoi,26-22 1-3 CO,Coal,1/3 coking coal,1/3 коксжих нүүрс,USD,67.9,5.0,32000.0,https://mse.mn/uploads/auction_schedules/mn-26-22 1-3 CO.pdf,,https://mse.mn/uploads/auction_schedules/lab-mn-26-22 1-3 CO.pdf,,,reported,,26-22 1-3 CO
2026-10-05 03:42,2026-03-02,11:00,Эрдэнэс Тавантолгой ХК,Erdenes Tavan Tolgoi,26-21 1-3 CO,Coal,1/3 coking coal,1/3 коксжих нүүрс,USD,74.1,10.0,64000.0,https://mse.mn/uploads/auction_schedules/mn-26-21 1-3 CO.pdf,,https://mse.mn/uploads/auction_schedules/lab-mn-26-21 1-3 CO.pdf,,,reported,,26-21 1-3 CO
2026-10-05 03:42,2026-03-02,10:00,Хангад Эксплорэйшн ХХК,Khangad Exploration,KH-26006,Coal,Washed semi-soft coking coal,Баяжуулсан сул коксжих нүүрс,CNY,700.0,4.0,25600.0,https://mse.mn/uploads/auction_schedules/mn-KH-26006.pdf,,https://mse.mn/uploads/auction_schedules/lab-mn-KH-26006.pdf,,,reported,,KH-26006
2026-10-05 03:42,2026-02-27,15:00,Эрдэнэс Тавантолгой ХК,Erdenes Tavan Tolgoi,26-20 1-3 CO,Coal,1/3 coking coal,1/3 коксжих нүүрс,USD,93.8,5.0,32000.0,https://mse.mn/uploads/auction_schedules/mn-26-20 1-3 CO.pdf,,https://mse.mn/uploads/auction_schedules/lab-mn-26-20 1-3 CO.pdf,,,reported,,26-20 1-3 CO
2026-10-05 03:42,2026-02-27,14:00,Энержи Ресурс ХХК,Energy Resources,ER-26037,Coal,Washed medium-ash semi-hard coking coal,"Баяжуулсан дунд зэрэг үнстэй, хагас хатуу коксжих нүүрс",CNY,350.0,3.0,19200.0,https://mse.mn/uploads/auction_schedules/mn-ER-26037.pdf,,https://mse.mn/uploads/auction_schedules/lab-mn-ER-26037.pdf,,,reported,,ER-26037
2026-10-05 03:42,2026-02-27,13:00,Эрдэнэс Тавантолгой ХК,Erdenes Tavan Tolgoi,26-19 1-3 CO,Coal,1/3 coking coal,1/3 коксжих нүүрс,USD,58.4,10.0,64000.0,https://mse.mn/uploads/auction_schedules/mn-26-19 1-3 CO.pdf,,https://mse.mn/uploads/auction_schedules/lab-mn-26-19 1-3 CO.pdf,,,reported,,26-19 1-3 CO
2026-10-05 03:42,2026-02-27,11:00,Эрдэнэс Тавантолгой ХК,Erdenes Tavan Tolgoi,26-18 1-3 CO,Coal,1/3 coking coal,1/3 коксжих нүүрс,USD,67.9,10.0,64000.0,https://mse.mn/uploads/auction_schedules/mn-26-18 1-3 CO.pdf,,https://mse.mn/uploads/auction_schedules/lab-mn-26-18 1-3 CO.pdf,,,reported,,26-18 1-3 CO
2026-10-05 03:42,2026-02-27,11:00,Монголросцветмет ТӨҮГ,Mongolrostsvetmet (ex-Erdenes Critical Minerals),ECM-26-49,Iron ore,Iron ore Fe 52%,Fe-52% Төмрийн хүдэр,USD,65.0,2.0,6600.0,https://mse.mn/uploads/auction_schedules/mn-ECM-26-49.pdf,,https://mse.mn/uploads/auction_schedules/lab-mn-ECM-26-49.pdf,,,reported,,ECM-26-49
2026-10-05 03:42,2026-02-27,10:00,Эрдэнэс Тавантолгой ХК,Erdenes Tavan Tolgoi,26-04 CO,Coal,Medium-volatile coking coal,"Дэгдэмхий бодис дунд, коксжих нүүрс",USD,111.1,2.0,12800.0,https://mse.mn/uploads/auction_schedules/mn-26-04 CO.pdf,,https://mse.mn/uploads/auction_schedules/lab-mn-26-04 CO.pdf,,,reported,,26-04 CO
2026-10-05 03:42,2026-02-27,10:00,Монголросцветмет ТӨҮГ,Mongolrostsvetmet (ex-Erdenes Critical Minerals),ECM-26-48,Iron ore,Iron ore Fe 52%,Fe-52% Төмрийн хүдэр,USD,65.0,2.0,6600.0,https://mse.mn/uploads/auction_schedules/mn-ECM-26-48.pdf,,https://mse.mn/uploads/auction_schedules/lab-mn-ECM-26-48.pdf,,,reported,,ECM-26-48
2026-10-05 03:42,2026-02-26,15:00,Эрдэнэс Тавантолгой ХК,Erdenes Tavan Tolgoi,26-17 1-3 CO,Coal,1/3 coking coal,1/3 коксжих нүүрс,USD,58.4,5.0,32000.0,https://mse.mn/uploads/auction_schedules/mn-26-17 1-3 CO.pdf,,https://mse.mn/uploads/auction_schedules/lab-mn-26-17 1-3 CO.pdf,,,reported,,26-17 1-3 CO
2026-10-05 03:42,2026-02-26,13:00,Эрдэнэс Тавантолгой ХК,Erdenes Tavan Tolgoi,26-03 GC,Coal,Дэгдэмхий бодис дундаас их хийн нүүрс,Дэгдэмхий бодис дундаас их хийн нүүрс,USD,60.0,10.0,64000.0,https://mse.mn/uploads/auction_schedules/mn-26-03 GC.pdf,,https://mse.mn/uploads/auction_schedules/lab-mn-26-03 GC.pdf,,,reported,,26-03 GC
2026-10-05 03:42,2026-02-26,11:00,Эрдэнэс Тавантолгой ХК,Erdenes Tavan Tolgoi,26-16 1-3 CO,Coal,1/3 coking coal,1/3 коксжих нүүрс,USD,58.4,10.0,64000.0,https://mse.mn/uploads/auction_schedules/mn-26-16 1-3 CO.pdf,,https://mse.mn/uploads/auction_schedules/lab-mn-26-16 1-3 CO.pdf,,,reported,,26-16 1-3 CO
2026-10-05 03:42,2026-02-26,11:00,Монголросцветмет ТӨҮГ,Mongolrostsvetmet (ex-Erdenes Critical Minerals),ECM-26-47,Iron ore,Iron ore Fe 52%,Fe-52% Төмрийн хүдэр,USD,65.0,2.0,6600.0,https://mse.mn/uploads/auction_schedules/mn-ECM-26-47.pdf,,https://mse.mn/uploads/auction_schedules/lab-mn-ECM-26-47.pdf,,,reported,,ECM-26-47
2026-10-05 03:42,2026-02-26,10:00,Монголросцветмет ТӨҮГ,Mongolrostsvetmet (ex-Erdenes Critical Minerals),ECM-26-46,Iron ore,Iron ore Fe 52%,Fe-52% Төмрийн хүдэр,USD,65.0,2.0,6600.0,https://mse.mn/uploads/auction_schedules/mn-ECM-26-46.pdf,,https://mse.mn/uploads/auction_schedules/lab-mn-ECM-26-46.pdf,,,reported,,ECM-26-46
2026-10-05 03:42,2026-02-25,15:00,Эрдэнэт Үйлдвэр ТӨҮГ,Erdenet Mining Corporation,2026-02,Copper,Copper concentrate (22.35% Cu),22.35%-ийн зэсийн агуулгатай баяжмал,USD,3077.3,8.0,7248.0,https://mse.mn/uploads/auction_schedules/mn-2026-02.pdf,,https://mse.mn/uploads/auction_schedules/lab-mn-2026-02.pdf,,,reported,,2026-02
2026-10-05 03:42,2026-02-25,11:00,Монголросцветмет ТӨҮГ,Mongolrostsvetmet (ex-Erdenes Critical Minerals),ECM-26-45,Iron ore,Iron ore Fe 52%,Fe-52% Төмрийн хүдэр,USD,65.0,2.0,6600.0,https://mse.mn/uploads/auction_schedules/mn-ECM-26-45.pdf,,https://mse.mn/uploads/auction_schedules/lab-mn-ECM-26-45.pdf,,,reported,,ECM-26-45
2026-10-05 03:42,2026-02-25,10:00,Монголросцветмет ТӨҮГ,Mongolrostsvetmet (ex-Erdenes Critical Minerals),ECM-26-44,Iron ore,Iron ore Fe 52%,Fe-52% Төмрийн хүдэр,USD,65.0,2.0,6600.0,https://mse.mn/uploads/auction_schedules/mn-ECM-26-44.pdf,,https://mse.mn/uploads/auction_schedules/lab-mn-ECM-26-44.pdf,,,reported,,ECM-26-44
2026-10-05 03:42,2026-02-25,10:00,Энержи Ресурс ХХК,Energy Resources,ER-26036,Coal,Washed coking coal,Баяжуулсан коксжих нүүрс,CNY,800.0,2.0,12800.0,https://mse.mn/uploads/auction_schedules/mn-ER-26036.pdf,,https://mse.mn/uploads/auction_schedules/lab-mn-ER-26036.pdf,,,reported,,ER-26036
2026-10-05 03:42,2026-02-24,11:00,Монголросцветмет ТӨҮГ,Mongolrostsvetmet (ex-Erdenes Critical Minerals),ECM-26-43,Iron ore,Iron ore Fe 52%,Fe-52% Төмрийн хүдэр,USD,65.0,2.0,6600.0,https://mse.mn/uploads/auction_schedules/mn-ECM-26-43.pdf,,https://mse.mn/uploads/auction_schedules/lab-mn-ECM-26-43.pdf,,,reported,,ECM-26-43
2026-10-05 03:42,2026-02-24,10:00,Монголросцветмет ТӨҮГ,Mongolrostsvetmet (ex-Erdenes Critical Minerals),ECM-26-42,Iron ore,Iron ore Fe 52%,Fe-52% Төмрийн хүдэр,USD,65.0,2.0,6600.0,https://mse.mn/uploads/auction_schedules/mn-ECM-26-42.pdf,,https://mse.mn/uploads/auction_schedules/lab-mn-ECM-26-42.pdf,,,reported,,ECM-26-42
2026-10-05 03:42,2026-02-23,14:00,Энержи Ресурс ХХК,Energy Resources,ER-26035,Coal,Washed medium-ash semi-hard coking coal,"Баяжуулсан дунд зэрэг үнстэй, хагас хатуу коксжих нүүрс",CNY,350.0,3.0,19200.0,https://mse.mn/uploads/auction_schedules/mn-ER-26035.pdf,,https://mse.mn/uploads/auction_schedules/lab-mn-ER-26035.pdf,,,reported,,ER-26035
2026-10-05 03:42,2026-02-16,13:00,Эрдэнэс Тавантолгой ХК,Erdenes Tavan Tolgoi,26-15 1-3 CO,Coal,1/3 coking coal,1/3 коксжих нүүрс,USD,70.4,10.0,64000.0,https://mse.mn/uploads/auction_schedules/mn-26-15 1-3 CO.pdf,,https://mse.mn/uploads/auction_schedules/lab-mn-26-15 1-3 CO.pdf,,,reported,,26-15 1-3 CO
2026-10-05 03:42,2026-02-16,11:00,Эрдэнэс Тавантолгой ХК,Erdenes Tavan Tolgoi,26-14 1-3 CO,Coal,1/3 coking coal,1/3 коксжих нүүрс,USD,93.7,5.0,32000.0,https://mse.mn/uploads/auction_schedules/mn-26-14 1-3 CO.pdf,,https://mse.mn/uploads/auction_schedules/lab-mn-26-14 1-3 CO.pdf,,,reported,,26-14 1-3 CO
2026-10-05 03:42,2026-02-16,10:00,Энержи Ресурс ХХК,Energy Resources,ER-26034,Coal,Washed coking coal,Баяжуулсан коксжих нүүрс,CNY,800.0,2.0,12800.0,https://mse.mn/uploads/auction_schedules/mn-ER-26034.pdf,,https://mse.mn/uploads/auction_schedules/lab-mn-ER-26034.pdf,,,reported,,ER-26034
2026-10-05 03:42,2026-02-13,13:00,Эрдэнэс Тавантолгой ХК,Erdenes Tavan Tolgoi,26-13 1-3 CO,Coal,1/3 coking coal,1/3 коксжих нүүрс,USD,70.4,5.0,32000.0,https://mse.mn/uploads/auction_schedules/mn-26-13 1-3 CO.pdf,,https://mse.mn/uploads/auction_schedules/lab-mn-26-13 1-3 CO.pdf,,,reported,,26-13 1-3 CO
2026-10-05 03:42,2026-02-13,11:00,Эрдэнэс Тавантолгой ХК,Erdenes Tavan Tolgoi,26-12 1-3 CO,Coal,1/3 coking coal,1/3 коксжих нүүрс,USD,93.7,10.0,64000.0,https://mse.mn/uploads/auction_schedules/mn-26-12 1-3 CO.pdf,,https://mse.mn/uploads/auction_schedules/lab-mn-26-12 1-3 CO.pdf,,,reported,,26-12 1-3 CO
2026-10-05 03:42,2026-02-13,10:00,Энержи Ресурс ХХК,Energy Resources,ER-26033,Coal,Washed coking coal,Баяжуулсан коксжих нүүрс,CNY,800.0,2.0,12800.0,https://mse.mn/uploads/auction_schedules/mn-ER-26033.pdf,,https://mse.mn/uploads/auction_schedules/lab-mn-ER-26033.pdf,,,reported,,ER-26033
2026-10-05 03:42,2026-02-12,10:00,Хангад Эксплорэйшн ХХК,Khangad Exploration,KH-26005,Coal,Washed semi-soft coking coal,Баяжуулсан сул коксжих нүүрс,CNY,700.0,4.0,25600.0,https://mse.mn/uploads/auction_schedules/mn-KH-26005.pdf,,https://mse.mn/uploads/auction_schedules/lab-mn-KH-26005.pdf,,,reported,,KH-26005
2026-10-05 03:42,2026-02-11,13:00,Эрдэнэс Тавантолгой ХК,Erdenes Tavan Tolgoi,26-11 1-3 CO,Coal,1/3 coking coal,1/3 коксжих нүүрс,USD,89.6,10.0,64000.0,https://mse.mn/uploads/auction_schedules/mn-26-11 1-3 CO.pdf,,https://mse.mn/uploads/auction_schedules/lab-mn-26-11 1-3 CO.pdf,,,reported,,26-11 1-3 CO
2026-10-05 03:42,2026-02-11,11:00,Эрдэнэс Тавантолгой ХК,Erdenes Tavan Tolgoi,26-10 1-3 CO,Coal,1/3 coking coal,1/3 коксжих нүүрс,USD,89.6,10.0,64000.0,https://mse.mn/uploads/auction_schedules/mn-26-10 1-3 CO.pdf,,https://mse.mn/uploads/auction_schedules/lab-mn-26-10 1-3 CO.pdf,,,reported,,26-10 1-3 CO
2026-10-05 03:42,2026-02-11,10:00,Энержи Ресурс ХХК,Energy Resources,ER-26032,Coal,Washed coking coal,Баяжуулсан коксжих нүүрс,CNY,800.0,2.0,12800.0,https://mse.mn/uploads/auction_schedules/mn-ER-26032.pdf,,https://mse.mn/uploads/auction_schedules/lab-mn-ER-26032.pdf,,,reported,,ER-26032
2026-10-05 03:42,2026-02-10,14:00,Энержи Ресурс ХХК,Energy Resources,ER-26031,Coal,Washed medium-ash semi-hard coking coal,"Баяжуулсан дунд зэрэг үнстэй, хагас хатуу коксжих нүүрс",CNY,350.0,3.0,19200.0,https://mse.mn/uploads/auction_schedules/mn-ER-26031.pdf,,https://mse.mn/uploads/auction_schedules/lab-mn-ER-26031.pdf,,,reported,,ER-26031
2026-10-05 03:42,2026-02-10,11:00,Тавантолгой ХК,Tavan Tolgoi JSC,TTOA-2026-002,Coal,1/3 coking coal,1/3 коксжих нүүрс,USD,75.0,64.0,409600.0,https://mse.mn/uploads/auction_schedules/mn-TTOA-2026-002.pdf,,https://mse.mn/uploads/auction_schedules/lab-mn-TTOA-2026-002.pdf,,,reported,,TTOA-2026-002
2026-10-05 03:42,2026-02-09,10:00,Хангад Эксплорэйшн ХХК,Khangad Exploration,KH-26004,Coal,Washed semi-soft coking coal,Баяжуулсан сул коксжих нүүрс,CNY,700.0,4.0,25600.0,https://mse.mn/uploads/auction_schedules/mn-KH-26004.pdf,,https://mse.mn/uploads/auction_schedules/lab-mn-KH-26004.pdf,,,reported,,KH-26004
2026-10-05 03:42,2026-02-06,10:00,Хангад Эксплорэйшн ХХК,Khangad Exploration,KH-26003,Coal,Washed semi-soft coking coal,Баяжуулсан сул коксжих нүүрс,CNY,700.0,4.0,25600.0,https://mse.mn/uploads/auction_schedules/mn-KH-26003.pdf,,https://mse.mn/uploads/auction_schedules/lab-mn-KH-26003.pdf,,,reported,,KH-26003
2026-10-05 03:42,2026-02-05,13:00,Эрдэнэс Тавантолгой ХК,Erdenes Tavan Tolgoi,26-09 1-3 CO,Coal,1/3 coking coal,1/3 коксжих нүүрс,USD,90.4,10.0,64000.0,https://mse.mn/uploads/auction_schedules/mn-26-09 1-3 CO.pdf,,https://mse.mn/uploads/auction_schedules/lab-mn-26-09 1-3 CO.pdf,,,reported,,26-09 1-3 CO
2026-10-05 03:42,2026-02-05,11:00,Эрдэнэс Тавантолгой ХК,Erdenes Tavan Tolgoi,26-08 1-3 CO,Coal,1/3 coking coal,1/3 коксжих нүүрс,USD,90.4,10.0,64000.0,https://mse.mn/uploads/auction_schedules/mn-26-08 1-3 CO.pdf,,https://mse.mn/uploads/auction_schedules/lab-mn-26-08 1-3 CO.pdf,,,reported,,26-08 1-3 CO
2026-10-05 03:42,2026-02-05,11:00,Монголросцветмет ТӨҮГ,Mongolrostsvetmet (ex-Erdenes Critical Minerals),ECM-26-41,Iron ore,Iron ore Fe 52%,Fe-52% Төмрийн хүдэр,USD,65.0,2.0,6600.0,https://mse.mn/uploads/auction_schedules/mn-ECM-26-41.pdf,,https://mse.mn/uploads/auction_schedules/lab-mn-ECM-26-41.pdf,,,reported,,ECM-26-41
2026-10-05 03:42,2026-02-05,10:00,Энержи Ресурс ХХК,Energy Resources,ER-26030,Coal,Washed coking coal,Баяжуулсан коксжих нүүрс,CNY,800.0,2.0,12800.0,https://mse.mn/uploads/auction_schedules/mn-ER-26030.pdf,,https://mse.mn/uploads/auction_schedules/lab-mn-ER-26030.pdf,,,reported,,ER-26030
2026-10-05 03:42,2026-02-05,10:00,Монголросцветмет ТӨҮГ,Mongolrostsvetmet (ex-Erdenes Critical Minerals),ECM-26-40,Iron ore,Iron ore Fe 52%,Fe-52% Төмрийн хүдэр,USD,65.0,2.0,6600.0,https://mse.mn/uploads/auction_schedules/mn-ECM-26-40.pdf,,https://mse.mn/uploads/auction_schedules/lab-mn-ECM-26-40.pdf,,,reported,,ECM-26-40
2026-10-05 03:42,2026-02-04,14:00,Эрдэнэс Тавантолгой ХК,Erdenes Tavan Tolgoi,26-07 1-3 CO,Coal,1/3 coking coal,1/3 коксжих нүүрс,USD,54.7,5.0,32000.0,https://mse.mn/uploads/auction_schedules/mn-26-07 1-3 CO.pdf,,https://mse.mn/uploads/auction_schedules/lab-mn-26-07 1-3 CO.pdf,,,reported,,26-07 1-3 CO
2026-10-05 03:42,2026-02-04,14:00,Энержи Ресурс ХХК,Energy Resources,ER-26029,Coal,Washed medium-ash semi-hard coking coal,"Баяжуулсан дунд зэрэг үнстэй, хагас хатуу коксжих нүүрс",CNY,350.0,3.0,19200.0,https://mse.mn/uploads/auction_schedules/mn-ER-26029.pdf,,https://mse.mn/uploads/auction_schedules/lab-mn-ER-26029.pdf,,,reported,,ER-26029
2026-10-05 03:42,2026-02-04,11:00,Эрдэнэс Тавантолгой ХК,Erdenes Tavan Tolgoi,26-01 GC,Coal,Дэгдэмхий бодис дундаас их хийн нүүрс,Дэгдэмхий бодис дундаас их хийн нүүрс,USD,56.2,20.0,128000.0,https://mse.mn/uploads/auction_schedules/mn-26-01 GC.pdf,,https://mse.mn/uploads/auction_schedules/lab-mn-26-01 GC.pdf,,,reported,,26-01 GC
2026-10-05 03:42,2026-02-04,11:00,Монголросцветмет ТӨҮГ,Mongolrostsvetmet (ex-Erdenes Critical Minerals),ECM-26-39,Iron ore,Iron ore Fe 52%,Fe-52% Төмрийн хүдэр,USD,65.0,2.0,6600.0,https://mse.mn/uploads/auction_schedules/mn-ECM-26-39.pdf,,https://mse.mn/uploads/auction_schedules/lab-mn-ECM-26-39.pdf,,,reported,,ECM-26-39
2026-10-05 03:42,2026-02-04,10:00,Энержи Ресурс ХХК,Energy Resources,ER-26028,Coal,Washed coking coal,Баяжуулсан коксжих нүүрс,CNY,800.0,2.0,12800.0,https://mse.mn/uploads/auction_schedules/mn-ER-26028.pdf,,https://mse.mn/uploads/auction_schedules/lab-mn-ER-26028.pdf,,,reported,,ER-26028
2026-10-05 03:42,2026-02-04,10:00,Монголросцветмет ТӨҮГ,Mongolrostsvetmet (ex-Erdenes Critical Minerals),ECM-26-38,Iron ore,Iron ore Fe 52%,Fe-52% Төмрийн хүдэр,USD,65.0,2.0,6600.0,https://mse.mn/uploads/auction_schedules/mn-ECM-26-38.pdf,,https://mse.mn/uploads/auction_schedules/lab-mn-ECM-26-38.pdf,,,reported,,ECM-26-38
2026-10-05 03:42,2026-02-03,14:00,Эрдэнэс Тавантолгой ХК,Erdenes Tavan Tolgoi,26-06 1-3 CO,Coal,1/3 coking coal,1/3 коксжих нүүрс,USD,54.7,5.0,32000.0,https://mse.mn/uploads/auction_schedules/mn-26-06 1-3 CO.pdf,,https://mse.mn/uploads/auction_schedules/lab-mn-26-06 1-3 CO.pdf,,,reported,,26-06 1-3 CO
2026-10-05 03:42,2026-02-03,14:00,Энержи Ресурс ХХК,Energy Resources,ER-26027,Coal,Washed medium-ash semi-hard coking coal,"Баяжуулсан дунд зэрэг үнстэй, хагас хатуу коксжих нүүрс",CNY,350.0,3.0,19200.0,https://mse.mn/uploads/auction_schedules/mn-ER-26027.pdf,,https://mse.mn/uploads/auction_schedules/lab-mn-ER-26027.pdf,,,reported,,ER-26027
2026-10-05 03:42,2026-02-03,11:00,Эрдэнэс Тавантолгой ХК,Erdenes Tavan Tolgoi,26-01 TC,Coal,"Thermal coal (bituminous, non-caking)","Эрчим хүчний нүүрс /Битумт, үл барьцалдах нүүрс/",USD,33.9,10.0,64000.0,https://mse.mn/uploads/auction_schedules/mn-26-01 TC.pdf,,https://mse.mn/uploads/auction_schedules/lab-mn-26-01 TC.pdf,,,reported,,26-01 TC
2026-10-05 03:42,2026-02-03,11:00,Монголросцветмет ТӨҮГ,Mongolrostsvetmet (ex-Erdenes Critical Minerals),ECM-26-37,Iron ore,Iron ore Fe 52%,Fe-52% Төмрийн хүдэр,USD,65.0,2.0,6600.0,https://mse.mn/uploads/auction_schedules/mn-ECM-26-37.pdf,,https://mse.mn/uploads/auction_schedules/lab-mn-ECM-26-37.pdf,,,reported,,ECM-26-37
2026-10-05 03:42,2026-02-03,10:00,Монголросцветмет ТӨҮГ,Mongolrostsvetmet (ex-Erdenes Critical Minerals),ECM-26-36,Iron ore,Iron ore Fe 52%,Fe-52% Төмрийн хүдэр,USD,65.0,2.0,6600.0,https://mse.mn/uploads/auction_schedules/mn-ECM-26-36.pdf,,https://mse.mn/uploads/auction_schedules/lab-mn-ECM-26-36.pdf,,,reported,,ECM-26-36
2026-10-05 03:42,2026-02-02,14:00,Эрдэнэс Тавантолгой ХК,Erdenes Tavan Tolgoi,26-02 GC,Coal,Дэгдэмхий бодис дундаас их хийн нүүрс,Дэгдэмхий бодис дундаас их хийн нүүрс,USD,59.8,10.0,64000.0,https://mse.mn/uploads/auction_schedules/mn-26-02 GC.pdf,,https://mse.mn/uploads/auction_schedules/lab-mn-26-02 GC.pdf,,,reported,,26-02 GC
2026-10-05 03:42,2026-02-02,11:00,Эрдэнэс Тавантолгой ХК,Erdenes Tavan Tolgoi,26-02 TC,Coal,"Thermal coal (bituminous, non-caking)","Эрчим хүчний нүүрс /Битумт, үл барьцалдах нүүрс/",USD,33.9,10.0,64000.0,https://mse.mn/uploads/auction_schedules/mn-26-02 TC.pdf,,https://mse.mn/uploads/auction_schedules/lab-mn-26-02 TC.pdf,,,reported,,26-02 TC
2026-10-05 03:42,2026-02-02,11:00,Монголросцветмет ТӨҮГ,Mongolrostsvetmet (ex-Erdenes Critical Minerals),ECM-26-35,Iron ore,Iron ore Fe 52%,Fe-52% Төмрийн хүдэр,USD,65.0,2.0,6600.0,https://mse.mn/uploads/auction_schedules/mn-ECM-26-35.pdf,,https://mse.mn/uploads/auction_schedules/lab-mn-ECM-26-35.pdf,,,reported,,ECM-26-35
2026-10-05 03:42,2026-02-02,10:00,Энержи Ресурс ХХК,Energy Resources,ER-26026,Coal,Washed coking coal,Баяжуулсан коксжих нүүрс,CNY,800.0,2.0,12800.0,https://mse.mn/uploads/auction_schedules/mn-ER-26026.pdf,,https://mse.mn/uploads/auction_schedules/lab-mn-ER-26026.pdf,,,reported,,ER-26026
2026-10-05 03:42,2026-02-02,10:00,Монголросцветмет ТӨҮГ,Mongolrostsvetmet (ex-Erdenes Critical Minerals),ECM-26-34,Iron ore,Iron ore Fe 52%,Fe-52% Төмрийн хүдэр,USD,65.0,2.0,6600.0,https://mse.mn/uploads/auction_schedules/mn-ECM-26-34.pdf,,https://mse.mn/uploads/auction_schedules/lab-mn-ECM-26-34.pdf,,,reported,,ECM-26-34
2026-10-05 03:42,2026-01-30,14:00,Энержи Ресурс ХХК,Energy Resources,ER-26025,Coal,Washed medium-ash semi-hard coking coal,"Баяжуулсан дунд зэрэг үнстэй, хагас хатуу коксжих нүүрс",CNY,350.0,3.0,19200.0,https://mse.mn/uploads/auction_schedules/mn-ER-26025.pdf,,https://mse.mn/uploads/auction_schedules/lab-mn-ER-26025.pdf,,,reported,,ER-26025
2026-10-05 03:42,2026-01-30,11:00,Монголросцветмет ТӨҮГ,Mongolrostsvetmet (ex-Erdenes Critical Minerals),ECM-26-33,Iron ore,Iron ore Fe 52%,Fe-52% Төмрийн хүдэр,USD,65.0,2.0,6600.0,https://mse.mn/uploads/auction_schedules/mn-ECM-26-33.pdf,,https://mse.mn/uploads/auction_schedules/lab-mn-ECM-26-33.pdf,,,reported,,ECM-26-33
2026-10-05 03:42,2026-01-30,10:00,Монголросцветмет ТӨҮГ,Mongolrostsvetmet (ex-Erdenes Critical Minerals),ECM-26-32,Iron ore,Iron ore Fe 52%,Fe-52% Төмрийн хүдэр,USD,65.0,2.0,6600.0,https://mse.mn/uploads/auction_schedules/mn-ECM-26-32.pdf,,https://mse.mn/uploads/auction_schedules/lab-mn-ECM-26-32.pdf,,,reported,,ECM-26-32
2026-10-05 03:42,2026-01-30,10:00,Хангад Эксплорэйшн ХХК,Khangad Exploration,KH-26002,Coal,Washed semi-soft coking coal,Баяжуулсан сул коксжих нүүрс,CNY,700.0,4.0,25600.0,https://mse.mn/uploads/auction_schedules/mn-KH-26002.pdf,,https://mse.mn/uploads/auction_schedules/lab-mn-KH-26002.pdf,,,reported,,KH-26002
2026-10-05 03:42,2026-01-29,15:00,Эрдэнэт Үйлдвэр ТӨҮГ,Erdenet Mining Corporation,2026-01,Copper,Copper concentrate (22.35% Cu),22.35%-ийн зэсийн агуулгатай баяжмал,USD,3080.89,8.0,7248.0,https://mse.mn/uploads/auction_schedules/mn-2026-01.pdf,,https://mse.mn/uploads/auction_schedules/lab-mn-2026-01.pdf,,,reported,,2026-01
2026-10-05 03:42,2026-01-29,12:00,Эрээн толгой ХХК,Эрээн толгой ХХК,ERT01,Coal,Чийглэг хүрэн нүүрс,Чийглэг хүрэн нүүрс,CNY,150.0,1.0,6400.0,https://mse.mn/uploads/auction_schedules/mn-ERT01.pdf,,https://mse.mn/uploads/auction_schedules/lab-mn-ERT01.pdf,,,reported,,ERT01
2026-10-05 03:42,2026-01-29,11:00,Монголросцветмет ТӨҮГ,Mongolrostsvetmet (ex-Erdenes Critical Minerals),ECM-26-31,Iron ore,Iron ore Fe 52%,Fe-52% Төмрийн хүдэр,USD,65.0,2.0,6600.0,https://mse.mn/uploads/auction_schedules/mn-ECM-26-31.pdf,,https://mse.mn/uploads/auction_schedules/lab-mn-ECM-26-31.pdf,,,reported,,ECM-26-31
2026-10-05 03:42,2026-01-29,10:00,Энержи Ресурс ХХК,Energy Resources,ER-26024,Coal,Washed coking coal,Баяжуулсан коксжих нүүрс,CNY,800.0,2.0,12800.0,https://mse.mn/uploads/auction_schedules/mn-ER-26024.pdf,,https://mse.mn/uploads/auction_schedules/lab-mn-ER-26024.pdf,,,reported,,ER-26024
2026-10-05 03:42,2026-01-28,14:00,Энержи Ресурс ХХК,Energy Resources,ER-26023,Coal,Washed medium-ash semi-hard coking coal,"Баяжуулсан дунд зэрэг үнстэй, хагас хатуу коксжих нүүрс",CNY,350.0,3.0,19200.0,https://mse.mn/uploads/auction_schedules/mn-ER-26023.pdf,,https://mse.mn/uploads/auction_schedules/lab-mn-ER-26023.pdf,,,reported,,ER-26023
2026-10-05 03:42,2026-01-28,11:00,Монголросцветмет ТӨҮГ,Mongolrostsvetmet (ex-Erdenes Critical Minerals),ECM-26-30,Iron ore,Iron ore Fe 52%,Fe-52% Төмрийн хүдэр,USD,65.0,2.0,6600.0,https://mse.mn/uploads/auction_schedules/mn-ECM-26-30.pdf,,https://mse.mn/uploads/auction_schedules/lab-mn-ECM-26-30.pdf,,,reported,,ECM-26-30
2026-10-05 03:42,2026-01-28,10:00,Монголросцветмет ТӨҮГ,Mongolrostsvetmet (ex-Erdenes Critical Minerals),ECM-26-29,Iron ore,Iron ore Fe 52%,Fe-52% Төмрийн хүдэр,USD,65.0,2.0,6600.0,https://mse.mn/uploads/auction_schedules/mn-ECM-26-29.pdf,,https://mse.mn/uploads/auction_schedules/lab-mn-ECM-26-29.pdf,,,reported,,ECM-26-29
2026-10-05 03:42,2026-01-28,10:00,Энержи Ресурс ХХК,Energy Resources,ER-26022,Coal,Washed coking coal,Баяжуулсан коксжих нүүрс,CNY,800.0,2.0,12800.0,https://mse.mn/uploads/auction_schedules/mn-ER-26022.pdf,,https://mse.mn/uploads/auction_schedules/lab-mn-ER-26022.pdf,,,reported,,ER-26022
2026-10-05 03:42,2026-01-27,14:00,Энержи Ресурс ХХК,Energy Resources,ER-26021,Coal,Washed medium-ash semi-hard coking coal,"Баяжуулсан дунд зэрэг үнстэй, хагас хатуу коксжих нүүрс",CNY,350.0,3.0,19200.0,https://mse.mn/uploads/auction_schedules/mn-ER-26021.pdf,,https://mse.mn/uploads/auction_schedules/lab-mn-ER-26021.pdf,,,reported,,ER-26021
2026-10-05 03:42,2026-01-27,12:00,Андын Илч ХХК,Андын Илч ХХК,3-2026,Coal,Чийг багатай хүрэн нүүрс,Чийг багатай хүрэн нүүрс,CNY,140.0,2.0,12800.0,https://mse.mn/uploads/auction_schedules/mn-3.pdf,,https://mse.mn/uploads/auction_schedules/lab-mn-3-2026.pdf,,,reported,,3-2026
2026-10-05 03:42,2026-01-27,11:00,Андын Илч ХХК,Андын Илч ХХК,2-2026,Coal,Чийг багатай хүрэн нүүрс,Чийг багатай хүрэн нүүрс,CNY,140.0,2.0,12800.0,https://mse.mn/uploads/auction_schedules/mn-2.pdf,,https://mse.mn/uploads/auction_schedules/lab-mn-2-2026.pdf,,,reported,,2-2026
2026-10-05 03:42,2026-01-27,11:00,Монголросцветмет ТӨҮГ,Mongolrostsvetmet (ex-Erdenes Critical Minerals),ECM-26-28,Iron ore,Iron ore Fe 52%,Fe-52% Төмрийн хүдэр,USD,65.0,2.0,6600.0,https://mse.mn/uploads/auction_schedules/mn-ECM-26-28.pdf,,https://mse.mn/uploads/auction_schedules/lab-mn-ECM-26-28.pdf,,,reported,,ECM-26-28
2026-10-05 03:42,2026-01-27,10:00,Андын Илч ХХК,Андын Илч ХХК,1-2026,Coal,Чийг багатай хүрэн нүүрс,Чийг багатай хүрэн нүүрс,CNY,140.0,8.0,51200.0,https://mse.mn/uploads/auction_schedules/mn-1.pdf,,https://mse.mn/uploads/auction_schedules/lab-mn-1-2026.pdf,,,reported,,1-2026
2026-10-05 03:42,2026-01-26,11:00,Монголросцветмет ТӨҮГ,Mongolrostsvetmet (ex-Erdenes Critical Minerals),ECM-26-27,Iron ore,Iron ore Fe 52%,Fe-52% Төмрийн хүдэр,USD,65.0,2.0,6600.0,https://mse.mn/uploads/auction_schedules/mn-ECM-26-27.pdf,,https://mse.mn/uploads/auction_schedules/lab-mn-ECM-26-27.pdf,,,reported,,ECM-26-27
2026-10-05 03:42,2026-01-26,10:00,Монголросцветмет ТӨҮГ,Mongolrostsvetmet (ex-Erdenes Critical Minerals),ECM-26-26,Iron ore,Iron ore Fe 52%,Fe-52% Төмрийн хүдэр,USD,65.0,2.0,6600.0,https://mse.mn/uploads/auction_schedules/mn-ECM-26-26.pdf,,https://mse.mn/uploads/auction_schedules/lab-mn-ECM-26-26.pdf,,,reported,,ECM-26-26
2026-10-05 03:42,2026-01-26,10:00,Энержи Ресурс ХХК,Energy Resources,ER-26020,Coal,Washed coking coal,Баяжуулсан коксжих нүүрс,CNY,800.0,2.0,12800.0,https://mse.mn/uploads/auction_schedules/mn-ER-26020.pdf,,https://mse.mn/uploads/auction_schedules/lab-mn-ER-26020.pdf,,,reported,,ER-26020
2026-10-05 03:42,2026-01-23,14:00,Дарханы Төмөрлөгийн Үйлдвэр ХХК,Дарханы Төмөрлөгийн Үйлдвэр ХХК,DMP-2616,Iron ore,Fe-58% Төмрийн баяжмал,Fe-58% Төмрийн баяжмал,USD,58.0,18.0,59400.0,https://mse.mn/uploads/auction_schedules/mn-DMP-2616.pdf,,https://mse.mn/uploads/auction_schedules/lab-mn-DMP-2616.pdf,,,reported,,DMP-2616
2026-10-05 03:42,2026-01-23,14:00,Энержи Ресурс ХХК,Energy Resources,ER-26019,Coal,Washed medium-ash semi-hard coking coal,"Баяжуулсан дунд зэрэг үнстэй, хагас хатуу коксжих нүүрс",CNY,350.0,3.0,19200.0,https://mse.mn/uploads/auction_schedules/mn-ER-26019.pdf,,https://mse.mn/uploads/auction_schedules/lab-mn-ER-26019.pdf,,,reported,,ER-26019
2026-10-05 03:42,2026-01-23,13:00,Эрдэнэс Тавантолгой ХК,Erdenes Tavan Tolgoi,26-05 1-3 CO,Coal,1/3 coking coal,1/3 коксжих нүүрс,USD,68.4,10.0,64000.0,https://mse.mn/uploads/auction_schedules/mn-26-05 1-3 CO.pdf,,https://mse.mn/uploads/auction_schedules/lab-mn-26-05 1-3 CO.pdf,,,reported,,26-05 1-3 CO
2026-10-05 03:42,2026-01-23,13:00,Дарханы Төмөрлөгийн Үйлдвэр ХХК,Дарханы Төмөрлөгийн Үйлдвэр ХХК,DMP-2615,Iron ore,Fe-58% Төмрийн баяжмал,Fe-58% Төмрийн баяжмал,USD,58.0,18.0,59400.0,https://mse.mn/uploads/auction_schedules/mn-DMP-2615.pdf,,https://mse.mn/uploads/auction_schedules/lab-mn-DMP-2615.pdf,,,reported,,DMP-2615
2026-10-05 03:42,2026-01-23,12:00,Дарханы Төмөрлөгийн Үйлдвэр ХХК,Дарханы Төмөрлөгийн Үйлдвэр ХХК,DMP-2614,Iron ore,Fe-58% Төмрийн баяжмал,Fe-58% Төмрийн баяжмал,USD,58.0,18.0,59400.0,https://mse.mn/uploads/auction_schedules/mn-DMP-2614.pdf,,https://mse.mn/uploads/auction_schedules/lab-mn-DMP-2614.pdf,,,reported,,DMP-2614
2026-10-05 03:42,2026-01-23,11:00,Эрдэнэс Тавантолгой ХК,Erdenes Tavan Tolgoi,26-01 CO,Coal,Medium-volatile coking coal,"Дэгдэмхий бодис дунд, коксжих нүүрс",USD,111.3,10.0,64000.0,https://mse.mn/uploads/auction_schedules/mn-26-01 CO.pdf,,https://mse.mn/uploads/auction_schedules/lab-mn-26-01 CO.pdf,,,reported,,26-01 CO
2026-10-05 03:42,2026-01-23,11:00,Монголросцветмет ТӨҮГ,Mongolrostsvetmet (ex-Erdenes Critical Minerals),ECM-26-25,Iron ore,Iron ore Fe 52%,Fe-52% Төмрийн хүдэр,USD,70.0,2.0,6600.0,https://mse.mn/uploads/auction_schedules/mn-ECM-26-25.pdf,,https://mse.mn/uploads/auction_schedules/lab-mn-ECM-26-25.pdf,,,reported,,ECM-26-25
2026-10-05 03:42,2026-01-23,10:00,Монголросцветмет ТӨҮГ,Mongolrostsvetmet (ex-Erdenes Critical Minerals),ECM-26-24,Iron ore,Iron ore Fe 52%,Fe-52% Төмрийн хүдэр,USD,70.0,2.0,6600.0,https://mse.mn/uploads/auction_schedules/mn-ECM-26-24.pdf,,https://mse.mn/uploads/auction_schedules/lab-mn-ECM-26-24.pdf,,,reported,,ECM-26-24
2026-10-05 03:42,2026-01-22,15:00,Дарханы Төмөрлөгийн Үйлдвэр ХХК,Дарханы Төмөрлөгийн Үйлдвэр ХХК,DMP-2613,Iron ore,Fe-58% Төмрийн баяжмал,Fe-58% Төмрийн баяжмал,USD,58.0,18.0,59400.0,https://mse.mn/uploads/auction_schedules/mn-DMP-2613.pdf,,https://mse.mn/uploads/auction_schedules/lab-mn-DMP-2613.pdf,,,reported,,DMP-2613
2026-10-05 03:42,2026-01-22,14:00,Дарханы Төмөрлөгийн Үйлдвэр ХХК,Дарханы Төмөрлөгийн Үйлдвэр ХХК,DMP-2612,Iron ore,Fe-58% Төмрийн баяжмал,Fe-58% Төмрийн баяжмал,USD,58.0,18.0,59400.0,https://mse.mn/uploads/auction_schedules/mn-DMP-2612.pdf,,https://mse.mn/uploads/auction_schedules/lab-mn-DMP-2612.pdf,,,reported,,DMP-2612
2026-10-05 03:42,2026-01-22,13:00,Эрдэнэс Тавантолгой ХК,Erdenes Tavan Tolgoi,26-04 1-3 CO,Coal,1/3 coking coal,1/3 коксжих нүүрс,USD,68.4,10.0,64000.0,https://mse.mn/uploads/auction_schedules/mn-26-04 1-3 CO.pdf,,https://mse.mn/uploads/auction_schedules/lab-mn-26-04 1-3 CO.pdf,,,reported,,26-04 1-3 CO
2026-10-05 03:42,2026-01-22,13:00,Дарханы Төмөрлөгийн Үйлдвэр ХХК,Дарханы Төмөрлөгийн Үйлдвэр ХХК,DMP-2611,Iron ore,Fe-58% Төмрийн баяжмал,Fe-58% Төмрийн баяжмал,USD,58.0,18.0,59400.0,https://mse.mn/uploads/auction_schedules/mn-DMP-2611.pdf,,https://mse.mn/uploads/auction_schedules/lab-mn-DMP-2611.pdf,,,reported,,DMP-2611
2026-10-05 03:42,2026-01-22,12:00,Дарханы Төмөрлөгийн Үйлдвэр ХХК,Дарханы Төмөрлөгийн Үйлдвэр ХХК,DMP-2610,Iron ore,Fe-58% Төмрийн баяжмал,Fe-58% Төмрийн баяжмал,USD,58.0,18.0,59400.0,https://mse.mn/uploads/auction_schedules/mn-DMP-2610.pdf,,https://mse.mn/uploads/auction_schedules/lab-mn-DMP-2610.pdf,,,reported,,DMP-2610
2026-10-05 03:42,2026-01-22,11:00,Эрдэнэс Тавантолгой ХК,Erdenes Tavan Tolgoi,26-03 CO,Coal,Medium-volatile coking coal,"Дэгдэмхий бодис дунд, коксжих нүүрс",USD,111.3,20.0,128000.0,https://mse.mn/uploads/auction_schedules/mn-26-03 CO.pdf,,https://mse.mn/uploads/auction_schedules/lab-mn-26-03 CO.pdf,,,reported,,26-03 CO
2026-10-05 03:42,2026-01-22,11:00,Монголросцветмет ТӨҮГ,Mongolrostsvetmet (ex-Erdenes Critical Minerals),ECM-26-23,Iron ore,Iron ore Fe 52%,Fe-52% Төмрийн хүдэр,USD,70.0,2.0,6600.0,https://mse.mn/uploads/auction_schedules/mn-ECM-26-23.pdf,,https://mse.mn/uploads/auction_schedules/lab-mn-ECM-26-23.pdf,,,reported,,ECM-26-23
2026-10-05 03:42,2026-01-22,10:00,Энержи Ресурс ХХК,Energy Resources,ER-26018,Coal,Washed coking coal,Баяжуулсан коксжих нүүрс,CNY,800.0,2.0,12800.0,https://mse.mn/uploads/auction_schedules/mn-ER-26018.pdf,,https://mse.mn/uploads/auction_schedules/lab-mn-ER-26018.pdf,,,reported,,ER-26018
2026-10-05 03:42,2026-01-21,15:00,Дарханы Төмөрлөгийн Үйлдвэр ХХК,Дарханы Төмөрлөгийн Үйлдвэр ХХК,DMP-2609,Iron ore,Fe-58% Төмрийн баяжмал,Fe-58% Төмрийн баяжмал,USD,58.0,18.0,59400.0,https://mse.mn/uploads/auction_schedules/mn-DMP-2609.pdf,,https://mse.mn/uploads/auction_schedules/lab-mn-DMP-2609.pdf,,,reported,,DMP-2609
2026-10-05 03:42,2026-01-21,14:00,Дарханы Төмөрлөгийн Үйлдвэр ХХК,Дарханы Төмөрлөгийн Үйлдвэр ХХК,DMP-2608,Iron ore,Fe-58% Төмрийн баяжмал,Fe-58% Төмрийн баяжмал,USD,58.0,18.0,59400.0,https://mse.mn/uploads/auction_schedules/mn-DMP-2608.pdf,,https://mse.mn/uploads/auction_schedules/lab-mn-DMP-2608.pdf,,,reported,,DMP-2608
2026-10-05 03:42,2026-01-21,14:00,Энержи Ресурс ХХК,Energy Resources,ER-26017,Coal,Washed medium-ash semi-hard coking coal,"Баяжуулсан дунд зэрэг үнстэй, хагас хатуу коксжих нүүрс",CNY,350.0,3.0,19200.0,https://mse.mn/uploads/auction_schedules/mn-ER-26017.pdf,,https://mse.mn/uploads/auction_schedules/lab-mn-ER-26017.pdf,,,reported,,ER-26017
2026-10-05 03:42,2026-01-21,13:00,Дарханы Төмөрлөгийн Үйлдвэр ХХК,Дарханы Төмөрлөгийн Үйлдвэр ХХК,DMP-2607,Iron ore,Fe-58% Төмрийн баяжмал,Fe-58% Төмрийн баяжмал,USD,58.0,18.0,59400.0,https://mse.mn/uploads/auction_schedules/mn-DMP-2607.pdf,,https://mse.mn/uploads/auction_schedules/lab-mn-DMP-2607.pdf,,,reported,,DMP-2607
2026-10-05 03:42,2026-01-21,12:00,Дарханы Төмөрлөгийн Үйлдвэр ХХК,Дарханы Төмөрлөгийн Үйлдвэр ХХК,DMP-2606,Iron ore,Fe-58% Төмрийн баяжмал,Fe-58% Төмрийн баяжмал,USD,58.0,18.0,59400.0,https://mse.mn/uploads/auction_schedules/mn-DMP-2606.pdf,,https://mse.mn/uploads/auction_schedules/lab-mn-DMP-2606.pdf,,,reported,,DMP-2606
2026-10-05 03:42,2026-01-21,11:00,Эрдэнэс Тавантолгой ХК,Erdenes Tavan Tolgoi,26-02 CO,Coal,Medium-volatile coking coal,"Дэгдэмхий бодис дунд, коксжих нүүрс",USD,111.3,10.0,64000.0,https://mse.mn/uploads/auction_schedules/mn-26-02 CO.pdf,,https://mse.mn/uploads/auction_schedules/lab-mn-26-02 CO.pdf,,,reported,,26-02 CO
2026-10-05 03:42,2026-01-21,11:00,Монголросцветмет ТӨҮГ,Mongolrostsvetmet (ex-Erdenes Critical Minerals),ECM-26-22,Iron ore,Iron ore Fe 52%,Fe-52% Төмрийн хүдэр,USD,70.0,2.0,6600.0,https://mse.mn/uploads/auction_schedules/mn-ECM-26-22.pdf,,https://mse.mn/uploads/auction_schedules/lab-mn-ECM-26-22.pdf,,,reported,,ECM-26-22
2026-10-05 03:42,2026-01-21,10:00,Хангад Эксплорэйшн ХХК,Khangad Exploration,KH-26001,Coal,Washed semi-soft coking coal,Баяжуулсан сул коксжих нүүрс,CNY,700.0,4.0,25600.0,https://mse.mn/uploads/auction_schedules/mn-KH-26001.pdf,,https://mse.mn/uploads/auction_schedules/lab-mn-KH-26001.pdf,,,reported,,KH-26001
2026-10-05 03:42,2026-01-21,10:00,Монголросцветмет ТӨҮГ,Mongolrostsvetmet (ex-Erdenes Critical Minerals),ECM-26-21,Iron ore,Iron ore Fe 52%,Fe-52% Төмрийн хүдэр,USD,70.0,2.0,6600.0,https://mse.mn/uploads/auction_schedules/mn-ECM-26-21.pdf,,https://mse.mn/uploads/auction_schedules/lab-mn-ECM-26-21.pdf,,,reported,,ECM-26-21
2026-10-05 03:42,2026-01-20,14:00,Энержи Ресурс ХХК,Energy Resources,ER-26016,Coal,Washed medium-ash semi-hard coking coal,"Баяжуулсан дунд зэрэг үнстэй, хагас хатуу коксжих нүүрс",CNY,350.0,3.0,19200.0,https://mse.mn/uploads/auction_schedules/mn-ER-26016.pdf,,https://mse.mn/uploads/auction_schedules/lab-mn-ER-26016.pdf,,,reported,,ER-26016
2026-10-05 03:42,2026-01-20,11:00,Монголросцветмет ТӨҮГ,Mongolrostsvetmet (ex-Erdenes Critical Minerals),ECM-26-20,Iron ore,Iron ore Fe 52%,Fe-52% Төмрийн хүдэр,USD,70.0,2.0,6600.0,https://mse.mn/uploads/auction_schedules/mn-ECM-26-20.pdf,,https://mse.mn/uploads/auction_schedules/lab-mn-ECM-26-20.pdf,,,reported,,ECM-26-20
2026-10-05 03:42,2026-01-19,13:00,Дарханы Төмөрлөгийн Үйлдвэр ХХК,Дарханы Төмөрлөгийн Үйлдвэр ХХК,DMP-2605,Iron ore,Fe-58% Төмрийн баяжмал,Fe-58% Төмрийн баяжмал,USD,58.0,18.0,59400.0,https://mse.mn/uploads/auction_schedules/mn-DMP-2605.pdf,,https://mse.mn/uploads/auction_schedules/lab-mn-DMP-2605.pdf,,,reported,,DMP-2605
2026-10-05 03:42,2026-01-19,12:00,Дарханы Төмөрлөгийн Үйлдвэр ХХК,Дарханы Төмөрлөгийн Үйлдвэр ХХК,DMP-2604,Iron ore,Fe-58% Төмрийн баяжмал,Fe-58% Төмрийн баяжмал,USD,58.0,18.0,59400.0,https://mse.mn/uploads/auction_schedules/mn-DMP-2604.pdf,,https://mse.mn/uploads/auction_schedules/lab-mn-DMP-2604.pdf,,,reported,,DMP-2604
2026-10-05 03:42,2026-01-19,11:00,Монголросцветмет ТӨҮГ,Mongolrostsvetmet (ex-Erdenes Critical Minerals),ECM-26-19,Iron ore,Iron ore Fe 52%,Fe-52% Төмрийн хүдэр,USD,70.0,2.0,6600.0,https://mse.mn/uploads/auction_schedules/mn-ECM-26-19.pdf,,https://mse.mn/uploads/auction_schedules/lab-mn-ECM-26-19.pdf,,,reported,,ECM-26-19
2026-10-05 03:42,2026-01-19,10:00,Энержи Ресурс ХХК,Energy Resources,ER-26015,Coal,Washed coking coal,Баяжуулсан коксжих нүүрс,CNY,800.0,2.0,12800.0,https://mse.mn/uploads/auction_schedules/mn-ER-26015.pdf,,https://mse.mn/uploads/auction_schedules/lab-mn-ER-26015.pdf,,,reported,,ER-26015
2026-10-05 03:42,2026-01-19,10:00,Монголросцветмет ТӨҮГ,Mongolrostsvetmet (ex-Erdenes Critical Minerals),ECM-26-18,Iron ore,Iron ore Fe 52%,Fe-52% Төмрийн хүдэр,USD,70.0,2.0,6600.0,https://mse.mn/uploads/auction_schedules/mn-ECM-26-18.pdf,,https://mse.mn/uploads/auction_schedules/lab-mn-ECM-26-18.pdf,,,reported,,ECM-26-18
2026-10-05 03:42,2026-01-16,15:00,Эрдэнэс Тавантолгой ХК,Erdenes Tavan Tolgoi,26-03 1-3 CO,Coal,1/3 coking coal,1/3 коксжих нүүрс,USD,88.0,20.0,128000.0,https://mse.mn/uploads/auction_schedules/mn-26-03 1-3 CO.pdf,,https://mse.mn/uploads/auction_schedules/lab-mn-26-03 1-3 CO.pdf,,,reported,,26-03 1-3 CO
2026-10-05 03:42,2026-01-16,14:00,Дарханы Төмөрлөгийн Үйлдвэр ХХК,Дарханы Төмөрлөгийн Үйлдвэр ХХК,DMP-2603,Iron ore,Fe-58% Төмрийн баяжмал,Fe-58% Төмрийн баяжмал,USD,58.0,18.0,59400.0,https://mse.mn/uploads/auction_schedules/mn-DMP-2603.pdf,,https://mse.mn/uploads/auction_schedules/lab-mn-DMP-2603.pdf,,,reported,,DMP-2603
2026-10-05 03:42,2026-01-16,14:00,Энержи Ресурс ХХК,Energy Resources,ER-26014,Coal,Washed medium-ash semi-hard coking coal,"Баяжуулсан дунд зэрэг үнстэй, хагас хатуу коксжих нүүрс",CNY,350.0,3.0,19200.0,https://mse.mn/uploads/auction_schedules/mn-ER-26014.pdf,,https://mse.mn/uploads/auction_schedules/lab-mn-ER-26014.pdf,,,reported,,ER-26014
2026-10-05 03:42,2026-01-16,13:00,Дарханы Төмөрлөгийн Үйлдвэр ХХК,Дарханы Төмөрлөгийн Үйлдвэр ХХК,DMP-2602,Iron ore,Fe-58% Төмрийн баяжмал,Fe-58% Төмрийн баяжмал,USD,58.0,18.0,59400.0,https://mse.mn/uploads/auction_schedules/mn-DMP-2602.pdf,,https://mse.mn/uploads/auction_schedules/lab-mn-DMP-2602.pdf,,,reported,,DMP-2602
2026-10-05 03:42,2026-01-16,13:00,Эрдэнэс Тавантолгой ХК,Erdenes Tavan Tolgoi,26-02 1-3 CO,Coal,1/3 coking coal,1/3 коксжих нүүрс,USD,88.0,20.0,128000.0,https://mse.mn/uploads/auction_schedules/mn-26-02 1-3 CO.pdf,,https://mse.mn/uploads/auction_schedules/lab-mn-26-02 1-3 CO.pdf,,,reported,,26-02 1-3 CO
2026-10-05 03:42,2026-01-16,12:00,Дарханы Төмөрлөгийн Үйлдвэр ХХК,Дарханы Төмөрлөгийн Үйлдвэр ХХК,DMP-2601,Iron ore,Fe-58% Төмрийн баяжмал,Fe-58% Төмрийн баяжмал,USD,58.0,18.0,59400.0,https://mse.mn/uploads/auction_schedules/mn-DMP-2601.pdf,,https://mse.mn/uploads/auction_schedules/lab-mn-DMP-2601.pdf,,,reported,,DMP-2601
2026-10-05 03:42,2026-01-16,11:00,Монголросцветмет ТӨҮГ,Mongolrostsvetmet (ex-Erdenes Critical Minerals),ECM-26-17,Iron ore,Iron ore Fe 52%,Fe-52% Төмрийн хүдэр,USD,70.0,2.0,6600.0,https://mse.mn/uploads/auction_schedules/mn-ECM-26-17.pdf,,https://mse.mn/uploads/auction_schedules/lab-mn-ECM-26-17.pdf,,,reported,,ECM-26-17
2026-10-05 03:42,2026-01-16,11:00,Эрдэнэс Тавантолгой ХК,Erdenes Tavan Tolgoi,26-04 WTC,Coal,Washed non-coking-quality coal,Баяжуулсан коксжих чанаргүй нүүрс,USD,45.5,3.0,19200.0,https://mse.mn/uploads/auction_schedules/mn-26-04 WTC.pdf,,https://mse.mn/uploads/auction_schedules/lab-mn-26-04 WTC.pdf,,,reported,,26-04 WTC
2026-10-05 03:42,2026-01-16,10:00,Монголросцветмет ТӨҮГ,Mongolrostsvetmet (ex-Erdenes Critical Minerals),ECM-26-16,Iron ore,Iron ore Fe 52%,Fe-52% Төмрийн хүдэр,USD,70.0,2.0,6600.0,https://mse.mn/uploads/auction_schedules/mn-ECM-26-16.pdf,,https://mse.mn/uploads/auction_schedules/lab-mn-ECM-26-16.pdf,,,reported,,ECM-26-16
2026-10-05 03:42,2026-01-15,13:00,Эрдэнэс Тавантолгой ХК,Erdenes Tavan Tolgoi,26-01 1-3 CO,Coal,1/3 coking coal,1/3 коксжих нүүрс,USD,88.0,40.0,256000.0,https://mse.mn/uploads/auction_schedules/mn-26-01 1-3 CO.pdf,,https://mse.mn/uploads/auction_schedules/lab-mn-26-01 1-3 CO.pdf,,,reported,,26-01 1-3 CO
2026-10-05 03:42,2026-01-15,11:00,Монголросцветмет ТӨҮГ,Mongolrostsvetmet (ex-Erdenes Critical Minerals),ECM-26-15,Iron ore,Iron ore Fe 52%,Fe-52% Төмрийн хүдэр,USD,70.0,2.0,6600.0,https://mse.mn/uploads/auction_schedules/mn-ECM-26-15.pdf,,https://mse.mn/uploads/auction_schedules/lab-mn-ECM-26-15.pdf,,,reported,,ECM-26-15
2026-10-05 03:42,2026-01-15,11:00,Эрдэнэс Тавантолгой ХК,Erdenes Tavan Tolgoi,26-03 WTC,Coal,Washed non-coking-quality coal,Баяжуулсан коксжих чанаргүй нүүрс,USD,45.5,3.0,19200.0,https://mse.mn/uploads/auction_schedules/mn-26-03 WTC.pdf,,https://mse.mn/uploads/auction_schedules/lab-mn-26-03 WTC.pdf,,,reported,,26-03 WTC
2026-10-05 03:42,2026-01-15,10:00,Энержи Ресурс ХХК,Energy Resources,ER-26013,Coal,Washed coking coal,Баяжуулсан коксжих нүүрс,CNY,800.0,2.0,12800.0,https://mse.mn/uploads/auction_schedules/mn-ER-26013.pdf,,https://mse.mn/uploads/auction_schedules/lab-mn-ER-26013.pdf,,,reported,,ER-26013
2026-10-05 03:42,2026-01-14,15:00,Тавантолгой ХК,Tavan Tolgoi JSC,TTOA-2026-001,Coal,1/3 coking coal,1/3 коксжих нүүрс,USD,65.0,32.0,204800.0,https://mse.mn/uploads/auction_schedules/mn-TTOA-2026-001.pdf,,https://mse.mn/uploads/auction_schedules/lab-mn-TTOA-2026-001.pdf,,,reported,,TTOA-2026-001
2026-10-05 03:42,2026-01-14,14:00,Энержи Ресурс ХХК,Energy Resources,ER-26012,Coal,Washed medium-ash semi-hard coking coal,"Баяжуулсан дунд зэрэг үнстэй, хагас хатуу коксжих нүүрс",CNY,350.0,3.0,19200.0,https://mse.mn/uploads/auction_schedules/mn-ER-26012.pdf,,https://mse.mn/uploads/auction_schedules/lab-mn-ER-26012.pdf,,,reported,,ER-26012
2026-10-05 03:42,2026-01-14,13:00,Эрдэнэс Тавантолгой ХК,Erdenes Tavan Tolgoi,26-02 WTC,Coal,Washed non-coking-quality coal,Баяжуулсан коксжих чанаргүй нүүрс,USD,45.5,5.0,32000.0,https://mse.mn/uploads/auction_schedules/mn-26-02 WTC.pdf,,https://mse.mn/uploads/auction_schedules/lab-mn-26-02 WTC.pdf,,,reported,,26-02 WTC
2026-10-05 03:42,2026-01-14,11:00,Монголросцветмет ТӨҮГ,Mongolrostsvetmet (ex-Erdenes Critical Minerals),ECM-26-14,Iron ore,Iron ore Fe 52%,Fe-52% Төмрийн хүдэр,USD,70.0,2.0,6600.0,https://mse.mn/uploads/auction_schedules/mn-ECM-26-14.pdf,,https://mse.mn/uploads/auction_schedules/lab-mn-ECM-26-14.pdf,,,reported,,ECM-26-14
2026-10-05 03:42,2026-01-14,10:00,Монголросцветмет ТӨҮГ,Mongolrostsvetmet (ex-Erdenes Critical Minerals),ECM-26-13,Iron ore,Iron ore Fe 52%,Fe-52% Төмрийн хүдэр,USD,70.0,2.0,6600.0,https://mse.mn/uploads/auction_schedules/mn-ECM-26-13.pdf,,https://mse.mn/uploads/auction_schedules/lab-mn-ECM-26-13.pdf,,,reported,,ECM-26-13
2026-10-05 03:42,2026-01-14,10:00,Энержи Ресурс ХХК,Energy Resources,ER-26011,Coal,Washed coking coal,Баяжуулсан коксжих нүүрс,CNY,800.0,2.0,12800.0,https://mse.mn/uploads/auction_schedules/mn-ER-26011.pdf,,https://mse.mn/uploads/auction_schedules/lab-mn-ER-26011.pdf,,,reported,,ER-26011
2026-10-05 03:42,2026-01-13,14:00,Энержи Ресурс ХХК,Energy Resources,ER-26010,Coal,Washed medium-ash semi-hard coking coal,"Баяжуулсан дунд зэрэг үнстэй, хагас хатуу коксжих нүүрс",CNY,350.0,3.0,19200.0,https://mse.mn/uploads/auction_schedules/mn-ER-26010.pdf,,https://mse.mn/uploads/auction_schedules/lab-mn-ER-26010.pdf,,,reported,,ER-26010
2026-10-05 03:42,2026-01-13,13:00,Эрдэнэс Тавантолгой ХК,Erdenes Tavan Tolgoi,26-01 WTC,Coal,Washed non-coking-quality coal,Баяжуулсан коксжих чанаргүй нүүрс,USD,45.5,4.0,25600.0,https://mse.mn/uploads/auction_schedules/mn-26-01 WTC.pdf,,https://mse.mn/uploads/auction_schedules/lab-mn-26-01 WTC.pdf,,,reported,,26-01 WTC
2026-10-05 03:42,2026-01-13,11:00,Монголросцветмет ТӨҮГ,Mongolrostsvetmet (ex-Erdenes Critical Minerals),ECM-26-12,Iron ore,Iron concentrate Fe 65%,Fe-65% Төмрийн баяжмал,USD,85.0,6.0,19800.0,https://mse.mn/uploads/auction_schedules/mn-ECM-26-12.pdf,,https://mse.mn/uploads/auction_schedules/lab-mn-ECM-26-12.pdf,,,reported,,ECM-26-12
2026-10-05 03:42,2026-01-13,10:00,Монголросцветмет ТӨҮГ,Mongolrostsvetmet (ex-Erdenes Critical Minerals),ECM-26-11,Iron ore,Iron ore Fe 52%,Fe-52% Төмрийн хүдэр,USD,70.0,2.0,6600.0,https://mse.mn/uploads/auction_schedules/mn-ECM-26-11.pdf,,https://mse.mn/uploads/auction_schedules/lab-mn-ECM-26-11.pdf,,,reported,,ECM-26-11
2026-10-05 03:42,2026-01-12,11:00,Монголросцветмет ТӨҮГ,Mongolrostsvetmet (ex-Erdenes Critical Minerals),ECM-26-10,Iron ore,Iron ore Fe 52%,Fe-52% Төмрийн хүдэр,USD,70.0,2.0,6600.0,https://mse.mn/uploads/auction_schedules/mn-ECM-26-10.pdf,,https://mse.mn/uploads/auction_schedules/lab-mn-ECM-26-10.pdf,,,reported,,ECM-26-10
2026-10-05 03:42,2026-01-12,10:00,Монголросцветмет ТӨҮГ,Mongolrostsvetmet (ex-Erdenes Critical Minerals),ECM-26-09,Iron ore,Iron ore Fe 52%,Fe-52% Төмрийн хүдэр,USD,70.0,2.0,6600.0,https://mse.mn/uploads/auction_schedules/mn-ECM-26-09.pdf,,https://mse.mn/uploads/auction_schedules/lab-mn-ECM-26-09.pdf,,,reported,,ECM-26-09
2026-10-05 03:42,2026-01-12,10:00,Энержи Ресурс ХХК,Energy Resources,ER-26009,Coal,Washed coking coal,Баяжуулсан коксжих нүүрс,CNY,800.0,2.0,12800.0,https://mse.mn/uploads/auction_schedules/mn-ER-26009.pdf,,https://mse.mn/uploads/auction_schedules/lab-mn-ER-26009.pdf,,,reported,,ER-26009
2026-10-05 03:42,2026-01-09,14:00,Энержи Ресурс ХХК,Energy Resources,ER-26008,Coal,Washed medium-ash semi-hard coking coal,"Баяжуулсан дунд зэрэг үнстэй, хагас хатуу коксжих нүүрс",CNY,350.0,3.0,19200.0,https://mse.mn/uploads/auction_schedules/mn-ER-26008.pdf,,https://mse.mn/uploads/auction_schedules/lab-mn-ER-26008.pdf,,,reported,,ER-26008
2026-10-05 03:42,2026-01-09,11:00,Монголросцветмет ТӨҮГ,Mongolrostsvetmet (ex-Erdenes Critical Minerals),ECM-26-08,Iron ore,Iron ore Fe 52%,Fe-52% Төмрийн хүдэр,USD,70.0,2.0,6600.0,https://mse.mn/uploads/auction_schedules/mn-ECM-26-08.pdf,,https://mse.mn/uploads/auction_schedules/lab-mn-ECM-26-08.pdf,,,reported,,ECM-26-08
2026-10-05 03:42,2026-01-09,10:00,Монголросцветмет ТӨҮГ,Mongolrostsvetmet (ex-Erdenes Critical Minerals),ECM-26-07,Iron ore,Iron ore Fe 52%,Fe-52% Төмрийн хүдэр,USD,70.0,2.0,6600.0,https://mse.mn/uploads/auction_schedules/mn-ECM-26-07.pdf,,https://mse.mn/uploads/auction_schedules/lab-mn-ECM-26-07.pdf,,,reported,,ECM-26-07
2026-10-05 03:42,2026-01-08,11:00,Монголросцветмет ТӨҮГ,Mongolrostsvetmet (ex-Erdenes Critical Minerals),ECM-26-06,Iron ore,Iron ore Fe 52%,Fe-52% Төмрийн хүдэр,USD,70.0,2.0,6600.0,https://mse.mn/uploads/auction_schedules/mn-ECM-26-06.pdf,,https://mse.mn/uploads/auction_schedules/lab-mn-ECM-26-06.pdf,,,reported,,ECM-26-06
2026-10-05 03:42,2026-01-08,10:00,Монголросцветмет ТӨҮГ,Mongolrostsvetmet (ex-Erdenes Critical Minerals),ECM-26-05,Iron ore,Iron ore Fe 52%,Fe-52% Төмрийн хүдэр,USD,70.0,2.0,6600.0,https://mse.mn/uploads/auction_schedules/mn-ECM-26-05.pdf,,https://mse.mn/uploads/auction_schedules/lab-mn-ECM-26-05.pdf,,,reported,,ECM-26-05
2026-10-05 03:42,2026-01-08,10:00,Энержи Ресурс ХХК,Energy Resources,ER-26007,Coal,Washed coking coal,Баяжуулсан коксжих нүүрс,CNY,800.0,2.0,12800.0,https://mse.mn/uploads/auction_schedules/mn-ER-26007.pdf,,https://mse.mn/uploads/auction_schedules/lab-mn-ER-26007.pdf,,,reported,,ER-26007
2026-10-05 03:42,2026-01-07,14:00,Энержи Ресурс ХХК,Energy Resources,ER-26006,Coal,Washed medium-ash semi-hard coking coal,"Баяжуулсан дунд зэрэг үнстэй, хагас хатуу коксжих нүүрс",CNY,350.0,3.0,19200.0,https://mse.mn/uploads/auction_schedules/mn-ER-26006.pdf,,https://mse.mn/uploads/auction_schedules/lab-mn-ER-26006.pdf,,,reported,,ER-26006
2026-10-05 03:42,2026-01-07,11:00,Монголросцветмет ТӨҮГ,Mongolrostsvetmet (ex-Erdenes Critical Minerals),ECM-26-04,Iron ore,Iron concentrate Fe 65%,Fe-65% Төмрийн баяжмал,USD,85.0,6.0,19800.0,https://mse.mn/uploads/auction_schedules/mn-ECM-26-04.pdf,,https://mse.mn/uploads/auction_schedules/lab-mn-ECM-26-04.pdf,,,reported,,ECM-26-04
2026-10-05 03:42,2026-01-07,10:00,Монголросцветмет ТӨҮГ,Mongolrostsvetmet (ex-Erdenes Critical Minerals),ECM-26-03,Iron ore,Iron ore Fe 52%,Fe-52% Төмрийн хүдэр,USD,70.0,2.0,6600.0,https://mse.mn/uploads/auction_schedules/mn-ECM-26-03.pdf,,https://mse.mn/uploads/auction_schedules/lab-mn-ECM-26-03.pdf,,,reported,,ECM-26-03
2026-10-05 03:42,2026-01-07,10:00,Энержи Ресурс ХХК,Energy Resources,ER-26005,Coal,Washed coking coal,Баяжуулсан коксжих нүүрс,CNY,800.0,2.0,12800.0,https://mse.mn/uploads/auction_schedules/mn-ER-26005.pdf,,https://mse.mn/uploads/auction_schedules/lab-mn-ER-26005.pdf,,,reported,,ER-26005
2026-10-05 03:42,2026-01-06,14:00,Энержи Ресурс ХХК,Energy Resources,ER-26004,Coal,Washed medium-ash semi-hard coking coal,"Баяжуулсан дунд зэрэг үнстэй, хагас хатуу коксжих нүүрс",CNY,350.0,3.0,19200.0,https://mse.mn/uploads/auction_schedules/mn-ER-26004.pdf,,https://mse.mn/uploads/auction_schedules/lab-mn-ER-26004.pdf,,,reported,,ER-26004
2026-10-05 03:42,2026-01-06,11:00,Монголросцветмет ТӨҮГ,Mongolrostsvetmet (ex-Erdenes Critical Minerals),ECM-26-02,Iron ore,Iron ore Fe 52%,Fe-52% Төмрийн хүдэр,USD,70.0,2.0,6600.0,https://mse.mn/uploads/auction_schedules/mn-ECM-26-02.pdf,,https://mse.mn/uploads/auction_schedules/lab-mn-ECM-26-02.pdf,,,reported,,ECM-26-02
2026-10-05 03:42,2026-01-06,10:00,Монголросцветмет ТӨҮГ,Mongolrostsvetmet (ex-Erdenes Critical Minerals),ECM-26-01,Iron ore,Iron ore Fe 52%,Fe-52% Төмрийн хүдэр,USD,70.0,2.0,6600.0,https://mse.mn/uploads/auction_schedules/mn-ECM-26-01.pdf,,https://mse.mn/uploads/auction_schedules/lab-mn-ECM-26-01.pdf,,,reported,,ECM-26-01
2026-10-05 03:42,2026-01-05,10:00,Энержи Ресурс ХХК,Energy Resources,ER-26003,Coal,Washed coking coal,Баяжуулсан коксжих нүүрс,CNY,800.0,2.0,12800.0,https://mse.mn/uploads/auction_schedules/mn-ER-26003.pdf,,https://mse.mn/uploads/auction_schedules/lab-mn-ER-26003.pdf,,,reported,,ER-26003
2026-10-05 03:42,2026-01-02,14:00,Энержи Ресурс ХХК,Energy Resources,ER-26002,Coal,Washed medium-ash semi-hard coking coal,"Баяжуулсан дунд зэрэг үнстэй, хагас хатуу коксжих нүүрс",CNY,350.0,3.0,19200.0,https://mse.mn/uploads/auction_schedules/mn-ER-26002.pdf,,https://mse.mn/uploads/auction_schedules/lab-mn-ER-26002.pdf,,,reported,,ER-26002
2026-10-05 03:42,2026-01-02,10:00,Энержи Ресурс ХХК,Energy Resources,ER-26001,Coal,Washed coking coal,Баяжуулсан коксжих нүүрс,CNY,800.0,2.0,12800.0,https://mse.mn/uploads/auction_schedules/mn-ER-26001.pdf,,https://mse.mn/uploads/auction_schedules/lab-mn-ER-26001.pdf,,,reported,,ER-26001
2026-10-05 03:42,2025-12-31,11:00,Энержи Ресурс ХХК,Energy Resources,ER-25333,Coal,Washed medium-ash semi-hard coking coal,"Баяжуулсан дунд зэрэг үнстэй, хагас хатуу коксжих нүүрс",CNY,350.0,3.0,19200.0,https://mse.mn/uploads/auction_schedules/mn-ER-25333.pdf,,,,,reported,,ER-25333
2026-10-05 03:42,2025-12-31,10:00,Тавантолгой ХК,Tavan Tolgoi JSC,TTOA-2025-056,Coal,Medium-volatile coking coal,"Дэгдэмхий бодис дунд, коксжих нүүрс",USD,110.0,160.0,1024000.0,https://mse.mn/uploads/auction_schedules/mn-TTOA-2025-056.pdf,,,,,reported,,TTOA-2025-056
2026-10-05 03:42,2025-12-31,10:00,Энержи Ресурс ХХК,Energy Resources,ER-25332,Coal,Washed coking coal,Баяжуулсан коксжих нүүрс,CNY,800.0,2.0,12800.0,https://mse.mn/uploads/auction_schedules/mn-ER-25332.pdf,,,,,reported,,ER-25332
2026-10-05 03:42,2025-12-30,15:00,Эрдэнэт Үйлдвэр ТӨҮГ,Erdenet Mining Corporation,13-2025,Copper,Copper concentrate (22.35% Cu),22.35%-ийн зэсийн агуулгатай баяжмал,USD,2685.0,5.0,4530.0,https://mse.mn/uploads/auction_schedules/mn-13-2025.pdf,,,,,reported,,13-2025
2026-10-05 03:42,2025-12-30,11:00,Монголросцветмет ТӨҮГ,Mongolrostsvetmet (ex-Erdenes Critical Minerals),ECM-142,Iron ore,Iron ore Fe 52%,Fe-52% Төмрийн хүдэр,USD,70.0,2.0,6600.0,https://mse.mn/uploads/auction_schedules/mn-ECM-142.pdf,,,,,reported,,ECM-142
2026-10-05 03:42,2025-12-26,14:00,Мөнх тэнүүн оргил ХХК,Мөнх тэнүүн оргил ХХК,MTO1217,Coal,Washed non-coking-quality coal,Баяжуулсан коксжих чанаргүй нүүрс,CNY,300.0,18.0,115200.0,https://mse.mn/uploads/auction_schedules/mn-MTO1217.pdf,,,,,reported,,MTO1217
2026-10-05 03:42,2025-12-26,11:00,Монголросцветмет ТӨҮГ,Mongolrostsvetmet (ex-Erdenes Critical Minerals),ECM-141,Iron ore,Iron ore Fe 52%,Fe-52% Төмрийн хүдэр,USD,70.0,2.0,6600.0,https://mse.mn/uploads/auction_schedules/mn-ECM-141.pdf,,,,,reported,,ECM-141
2026-10-05 03:42,2025-12-26,11:00,Энержи Ресурс ХХК,Energy Resources,ER-25331,Coal,"Эрчим хүчний нүүрс /Саб-битумт, үл барьцалдах нүүрс/","Эрчим хүчний нүүрс /Саб-битумт, үл барьцалдах нүүрс/",CNY,230.0,4.0,25600.0,https://mse.mn/uploads/auction_schedules/mn-ER-25331.pdf,,,,,reported,,ER-25331
2026-10-05 03:42,2025-12-26,11:00,Эрдэнэс Тавантолгой ХК,Erdenes Tavan Tolgoi,25-24 WCO,Coal,Washed coking coal,Баяжуулсан коксжих нүүрс,USD,124.2,10.0,64000.0,https://mse.mn/uploads/auction_schedules/mn-25-24 WCO.pdf,,,,,reported,,25-24 WCO
2026-10-05 03:42,2025-12-26,10:00,Энержи Ресурс ХХК,Energy Resources,ER-25330,Coal,Washed coking coal,Баяжуулсан коксжих нүүрс,CNY,800.0,2.0,12800.0,https://mse.mn/uploads/auction_schedules/mn-ER-25330.pdf,,,,,reported,,ER-25330
2026-10-05 03:42,2025-12-26,10:00,Эрдэнэс Тавантолгой ХК,Erdenes Tavan Tolgoi,25-119 1-3 CO,Coal,1/3 coking coal,1/3 коксжих нүүрс,USD,68.4,20.0,128000.0,https://mse.mn/uploads/auction_schedules/mn-25-119 1-3 CO.pdf,,,,,reported,,25-119 1-3 CO
2026-10-05 03:42,2025-12-25,14:00,Энержи Ресурс ХХК,Energy Resources,ER-25329,Coal,Washed medium-ash semi-hard coking coal,"Баяжуулсан дунд зэрэг үнстэй, хагас хатуу коксжих нүүрс",CNY,350.0,3.0,19200.0,https://mse.mn/uploads/auction_schedules/mn-ER-25329.pdf,,,,,reported,,ER-25329
2026-10-05 03:42,2025-12-25,11:00,Монголросцветмет ТӨҮГ,Mongolrostsvetmet (ex-Erdenes Critical Minerals),ECM-140,Iron ore,Iron ore Fe 52%,Fe-52% Төмрийн хүдэр,USD,70.0,2.0,6600.0,https://mse.mn/uploads/auction_schedules/mn-ECM-140.pdf,,,,,reported,,ECM-140
2026-10-05 03:42,2025-12-25,11:00,Эрдэнэс Тавантолгой ХК,Erdenes Tavan Tolgoi,25-17 1-3 WCO,Coal,Washed semi-soft coking coal,Баяжуулсан сул коксжих нүүрс,USD,95.2,2.0,12800.0,https://mse.mn/uploads/auction_schedules/mn-25-17 1-3 WCO.pdf,,,,,reported,,25-17 1-3 WCO
2026-10-05 03:42,2025-12-25,10:00,Эрдэнэс Тавантолгой ХК,Erdenes Tavan Tolgoi,25-118 1-3 CO,Coal,1/3 coking coal,1/3 коксжих нүүрс,USD,68.4,10.0,64000.0,https://mse.mn/uploads/auction_schedules/mn-25-118 1-3 CO.pdf,,,,,reported,,25-118 1-3 CO
2026-10-05 03:42,2025-12-24,14:00,Энержи Ресурс ХХК,Energy Resources,ER-25328,Coal,Washed medium-ash semi-hard coking coal,"Баяжуулсан дунд зэрэг үнстэй, хагас хатуу коксжих нүүрс",CNY,350.0,3.0,19200.0,https://mse.mn/uploads/auction_schedules/mn-ER-25328.pdf,,,,,reported,,ER-25328
2026-10-05 03:42,2025-12-24,11:00,Монголросцветмет ТӨҮГ,Mongolrostsvetmet (ex-Erdenes Critical Minerals),ECM-139,Iron ore,Iron ore Fe 52%,Fe-52% Төмрийн хүдэр,USD,70.0,2.0,6600.0,https://mse.mn/uploads/auction_schedules/mn-ECM-139.pdf,,,,,reported,,ECM-139
2026-10-05 03:42,2025-12-24,11:00,Эрдэнэс Тавантолгой ХК,Erdenes Tavan Tolgoi,25-23 WCO,Coal,Washed coking coal,Баяжуулсан коксжих нүүрс,USD,124.2,20.0,128000.0,https://mse.mn/uploads/auction_schedules/mn-25-23 WCO.pdf,,,,,reported,,25-23 WCO
2026-10-05 03:42,2025-12-24,10:00,Энержи Ресурс ХХК,Energy Resources,ER-25327,Coal,Washed coking coal,Баяжуулсан коксжих нүүрс,CNY,800.0,2.0,12800.0,https://mse.mn/uploads/auction_schedules/mn-ER-25327.pdf,,,,,reported,,ER-25327
2026-10-05 03:42,2025-12-24,10:00,Эрдэнэс Тавантолгой ХК,Erdenes Tavan Tolgoi,25-117 1-3 CO,Coal,1/3 coking coal,1/3 коксжих нүүрс,USD,96.4,10.0,64000.0,https://mse.mn/uploads/auction_schedules/mn-25-117 1-3 CO.pdf,,,,,reported,,25-117 1-3 CO
2026-10-05 03:42,2025-12-23,15:00,Дарханы Төмөрлөгийн Үйлдвэр ХХК,Дарханы Төмөрлөгийн Үйлдвэр ХХК,DMP-2586,Iron ore,Fe-58% Төмрийн баяжмал,Fe-58% Төмрийн баяжмал,USD,62.0,18.0,59400.0,https://mse.mn/uploads/auction_schedules/mn-DMP-2586.pdf,,,,,reported,,DMP-2586
2026-10-05 03:42,2025-12-23,14:00,Энержи Ресурс ХХК,Energy Resources,ER-25326,Coal,Washed medium-ash semi-hard coking coal,"Баяжуулсан дунд зэрэг үнстэй, хагас хатуу коксжих нүүрс",CNY,350.0,3.0,19200.0,https://mse.mn/uploads/auction_schedules/mn-ER-25326.pdf,,,,,reported,,ER-25326
2026-10-05 03:42,2025-12-23,14:00,Дарханы Төмөрлөгийн Үйлдвэр ХХК,Дарханы Төмөрлөгийн Үйлдвэр ХХК,DMP-2585,Iron ore,Fe-58% Төмрийн баяжмал,Fe-58% Төмрийн баяжмал,USD,58.0,18.0,59400.0,https://mse.mn/uploads/auction_schedules/mn-DMP-2585.pdf,,,,,reported,,DMP-2585
2026-10-05 03:42,2025-12-23,13:00,Дарханы Төмөрлөгийн Үйлдвэр ХХК,Дарханы Төмөрлөгийн Үйлдвэр ХХК,DMP-2584,Iron ore,Fe-58% Төмрийн баяжмал,Fe-58% Төмрийн баяжмал,USD,62.0,18.0,59400.0,https://mse.mn/uploads/auction_schedules/mn-DMP-2584.pdf,,,,,reported,,DMP-2584
2026-10-05 03:42,2025-12-23,11:00,Эрдэнэс Тавантолгой ХК,Erdenes Tavan Tolgoi,25-22 WCO,Coal,Washed coking coal,Баяжуулсан коксжих нүүрс,USD,124.2,10.0,64000.0,https://mse.mn/uploads/auction_schedules/mn-25-22 WCO.pdf,,,,,reported,,25-22 WCO
2026-10-05 03:42,2025-12-23,10:00,Эрдэнэс Тавантолгой ХК,Erdenes Tavan Tolgoi,25-116 1-3 CO,Coal,1/3 coking coal,1/3 коксжих нүүрс,USD,96.4,20.0,128000.0,https://mse.mn/uploads/auction_schedules/mn-25-116 1-3 CO.pdf,,,,,reported,,25-116 1-3 CO
2026-10-05 03:42,2025-12-23,10:00,Дарханы Төмөрлөгийн Үйлдвэр ХХК,Дарханы Төмөрлөгийн Үйлдвэр ХХК,DMP-2583,Iron ore,Fe-58% Төмрийн баяжмал,Fe-58% Төмрийн баяжмал,USD,58.0,18.0,59400.0,https://mse.mn/uploads/auction_schedules/mn-DMP-2583.pdf,,,,,reported,,DMP-2583
2026-10-05 03:42,2025-12-22,16:00,Дарханы Төмөрлөгийн Үйлдвэр ХХК,Дарханы Төмөрлөгийн Үйлдвэр ХХК,DMP-2582,Iron ore,Fe-58% Төмрийн баяжмал,Fe-58% Төмрийн баяжмал,USD,58.0,18.0,59400.0,https://mse.mn/uploads/auction_schedules/mn-DMP-2582.pdf,,,,,reported,,DMP-2582
2026-10-05 03:42,2025-12-22,15:00,Дарханы Төмөрлөгийн Үйлдвэр ХХК,Дарханы Төмөрлөгийн Үйлдвэр ХХК,DMP-2581,Iron ore,Fe-58% Төмрийн баяжмал,Fe-58% Төмрийн баяжмал,USD,62.0,18.0,59400.0,https://mse.mn/uploads/auction_schedules/mn-DMP-2581.pdf,,,,,reported,,DMP-2581
2026-10-05 03:42,2025-12-22,14:00,Дарханы Төмөрлөгийн Үйлдвэр ХХК,Дарханы Төмөрлөгийн Үйлдвэр ХХК,DMP-2580,Iron ore,Fe-58% Төмрийн баяжмал,Fe-58% Төмрийн баяжмал,USD,58.0,18.0,59400.0,https://mse.mn/uploads/auction_schedules/mn-DMP-2580.pdf,,,,,reported,,DMP-2580
2026-10-05 03:42,2025-12-22,13:00,Дарханы Төмөрлөгийн Үйлдвэр ХХК,Дарханы Төмөрлөгийн Үйлдвэр ХХК,DMP-2579,Iron ore,Fe-58% Төмрийн баяжмал,Fe-58% Төмрийн баяжмал,USD,62.0,18.0,59400.0,https://mse.mn/uploads/auction_schedules/mn-DMP-2579.pdf,,,,,reported,,DMP-2579
2026-10-05 03:42,2025-12-22,11:00,Эрдэнэс Тавантолгой ХК,Erdenes Tavan Tolgoi,25-16 WTC,Coal,Washed non-coking-quality coal,Баяжуулсан коксжих чанаргүй нүүрс,USD,53.3,4.0,25600.0,https://mse.mn/uploads/auction_schedules/mn-25-16 WTC.pdf,,,,,reported,,25-16 WTC
2026-10-05 03:42,2025-12-22,11:00,Монголросцветмет ТӨҮГ,Mongolrostsvetmet (ex-Erdenes Critical Minerals),ECM-137,Iron ore,Iron ore Fe 52%,Fe-52% Төмрийн хүдэр,USD,65.0,2.0,6600.0,https://mse.mn/uploads/auction_schedules/mn-ECM-137.pdf,,,,,reported,,ECM-137
2026-10-05 03:42,2025-12-22,10:00,Энержи Ресурс ХХК,Energy Resources,ER-25325,Coal,Washed coking coal,Баяжуулсан коксжих нүүрс,CNY,800.0,2.0,12800.0,https://mse.mn/uploads/auction_schedules/mn-ER-25325.pdf,,,,,reported,,ER-25325
2026-10-05 03:42,2025-12-22,10:00,Эрдэнэс Тавантолгой ХК,Erdenes Tavan Tolgoi,25-115 1-3 CO,Coal,1/3 coking coal,1/3 коксжих нүүрс,USD,96.4,20.0,128000.0,https://mse.mn/uploads/auction_schedules/mn-25-115 1-3 CO.pdf,,,,,reported,,25-115 1-3 CO
2026-10-05 03:42,2025-12-22,10:00,Дарханы Төмөрлөгийн Үйлдвэр ХХК,Дарханы Төмөрлөгийн Үйлдвэр ХХК,DMP-2578,Iron ore,Fe-58% Төмрийн баяжмал,Fe-58% Төмрийн баяжмал,USD,58.0,18.0,59400.0,https://mse.mn/uploads/auction_schedules/mn-DMP-2578.pdf,,,,,reported,,DMP-2578
2026-10-05 03:42,2025-12-19,16:00,Дарханы Төмөрлөгийн Үйлдвэр ХХК,Дарханы Төмөрлөгийн Үйлдвэр ХХК,DMP-2577,Iron ore,Fe-58% Төмрийн баяжмал,Fe-58% Төмрийн баяжмал,USD,58.0,18.0,59400.0,https://mse.mn/uploads/auction_schedules/mn-DMP-2577.pdf,,,,,reported,,DMP-2577
2026-10-05 03:42,2025-12-19,15:00,Дарханы Төмөрлөгийн Үйлдвэр ХХК,Дарханы Төмөрлөгийн Үйлдвэр ХХК,DMP-2576,Iron ore,Fe-58% Төмрийн баяжмал,Fe-58% Төмрийн баяжмал,USD,62.0,18.0,59400.0,https://mse.mn/uploads/auction_schedules/mn-DMP-2576.pdf,,,,,reported,,DMP-2576
2026-10-05 03:42,2025-12-19,14:00,Эрдэнэс Тавантолгой ХК,Erdenes Tavan Tolgoi,25-15 WTC,Coal,Washed non-coking-quality coal,Баяжуулсан коксжих чанаргүй нүүрс,USD,53.3,3.0,19200.0,https://mse.mn/uploads/auction_schedules/mn-25-15 WTC.pdf,,,,,reported,,25-15 WTC
2026-10-05 03:42,2025-12-19,14:00,Дарханы Төмөрлөгийн Үйлдвэр ХХК,Дарханы Төмөрлөгийн Үйлдвэр ХХК,DMP-2575,Iron ore,Fe-58% Төмрийн баяжмал,Fe-58% Төмрийн баяжмал,USD,58.0,18.0,59400.0,https://mse.mn/uploads/auction_schedules/mn-DMP-2575.pdf,,,,,reported,,DMP-2575
2026-10-05 03:42,2025-12-19,13:00,Дарханы Төмөрлөгийн Үйлдвэр ХХК,Дарханы Төмөрлөгийн Үйлдвэр ХХК,DMP-2574,Iron ore,Fe-58% Төмрийн баяжмал,Fe-58% Төмрийн баяжмал,USD,62.0,18.0,59400.0,https://mse.mn/uploads/auction_schedules/mn-DMP-2574.pdf,,,,,reported,,DMP-2574
2026-10-05 03:42,2025-12-19,11:00,Эрдэнэс Тавантолгой ХК,Erdenes Tavan Tolgoi,25-21-1 WCO,Coal,Washed coking coal,Баяжуулсан коксжих нүүрс,USD,124.2,20.0,128000.0,https://mse.mn/uploads/auction_schedules/mn-25-21 WCO.pdf,,,,,reported,,25-21-1 WCO
2026-10-05 03:42,2025-12-19,11:00,Энержи Ресурс ХХК,Energy Resources,ER-25324,Coal,"Эрчим хүчний нүүрс /Саб-битумт, үл барьцалдах нүүрс/","Эрчим хүчний нүүрс /Саб-битумт, үл барьцалдах нүүрс/",CNY,230.0,4.0,25600.0,https://mse.mn/uploads/auction_schedules/mn-ER-25324.pdf,,,,,reported,,ER-25324
2026-10-05 03:42,2025-12-19,10:00,Эрдэнэс Тавантолгой ХК,Erdenes Tavan Tolgoi,25-114 1-3 CO,Coal,1/3 coking coal,1/3 коксжих нүүрс,USD,96.4,10.0,64000.0,https://mse.mn/uploads/auction_schedules/mn-25-114 1-3 CO.pdf,,,,,reported,,25-114 1-3 CO
2026-10-05 03:42,2025-12-19,10:00,Дарханы Төмөрлөгийн Үйлдвэр ХХК,Дарханы Төмөрлөгийн Үйлдвэр ХХК,DMP-2573,Iron ore,Fe-58% Төмрийн баяжмал,Fe-58% Төмрийн баяжмал,USD,58.0,18.0,59400.0,https://mse.mn/uploads/auction_schedules/mn-DMP-2573.pdf,,,,,reported,,DMP-2573
2026-10-05 03:42,2025-12-19,10:00,Энержи Ресурс ХХК,Energy Resources,ER-25323,Coal,Washed coking coal,Баяжуулсан коксжих нүүрс,CNY,800.0,2.0,12800.0,https://mse.mn/uploads/auction_schedules/mn-ER-25323.pdf,,,,,reported,,ER-25323
2026-10-05 03:42,2025-12-18,15:00,Дарханы Төмөрлөгийн Үйлдвэр ХХК,Дарханы Төмөрлөгийн Үйлдвэр ХХК,DMP-2572,Iron ore,Fe-58% Төмрийн баяжмал,Fe-58% Төмрийн баяжмал,USD,62.0,18.0,59400.0,https://mse.mn/uploads/auction_schedules/mn-DMP-2572.pdf,,,,,reported,,DMP-2572
2026-10-05 03:42,2025-12-18,14:00,Дарханы Төмөрлөгийн Үйлдвэр ХХК,Дарханы Төмөрлөгийн Үйлдвэр ХХК,DMP-2571,Iron ore,Fe-58% Төмрийн баяжмал,Fe-58% Төмрийн баяжмал,USD,58.0,18.0,59400.0,https://mse.mn/uploads/auction_schedules/mn-DMP-2571.pdf,,,,,reported,,DMP-2571
2026-10-05 03:42,2025-12-18,14:00,Энержи Ресурс ХХК,Energy Resources,ER-25322,Coal,Washed medium-ash semi-hard coking coal,"Баяжуулсан дунд зэрэг үнстэй, хагас хатуу коксжих нүүрс",CNY,350.0,3.0,19200.0,https://mse.mn/uploads/auction_schedules/mn-ER-25322.pdf,,,,,reported,,ER-25322
2026-10-05 03:42,2025-12-18,13:00,Дарханы Төмөрлөгийн Үйлдвэр ХХК,Дарханы Төмөрлөгийн Үйлдвэр ХХК,DMP-2570,Iron ore,Fe-58% Төмрийн баяжмал,Fe-58% Төмрийн баяжмал,USD,58.0,36.0,118800.0,https://mse.mn/uploads/auction_schedules/mn-DMP-2570.pdf,,,,,reported,,DMP-2570
2026-10-05 03:42,2025-12-18,12:00,Дарханы Төмөрлөгийн Үйлдвэр ХХК,Дарханы Төмөрлөгийн Үйлдвэр ХХК,DMP-2569,Iron ore,Fe-58% Төмрийн баяжмал,Fe-58% Төмрийн баяжмал,USD,58.0,36.0,118800.0,https://mse.mn/uploads/auction_schedules/mn-DMP-2569.pdf,,,,,reported,,DMP-2569
2026-10-05 03:42,2025-12-18,11:00,Монголросцветмет ТӨҮГ,Mongolrostsvetmet (ex-Erdenes Critical Minerals),ECM-136,Iron ore,Iron ore Fe 52%,Fe-52% Төмрийн хүдэр,USD,65.0,2.0,6600.0,https://mse.mn/uploads/auction_schedules/mn-ECM-136.pdf,,,,,reported,,ECM-136
2026-10-05 03:42,2025-12-18,10:00,Дарханы Төмөрлөгийн Үйлдвэр ХХК,Дарханы Төмөрлөгийн Үйлдвэр ХХК,DMP-2568,Iron ore,Fe-58% Төмрийн баяжмал,Fe-58% Төмрийн баяжмал,USD,62.0,18.0,59400.0,https://mse.mn/uploads/auction_schedules/mn-DMP-2568.pdf,,,,,reported,,DMP-2568
2026-10-05 03:42,2025-12-17,14:00,Энержи Ресурс ХХК,Energy Resources,ER-25321,Coal,Washed medium-ash semi-hard coking coal,"Баяжуулсан дунд зэрэг үнстэй, хагас хатуу коксжих нүүрс",CNY,350.0,3.0,19200.0,https://mse.mn/uploads/auction_schedules/mn-ER-25321.pdf,,,,,reported,,ER-25321
2026-10-05 03:42,2025-12-17,11:00,Монголросцветмет ТӨҮГ,Mongolrostsvetmet (ex-Erdenes Critical Minerals),ECM-135,Iron ore,Iron ore Fe 52%,Fe-52% Төмрийн хүдэр,USD,65.0,2.0,6600.0,https://mse.mn/uploads/auction_schedules/mn-ECM-135.pdf,,,,,reported,,ECM-135
2026-10-05 03:42,2025-12-17,10:00,Энержи Ресурс ХХК,Energy Resources,ER-25320,Coal,Washed coking coal,Баяжуулсан коксжих нүүрс,CNY,800.0,2.0,12800.0,https://mse.mn/uploads/auction_schedules/mn-ER-25320.pdf,,,,,reported,,ER-25320
2026-10-05 03:42,2025-12-16,14:00,Энержи Ресурс ХХК,Energy Resources,ER-25319,Coal,Washed medium-ash semi-hard coking coal,"Баяжуулсан дунд зэрэг үнстэй, хагас хатуу коксжих нүүрс",CNY,350.0,3.0,19200.0,https://mse.mn/uploads/auction_schedules/mn-ER-25319.pdf,,,,,reported,,ER-25319
2026-10-05 03:42,2025-12-16,11:00,Монголросцветмет ТӨҮГ,Mongolrostsvetmet (ex-Erdenes Critical Minerals),ECM-134,Iron ore,Iron ore Fe 52%,Fe-52% Төмрийн хүдэр,USD,65.0,2.0,6600.0,https://mse.mn/uploads/auction_schedules/mn-ECM-134.pdf,,,,,reported,,ECM-134
2026-10-05 03:42,2025-12-15,11:00,Монголросцветмет ТӨҮГ,Mongolrostsvetmet (ex-Erdenes Critical Minerals),ECM-133,Iron ore,Iron ore Fe 52%,Fe-52% Төмрийн хүдэр,USD,65.0,2.0,6600.0,https://mse.mn/uploads/auction_schedules/mn-ECM-133.pdf,,,,,reported,,ECM-133
2026-10-05 03:42,2025-12-15,10:00,Энержи Ресурс ХХК,Energy Resources,ER-25318,Coal,Washed coking coal,Баяжуулсан коксжих нүүрс,CNY,800.0,2.0,12800.0,https://mse.mn/uploads/auction_schedules/mn-ER-25318.pdf,,,,,reported,,ER-25318
2026-10-05 03:42,2025-12-12,14:00,Тавантолгой ХК,Tavan Tolgoi JSC,TTOA-2025-055,Coal,Medium-volatile coking coal,"Дэгдэмхий бодис дунд, коксжих нүүрс",USD,110.0,16.0,102400.0,https://mse.mn/uploads/auction_schedules/mn-TTOA-2025-055.pdf,,,,,reported,,TTOA-2025-055
2026-10-05 03:42,2025-12-12,11:00,Эрдэнэс Тавантолгой ХК,Erdenes Tavan Tolgoi,25-113 1-3 CO,Coal,1/3 coking coal,1/3 коксжих нүүрс,USD,97.4,20.0,128000.0,https://mse.mn/uploads/auction_schedules/mn-25-113 1-3 CO.pdf,,,,,reported,,25-113 1-3 CO
2026-10-05 03:42,2025-12-12,11:00,Энержи Ресурс ХХК,Energy Resources,ER-25317,Coal,"Эрчим хүчний нүүрс /Саб-битумт, үл барьцалдах нүүрс/","Эрчим хүчний нүүрс /Саб-битумт, үл барьцалдах нүүрс/",CNY,230.0,4.0,25600.0,https://mse.mn/uploads/auction_schedules/mn-ER-25317.pdf,,,,,reported,,ER-25317
2026-10-05 03:42,2025-12-12,11:00,Монголросцветмет ТӨҮГ,Mongolrostsvetmet (ex-Erdenes Critical Minerals),ECM-132,Iron ore,Iron ore Fe 52%,Fe-52% Төмрийн хүдэр,USD,65.0,2.0,6600.0,https://mse.mn/uploads/auction_schedules/mn-ECM-132.pdf,,,,,reported,,ECM-132
2026-10-05 03:42,2025-12-12,10:00,Эрдэнэс Тавантолгой ХК,Erdenes Tavan Tolgoi,25-112 1-3 CO,Coal,1/3 coking coal,1/3 коксжих нүүрс,USD,71.8,10.0,64000.0,https://mse.mn/uploads/auction_schedules/mn-25-112 1-3 CO.pdf,,,,,reported,,25-112 1-3 CO
2026-10-05 03:42,2025-12-12,10:00,Монголросцветмет ТӨҮГ,Mongolrostsvetmet (ex-Erdenes Critical Minerals),ECM-138,Iron ore,Iron ore Fe 52%,Fe-52% Төмрийн хүдэр,USD,65.0,10.0,33000.0,https://mse.mn/uploads/auction_schedules/mn-ECM-138.pdf,,,,,reported,,ECM-138
2026-10-05 03:42,2025-12-12,10:00,Энержи Ресурс ХХК,Energy Resources,ER-25316,Coal,Washed coking coal,Баяжуулсан коксжих нүүрс,CNY,850.0,2.0,12800.0,https://mse.mn/uploads/auction_schedules/mn-ER-25316.pdf,,,,,reported,,ER-25316
2026-10-05 03:42,2025-12-11,14:00,Энержи Ресурс ХХК,Energy Resources,ER-25315,Coal,Washed medium-ash semi-hard coking coal,"Баяжуулсан дунд зэрэг үнстэй, хагас хатуу коксжих нүүрс",CNY,350.0,3.0,19200.0,https://mse.mn/uploads/auction_schedules/mn-ER-25315.pdf,,,,,reported,,ER-25315
2026-10-05 03:42,2025-12-11,11:00,Эрдэнэс Тавантолгой ХК,Erdenes Tavan Tolgoi,25-111 1-3 CO,Coal,1/3 coking coal,1/3 коксжих нүүрс,USD,97.4,10.0,64000.0,https://mse.mn/uploads/auction_schedules/mn-25-111 1-3 CO.pdf,,,,,reported,,25-111 1-3 CO
2026-10-05 03:42,2025-12-11,11:00,Монголросцветмет ТӨҮГ,Mongolrostsvetmet (ex-Erdenes Critical Minerals),ECM-131,Iron ore,Iron ore Fe 52%,Fe-52% Төмрийн хүдэр,USD,65.0,2.0,6600.0,https://mse.mn/uploads/auction_schedules/mn-ECM-131.pdf,,,,,reported,,ECM-131
2026-10-05 03:42,2025-12-11,10:00,Эрдэнэс Тавантолгой ХК,Erdenes Tavan Tolgoi,25-110 1-3 CO,Coal,1/3 coking coal,1/3 коксжих нүүрс,USD,71.8,20.0,128000.0,https://mse.mn/uploads/auction_schedules/mn-25-110 1-3 CO.pdf,,,,,reported,,25-110 1-3 CO
2026-10-05 03:42,2025-12-11,10:00,Хангад Эксплорэйшн ХХК,Khangad Exploration,KH-25095,Coal,Washed semi-soft coking coal,Баяжуулсан сул коксжих нүүрс,CNY,700.0,4.0,25600.0,https://mse.mn/uploads/auction_schedules/mn-KH-25095.pdf,,,,,reported,,KH-25095
2026-10-05 03:42,2025-12-10,14:00,Эрдэнэс Тавантолгой ХК,Erdenes Tavan Tolgoi,25-14 WTC,Coal,Washed non-coking-quality coal,Баяжуулсан коксжих чанаргүй нүүрс,USD,54.2,3.0,19200.0,https://mse.mn/uploads/auction_schedules/mn-25-14 WTC.pdf,,,,,reported,,25-14 WTC
2026-10-05 03:42,2025-12-10,13:00,Өсөх Зоос ХХК,Өсөх Зоос ХХК,02-2025,Coal,"Дэгдэмхий бодис их, хийн нүүрс","Дэгдэмхий бодис их, хийн нүүрс",CNY,350.0,6.0,38400.0,https://mse.mn/uploads/auction_schedules/mn-02-2025.pdf,,,,,reported,,02-2025
2026-10-05 03:42,2025-12-10,11:00,Эрдэнэс Тавантолгой ХК,Erdenes Tavan Tolgoi,25-16 1-3 WCO,Coal,Washed semi-soft coking coal,Баяжуулсан сул коксжих нүүрс,USD,96.2,5.0,32000.0,https://mse.mn/uploads/auction_schedules/mn-25-16 1-3 WCO.pdf,,,,,reported,,25-16 1-3 WCO
2026-10-05 03:42,2025-12-10,11:00,Монголросцветмет ТӨҮГ,Mongolrostsvetmet (ex-Erdenes Critical Minerals),ECM-130,Iron ore,Iron ore Fe 52%,Fe-52% Төмрийн хүдэр,USD,65.0,2.0,6600.0,https://mse.mn/uploads/auction_schedules/mn-ECM-130.pdf,,,,,reported,,ECM-130
2026-10-05 03:42,2025-12-10,10:00,Эрдэнэс Тавантолгой ХК,Erdenes Tavan Tolgoi,25-15 1-3 WCO,Coal,Washed semi-soft coking coal,Баяжуулсан сул коксжих нүүрс,USD,96.2,5.0,32000.0,https://mse.mn/uploads/auction_schedules/mn-25-15 1-3 WCO.pdf,,,,,reported,,25-15 1-3 WCO
2026-10-05 03:42,2025-12-10,10:00,Энержи Ресурс ХХК,Energy Resources,ER-25314,Coal,Washed coking coal,Баяжуулсан коксжих нүүрс,CNY,850.0,2.0,12800.0,https://mse.mn/uploads/auction_schedules/mn-ER-25314.pdf,,,,,reported,,ER-25314
2026-10-05 03:42,2025-12-09,14:00,Энержи Ресурс ХХК,Energy Resources,ER-25313,Coal,Washed medium-ash semi-hard coking coal,"Баяжуулсан дунд зэрэг үнстэй, хагас хатуу коксжих нүүрс",CNY,350.0,3.0,19200.0,https://mse.mn/uploads/auction_schedules/mn-ER-25313.pdf,,,,,reported,,ER-25313
2026-10-05 03:42,2025-12-09,11:00,Монголросцветмет ТӨҮГ,Mongolrostsvetmet (ex-Erdenes Critical Minerals),ECM-129,Iron ore,Iron ore Fe 52%,Fe-52% Төмрийн хүдэр,USD,65.0,10.0,33000.0,https://mse.mn/uploads/auction_schedules/mn-ECM-129.pdf,,,,,reported,,ECM-129
2026-10-05 03:42,2025-12-08,14:00,Эрдэнэс Тавантолгой ХК,Erdenes Tavan Tolgoi,25-109 1-3 CO,Coal,1/3 coking coal,1/3 коксжих нүүрс,USD,94.6,5.0,32000.0,https://mse.mn/uploads/auction_schedules/mn-25-109 1-3 CO.pdf,,,,,reported,,25-109 1-3 CO
2026-10-05 03:42,2025-12-08,11:00,Эрдэнэс Тавантолгой ХК,Erdenes Tavan Tolgoi,25-86 OX,Coal,"Thermal coal (bituminous, non-caking)","Эрчим хүчний нүүрс /Битумт, үл барьцалдах нүүрс/",USD,47.2,20.0,128000.0,https://mse.mn/uploads/auction_schedules/mn-25-86 OX.pdf,,,,,reported,,25-86 OX
2026-10-05 03:42,2025-12-08,11:00,Монголросцветмет ТӨҮГ,Mongolrostsvetmet (ex-Erdenes Critical Minerals),ECM-128,Iron ore,Iron ore Fe 52%,Fe-52% Төмрийн хүдэр,USD,65.0,2.0,6600.0,https://mse.mn/uploads/auction_schedules/mn-ECM-128.pdf,,,,,reported,,ECM-128
2026-10-05 03:42,2025-12-08,10:00,Энержи Ресурс ХХК,Energy Resources,ER-25312,Coal,Washed coking coal,Баяжуулсан коксжих нүүрс,CNY,850.0,2.0,12800.0,https://mse.mn/uploads/auction_schedules/mn-ER-25312.pdf,,,,,reported,,ER-25312
2026-10-05 03:42,2025-12-08,10:00,Эрдэнэс Тавантолгой ХК,Erdenes Tavan Tolgoi,25-85 OX,Coal,"Thermal coal (bituminous, non-caking)","Эрчим хүчний нүүрс /Битумт, үл барьцалдах нүүрс/",USD,43.3,5.0,32000.0,https://mse.mn/uploads/auction_schedules/mn-25-85 OX.pdf,,,,,reported,,25-85 OX
2026-10-05 03:42,2025-12-05,14:00,Эрдэнэс Тавантолгой ХК,Erdenes Tavan Tolgoi,25-108 1-3 CO,Coal,1/3 coking coal,1/3 коксжих нүүрс,USD,94.6,5.0,32000.0,https://mse.mn/uploads/auction_schedules/mn-25-108 1-3 CO.pdf,,,,,reported,,25-108 1-3 CO
2026-10-05 03:42,2025-12-05,11:00,Эрдэнэс Тавантолгой ХК,Erdenes Tavan Tolgoi,25-84 OX,Coal,"Thermal coal (bituminous, non-caking)","Эрчим хүчний нүүрс /Битумт, үл барьцалдах нүүрс/",USD,43.3,20.0,128000.0,https://mse.mn/uploads/auction_schedules/mn-25-84 OX.pdf,,,,,reported,,25-84 OX
2026-10-05 03:42,2025-12-05,11:00,Монголросцветмет ТӨҮГ,Mongolrostsvetmet (ex-Erdenes Critical Minerals),ECM-127,Iron ore,Iron ore Fe 52%,Fe-52% Төмрийн хүдэр,USD,65.0,10.0,33000.0,https://mse.mn/uploads/auction_schedules/mn-ECM-127.pdf,,,,,reported,,ECM-127
2026-10-05 03:42,2025-12-05,11:00,Хангад Эксплорэйшн ХХК,Khangad Exploration,KH-25094,Coal,"Эрчим хүчний нүүрс /Саб-битумт, үл барьцалдах нүүрс/","Эрчим хүчний нүүрс /Саб-битумт, үл барьцалдах нүүрс/",CNY,230.0,4.0,25600.0,https://mse.mn/uploads/auction_schedules/mn-KH-25094.pdf,,,,,reported,,KH-25094
2026-10-05 03:42,2025-12-05,10:00,Эрдэнэс Тавантолгой ХК,Erdenes Tavan Tolgoi,25-83 OX,Coal,"Thermal coal (bituminous, non-caking)","Эрчим хүчний нүүрс /Битумт, үл барьцалдах нүүрс/",USD,47.2,10.0,64000.0,https://mse.mn/uploads/auction_schedules/mn-25-83 OX.pdf,,,,,reported,,25-83 OX
2026-10-05 03:42,2025-12-05,10:00,Андын Илч ХХК,Андын Илч ХХК,9,Coal,Чийг багатай хүрэн нүүрс,Чийг багатай хүрэн нүүрс,CNY,140.0,8.0,51200.0,https://mse.mn/uploads/auction_schedules/mn-9.pdf,,,,,reported,,9
2026-10-05 03:42,2025-12-04,11:00,Монголросцветмет ТӨҮГ,Mongolrostsvetmet (ex-Erdenes Critical Minerals),ECM-126,Iron ore,Iron ore Fe 52%,Fe-52% Төмрийн хүдэр,USD,65.0,2.0,6600.0,https://mse.mn/uploads/auction_schedules/mn-ECM-126.pdf,,,,,reported,,ECM-126
2026-10-05 03:42,2025-12-04,10:00,Тавантолгой ХК,Tavan Tolgoi JSC,TTOA-2025-054,Coal,Medium-volatile coking coal,"Дэгдэмхий бодис дунд, коксжих нүүрс",USD,110.0,16.0,102400.0,https://mse.mn/uploads/auction_schedules/mn-TTOA-2025-054.pdf,,,,,reported,,TTOA-2025-054
2026-10-05 03:42,2025-12-04,10:00,Энержи Ресурс ХХК,Energy Resources,ER-25311,Coal,Washed coking coal,Баяжуулсан коксжих нүүрс,CNY,850.0,2.0,12800.0,https://mse.mn/uploads/auction_schedules/mn-ER-25311.pdf,,,,,reported,,ER-25311
2026-10-05 03:42,2025-12-03,14:00,Энержи Ресурс ХХК,Energy Resources,ER-25310,Coal,Washed medium-ash semi-hard coking coal,"Баяжуулсан дунд зэрэг үнстэй, хагас хатуу коксжих нүүрс",CNY,350.0,3.0,19200.0,https://mse.mn/uploads/auction_schedules/mn-ER-25310.pdf,,,,,reported,,ER-25310
2026-10-05 03:42,2025-12-03,11:00,Монголросцветмет ТӨҮГ,Mongolrostsvetmet (ex-Erdenes Critical Minerals),ECM-125,Iron ore,Iron concentrate Fe 65%,Fe-65% Төмрийн баяжмал,USD,85.0,6.0,19800.0,https://mse.mn/uploads/auction_schedules/mn-ECM-125.pdf,,,,,reported,,ECM-125
2026-10-05 03:42,2025-12-03,11:00,Энержи Ресурс ХХК,Energy Resources,ER-25309,Coal,"Эрчим хүчний нүүрс /Саб-битумт, үл барьцалдах нүүрс/","Эрчим хүчний нүүрс /Саб-битумт, үл барьцалдах нүүрс/",CNY,230.0,4.0,25600.0,https://mse.mn/uploads/auction_schedules/mn-ER-25309.pdf,,,,,reported,,ER-25309
2026-10-05 03:42,2025-12-03,10:00,Монголросцветмет ТӨҮГ,Mongolrostsvetmet (ex-Erdenes Critical Minerals),ECM-124,Iron ore,Iron ore Fe 52%,Fe-52% Төмрийн хүдэр,USD,65.0,2.0,6600.0,https://mse.mn/uploads/auction_schedules/mn-ECM-124.pdf,,,,,reported,,ECM-124
2026-10-05 03:42,2025-12-03,10:00,Тавантолгой ХК,Tavan Tolgoi JSC,TTOA-2025-053,Coal,Medium-volatile coking coal,"Дэгдэмхий бодис дунд, коксжих нүүрс",USD,110.0,16.0,102400.0,https://mse.mn/uploads/auction_schedules/mn-TTOA-2025-053.pdf,,,,,reported,,TTOA-2025-053
2026-10-05 03:42,2025-12-02,10:00,Тавантолгой ХК,Tavan Tolgoi JSC,TTOA-2025-052,Coal,Medium-volatile coking coal,"Дэгдэмхий бодис дунд, коксжих нүүрс",USD,115.0,16.0,102400.0,https://mse.mn/uploads/auction_schedules/mn-TTOA-2025-052.pdf,,,,,reported,,TTOA-2025-052
2026-10-05 03:42,2025-12-02,10:00,Энержи Ресурс ХХК,Energy Resources,ER-25308,Coal,Washed coking coal,Баяжуулсан коксжих нүүрс,CNY,900.0,2.0,12800.0,https://mse.mn/uploads/auction_schedules/mn-ER-25308.pdf,,,,,reported,,ER-25308
2026-10-05 03:42,2025-12-01,14:00,Энержи Ресурс ХХК,Energy Resources,ER-25307,Coal,Washed medium-ash semi-hard coking coal,"Баяжуулсан дунд зэрэг үнстэй, хагас хатуу коксжих нүүрс",CNY,350.0,3.0,19200.0,https://mse.mn/uploads/auction_schedules/mn-ER-25307.pdf,,,,,reported,,ER-25307
2026-10-05 03:42,2025-12-01,10:00,Тавантолгой ХК,Tavan Tolgoi JSC,TTOA-2025-051,Coal,Medium-volatile coking coal,"Дэгдэмхий бодис дунд, коксжих нүүрс",USD,110.0,16.0,102400.0,https://mse.mn/uploads/auction_schedules/mn-TTOA-2025-051.pdf,,,,,reported,,TTOA-2025-051
2026-10-05 03:42,2025-12-01,10:00,Энержи Ресурс ХХК,Energy Resources,ER-25306,Coal,Washed coking coal,Баяжуулсан коксжих нүүрс,CNY,900.0,2.0,12800.0,https://mse.mn/uploads/auction_schedules/mn-ER-25306.pdf,,,,,reported,,ER-25306
2026-10-05 03:42,2025-11-28,16:00,Эрдэнэт Үйлдвэр ТӨҮГ,Erdenet Mining Corporation,12-2025,Copper,Copper concentrate (22.35% Cu),22.35%-ийн зэсийн агуулгатай баяжмал,USD,2461.65,5.0,4530.0,https://mse.mn/uploads/auction_schedules/mn-12-2025.pdf,,,,,reported,,12-2025
2026-10-05 03:42,2025-11-28,15:00,Монголросцветмет ТӨҮГ,Mongolrostsvetmet (ex-Erdenes Critical Minerals),ECM-123,Iron ore,Iron ore Fe 52%,Fe-52% Төмрийн хүдэр,USD,65.0,10.0,33000.0,https://mse.mn/uploads/auction_schedules/mn-ECM-123.pdf,,,,,reported,,ECM-123
2026-10-05 03:42,2025-11-28,14:00,Тавантолгой ХК,Tavan Tolgoi JSC,TTOA-2025-048,Coal,1/3 coking coal,1/3 коксжих нүүрс,USD,65.0,16.0,102400.0,https://mse.mn/uploads/auction_schedules/mn-TTOA-2025-048.pdf,,,,,reported,,TTOA-2025-048
2026-10-05 03:42,2025-11-28,11:00,Тавантолгой ХК,Tavan Tolgoi JSC,TTOA-2025-047,Coal,1/3 coking coal,1/3 коксжих нүүрс,USD,75.0,16.0,102400.0,https://mse.mn/uploads/auction_schedules/mn-TTOA-2025-047.pdf,,,,,reported,,TTOA-2025-047
2026-10-05 03:42,2025-11-28,11:00,Хангад Эксплорэйшн ХХК,Khangad Exploration,KH-25093,Coal,"Эрчим хүчний нүүрс /Саб-битумт, үл барьцалдах нүүрс/","Эрчим хүчний нүүрс /Саб-битумт, үл барьцалдах нүүрс/",CNY,230.0,4.0,25600.0,https://mse.mn/uploads/auction_schedules/mn-KH-25093.pdf,,,,,reported,,KH-25093
2026-10-05 03:42,2025-11-28,11:00,Монголросцветмет ТӨҮГ,Mongolrostsvetmet (ex-Erdenes Critical Minerals),ECM-122,Iron ore,Iron ore Fe 52%,Fe-52% Төмрийн хүдэр,USD,65.0,2.0,6600.0,https://mse.mn/uploads/auction_schedules/mn-ECM-122.pdf,,,,,reported,,ECM-122
2026-10-05 03:42,2025-11-28,10:00,Энержи Ресурс ХХК,Energy Resources,ER-25305,Coal,Washed coking coal,Баяжуулсан коксжих нүүрс,CNY,900.0,2.0,12800.0,https://mse.mn/uploads/auction_schedules/mn-ER-25305.pdf,,,,,reported,,ER-25305
2026-10-05 03:42,2025-11-27,14:00,Энержи Ресурс ХХК,Energy Resources,ER-25304,Coal,Washed medium-ash semi-hard coking coal,"Баяжуулсан дунд зэрэг үнстэй, хагас хатуу коксжих нүүрс",CNY,350.0,3.0,19200.0,https://mse.mn/uploads/auction_schedules/mn-ER-25304.pdf,,,,,reported,,ER-25304
2026-10-05 03:42,2025-11-27,11:00,Энержи Ресурс ХХК,Energy Resources,ER-25303,Coal,"Эрчим хүчний нүүрс /Саб-битумт, үл барьцалдах нүүрс/","Эрчим хүчний нүүрс /Саб-битумт, үл барьцалдах нүүрс/",CNY,230.0,4.0,25600.0,https://mse.mn/uploads/auction_schedules/mn-ER-25303.pdf,,,,,reported,,ER-25303
2026-10-05 03:42,2025-11-25,11:00,Монголросцветмет ТӨҮГ,Mongolrostsvetmet (ex-Erdenes Critical Minerals),ECM-121,Iron ore,Iron ore Fe 52%,Fe-52% Төмрийн хүдэр,USD,65.0,2.0,6600.0,https://mse.mn/uploads/auction_schedules/mn-ECM-121.pdf,,,,,reported,,ECM-121
2026-10-05 03:42,2025-11-25,11:00,Тавантолгой ХК,Tavan Tolgoi JSC,TTOA-2025-050,Coal,Medium-volatile coking coal,"Дэгдэмхий бодис дунд, коксжих нүүрс",USD,110.0,20.0,128000.0,https://mse.mn/uploads/auction_schedules/mn-TTOA-2025-050.pdf,,,,,reported,,TTOA-2025-050
2026-10-05 03:42,2025-11-25,10:00,Энержи Ресурс ХХК,Energy Resources,ER-25302,Coal,Washed coking coal,Баяжуулсан коксжих нүүрс,CNY,900.0,2.0,12800.0,https://mse.mn/uploads/auction_schedules/mn-ER-25302.pdf,,,,,reported,,ER-25302
2026-10-05 03:42,2025-11-24,14:00,Энержи Ресурс ХХК,Energy Resources,ER-25301,Coal,Washed medium-ash semi-hard coking coal,"Баяжуулсан дунд зэрэг үнстэй, хагас хатуу коксжих нүүрс",CNY,350.0,3.0,19200.0,https://mse.mn/uploads/auction_schedules/mn-ER-25301.pdf,,,,,reported,,ER-25301
2026-10-05 03:42,2025-11-24,14:00,Эрдэнэс Тавантолгой ХК,Erdenes Tavan Tolgoi,25-82 OX,Coal,"Thermal coal (bituminous, non-caking)","Эрчим хүчний нүүрс /Битумт, үл барьцалдах нүүрс/",USD,43.9,10.0,64000.0,https://mse.mn/uploads/auction_schedules/mn-25-82 OX.pdf,,,,,reported,,25-82 OX
2026-10-05 03:42,2025-11-24,11:00,Монголросцветмет ТӨҮГ,Mongolrostsvetmet (ex-Erdenes Critical Minerals),ECM-120,Iron ore,Iron ore Fe 52%,Fe-52% Төмрийн хүдэр,USD,65.0,2.0,6600.0,https://mse.mn/uploads/auction_schedules/mn-ECM-120.pdf,,,,,reported,,ECM-120
2026-10-05 03:42,2025-11-24,11:00,Тавантолгой ХК,Tavan Tolgoi JSC,TTOA-2025-049,Coal,Medium-volatile coking coal,"Дэгдэмхий бодис дунд, коксжих нүүрс",USD,110.0,20.0,128000.0,https://mse.mn/uploads/auction_schedules/mn-TTOA-2025-049.pdf,,,,,reported,,TTOA-2025-049
2026-10-05 03:42,2025-11-24,11:00,Эрдэнэс Тавантолгой ХК,Erdenes Tavan Tolgoi,25-81 OX,Coal,"Thermal coal (bituminous, non-caking)","Эрчим хүчний нүүрс /Битумт, үл барьцалдах нүүрс/",USD,43.9,40.0,256000.0,https://mse.mn/uploads/auction_schedules/mn-25-81 OX.pdf,,,,,reported,,25-81 OX
2026-10-05 03:42,2025-11-24,10:00,Энержи Ресурс ХХК,Energy Resources,ER-25300,Coal,Washed coking coal,Баяжуулсан коксжих нүүрс,CNY,900.0,2.0,12800.0,https://mse.mn/uploads/auction_schedules/mn-ER-25300.pdf,,,,,reported,,ER-25300
2026-10-05 03:42,2025-11-24,10:00,Эрдэнэс Тавантолгой ХК,Erdenes Tavan Tolgoi,25-80 OX,Coal,"Thermal coal (bituminous, non-caking)","Эрчим хүчний нүүрс /Битумт, үл барьцалдах нүүрс/",USD,43.9,20.0,128000.0,https://mse.mn/uploads/auction_schedules/mn-25-80 OX.pdf,,,,,reported,,25-80 OX
2026-10-05 03:42,2025-11-20,16:00,Эрдэнэс Тавантолгой ХК,Erdenes Tavan Tolgoi,25-107 1-3 CO,Coal,1/3 coking coal,1/3 коксжих нүүрс,USD,94.5,10.0,64000.0,https://mse.mn/uploads/auction_schedules/mn-25-107 1-3 CO.pdf,,,,,reported,,25-107 1-3 CO
2026-10-05 03:42,2025-11-20,15:00,Эрдэнэс Тавантолгой ХК,Erdenes Tavan Tolgoi,25-106 1-3 CO,Coal,1/3 coking coal,1/3 коксжих нүүрс,USD,76.2,20.0,128000.0,https://mse.mn/uploads/auction_schedules/mn-25-106 1-3 CO.pdf,,,,,reported,,25-106 1-3 CO
2026-10-05 03:42,2025-11-20,14:00,Эрдэнэс Тавантолгой ХК,Erdenes Tavan Tolgoi,25-79 OX,Coal,"Thermal coal (bituminous, non-caking)","Эрчим хүчний нүүрс /Битумт, үл барьцалдах нүүрс/",USD,43.9,20.0,128000.0,https://mse.mn/uploads/auction_schedules/mn-25-79 OX.pdf,,,,,reported,,25-79 OX
2026-10-05 03:42,2025-11-20,14:00,Энержи Ресурс ХХК,Energy Resources,ER-25299,Coal,Washed medium-ash semi-hard coking coal,"Баяжуулсан дунд зэрэг үнстэй, хагас хатуу коксжих нүүрс",CNY,330.0,3.0,19200.0,https://mse.mn/uploads/auction_schedules/mn-ER-25299.pdf,,,,,reported,,ER-25299
2026-10-05 03:42,2025-11-20,11:00,Эрдэнэс Тавантолгой ХК,Erdenes Tavan Tolgoi,25-105 1-3 CO,Coal,1/3 coking coal,1/3 коксжих нүүрс,USD,76.2,20.0,128000.0,https://mse.mn/uploads/auction_schedules/mn-25-105 1-3 CO.pdf,,,,,reported,,25-105 1-3 CO
2026-10-05 03:42,2025-11-20,11:00,Монголросцветмет ТӨҮГ,Mongolrostsvetmet (ex-Erdenes Critical Minerals),ECM-119,Iron ore,Iron ore Fe 52%,Fe-52% Төмрийн хүдэр,USD,65.0,2.0,6600.0,https://mse.mn/uploads/auction_schedules/mn-ECM-119.pdf,,,,,reported,,ECM-119
2026-10-05 03:42,2025-11-20,10:00,Эрдэнэс Тавантолгой ХК,Erdenes Tavan Tolgoi,25-104 1-3 CO,Coal,1/3 coking coal,1/3 коксжих нүүрс,USD,94.5,10.0,64000.0,https://mse.mn/uploads/auction_schedules/mn-25-104 1-3 CO.pdf,,,,,reported,,25-104 1-3 CO
2026-10-05 03:42,2025-11-20,10:00,Энержи Ресурс ХХК,Energy Resources,ER-25298,Coal,Washed coking coal,Баяжуулсан коксжих нүүрс,CNY,800.0,2.0,12800.0,https://mse.mn/uploads/auction_schedules/mn-ER-25298.pdf,,,,,reported,,ER-25298
2026-10-05 03:42,2025-11-19,11:00,Мөнх тэнүүн оргил ХХК,Мөнх тэнүүн оргил ХХК,MTO1107,Coal,"Баяжуулсан дунд зэрэг үнслэгтэй, сул коксжих нүүрс","Баяжуулсан дунд зэрэг үнслэгтэй, сул коксжих нүүрс",CNY,330.0,15.0,96000.0,https://mse.mn/uploads/auction_schedules/mn-MTO1107.pdf,,,,,reported,,MTO1107
2026-10-05 03:42,2025-11-19,11:00,Тавантолгой ХК,Tavan Tolgoi JSC,TTOA-2025-046,Coal,Medium-volatile coking coal,"Дэгдэмхий бодис дунд, коксжих нүүрс",USD,115.0,16.0,102400.0,https://mse.mn/uploads/auction_schedules/mn-TTOA-2025-046.pdf,,,,,reported,,TTOA-2025-046
2026-10-05 03:42,2025-11-19,11:00,Хангад Эксплорэйшн ХХК,Khangad Exploration,KH-25092,Coal,"Эрчим хүчний нүүрс /Саб-битумт, үл барьцалдах нүүрс/","Эрчим хүчний нүүрс /Саб-битумт, үл барьцалдах нүүрс/",CNY,230.0,4.0,25600.0,https://mse.mn/uploads/auction_schedules/mn-KH-25092.pdf,,,,,reported,,KH-25092
2026-10-05 03:42,2025-11-19,10:00,Хангад Эксплорэйшн ХХК,Khangad Exploration,KH-25091,Coal,Washed semi-soft coking coal,Баяжуулсан сул коксжих нүүрс,CNY,600.0,2.0,12800.0,https://mse.mn/uploads/auction_schedules/mn-KH-25091.pdf,,,,,reported,,KH-25091
2026-10-05 03:42,2025-11-18,14:00,Эрдэнэс Тавантолгой ХК,Erdenes Tavan Tolgoi,25-103 1-3 CO,Coal,1/3 coking coal,1/3 коксжих нүүрс,USD,77.1,20.0,128000.0,https://mse.mn/uploads/auction_schedules/mn-25-103 1-3 CO.pdf,,,,,reported,,25-103 1-3 CO
2026-10-05 03:42,2025-11-18,13:00,Тавантолгой ХК,Tavan Tolgoi JSC,TTOA-2025-045,Coal,Medium-volatile coking coal,"Дэгдэмхий бодис дунд, коксжих нүүрс",USD,110.0,16.0,102400.0,https://mse.mn/uploads/auction_schedules/mn-TTOA-2025-045.pdf,,,,,reported,,TTOA-2025-045
2026-10-05 03:42,2025-11-18,11:00,Тавантолгой ХК,Tavan Tolgoi JSC,TTOA-2025-044,Coal,Medium-volatile coking coal,"Дэгдэмхий бодис дунд, коксжих нүүрс",USD,115.0,16.0,102400.0,https://mse.mn/uploads/auction_schedules/mn-TTOA-2025-044.pdf,,,,,reported,,TTOA-2025-044
2026-10-05 03:42,2025-11-18,11:00,Эрдэнэс Тавантолгой ХК,Erdenes Tavan Tolgoi,25-102 1-3 CO,Coal,1/3 coking coal,1/3 коксжих нүүрс,USD,77.1,10.0,64000.0,https://mse.mn/uploads/auction_schedules/mn-25-102 1-3 CO.pdf,,,,,reported,,25-102 1-3 CO
2026-10-05 03:42,2025-11-18,11:00,Монголросцветмет ТӨҮГ,Mongolrostsvetmet (ex-Erdenes Critical Minerals),ECM-118,Iron ore,Iron ore Fe 52%,Fe-52% Төмрийн хүдэр,USD,65.0,2.0,6600.0,https://mse.mn/uploads/auction_schedules/mn-ECM-118.pdf,,,,,reported,,ECM-118
2026-10-05 03:42,2025-11-18,11:00,Энержи Ресурс ХХК,Energy Resources,ER-25297,Coal,"Эрчим хүчний нүүрс /Саб-битумт, үл барьцалдах нүүрс/","Эрчим хүчний нүүрс /Саб-битумт, үл барьцалдах нүүрс/",CNY,230.0,4.0,25600.0,https://mse.mn/uploads/auction_schedules/mn-ER-25297.pdf,,,,,reported,,ER-25297
2026-10-05 03:42,2025-11-18,10:00,Энержи Ресурс ХХК,Energy Resources,ER-25296,Coal,Washed coking coal,Баяжуулсан коксжих нүүрс,CNY,800.0,2.0,12800.0,https://mse.mn/uploads/auction_schedules/mn-ER-25296.pdf,,,,,reported,,ER-25296
2026-10-05 03:42,2025-11-17,16:00,Эрдэнэс Тавантолгой ХК,Erdenes Tavan Tolgoi,25-101 1-3 CO,Coal,1/3 coking coal,1/3 коксжих нүүрс,USD,77.1,20.0,128000.0,https://mse.mn/uploads/auction_schedules/mn-25-101 1-3 CO.pdf,,,,,reported,,25-101 1-3 CO
2026-10-05 03:42,2025-11-17,15:00,Эрдэнэс Тавантолгой ХК,Erdenes Tavan Tolgoi,25-100 1-3 CO,Coal,1/3 coking coal,1/3 коксжих нүүрс,USD,77.1,10.0,64000.0,https://mse.mn/uploads/auction_schedules/mn-25-100 1-3 CO.pdf,,,,,reported,,25-100 1-3 CO
2026-10-05 03:42,2025-11-17,14:00,Эрдэнэс Тавантолгой ХК,Erdenes Tavan Tolgoi,25-14 1-3 WCO,Coal,Washed semi-soft coking coal,Баяжуулсан сул коксжих нүүрс,USD,98.9,5.0,32000.0,https://mse.mn/uploads/auction_schedules/mn-25-14 1-3 WCO.pdf,,,,,reported,,25-14 1-3 WCO
2026-10-05 03:42,2025-11-17,14:00,Энержи Ресурс ХХК,Energy Resources,ER-25295,Coal,Washed medium-ash semi-hard coking coal,"Баяжуулсан дунд зэрэг үнстэй, хагас хатуу коксжих нүүрс",CNY,330.0,3.0,19200.0,https://mse.mn/uploads/auction_schedules/mn-ER-25295.pdf,,,,,reported,,ER-25295
2026-10-05 03:42,2025-11-17,11:00,Эрдэнэс Тавантолгой ХК,Erdenes Tavan Tolgoi,25-97 1-3 CO,Coal,1/3 coking coal,1/3 коксжих нүүрс,USD,94.6,20.0,128000.0,https://mse.mn/uploads/auction_schedules/mn-25-97 1-3 CO.pdf,,,,,reported,,25-97 1-3 CO
2026-10-05 03:42,2025-11-17,10:00,Энержи Ресурс ХХК,Energy Resources,ER-25294,Coal,Washed coking coal,Баяжуулсан коксжих нүүрс,CNY,800.0,2.0,12800.0,https://mse.mn/uploads/auction_schedules/mn-ER-25294.pdf,,,,,reported,,ER-25294
2026-10-05 03:42,2025-11-14,16:00,Эрдэнэс Тавантолгой ХК,Erdenes Tavan Tolgoi,25-99 1-3 CO,Coal,1/3 coking coal,1/3 коксжих нүүрс,USD,94.4,5.0,32000.0,https://mse.mn/uploads/auction_schedules/mn-25-99 1-3 CO.pdf,,,,,reported,,25-99 1-3 CO
2026-10-05 03:42,2025-11-14,15:00,Эрдэнэс Тавантолгой ХК,Erdenes Tavan Tolgoi,25-98 1-3 CO,Coal,1/3 coking coal,1/3 коксжих нүүрс,USD,94.4,5.0,32000.0,https://mse.mn/uploads/auction_schedules/mn-25-98 1-3 CO.pdf,,,,,reported,,25-98 1-3 CO
2026-10-05 03:42,2025-11-14,14:00,Эрдэнэс Тавантолгой ХК,Erdenes Tavan Tolgoi,25-13 WTC,Coal,Washed non-coking-quality coal,Баяжуулсан коксжих чанаргүй нүүрс,USD,51.5,5.0,32000.0,https://mse.mn/uploads/auction_schedules/mn-25-13 WTC.pdf,,,,,reported,,25-13 WTC
2026-10-05 03:42,2025-11-14,14:00,Энержи Ресурс ХХК,Energy Resources,ER-25293,Coal,Washed medium-ash semi-hard coking coal,"Баяжуулсан дунд зэрэг үнстэй, хагас хатуу коксжих нүүрс",CNY,330.0,3.0,19200.0,https://mse.mn/uploads/auction_schedules/mn-ER-25293.pdf,,,,,reported,,ER-25293
2026-10-05 03:42,2025-11-14,11:00,Эрдэнэс Тавантолгой ХК,Erdenes Tavan Tolgoi,25-96 13- CO,Coal,1/3 coking coal,1/3 коксжих нүүрс,USD,94.6,10.0,64000.0,https://mse.mn/uploads/auction_schedules/mn-25-96 13- CO.pdf,,,,,reported,,25-96 13- CO
2026-10-05 03:42,2025-11-14,11:00,Монголросцветмет ТӨҮГ,Mongolrostsvetmet (ex-Erdenes Critical Minerals),ECM-117,Iron ore,Iron ore Fe 52%,Fe-52% Төмрийн хүдэр,USD,65.0,2.0,6600.0,https://mse.mn/uploads/auction_schedules/mn-ECM-117.pdf,,,,,reported,,ECM-117
2026-10-05 03:42,2025-11-14,10:00,Эрдэнэс Тавантолгой ХК,Erdenes Tavan Tolgoi,25-95 1-3 CO,Coal,1/3 coking coal,1/3 коксжих нүүрс,USD,72.1,10.0,64000.0,https://mse.mn/uploads/auction_schedules/mn-25-95 1-3 CO.pdf,,,,,reported,,25-95 1-3 CO
2026-10-05 03:42,2025-11-14,10:00,Энержи Ресурс ХХК,Energy Resources,ER-25292,Coal,Washed coking coal,Баяжуулсан коксжих нүүрс,CNY,800.0,2.0,12800.0,https://mse.mn/uploads/auction_schedules/mn-ER-25292.pdf,,,,,reported,,ER-25292
2026-10-05 03:42,2025-11-13,14:00,Мөнх тэнүүн оргил ХХК,Мөнх тэнүүн оргил ХХК,MTO1104,Coal,Washed semi-soft coking coal,Баяжуулсан сул коксжих нүүрс,USD,108.0,16.0,102400.0,https://mse.mn/uploads/auction_schedules/mn-MTO1104.pdf,,,,,reported,,MTO1104
2026-10-05 03:42,2025-11-13,11:00,Эрдэнэс Тавантолгой ХК,Erdenes Tavan Tolgoi,25-13 1-3 WCO,Coal,Washed semi-soft coking coal,Баяжуулсан сул коксжих нүүрс,USD,98.9,5.0,32000.0,https://mse.mn/uploads/auction_schedules/mn-25-13 1-3 WCO.pdf,,,,,reported,,25-13 1-3 WCO
2026-10-05 03:42,2025-11-13,10:00,Эрдэнэс Тавантолгой ХК,Erdenes Tavan Tolgoi,25-94 1-3 CO,Coal,1/3 coking coal,1/3 коксжих нүүрс,USD,72.1,20.0,128000.0,https://mse.mn/uploads/auction_schedules/mn-25-94 1-3 CO.pdf,,,,,reported,,25-94 1-3 CO
2026-10-05 03:42,2025-11-13,10:00,Энержи Ресурс ХХК,Energy Resources,ER-25291,Coal,Washed coking coal,Баяжуулсан коксжих нүүрс,CNY,800.0,2.0,12800.0,https://mse.mn/uploads/auction_schedules/mn-ER-25291.pdf,,,,,reported,,ER-25291
2026-10-05 03:42,2025-11-12,11:00,Хангад Эксплорэйшн ХХК,Khangad Exploration,KH-25090,Coal,"Эрчим хүчний нүүрс /Саб-битумт, үл барьцалдах нүүрс/","Эрчим хүчний нүүрс /Саб-битумт, үл барьцалдах нүүрс/",CNY,230.0,4.0,25600.0,https://mse.mn/uploads/auction_schedules/mn-KH-25090.pdf,,,,,reported,,KH-25090
2026-10-05 03:42,2025-11-12,11:00,Эрдэнэс Тавантолгой ХК,Erdenes Tavan Tolgoi,25-12 WTC,Coal,Washed non-coking-quality coal,Баяжуулсан коксжих чанаргүй нүүрс,USD,51.5,2.0,12800.0,https://mse.mn/uploads/auction_schedules/mn-25-12 WTC.pdf,,,,,reported,,25-12 WTC
2026-10-05 03:42,2025-11-12,11:00,Монголросцветмет ТӨҮГ,Mongolrostsvetmet (ex-Erdenes Critical Minerals),ECM-116,Iron ore,Iron ore Fe 52%,Fe-52% Төмрийн хүдэр,USD,65.0,4.0,13200.0,https://mse.mn/uploads/auction_schedules/mn-ECM-116.pdf,,,,,reported,,ECM-116
2026-10-05 03:42,2025-11-12,10:00,Хангад Эксплорэйшн ХХК,Khangad Exploration,KH-25089,Coal,Washed semi-soft coking coal,Баяжуулсан сул коксжих нүүрс,CNY,600.0,4.0,25600.0,https://mse.mn/uploads/auction_schedules/mn-KH-25089.pdf,,,,,reported,,KH-25089
2026-10-05 03:42,2025-11-12,10:00,Эрдэнэс Тавантолгой ХК,Erdenes Tavan Tolgoi,25-93 1-3 CO,Coal,1/3 coking coal,1/3 коксжих нүүрс,USD,72.1,40.0,256000.0,https://mse.mn/uploads/auction_schedules/mn-25-93 1-3 CO.pdf,,,,,reported,,25-93 1-3 CO
2026-10-05 03:42,2025-11-11,15:00,Эрдэнэс Тавантолгой ХК,Erdenes Tavan Tolgoi,25-12 1-3 WCO,Coal,Washed semi-soft coking coal,Баяжуулсан сул коксжих нүүрс,USD,98.9,5.0,32000.0,https://mse.mn/uploads/auction_schedules/mn-25-12 1-3 WCO.pdf,,,,,reported,,25-12 1-3 WCO
2026-10-05 03:42,2025-11-11,14:00,Эрдэнэс Тавантолгой ХК,Erdenes Tavan Tolgoi,25-92 1-3 CO,Coal,1/3 coking coal,1/3 коксжих нүүрс,USD,64.4,10.0,64000.0,https://mse.mn/uploads/auction_schedules/mn-25-92 1-3 CO.pdf,,,,,reported,,25-92 1-3 CO
2026-10-05 03:42,2025-11-11,14:00,Энержи Ресурс ХХК,Energy Resources,ER-25290,Coal,Washed medium-ash semi-hard coking coal,"Баяжуулсан дунд зэрэг үнстэй, хагас хатуу коксжих нүүрс",CNY,330.0,3.0,19200.0,https://mse.mn/uploads/auction_schedules/mn-ER-25290.pdf,,,,,reported,,ER-25290
2026-10-05 03:42,2025-11-11,11:00,Эрдэнэс Тавантолгой ХК,Erdenes Tavan Tolgoi,25-91 1-3 CO,Coal,1/3 coking coal,1/3 коксжих нүүрс,USD,72.1,20.0,128000.0,https://mse.mn/uploads/auction_schedules/mn-25-91 1-3 CO.pdf,,,,,reported,,25-91 1-3 CO
2026-10-05 03:42,2025-11-11,11:00,Энержи Ресурс ХХК,Energy Resources,ER-25289,Coal,"Эрчим хүчний нүүрс /Саб-битумт, үл барьцалдах нүүрс/","Эрчим хүчний нүүрс /Саб-битумт, үл барьцалдах нүүрс/",CNY,230.0,4.0,25600.0,https://mse.mn/uploads/auction_schedules/mn-ER-25289.pdf,,,,,reported,,ER-25289
2026-10-05 03:42,2025-11-11,10:00,Эрдэнэс Тавантолгой ХК,Erdenes Tavan Tolgoi,25-78 OX,Coal,"Thermal coal (bituminous, non-caking)","Эрчим хүчний нүүрс /Битумт, үл барьцалдах нүүрс/",USD,49.9,5.0,32000.0,https://mse.mn/uploads/auction_schedules/mn-25-78 OX.pdf,,,,,reported,,25-78 OX
2026-10-05 03:42,2025-11-10,11:00,Монголросцветмет ТӨҮГ,Mongolrostsvetmet (ex-Erdenes Critical Minerals),ECM-115,Iron ore,Iron ore Fe 52%,Fe-52% Төмрийн хүдэр,USD,65.0,10.0,33000.0,https://mse.mn/uploads/auction_schedules/mn-ECM-115.pdf,,,,,reported,,ECM-115
2026-10-05 03:42,2025-11-10,10:00,Энержи Ресурс ХХК,Energy Resources,ER-25288,Coal,Washed coking coal,Баяжуулсан коксжих нүүрс,CNY,800.0,2.0,12800.0,https://mse.mn/uploads/auction_schedules/mn-ER-25288.pdf,,,,,reported,,ER-25288
2026-10-05 03:42,2025-11-07,14:00,Эрдэнэс Тавантолгой ХК,Erdenes Tavan Tolgoi,25-11 1-3 WCO,Coal,Washed semi-soft coking coal,Баяжуулсан сул коксжих нүүрс,USD,95.7,5.0,32000.0,https://mse.mn/uploads/auction_schedules/mn-25-11 1-3 WCO.pdf,,,,,reported,,25-11 1-3 WCO
2026-10-05 03:42,2025-11-07,14:00,Энержи Ресурс ХХК,Energy Resources,ER-25287,Coal,Washed medium-ash semi-hard coking coal,"Баяжуулсан дунд зэрэг үнстэй, хагас хатуу коксжих нүүрс",CNY,330.0,3.0,19200.0,https://mse.mn/uploads/auction_schedules/mn-ER-25287.pdf,,,,,reported,,ER-25287
2026-10-05 03:42,2025-11-07,11:00,Эрдэнэс Тавантолгой ХК,Erdenes Tavan Tolgoi,25-77 OX,Coal,"Thermal coal (bituminous, non-caking)","Эрчим хүчний нүүрс /Битумт, үл барьцалдах нүүрс/",USD,40.3,20.0,128000.0,https://mse.mn/uploads/auction_schedules/mn-25-77 OX.pdf,,,,,reported,,25-77 OX
2026-10-05 03:42,2025-11-07,11:00,Монголросцветмет ТӨҮГ,Mongolrostsvetmet (ex-Erdenes Critical Minerals),ECM-114,Fluorspar,Fluorspar concentrate CaF2 95%,CaF2-95% Хайлуур жоншны баяжмал,USD,320.0,51.0,3315.0,https://mse.mn/uploads/auction_schedules/mn-ECM-114.pdf,,https://mse.mn/uploads/auction_schedules/lab-mn-ECM-114.pdf,,,reported,,ECM-114
2026-10-05 03:42,2025-11-07,10:00,Эрдэнэс Тавантолгой ХК,Erdenes Tavan Tolgoi,25-76 OX,Coal,"Thermal coal (bituminous, non-caking)","Эрчим хүчний нүүрс /Битумт, үл барьцалдах нүүрс/",USD,44.3,20.0,128000.0,https://mse.mn/uploads/auction_schedules/mn-25-76 OX.pdf,,,,,reported,,25-76 OX
2026-10-05 03:42,2025-11-06,11:00,Эрдэнэс Тавантолгой ХК,Erdenes Tavan Tolgoi,25-90 1-3 CO,Coal,1/3 coking coal,1/3 коксжих нүүрс,USD,71.5,20.0,128000.0,https://mse.mn/uploads/auction_schedules/mn-25-90 1-3 CO.pdf,,,,,reported,,25-90 1-3 CO
2026-10-05 03:42,2025-11-06,11:00,Монголросцветмет ТӨҮГ,Mongolrostsvetmet (ex-Erdenes Critical Minerals),ECM-113,Iron ore,Iron ore Fe 52%,Fe-52% Төмрийн хүдэр,USD,65.0,2.0,6600.0,https://mse.mn/uploads/auction_schedules/mn-ECM-113.pdf,,,,,reported,,ECM-113
2026-10-05 03:42,2025-11-06,10:00,Эрдэнэс Тавантолгой ХК,Erdenes Tavan Tolgoi,25-75 OX,Coal,"Thermal coal (bituminous, non-caking)","Эрчим хүчний нүүрс /Битумт, үл барьцалдах нүүрс/",USD,40.3,10.0,64000.0,https://mse.mn/uploads/auction_schedules/mn-25-75 OX.pdf,,,,,reported,,25-75 OX
2026-10-05 03:42,2025-11-06,10:00,Энержи Ресурс ХХК,Energy Resources,ER-25286,Coal,Washed coking coal,Баяжуулсан коксжих нүүрс,CNY,800.0,2.0,12800.0,https://mse.mn/uploads/auction_schedules/mn-ER-25286.pdf,,,,,reported,,ER-25286
2026-10-05 03:42,2025-11-05,11:00,Эрдэнэс Тавантолгой ХК,Erdenes Tavan Tolgoi,25-89 1-3 CO,Coal,1/3 coking coal,1/3 коксжих нүүрс,USD,71.5,20.0,128000.0,https://mse.mn/uploads/auction_schedules/mn-25-89 1-3 CO.pdf,,,,,reported,,25-89 1-3 CO
2026-10-05 03:42,2025-11-05,11:00,Хангад Эксплорэйшн ХХК,Khangad Exploration,KH-25088,Coal,"Эрчим хүчний нүүрс /Саб-битумт, үл барьцалдах нүүрс/","Эрчим хүчний нүүрс /Саб-битумт, үл барьцалдах нүүрс/",CNY,230.0,4.0,25600.0,https://mse.mn/uploads/auction_schedules/mn-KH-25088.pdf,,,,,reported,,KH-25088
2026-10-05 03:42,2025-11-05,10:00,Эрдэнэс Тавантолгой ХК,Erdenes Tavan Tolgoi,25-74 OX,Coal,"Thermal coal (bituminous, non-caking)","Эрчим хүчний нүүрс /Битумт, үл барьцалдах нүүрс/",USD,40.3,10.0,64000.0,https://mse.mn/uploads/auction_schedules/mn-25-74 OX.pdf,,,,,reported,,25-74 OX
2026-10-05 03:42,2025-11-04,14:00,Энержи Ресурс ХХК,Energy Resources,ER-25285,Coal,Washed medium-ash semi-hard coking coal,"Баяжуулсан дунд зэрэг үнстэй, хагас хатуу коксжих нүүрс",CNY,330.0,3.0,19200.0,https://mse.mn/uploads/auction_schedules/mn-ER-25285.pdf,,,,,reported,,ER-25285
2026-10-05 03:42,2025-11-04,11:00,Энержи Ресурс ХХК,Energy Resources,ER-25284,Coal,"Эрчим хүчний нүүрс /Саб-битумт, үл барьцалдах нүүрс/","Эрчим хүчний нүүрс /Саб-битумт, үл барьцалдах нүүрс/",CNY,230.0,4.0,25600.0,https://mse.mn/uploads/auction_schedules/mn-ER-25284.pdf,,,,,reported,,ER-25284
2026-10-05 03:42,2025-11-04,11:00,Өсөх Зоос ХХК,Өсөх Зоос ХХК,01-2025,Coal,"Дэгдэмхий бодис их, хийн нүүрс","Дэгдэмхий бодис их, хийн нүүрс",CNY,330.0,10.0,64000.0,https://mse.mn/uploads/auction_schedules/mn--01-2025.pdf,,,,,reported,,01-2025
2026-10-05 03:42,2025-11-04,11:00,Монголросцветмет ТӨҮГ,Mongolrostsvetmet (ex-Erdenes Critical Minerals),ECM-112,Iron ore,Iron ore Fe 52%,Fe-52% Төмрийн хүдэр,USD,65.0,2.0,6600.0,https://mse.mn/uploads/auction_schedules/mn-ECM-112.pdf,,,,,reported,,ECM-112
2026-10-05 03:42,2025-11-03,11:00,Монголросцветмет ТӨҮГ,Mongolrostsvetmet (ex-Erdenes Critical Minerals),ECM-111,Iron ore,Iron concentrate Fe 65%,Fe-65% Төмрийн баяжмал,USD,85.0,6.0,19800.0,https://mse.mn/uploads/auction_schedules/mn-ECM-111.pdf,,,,,reported,,ECM-111
2026-10-05 03:42,2025-11-03,10:00,Энержи Ресурс ХХК,Energy Resources,ER-25283,Coal,Washed coking coal,Баяжуулсан коксжих нүүрс,CNY,800.0,2.0,12800.0,https://mse.mn/uploads/auction_schedules/mn-ER-25283.pdf,,,,,reported,,ER-25283
2026-10-05 03:42,2025-10-31,16:00,Эрдэнэс Тавантолгой ХК,Erdenes Tavan Tolgoi,25-73 OX,Coal,"Thermal coal (bituminous, non-caking)","Эрчим хүчний нүүрс /Битумт, үл барьцалдах нүүрс/",USD,43.5,40.0,256000.0,https://mse.mn/uploads/auction_schedules/mn-25-73 OX.pdf,,,,,reported,,25-73 OX
2026-10-05 03:42,2025-10-31,15:00,Эрдэнэс Тавантолгой ХК,Erdenes Tavan Tolgoi,25-88 1-3 CO,Coal,1/3 coking coal,1/3 коксжих нүүрс,USD,96.8,20.0,128000.0,https://mse.mn/uploads/auction_schedules/mn-25-88 1-3 CO.pdf,,,,,reported,,25-88 1-3 CO
2026-10-05 03:42,2025-10-31,14:00,Эрдэнэс Тавантолгой ХК,Erdenes Tavan Tolgoi,25-87 1-3 CO,Coal,1/3 coking coal,1/3 коксжих нүүрс,USD,96.8,10.0,64000.0,https://mse.mn/uploads/auction_schedules/mn-25-87 1-3 CO.pdf,,,,,reported,,25-87 1-3 CO
2026-10-05 03:42,2025-10-31,14:00,Энержи Ресурс ХХК,Energy Resources,ER-25282,Coal,Washed medium-ash semi-hard coking coal,"Баяжуулсан дунд зэрэг үнстэй, хагас хатуу коксжих нүүрс",CNY,330.0,3.0,19200.0,https://mse.mn/uploads/auction_schedules/mn-ER-25282.pdf,,,,,reported,,ER-25282
2026-10-05 03:42,2025-10-31,13:00,Эрдэнэс Тавантолгой ХК,Erdenes Tavan Tolgoi,25-72 OX,Coal,"Thermal coal (bituminous, non-caking)","Эрчим хүчний нүүрс /Битумт, үл барьцалдах нүүрс/",USD,48.9,40.0,256000.0,https://mse.mn/uploads/auction_schedules/mn-25-72 OX.pdf,,,,,reported,,25-72 OX
2026-10-05 03:42,2025-10-31,11:00,Эрдэнэс Тавантолгой ХК,Erdenes Tavan Tolgoi,25-11 WTC,Coal,Washed non-coking-quality coal,Баяжуулсан коксжих чанаргүй нүүрс,USD,51.4,4.0,25600.0,https://mse.mn/uploads/auction_schedules/mn-25-11 WTC.pdf,,,,,reported,,25-11 WTC
2026-10-05 03:42,2025-10-31,11:00,Монголросцветмет ТӨҮГ,Mongolrostsvetmet (ex-Erdenes Critical Minerals),ECM-110,Iron ore,Iron ore Fe 52%,Fe-52% Төмрийн хүдэр,USD,65.0,2.0,6600.0,https://mse.mn/uploads/auction_schedules/mn-ECM-110.pdf,,,,,reported,,ECM-110
2026-10-05 03:42,2025-10-31,10:00,Эрдэнэс Тавантолгой ХК,Erdenes Tavan Tolgoi,25-10 1-3 WCO,Coal,Washed semi-soft coking coal,Баяжуулсан сул коксжих нүүрс,USD,95.7,3.0,19200.0,https://mse.mn/uploads/auction_schedules/mn-25-10 1-3 WCO.pdf,,,,,reported,,25-10 1-3 WCO
2026-10-05 03:42,2025-10-31,10:00,Энержи Ресурс ХХК,Energy Resources,ER-25281,Coal,Washed coking coal,Баяжуулсан коксжих нүүрс,CNY,800.0,2.0,12800.0,https://mse.mn/uploads/auction_schedules/mn-ER-25281.pdf,,,,,reported,,ER-25281
2026-10-05 03:42,2025-10-30,11:00,Хангад Эксплорэйшн ХХК,Khangad Exploration,KH-25087,Coal,"Эрчим хүчний нүүрс /Саб-битумт, үл барьцалдах нүүрс/","Эрчим хүчний нүүрс /Саб-битумт, үл барьцалдах нүүрс/",CNY,230.0,4.0,25600.0,https://mse.mn/uploads/auction_schedules/mn-KH-25087.pdf,,,,,reported,,KH-25087
2026-10-05 03:42,2025-10-29,15:00,Эрдэнэт Үйлдвэр ТӨҮГ,Erdenet Mining Corporation,11-2025,Copper,Copper concentrate (22.35% Cu),22.35%-ийн зэсийн агуулгатай баяжмал,USD,2408.26,5.0,4530.0,https://mse.mn/uploads/auction_schedules/mn-11-2025.pdf,,,,,reported,,11-2025
2026-10-05 03:42,2025-10-29,14:00,Энержи Ресурс ХХК,Energy Resources,ER-25280,Coal,Washed medium-ash semi-hard coking coal,"Баяжуулсан дунд зэрэг үнстэй, хагас хатуу коксжих нүүрс",CNY,330.0,3.0,19200.0,https://mse.mn/uploads/auction_schedules/mn-ER-25280.pdf,,,,,reported,,ER-25280
2026-10-05 03:42,2025-10-29,11:00,Монголросцветмет ТӨҮГ,Mongolrostsvetmet (ex-Erdenes Critical Minerals),ECM-109,Iron ore,Iron ore Fe 52%,Fe-52% Төмрийн хүдэр,USD,65.0,2.0,6600.0,https://mse.mn/uploads/auction_schedules/mn-ECM-109.pdf,,,,,reported,,ECM-109
2026-10-05 03:42,2025-10-28,11:00,Энержи Ресурс ХХК,Energy Resources,ER-25279,Coal,"Эрчим хүчний нүүрс /Саб-битумт, үл барьцалдах нүүрс/","Эрчим хүчний нүүрс /Саб-битумт, үл барьцалдах нүүрс/",CNY,230.0,4.0,25600.0,https://mse.mn/uploads/auction_schedules/mn-ER-25279.pdf,,,,,reported,,ER-25279
2026-10-05 03:42,2025-10-28,10:00,Энержи Ресурс ХХК,Energy Resources,ER-25278,Coal,Washed coking coal,Баяжуулсан коксжих нүүрс,CNY,800.0,2.0,12800.0,https://mse.mn/uploads/auction_schedules/mn-ER-25278.pdf,,,,,reported,,ER-25278
2026-10-05 03:42,2025-10-27,11:00,Монголросцветмет ТӨҮГ,Mongolrostsvetmet (ex-Erdenes Critical Minerals),ECM-108,Iron ore,Iron ore Fe 52%,Fe-52% Төмрийн хүдэр,USD,65.0,2.0,6600.0,https://mse.mn/uploads/auction_schedules/mn-ECM-108.pdf,,,,,reported,,ECM-108
2026-10-05 03:42,2025-10-24,14:00,Энержи Ресурс ХХК,Energy Resources,ER-25277,Coal,Washed medium-ash semi-hard coking coal,"Баяжуулсан дунд зэрэг үнстэй, хагас хатуу коксжих нүүрс",CNY,330.0,3.0,19200.0,https://mse.mn/uploads/auction_schedules/mn-ER-25277.pdf,,,,,reported,,ER-25277
2026-10-05 03:42,2025-10-24,11:00,Хангад Эксплорэйшн ХХК,Khangad Exploration,KH-25086,Coal,Washed semi-soft coking coal,Баяжуулсан сул коксжих нүүрс,CNY,600.0,4.0,25600.0,https://mse.mn/uploads/auction_schedules/mn-KH-25086.pdf,,,,,reported,,KH-25086
2026-10-05 03:42,2025-10-24,10:00,Энержи Ресурс ХХК,Energy Resources,ER-25276,Coal,Washed coking coal,Баяжуулсан коксжих нүүрс,CNY,800.0,2.0,12800.0,https://mse.mn/uploads/auction_schedules/mn-ER-25276.pdf,,,,,reported,,ER-25276
2026-10-05 03:42,2025-10-23,14:00,Энержи Ресурс ХХК,Energy Resources,ER-25275,Coal,Washed medium-ash semi-hard coking coal,"Баяжуулсан дунд зэрэг үнстэй, хагас хатуу коксжих нүүрс",CNY,330.0,3.0,19200.0,https://mse.mn/uploads/auction_schedules/mn-ER-25275.pdf,,,,,reported,,ER-25275
2026-10-05 03:42,2025-10-23,11:00,Хангад Эксплорэйшн ХХК,Khangad Exploration,KH-25085,Coal,"Эрчим хүчний нүүрс /Саб-битумт, үл барьцалдах нүүрс/","Эрчим хүчний нүүрс /Саб-битумт, үл барьцалдах нүүрс/",CNY,230.0,4.0,25600.0,https://mse.mn/uploads/auction_schedules/mn-KH-25085.pdf,,,,,reported,,KH-25085
2026-10-05 03:42,2025-10-23,11:00,Монголросцветмет ТӨҮГ,Mongolrostsvetmet (ex-Erdenes Critical Minerals),ECM-107,Iron ore,Iron ore Fe 52%,Fe-52% Төмрийн хүдэр,USD,65.0,4.0,13200.0,https://mse.mn/uploads/auction_schedules/mn-ECM-107.pdf,,,,,reported,,ECM-107
2026-10-05 03:42,2025-10-23,10:00,Энержи Ресурс ХХК,Energy Resources,ER-25274,Coal,Washed coking coal,Баяжуулсан коксжих нүүрс,CNY,800.0,2.0,12800.0,https://mse.mn/uploads/auction_schedules/mn-ER-25274.pdf,,,,,reported,,ER-25274
2026-10-05 03:42,2025-10-22,14:00,Тавантолгой ХК,Tavan Tolgoi JSC,TTOA-2025-043,Coal,1/2 барьцалдах нүүрс,1/2 барьцалдах нүүрс,USD,36.0,16.0,102400.0,https://mse.mn/uploads/auction_schedules/mn-TTOA-2025-043.pdf,,,,,reported,,TTOA-2025-043
2026-10-05 03:42,2025-10-22,14:00,Энержи Ресурс ХХК,Energy Resources,ER-25273,Coal,Washed medium-ash semi-hard coking coal,"Баяжуулсан дунд зэрэг үнстэй, хагас хатуу коксжих нүүрс",CNY,330.0,3.0,19200.0,https://mse.mn/uploads/auction_schedules/mn-ER-25273.pdf,,,,,reported,,ER-25273
2026-10-05 03:42,2025-10-22,11:00,Тавантолгой ХК,Tavan Tolgoi JSC,TTOA-2025-042,Coal,1/2 барьцалдах нүүрс,1/2 барьцалдах нүүрс,USD,36.0,16.0,102400.0,https://mse.mn/uploads/auction_schedules/mn-TTOA-2025-042.pdf,,,,,reported,,TTOA-2025-042
2026-10-05 03:42,2025-10-22,10:00,Энержи Ресурс ХХК,Energy Resources,ER-25272,Coal,Washed coking coal,Баяжуулсан коксжих нүүрс,CNY,800.0,2.0,12800.0,https://mse.mn/uploads/auction_schedules/mn-ER-25272.pdf,,,,,reported,,ER-25272
2026-10-05 03:42,2025-10-21,14:00,Энержи Ресурс ХХК,Energy Resources,ER-25271,Coal,Washed medium-ash semi-hard coking coal,"Баяжуулсан дунд зэрэг үнстэй, хагас хатуу коксжих нүүрс",CNY,330.0,3.0,19200.0,https://mse.mn/uploads/auction_schedules/mn-ER-25271.pdf,,,,,reported,,ER-25271
2026-10-05 03:42,2025-10-21,11:00,Энержи Ресурс ХХК,Energy Resources,ER-25270,Coal,"Эрчим хүчний нүүрс /Саб-битумт, үл барьцалдах нүүрс/","Эрчим хүчний нүүрс /Саб-битумт, үл барьцалдах нүүрс/",CNY,230.0,4.0,25600.0,https://mse.mn/uploads/auction_schedules/mn-ER-25270.pdf,,,,,reported,,ER-25270
2026-10-05 03:42,2025-10-21,11:00,Монголросцветмет ТӨҮГ,Mongolrostsvetmet (ex-Erdenes Critical Minerals),ECM-106,Iron ore,Iron ore Fe 52%,Fe-52% Төмрийн хүдэр,USD,65.0,2.0,6600.0,https://mse.mn/uploads/auction_schedules/mn-ECM-106.pdf,,,,,reported,,ECM-106
2026-10-05 03:42,2025-10-21,10:00,Энержи Ресурс ХХК,Energy Resources,ER-25269,Coal,Washed coking coal,Баяжуулсан коксжих нүүрс,CNY,800.0,2.0,12800.0,https://mse.mn/uploads/auction_schedules/mn-ER-25269.pdf,,,,,reported,,ER-25269
2026-10-05 03:42,2025-10-20,14:00,Энержи Ресурс ХХК,Energy Resources,ER-25268,Coal,Washed medium-ash semi-hard coking coal,"Баяжуулсан дунд зэрэг үнстэй, хагас хатуу коксжих нүүрс",CNY,330.0,3.0,19200.0,https://mse.mn/uploads/auction_schedules/mn-ER-25268.pdf,,,,,reported,,ER-25268
2026-10-05 03:42,2025-10-20,10:00,Энержи Ресурс ХХК,Energy Resources,ER-25267,Coal,Washed coking coal,Баяжуулсан коксжих нүүрс,CNY,800.0,2.0,12800.0,https://mse.mn/uploads/auction_schedules/mn-ER-25267.pdf,,,,,reported,,ER-25267
2026-10-05 03:42,2025-10-17,14:00,Энержи Ресурс ХХК,Energy Resources,ER-25266,Coal,Washed medium-ash semi-hard coking coal,"Баяжуулсан дунд зэрэг үнстэй, хагас хатуу коксжих нүүрс",CNY,330.0,3.0,19200.0,https://mse.mn/uploads/auction_schedules/mn-ER-25266.pdf,,,,,reported,,ER-25266
2026-10-05 03:42,2025-10-17,11:00,Тавантолгой ХК,Tavan Tolgoi JSC,TTOA-2025-041,Coal,1/3 coking coal,1/3 коксжих нүүрс,USD,60.8,32.0,204800.0,https://mse.mn/uploads/auction_schedules/mn-TTOA-2025-041.pdf,,,,,reported,,TTOA-2025-041
2026-10-05 03:42,2025-10-17,11:00,Очир мандал хайрхан ХХК,Очир мандал хайрхан ХХК,25-48,Fluorspar,Fluorspar ore CaF2 <55%,CaF2 <55% Хайлуур жоншны хүдэр,CNY,580.0,53.0,3445.0,https://mse.mn/uploads/auction_schedules/mn-25-48.pdf,,,,,reported,,25-48
2026-10-05 03:42,2025-10-17,11:00,Монголросцветмет ТӨҮГ,Mongolrostsvetmet (ex-Erdenes Critical Minerals),ECM-105,Iron ore,Iron ore Fe 52%,Fe-52% Төмрийн хүдэр,USD,65.0,2.0,6600.0,https://mse.mn/uploads/auction_schedules/mn-ECM-105.pdf,,,,,reported,,ECM-105
2026-10-05 03:42,2025-10-17,10:00,Энержи Ресурс ХХК,Energy Resources,ER-25265,Coal,Washed coking coal,Баяжуулсан коксжих нүүрс,CNY,800.0,2.0,12800.0,https://mse.mn/uploads/auction_schedules/mn-ER-25265.pdf,,,,,reported,,ER-25265
2026-10-05 03:42,2025-10-16,14:00,Энержи Ресурс ХХК,Energy Resources,ER-25264,Coal,Washed medium-ash semi-hard coking coal,"Баяжуулсан дунд зэрэг үнстэй, хагас хатуу коксжих нүүрс",CNY,330.0,3.0,19200.0,https://mse.mn/uploads/auction_schedules/mn-ER-25264.pdf,,,,,reported,,ER-25264
2026-10-05 03:42,2025-10-16,11:00,Хангад Эксплорэйшн ХХК,Khangad Exploration,KH-25084,Coal,"Эрчим хүчний нүүрс /Саб-битумт, үл барьцалдах нүүрс/","Эрчим хүчний нүүрс /Саб-битумт, үл барьцалдах нүүрс/",CNY,240.0,4.0,25600.0,https://mse.mn/uploads/auction_schedules/mn-KH-25084.pdf,,,,,reported,,KH-25084
2026-10-05 03:42,2025-10-16,10:00,Энержи Ресурс ХХК,Energy Resources,ER-25263,Coal,Washed coking coal,Баяжуулсан коксжих нүүрс,CNY,800.0,2.0,12800.0,https://mse.mn/uploads/auction_schedules/mn-ER-25263.pdf,,,,,reported,,ER-25263
2026-10-05 03:42,2025-10-15,14:00,Саусгоби Даймонд ХХК,Саусгоби Даймонд ХХК,2025002,Coal,Washed non-coking-quality coal,Баяжуулсан коксжих чанаргүй нүүрс,USD,47.0,6.0,38400.0,https://mse.mn/uploads/auction_schedules/mn-2025002.pdf,,,,,reported,,2025002
2026-10-05 03:42,2025-10-15,14:00,Энержи Ресурс ХХК,Energy Resources,ER-25262,Coal,Washed medium-ash semi-hard coking coal,"Баяжуулсан дунд зэрэг үнстэй, хагас хатуу коксжих нүүрс",CNY,330.0,3.0,19200.0,https://mse.mn/uploads/auction_schedules/mn-ER-25262.pdf,,,,,reported,,ER-25262
2026-10-05 03:42,2025-10-15,11:00,Монголросцветмет ТӨҮГ,Mongolrostsvetmet (ex-Erdenes Critical Minerals),ECM-104,Iron ore,Iron ore Fe 52%,Fe-52% Төмрийн хүдэр,USD,65.0,2.0,6600.0,https://mse.mn/uploads/auction_schedules/mn-ECM-104.pdf,,,,,reported,,ECM-104
2026-10-05 03:42,2025-10-15,10:00,Саусгоби Даймонд ХХК,Саусгоби Даймонд ХХК,2025001,Coal,Washed non-coking-quality coal,Баяжуулсан коксжих чанаргүй нүүрс,USD,47.0,7.0,44800.0,https://mse.mn/uploads/auction_schedules/mn-CГ-2025001.pdf,,,,,reported,,2025001
2026-10-05 03:42,2025-10-15,10:00,Эрдэнэс Тавантолгой ХК,Erdenes Tavan Tolgoi,25-10 WTC,Coal,Washed non-coking-quality coal,Баяжуулсан коксжих чанаргүй нүүрс,USD,47.6,5.0,32000.0,https://mse.mn/uploads/auction_schedules/mn-25-10 WTC.pdf,,,,,reported,,25-10 WTC
2026-10-05 03:42,2025-10-15,10:00,Энержи Ресурс ХХК,Energy Resources,ER-25261,Coal,Washed coking coal,Баяжуулсан коксжих нүүрс,CNY,800.0,2.0,12800.0,https://mse.mn/uploads/auction_schedules/mn-ER-25261.pdf,,,,,reported,,ER-25261
2026-10-05 03:42,2025-10-14,14:00,Энержи Ресурс ХХК,Energy Resources,ER-25260,Coal,Washed medium-ash semi-hard coking coal,"Баяжуулсан дунд зэрэг үнстэй, хагас хатуу коксжих нүүрс",CNY,330.0,3.0,19200.0,https://mse.mn/uploads/auction_schedules/mn-ER-25260.pdf,,,,,reported,,ER-25260
2026-10-05 03:42,2025-10-14,11:00,Энержи Ресурс ХХК,Energy Resources,ER-25259,Coal,"Эрчим хүчний нүүрс /Саб-битумт, үл барьцалдах нүүрс/","Эрчим хүчний нүүрс /Саб-битумт, үл барьцалдах нүүрс/",CNY,240.0,4.0,25600.0,https://mse.mn/uploads/auction_schedules/mn-ER-25259.pdf,,,,,reported,,ER-25259
2026-10-05 03:42,2025-10-14,10:00,Энержи Ресурс ХХК,Energy Resources,ER-25258,Coal,Washed coking coal,Баяжуулсан коксжих нүүрс,CNY,800.0,2.0,12800.0,https://mse.mn/uploads/auction_schedules/mn-ER-25258.pdf,,,,,reported,,ER-25258
2026-10-05 03:42,2025-10-13,14:00,Энержи Ресурс ХХК,Energy Resources,ER-25257,Coal,Washed medium-ash semi-hard coking coal,"Баяжуулсан дунд зэрэг үнстэй, хагас хатуу коксжих нүүрс",CNY,330.0,3.0,19200.0,https://mse.mn/uploads/auction_schedules/mn-ER-25257.pdf,,,,,reported,,ER-25257
2026-10-05 03:42,2025-10-13,11:00,Монголросцветмет ТӨҮГ,Mongolrostsvetmet (ex-Erdenes Critical Minerals),ECM-103,Iron ore,Iron ore Fe 52%,Fe-52% Төмрийн хүдэр,USD,65.0,2.0,6600.0,https://mse.mn/uploads/auction_schedules/mn-ECM-103.pdf,,,,,reported,,ECM-103
2026-10-05 03:42,2025-10-13,10:00,Энержи Ресурс ХХК,Energy Resources,ER-25256,Coal,Washed coking coal,Баяжуулсан коксжих нүүрс,CNY,800.0,2.0,12800.0,https://mse.mn/uploads/auction_schedules/mn-ER-25256.pdf,,,,,reported,,ER-25256
2026-10-05 03:42,2025-10-10,14:00,Энержи Ресурс ХХК,Energy Resources,ER-25255,Coal,Washed medium-ash semi-hard coking coal,"Баяжуулсан дунд зэрэг үнстэй, хагас хатуу коксжих нүүрс",CNY,330.0,3.0,19200.0,https://mse.mn/uploads/auction_schedules/mn-ER-25255.pdf,,,,,reported,,ER-25255
2026-10-05 03:42,2025-10-10,11:00,Монголросцветмет ТӨҮГ,Mongolrostsvetmet (ex-Erdenes Critical Minerals),ECM-102,Fluorspar,Fluorspar concentrate CaF2 95%,CaF2-95% Хайлуур жоншны баяжмал,USD,320.0,51.0,3315.0,https://mse.mn/uploads/auction_schedules/mn-ECM-102.pdf,,,,,reported,,ECM-102
2026-10-05 03:42,2025-10-10,10:00,Энержи Ресурс ХХК,Energy Resources,ER-25249,Coal,Washed coking coal,Баяжуулсан коксжих нүүрс,CNY,800.0,2.0,12800.0,https://mse.mn/uploads/auction_schedules/mn-ER-25249.pdf,,,,,reported,,ER-25249
2026-10-05 03:42,2025-10-09,14:00,Энержи Ресурс ХХК,Energy Resources,ER-25254,Coal,Washed medium-ash semi-hard coking coal,"Баяжуулсан дунд зэрэг үнстэй, хагас хатуу коксжих нүүрс",CNY,330.0,3.0,19200.0,https://mse.mn/uploads/auction_schedules/mn-ER-25254.pdf,,,,,reported,,ER-25254
2026-10-05 03:42,2025-10-09,11:00,Монголросцветмет ТӨҮГ,Mongolrostsvetmet (ex-Erdenes Critical Minerals),ECM-101,Iron ore,Iron ore Fe 52%,Fe-52% Төмрийн хүдэр,USD,65.0,2.0,6600.0,https://mse.mn/uploads/auction_schedules/mn-ECM-101.pdf,,,,,reported,,ECM-101
2026-10-05 03:42,2025-10-09,11:00,Хангад Эксплорэйшн ХХК,Khangad Exploration,KH-25083,Coal,"Эрчим хүчний нүүрс /Саб-битумт, үл барьцалдах нүүрс/","Эрчим хүчний нүүрс /Саб-битумт, үл барьцалдах нүүрс/",CNY,240.0,8.0,51200.0,https://mse.mn/uploads/auction_schedules/mn-KH-25083.pdf,,,,,reported,,KH-25083
2026-10-05 03:42,2025-10-09,10:00,Энержи Ресурс ХХК,Energy Resources,ER-25253,Coal,Washed coking coal,Баяжуулсан коксжих нүүрс,CNY,800.0,2.0,12800.0,https://mse.mn/uploads/auction_schedules/mn-ER-25253.pdf,,,,,reported,,ER-25253
2026-10-05 03:42,2025-10-08,15:00,Эрдэнэс Тавантолгой ХК,Erdenes Tavan Tolgoi,25-71 OX,Coal,"Thermal coal (bituminous, non-caking)","Эрчим хүчний нүүрс /Битумт, үл барьцалдах нүүрс/",USD,44.5,75.0,480000.0,https://mse.mn/uploads/auction_schedules/mn-25-71 OX.pdf,,,,,reported,,25-71 OX
2026-10-05 03:42,2025-10-08,14:00,Эрдэнэс Тавантолгой ХК,Erdenes Tavan Tolgoi,25-70 OX,Coal,"Thermal coal (bituminous, non-caking)","Эрчим хүчний нүүрс /Битумт, үл барьцалдах нүүрс/",USD,40.8,100.0,640000.0,https://mse.mn/uploads/auction_schedules/mn-25-70 OX.pdf,,,,,reported,,25-70 OX
2026-10-05 03:42,2025-10-08,14:00,Энержи Ресурс ХХК,Energy Resources,ER-25248,Coal,Washed medium-ash semi-hard coking coal,"Баяжуулсан дунд зэрэг үнстэй, хагас хатуу коксжих нүүрс",CNY,330.0,3.0,19200.0,https://mse.mn/uploads/auction_schedules/mn-ER-25248.pdf,,,,,reported,,ER-25248
2026-10-05 03:42,2025-10-08,10:00,Энержи Ресурс ХХК,Energy Resources,ER-25252,Coal,Washed coking coal,Баяжуулсан коксжих нүүрс,CNY,800.0,2.0,12800.0,https://mse.mn/uploads/auction_schedules/mn-ER-25252.pdf,,,,,reported,,ER-25252
2026-10-05 03:42,2025-10-07,14:00,Тавантолгой ХК,Tavan Tolgoi JSC,TTOA-2025-040,Coal,1/3 coking coal,1/3 коксжих нүүрс,USD,60.8,32.0,204800.0,https://mse.mn/uploads/auction_schedules/mn-TTOA-2025-040.pdf,,,,,reported,,TTOA-2025-040
2026-10-05 03:42,2025-10-07,14:00,Энержи Ресурс ХХК,Energy Resources,ER-25251,Coal,Washed medium-ash semi-hard coking coal,"Баяжуулсан дунд зэрэг үнстэй, хагас хатуу коксжих нүүрс",CNY,330.0,3.0,19200.0,https://mse.mn/uploads/auction_schedules/mn-ER-25251.pdf,,,,,reported,,ER-25251
2026-10-05 03:42,2025-10-07,11:00,Монголросцветмет ТӨҮГ,Mongolrostsvetmet (ex-Erdenes Critical Minerals),ECM-100,Iron ore,Iron ore Fe 52%,Fe-52% Төмрийн хүдэр,USD,65.0,2.0,6600.0,https://mse.mn/uploads/auction_schedules/mn-ECM-100.pdf,,,,,reported,,ECM-100
2026-10-05 03:42,2025-10-07,11:00,Энержи Ресурс ХХК,Energy Resources,ER-25347,Coal,"Эрчим хүчний нүүрс /Саб-битумт, үл барьцалдах нүүрс/","Эрчим хүчний нүүрс /Саб-битумт, үл барьцалдах нүүрс/",CNY,240.0,8.0,51200.0,https://mse.mn/uploads/auction_schedules/mn-ER-25347.pdf,,,,,reported,,ER-25347
2026-10-05 03:42,2025-10-07,10:00,Энержи Ресурс ХХК,Energy Resources,ER-25250,Coal,Washed coking coal,Баяжуулсан коксжих нүүрс,CNY,800.0,2.0,12800.0,https://mse.mn/uploads/auction_schedules/mn-ER-25250.pdf,,,,,reported,,ER-25250
2026-10-05 03:42,2025-10-06,16:00,Эрдэнэс Тавантолгой ХК,Erdenes Tavan Tolgoi,25-86 1-3 CO,Coal,1/3 coking coal,1/3 коксжих нүүрс,USD,92.6,5.0,32000.0,https://mse.mn/uploads/auction_schedules/mn-25-86 1-3 CO.pdf,,,,,reported,,25-86 1-3 CO
2026-10-05 03:42,2025-10-06,15:00,Эрдэнэс Тавантолгой ХК,Erdenes Tavan Tolgoi,25-85 1-3 CO,Coal,1/3 coking coal,1/3 коксжих нүүрс,USD,92.6,10.0,64000.0,https://mse.mn/uploads/auction_schedules/mn-25-85 1-3 CO.pdf,,,,,reported,,25-85 1-3 CO
2026-10-05 03:42,2025-10-06,14:00,Эрдэнэс Тавантолгой ХК,Erdenes Tavan Tolgoi,25-84 1-3 CO,Coal,1/3 coking coal,1/3 коксжих нүүрс,USD,92.6,10.0,64000.0,https://mse.mn/uploads/auction_schedules/mn-25-84 1-3 CO.pdf,,,,,reported,,25-84 1-3 CO
2026-10-05 03:42,2025-10-06,14:00,Энержи Ресурс ХХК,Energy Resources,ER-25246,Coal,Washed medium-ash semi-hard coking coal,"Баяжуулсан дунд зэрэг үнстэй, хагас хатуу коксжих нүүрс",CNY,330.0,3.0,19200.0,https://mse.mn/uploads/auction_schedules/mn-ER-25246.pdf,,,,,reported,,ER-25246
2026-10-05 03:42,2025-10-06,11:00,Эрдэнэс Тавантолгой ХК,Erdenes Tavan Tolgoi,25-21 WCO,Coal,Washed coking coal,Баяжуулсан коксжих нүүрс,USD,163.6,1.0,6400.0,https://mse.mn/uploads/auction_schedules/mn-25-21 WCO.pdf,,,,,reported,,25-21 WCO
2026-10-05 03:42,2025-10-06,11:00,Монголросцветмет ТӨҮГ,Mongolrostsvetmet (ex-Erdenes Critical Minerals),ECM-99,Iron ore,Iron concentrate Fe 65%,Fe-65% Төмрийн баяжмал,USD,85.0,6.0,19800.0,https://mse.mn/uploads/auction_schedules/mn-ECM-99.pdf,,,,,reported,,ECM-99
2026-10-05 03:42,2025-10-06,10:00,Энержи Ресурс ХХК,Energy Resources,ER-25245,Coal,Washed coking coal,Баяжуулсан коксжих нүүрс,CNY,800.0,2.0,12800.0,https://mse.mn/uploads/auction_schedules/mn-ER-25245.pdf,,,,,reported,,ER-25245
2026-10-05 03:42,2025-10-03,14:00,Энержи Ресурс ХХК,Energy Resources,ER-25244,Coal,Washed medium-ash semi-hard coking coal,"Баяжуулсан дунд зэрэг үнстэй, хагас хатуу коксжих нүүрс",CNY,330.0,3.0,19200.0,https://mse.mn/uploads/auction_schedules/mn-ER-25244.pdf,,,,,reported,,ER-25244
2026-10-05 03:42,2025-10-03,11:00,Монголросцветмет ТӨҮГ,Mongolrostsvetmet (ex-Erdenes Critical Minerals),ECM-98,Iron ore,Iron ore Fe 52%,Fe-52% Төмрийн хүдэр,USD,65.0,2.0,6600.0,https://mse.mn/uploads/auction_schedules/mn-ECM-98.pdf,,,,,reported,,ECM-98
2026-10-05 03:42,2025-10-02,11:00,Монголросцветмет ТӨҮГ,Mongolrostsvetmet (ex-Erdenes Critical Minerals),ECM-97,Iron ore,Iron ore Fe 52%,Fe-52% Төмрийн хүдэр,USD,65.0,2.0,6600.0,https://mse.mn/uploads/auction_schedules/mn-ECM-97.pdf,,,,,reported,,ECM-97
2026-10-05 03:42,2025-10-02,10:00,Энержи Ресурс ХХК,Energy Resources,ER-25243,Coal,Washed coking coal,Баяжуулсан коксжих нүүрс,CNY,800.0,2.0,12800.0,https://mse.mn/uploads/auction_schedules/mn-ER-25243.pdf,,,,,reported,,ER-25243
2026-10-05 03:42,2025-10-01,14:00,Энержи Ресурс ХХК,Energy Resources,ER-25242,Coal,Washed medium-ash semi-hard coking coal,"Баяжуулсан дунд зэрэг үнстэй, хагас хатуу коксжих нүүрс",CNY,330.0,3.0,19200.0,https://mse.mn/uploads/auction_schedules/mn-ER-25242.pdf,,,,,reported,,ER-25242
2026-10-05 03:42,2025-10-01,11:00,Монголросцветмет ТӨҮГ,Mongolrostsvetmet (ex-Erdenes Critical Minerals),ECM-96,Iron ore,Iron concentrate Fe 65%,Fe-65% Төмрийн баяжмал,USD,85.0,6.0,19800.0,https://mse.mn/uploads/auction_schedules/mn-ECM-96.pdf,,,,,reported,,ECM-96
2026-10-05 03:42,2025-09-30,16:00,Эрдэнэс Тавантолгой ХК,Erdenes Tavan Tolgoi,25-69 OX,Coal,"Thermal coal (bituminous, non-caking)","Эрчим хүчний нүүрс /Битумт, үл барьцалдах нүүрс/",USD,40.0,10.0,64000.0,https://mse.mn/uploads/auction_schedules/mn-25-69 OX.pdf,,,,,reported,,25-69 OX
2026-10-05 03:42,2025-09-30,15:00,Эрдэнэс Тавантолгой ХК,Erdenes Tavan Tolgoi,25-68 OX,Coal,"Thermal coal (bituminous, non-caking)","Эрчим хүчний нүүрс /Битумт, үл барьцалдах нүүрс/",USD,40.0,20.0,128000.0,https://mse.mn/uploads/auction_schedules/mn-25-68 OX.pdf,,,,,reported,,25-68 OX
2026-10-05 03:42,2025-09-30,14:00,Энержи Ресурс ХХК,Energy Resources,ER-25241,Coal,Washed medium-ash semi-hard coking coal,"Баяжуулсан дунд зэрэг үнстэй, хагас хатуу коксжих нүүрс",CNY,330.0,3.0,19200.0,https://mse.mn/uploads/auction_schedules/mn-ER-25241.pdf,,,,,reported,,ER-25241
2026-10-05 03:42,2025-09-30,14:00,Эрдэнэс Тавантолгой ХК,Erdenes Tavan Tolgoi,25-67 OX,Coal,"Thermal coal (bituminous, non-caking)","Эрчим хүчний нүүрс /Битумт, үл барьцалдах нүүрс/",USD,35.0,40.0,256000.0,https://mse.mn/uploads/auction_schedules/mn-25-67 OX.pdf,,,,,reported,,25-67 OX
2026-10-05 03:42,2025-09-30,11:00,Эрдэнэс Тавантолгой ХК,Erdenes Tavan Tolgoi,25-83 1-3 CO,Coal,1/3 coking coal,1/3 коксжих нүүрс,USD,64.6,80.0,512000.0,https://mse.mn/uploads/auction_schedules/mn-25-83 1-3 CO.pdf,,,,,reported,,25-83 1-3 CO
2026-10-05 03:42,2025-09-30,11:00,Хангад Эксплорэйшн ХХК,Khangad Exploration,KH-25082,Coal,"Эрчим хүчний нүүрс /Саб-битумт, үл барьцалдах нүүрс/","Эрчим хүчний нүүрс /Саб-битумт, үл барьцалдах нүүрс/",CNY,240.0,8.0,51200.0,https://mse.mn/uploads/auction_schedules/mn-KH-25082.pdf,,,,,reported,,KH-25082
2026-10-05 03:42,2025-09-30,10:00,Энержи Ресурс ХХК,Energy Resources,ER-25240,Coal,Washed coking coal,Баяжуулсан коксжих нүүрс,CNY,800.0,2.0,12800.0,https://mse.mn/uploads/auction_schedules/mn-ER-25240.pdf,,,,,reported,,ER-25240
2026-10-05 03:42,2025-09-30,10:00,Эрдэнэс Тавантолгой ХК,Erdenes Tavan Tolgoi,25-66 OX,Coal,"Thermal coal (bituminous, non-caking)","Эрчим хүчний нүүрс /Битумт, үл барьцалдах нүүрс/",USD,35.0,80.0,512000.0,https://mse.mn/uploads/auction_schedules/mn-25-66 OX.pdf,,,,,reported,,25-66 OX
2026-10-05 03:42,2025-09-29,16:00,Эрдэнэт Үйлдвэр ТӨҮГ,Erdenet Mining Corporation,10-2025,Copper,Copper concentrate (22.35% Cu),22.35%-ийн зэсийн агуулгатай баяжмал,USD,2250.61,5.0,4530.0,https://mse.mn/uploads/auction_schedules/mn-10-2025.pdf,,,,,reported,,10-2025
2026-10-05 03:42,2025-09-29,14:00,Тавантолгой ХК,Tavan Tolgoi JSC,ТТОА-2025-039,Coal,1/3 coking coal,1/3 коксжих нүүрс,USD,60.8,2.0,12800.0,https://mse.mn/uploads/auction_schedules/mn-ТТОА-2025-039.pdf,,,,,reported,,ТТОА-2025-039
2026-10-05 03:42,2025-09-29,11:00,Эрдэнэс Тавантолгой ХК,Erdenes Tavan Tolgoi,25-65 OX,Coal,"Thermal coal (bituminous, non-caking)","Эрчим хүчний нүүрс /Битумт, үл барьцалдах нүүрс/",USD,40.0,40.0,256000.0,https://mse.mn/uploads/auction_schedules/mn-25-65 OX.pdf,,,,,reported,,25-65 OX
2026-10-05 03:42,2025-09-29,11:00,Энержи Ресурс ХХК,Energy Resources,ER-25339,Coal,"Эрчим хүчний нүүрс /Саб-битумт, үл барьцалдах нүүрс/","Эрчим хүчний нүүрс /Саб-битумт, үл барьцалдах нүүрс/",CNY,240.0,8.0,51200.0,https://mse.mn/uploads/auction_schedules/mn-ER-25339.pdf,,,,,reported,,ER-25339
2026-10-05 03:42,2025-09-29,11:00,Монголросцветмет ТӨҮГ,Mongolrostsvetmet (ex-Erdenes Critical Minerals),ECM-95,Iron ore,Iron ore Fe 52%,Fe-52% Төмрийн хүдэр,USD,65.0,2.0,6600.0,https://mse.mn/uploads/auction_schedules/mn-ECM-95.pdf,,,,,reported,,ECM-95
2026-10-05 03:42,2025-09-29,10:00,Эрдэнэс Тавантолгой ХК,Erdenes Tavan Tolgoi,25-64 OX,Coal,"Thermal coal (bituminous, non-caking)","Эрчим хүчний нүүрс /Битумт, үл барьцалдах нүүрс/",USD,40.0,2.0,12800.0,https://mse.mn/uploads/auction_schedules/mn-25-64 OX.pdf,,,,,reported,,25-64 OX
2026-10-05 03:42,2025-09-29,10:00,Андын Илч ХХК,Андын Илч ХХК,8,Coal,Чийг багатай хүрэн нүүрс,Чийг багатай хүрэн нүүрс,CNY,140.0,3.0,19200.0,https://mse.mn/uploads/auction_schedules/mn-8.pdf,,,,,reported,,8
2026-10-05 03:42,2025-09-26,14:00,Эрдэнэс Тавантолгой ХК,Erdenes Tavan Tolgoi,25-09 WTC,Coal,Washed non-coking-quality coal,Баяжуулсан коксжих чанаргүй нүүрс,USD,45.0,5.0,32000.0,https://mse.mn/uploads/auction_schedules/mn-25-09 WTC.pdf,,,,,reported,,25-09 WTC
2026-10-05 03:42,2025-09-26,14:00,Энержи Ресурс ХХК,Energy Resources,ER-25238,Coal,Washed medium-ash semi-hard coking coal,"Баяжуулсан дунд зэрэг үнстэй, хагас хатуу коксжих нүүрс",CNY,330.0,3.0,19200.0,https://mse.mn/uploads/auction_schedules/mn-ER-25238.pdf,,,,,reported,,ER-25238
2026-10-05 03:42,2025-09-26,11:00,Энержи Ресурс ХХК,Energy Resources,ER-25337,Coal,"Эрчим хүчний нүүрс /Саб-битумт, үл барьцалдах нүүрс/","Эрчим хүчний нүүрс /Саб-битумт, үл барьцалдах нүүрс/",CNY,240.0,8.0,51200.0,https://mse.mn/uploads/auction_schedules/mn-ER-25337.pdf,,,,,reported,,ER-25337
2026-10-05 03:42,2025-09-26,10:00,Андын Илч ХХК,Андын Илч ХХК,7,Coal,Чийг багатай хүрэн нүүрс,Чийг багатай хүрэн нүүрс,CNY,140.0,8.0,51200.0,https://mse.mn/uploads/auction_schedules/mn-7.pdf,,,,,reported,,7
2026-10-05 03:42,2025-09-26,10:00,Эрдэнэс Тавантолгой ХК,Erdenes Tavan Tolgoi,25-63 ОX,Coal,"Thermal coal (bituminous, non-caking)","Эрчим хүчний нүүрс /Битумт, үл барьцалдах нүүрс/",USD,35.0,20.0,128000.0,https://mse.mn/uploads/auction_schedules/mn-25-63 ОX.pdf,,,,,reported,,25-63 ОX
2026-10-05 03:42,2025-09-25,11:00,Эрдэнэс Тавантолгой ХК,Erdenes Tavan Tolgoi,25-62 OX,Coal,"Thermal coal (bituminous, non-caking)","Эрчим хүчний нүүрс /Битумт, үл барьцалдах нүүрс/",USD,40.0,2.0,12800.0,https://mse.mn/uploads/auction_schedules/mn-25-62 OX.pdf,,,,,reported,,25-62 OX
2026-10-05 03:42,2025-09-25,11:00,Хангад Эксплорэйшн ХХК,Khangad Exploration,KH-25081,Coal,"Эрчим хүчний нүүрс /Саб-битумт, үл барьцалдах нүүрс/","Эрчим хүчний нүүрс /Саб-битумт, үл барьцалдах нүүрс/",CNY,240.0,8.0,51200.0,https://mse.mn/uploads/auction_schedules/mn-KH-25081.pdf,,,,,reported,,KH-25081
2026-10-05 03:42,2025-09-25,11:00,Монголросцветмет ТӨҮГ,Mongolrostsvetmet (ex-Erdenes Critical Minerals),ECM-94,Iron ore,Iron ore Fe 52%,Fe-52% Төмрийн хүдэр,USD,65.0,2.0,6600.0,https://mse.mn/uploads/auction_schedules/mn-ECM-94.pdf,,,,,reported,,ECM-94
2026-10-05 03:42,2025-09-25,10:00,Эрдэнэс Тавантолгой ХК,Erdenes Tavan Tolgoi,25-09 1-3 WCO,Coal,Washed semi-soft coking coal,Баяжуулсан сул коксжих нүүрс,USD,90.4,5.0,32000.0,https://mse.mn/uploads/auction_schedules/mn-25-09 1-3 WCO.pdf,,,,,reported,,25-09 1-3 WCO
2026-10-05 03:42,2025-09-25,10:00,Энержи Ресурс ХХК,Energy Resources,ER-25236,Coal,Washed coking coal,Баяжуулсан коксжих нүүрс,CNY,800.0,2.0,12800.0,https://mse.mn/uploads/auction_schedules/mn-ER-25236.pdf,,,,,reported,,ER-25236
2026-10-05 03:42,2025-09-24,14:00,Эрдэнэс Тавантолгой ХК,Erdenes Tavan Tolgoi,25-82 1-3 CO,Coal,1/3 coking coal,1/3 коксжих нүүрс,USD,64.6,10.0,64000.0,https://mse.mn/uploads/auction_schedules/mn-25-82 1-3 CO.pdf,,,,,reported,,25-82 1-3 CO
2026-10-05 03:42,2025-09-24,14:00,Энержи Ресурс ХХК,Energy Resources,ER-25235,Coal,Washed medium-ash semi-hard coking coal,"Баяжуулсан дунд зэрэг үнстэй, хагас хатуу коксжих нүүрс",CNY,330.0,3.0,19200.0,https://mse.mn/uploads/auction_schedules/mn-ER-25235.pdf,,,,,reported,,ER-25235
2026-10-05 03:42,2025-09-24,11:00,Хангад Эксплорэйшн ХХК,Khangad Exploration,KH-25080,Coal,"Эрчим хүчний нүүрс /Саб-битумт, үл барьцалдах нүүрс/","Эрчим хүчний нүүрс /Саб-битумт, үл барьцалдах нүүрс/",CNY,240.0,8.0,51200.0,https://mse.mn/uploads/auction_schedules/mn-KH-25080.pdf,,,,,reported,,KH-25080
2026-10-05 03:42,2025-09-24,10:00,Эрдэнэс Тавантолгой ХК,Erdenes Tavan Tolgoi,25-08 1-3 WCO,Coal,Washed semi-soft coking coal,Баяжуулсан сул коксжих нүүрс,USD,90.4,5.0,32000.0,https://mse.mn/uploads/auction_schedules/mn-25-08 1-3 WCO.pdf,,,,,reported,,25-08 1-3 WCO
2026-10-05 03:42,2025-09-23,15:00,Эрдэнэс Тавантолгой ХК,Erdenes Tavan Tolgoi,25-61 OX,Coal,"Thermal coal (bituminous, non-caking)","Эрчим хүчний нүүрс /Битумт, үл барьцалдах нүүрс/",USD,35.0,5.0,32000.0,https://mse.mn/uploads/auction_schedules/mn-25-61 OX.pdf,,,,,reported,,25-61 OX
2026-10-05 03:42,2025-09-23,14:00,Эрдэнэс Тавантолгой ХК,Erdenes Tavan Tolgoi,25-07 1-3 WCO,Coal,Washed semi-soft coking coal,Баяжуулсан сул коксжих нүүрс,USD,90.4,5.0,32000.0,https://mse.mn/uploads/auction_schedules/mn-25-07 1-3 WCO.pdf,,,,,reported,,25-07 1-3 WCO
2026-10-05 03:42,2025-09-23,14:00,Энержи Ресурс ХХК,Energy Resources,ER-25234,Coal,Washed medium-ash semi-hard coking coal,"Баяжуулсан дунд зэрэг үнстэй, хагас хатуу коксжих нүүрс",CNY,330.0,3.0,19200.0,https://mse.mn/uploads/auction_schedules/mn-ER-25234.pdf,,,,,reported,,ER-25234
2026-10-05 03:42,2025-09-23,11:00,Эрдэнэс Тавантолгой ХК,Erdenes Tavan Tolgoi,25-06 1-3 WCO,Coal,Washed semi-soft coking coal,Баяжуулсан сул коксжих нүүрс,USD,90.4,5.0,32000.0,https://mse.mn/uploads/auction_schedules/mn-25-06 1-3 WCO.pdf,,,,,reported,,25-06 1-3 WCO
2026-10-05 03:42,2025-09-23,11:00,Монголросцветмет ТӨҮГ,Mongolrostsvetmet (ex-Erdenes Critical Minerals),ECM-93,Iron ore,Iron ore Fe 52%,Fe-52% Төмрийн хүдэр,USD,65.0,2.0,6600.0,https://mse.mn/uploads/auction_schedules/mn-ECM-93.pdf,,,,,reported,,ECM-93
2026-10-05 03:42,2025-09-22,14:00,Мөнх тэнүүн оргил ХХК,Мөнх тэнүүн оргил ХХК,MTO0911,Coal,Washed coking coal,Баяжуулсан коксжих нүүрс,USD,92.0,20.0,128000.0,https://mse.mn/uploads/auction_schedules/mn-MTO0911.pdf,,,,,reported,,MTO0911
2026-10-05 03:42,2025-09-22,14:00,Эрдэнэс Тавантолгой ХК,Erdenes Tavan Tolgoi,25-05 1-3 WCO,Coal,Washed semi-soft coking coal,Баяжуулсан сул коксжих нүүрс,USD,91.4,5.0,32000.0,https://mse.mn/uploads/auction_schedules/mn-25-05 1-3 WCO.pdf,,,,,reported,,25-05 1-3 WCO
2026-10-05 03:42,2025-09-22,11:00,Эрдэнэс Тавантолгой ХК,Erdenes Tavan Tolgoi,25-81 1-3 CO,Coal,1/3 coking coal,1/3 коксжих нүүрс,USD,64.8,5.0,32000.0,https://mse.mn/uploads/auction_schedules/mn-25-81 1-3 CO.pdf,,,,,reported,,25-81 1-3 CO
2026-10-05 03:42,2025-09-22,10:00,Эрдэнэс Тавантолгой ХК,Erdenes Tavan Tolgoi,25-60 OX,Coal,"Thermal coal (bituminous, non-caking)","Эрчим хүчний нүүрс /Битумт, үл барьцалдах нүүрс/",USD,41.6,5.0,32000.0,https://mse.mn/uploads/auction_schedules/mn-25-60 OX.pdf,,,,,reported,,25-60 OX
2026-10-05 03:42,2025-09-22,10:00,Энержи Ресурс ХХК,Energy Resources,ER-25232,Coal,Washed coking coal,Баяжуулсан коксжих нүүрс,CNY,800.0,2.0,12800.0,https://mse.mn/uploads/auction_schedules/mn-ER-25232.pdf,,,,,reported,,ER-25232
2026-10-05 03:42,2025-09-19,15:00,Эрдэнэс Тавантолгой ХК,Erdenes Tavan Tolgoi,25-04 1-3 WCO,Coal,Washed semi-soft coking coal,Баяжуулсан сул коксжих нүүрс,USD,91.4,2.0,12800.0,https://mse.mn/uploads/auction_schedules/mn-25-04 1-3 WCO.pdf,,,,,reported,,25-04 1-3 WCO
2026-10-05 03:42,2025-09-19,14:00,Хангад Эксплорэйшн ХХК,Khangad Exploration,KH-25079,Coal,Washed medium-ash semi-hard coking coal,"Баяжуулсан дунд зэрэг үнстэй, хагас хатуу коксжих нүүрс",CNY,330.0,3.0,19200.0,https://mse.mn/uploads/auction_schedules/mn-KH-25079.pdf,,,,,reported,,KH-25079
2026-10-05 03:42,2025-09-19,13:00,Тавантолгой ХК,Tavan Tolgoi JSC,TTOA-2025-038,Coal,Medium-volatile coking coal,"Дэгдэмхий бодис дунд, коксжих нүүрс",USD,96.0,5.0,32000.0,https://mse.mn/uploads/auction_schedules/mn-TTOA-2025-038.pdf,,,,,reported,,TTOA-2025-038
2026-10-05 03:42,2025-09-19,11:00,Эрдэнэс Тавантолгой ХК,Erdenes Tavan Tolgoi,25-80 1-3 CO,Coal,1/3 coking coal,1/3 коксжих нүүрс,USD,64.8,10.0,64000.0,https://mse.mn/uploads/auction_schedules/mn-25-80 1-3 CO.pdf,,,,,reported,,25-80 1-3 CO
2026-10-05 03:42,2025-09-19,11:00,Монголросцветмет ТӨҮГ,Mongolrostsvetmet (ex-Erdenes Critical Minerals),ECM-91,Iron ore,Iron ore Fe 52%,Fe-52% Төмрийн хүдэр,USD,63.0,2.0,6600.0,https://mse.mn/uploads/auction_schedules/mn-ECM-91.pdf,,,,,reported,,ECM-91
2026-10-05 03:42,2025-09-19,10:00,Эрдэнэс Тавантолгой ХК,Erdenes Tavan Tolgoi,25-59 OX,Coal,"Thermal coal (bituminous, non-caking)","Эрчим хүчний нүүрс /Битумт, үл барьцалдах нүүрс/",USD,41.6,10.0,64000.0,https://mse.mn/uploads/auction_schedules/mn-25-59 OX.pdf,,,,,reported,,25-59 OX
2026-10-05 03:42,2025-09-19,10:00,Энержи Ресурс ХХК,Energy Resources,ER-25231,Coal,Washed coking coal,Баяжуулсан коксжих нүүрс,CNY,800.0,2.0,12800.0,https://mse.mn/uploads/auction_schedules/mn-ER-25231.pdf,,,,,reported,,ER-25231
2026-10-05 03:42,2025-09-18,15:00,Эрдэнэс Тавантолгой ХК,Erdenes Tavan Tolgoi,25-79 1-3 CO,Coal,1/3 coking coal,1/3 коксжих нүүрс,USD,64.8,20.0,128000.0,https://mse.mn/uploads/auction_schedules/mn-25-79 1-3 CO.pdf,,,,,reported,,25-79 1-3 CO
2026-10-05 03:42,2025-09-18,14:00,Эрдэнэс Тавантолгой ХК,Erdenes Tavan Tolgoi,25-78 1-3 CO,Coal,1/3 coking coal,1/3 коксжих нүүрс,USD,57.4,5.0,32000.0,https://mse.mn/uploads/auction_schedules/mn-25-78 1-3 CO.pdf,,,,,reported,,25-78 1-3 CO
2026-10-05 03:42,2025-09-18,14:00,Хангад Эксплорэйшн ХХК,Khangad Exploration,KH-25078,Coal,Washed medium-ash semi-hard coking coal,"Баяжуулсан дунд зэрэг үнстэй, хагас хатуу коксжих нүүрс",CNY,330.0,3.0,19200.0,https://mse.mn/uploads/auction_schedules/mn-KH-25078.pdf,,,,,reported,,KH-25078
2026-10-05 03:42,2025-09-18,11:00,Эрдэнэс Тавантолгой ХК,Erdenes Tavan Tolgoi,25-58 OX,Coal,"Thermal coal (bituminous, non-caking)","Эрчим хүчний нүүрс /Битумт, үл барьцалдах нүүрс/",USD,41.6,20.0,128000.0,https://mse.mn/uploads/auction_schedules/mn-25-58 OX.pdf,,,,,reported,,25-58 OX
2026-10-05 03:42,2025-09-18,10:00,Эрдэнэс Тавантолгой ХК,Erdenes Tavan Tolgoi,25-57 OX,Coal,"Thermal coal (bituminous, non-caking)","Эрчим хүчний нүүрс /Битумт, үл барьцалдах нүүрс/",USD,36.4,5.0,32000.0,https://mse.mn/uploads/auction_schedules/mn-25-57 OX.pdf,,,,,reported,,25-57 OX
2026-10-05 03:42,2025-09-18,10:00,Хангад Эксплорэйшн ХХК,Khangad Exploration,KH-25077,Coal,Washed semi-soft coking coal,Баяжуулсан сул коксжих нүүрс,CNY,600.0,2.0,12800.0,https://mse.mn/uploads/auction_schedules/mn-KH-25077.pdf,,,,,reported,,KH-25077
2026-10-05 03:42,2025-09-17,14:00,Хангад Эксплорэйшн ХХК,Khangad Exploration,KH-25076,Coal,Washed medium-ash semi-hard coking coal,"Баяжуулсан дунд зэрэг үнстэй, хагас хатуу коксжих нүүрс",CNY,330.0,3.0,19200.0,https://mse.mn/uploads/auction_schedules/mn-KH-25076.pdf,,,,,reported,,KH-25076
2026-10-05 03:42,2025-09-17,11:00,Монголросцветмет ТӨҮГ,Mongolrostsvetmet (ex-Erdenes Critical Minerals),ECM-90,Iron ore,Iron ore Fe 52%,Fe-52% Төмрийн хүдэр,USD,63.0,2.0,6600.0,https://mse.mn/uploads/auction_schedules/mn-ECM-90.pdf,,,,,reported,,ECM-90
2026-10-05 03:42,2025-09-17,10:00,Хангад Эксплорэйшн ХХК,Khangad Exploration,KH-25075,Coal,Washed semi-soft coking coal,Баяжуулсан сул коксжих нүүрс,CNY,600.0,2.0,12800.0,https://mse.mn/uploads/auction_schedules/mn-KH-25075.pdf,,,,,reported,,KH-25075
2026-10-05 03:42,2025-09-16,14:00,Хангад Эксплорэйшн ХХК,Khangad Exploration,KH-25074,Coal,Washed medium-ash semi-hard coking coal,"Баяжуулсан дунд зэрэг үнстэй, хагас хатуу коксжих нүүрс",CNY,330.0,3.0,19200.0,https://mse.mn/uploads/auction_schedules/mn-KH-25074.pdf,,,,,reported,,KH-25074
2026-10-05 03:42,2025-09-16,10:00,Хангад Эксплорэйшн ХХК,Khangad Exploration,KH-25073,Coal,Washed semi-soft coking coal,Баяжуулсан сул коксжих нүүрс,CNY,600.0,2.0,12800.0,https://mse.mn/uploads/auction_schedules/mn-KH-25073.pdf,,,,,reported,,KH-25073
2026-10-05 03:42,2025-09-15,14:00,Хангад Эксплорэйшн ХХК,Khangad Exploration,KH-25072,Coal,Washed medium-ash semi-hard coking coal,"Баяжуулсан дунд зэрэг үнстэй, хагас хатуу коксжих нүүрс",CNY,330.0,3.0,19200.0,https://mse.mn/uploads/auction_schedules/mn-KH-25072.pdf,,,,,reported,,KH-25072
2026-10-05 03:42,2025-09-15,11:00,Монголросцветмет ТӨҮГ,Mongolrostsvetmet (ex-Erdenes Critical Minerals),ECM-89,Iron ore,Iron ore Fe 52%,Fe-52% Төмрийн хүдэр,USD,63.0,2.0,6600.0,https://mse.mn/uploads/auction_schedules/mn-ECM-89.pdf,,,,,reported,,ECM-89
2026-10-05 03:42,2025-09-15,10:00,Энержи Ресурс ХХК,Energy Resources,ER-25230,Coal,Washed coking coal,Баяжуулсан коксжих нүүрс,CNY,800.0,2.0,12800.0,https://mse.mn/uploads/auction_schedules/mn-ER-25230.pdf,,,,,reported,,ER-25230
2026-10-05 03:42,2025-09-15,10:00,Эрдэнэс Тавантолгой ХК,Erdenes Tavan Tolgoi,25-03 1-3 WCO,Coal,Washed semi-soft coking coal,Баяжуулсан сул коксжих нүүрс,USD,91.4,5.0,32000.0,https://mse.mn/uploads/auction_schedules/mn-25-03 1-3 WCO.pdf,,,,,reported,,25-03 1-3 WCO
2026-10-05 03:42,2025-09-12,16:00,Эрдэнэс Тавантолгой ХК,Erdenes Tavan Tolgoi,25-02 1-3 WCO,Coal,Washed semi-soft coking coal,Баяжуулсан сул коксжих нүүрс,USD,91.4,5.0,32000.0,https://mse.mn/uploads/auction_schedules/mn-25-02 1-3 WCO.pdf,,,,,reported,,25-02 1-3 WCO
2026-10-05 03:42,2025-09-12,14:00,Эрдэнэс Тавантолгой ХК,Erdenes Tavan Tolgoi,25-77 1-3 CO,Coal,1/3 coking coal,1/3 коксжих нүүрс,USD,64.8,10.0,64000.0,https://mse.mn/uploads/auction_schedules/mn-25-77 1-3 CO.pdf,,,,,reported,,25-77 1-3 CO
2026-10-05 03:42,2025-09-12,14:00,Энержи Ресурс ХХК,Energy Resources,ER-25229,Coal,Washed medium-ash semi-hard coking coal,"Баяжуулсан дунд зэрэг үнстэй, хагас хатуу коксжих нүүрс",CNY,330.0,3.0,19200.0,https://mse.mn/uploads/auction_schedules/mn-ER-25229.pdf,,,,,reported,,ER-25229
2026-10-05 03:42,2025-09-12,11:00,Монголросцветмет ТӨҮГ,Mongolrostsvetmet (ex-Erdenes Critical Minerals),ECM-92,Iron ore,Iron concentrate Fe 65%,Fe-65% Төмрийн баяжмал,USD,83.0,6.0,19800.0,https://mse.mn/uploads/auction_schedules/mn-ECM-92.pdf,,,,,reported,,ECM-92
2026-10-05 03:42,2025-09-12,11:00,Эрдэнэс Тавантолгой ХК,Erdenes Tavan Tolgoi,25-76 1-3 CO,Coal,1/3 coking coal,1/3 коксжих нүүрс,USD,57.4,10.0,64000.0,https://mse.mn/uploads/auction_schedules/mn-25-76 1-3 CO.pdf,,,,,reported,,25-76 1-3 CO
2026-10-05 03:42,2025-09-12,10:00,Эрдэнэс Тавантолгой ХК,Erdenes Tavan Tolgoi,25-56 OX,Coal,"Thermal coal (bituminous, non-caking)","Эрчим хүчний нүүрс /Битумт, үл барьцалдах нүүрс/",USD,36.4,20.0,128000.0,https://mse.mn/uploads/auction_schedules/mn-25-56 OX.pdf,,,,,reported,,25-56 OX
2026-10-05 03:42,2025-09-11,15:00,Эрдэнэс Тавантолгой ХК,Erdenes Tavan Tolgoi,25-01 1-3 WCO,Coal,Washed semi-soft coking coal,Баяжуулсан сул коксжих нүүрс,USD,91.4,3.0,19200.0,https://mse.mn/uploads/auction_schedules/mn-25-01 1-3 WCO.pdf,,,,,reported,,25-01 1-3 WCO
2026-10-05 03:42,2025-09-11,14:00,Тавантолгой ХК,Tavan Tolgoi JSC,TTOA-2025-037,Coal,Medium-volatile coking coal,"Дэгдэмхий бодис дунд, коксжих нүүрс",USD,90.0,8.0,51200.0,https://mse.mn/uploads/auction_schedules/mn-TTOA-2025-037.pdf,,,,,reported,,TTOA-2025-037
2026-10-05 03:42,2025-09-11,13:00,Тавантолгой ХК,Tavan Tolgoi JSC,TTOA-2025-036,Coal,Medium-volatile coking coal,"Дэгдэмхий бодис дунд, коксжих нүүрс",USD,90.0,8.0,51200.0,https://mse.mn/uploads/auction_schedules/mn-TTOA-2025-036.pdf,,,,,reported,,TTOA-2025-036
2026-10-05 03:42,2025-09-11,11:00,Эрдэнэс Тавантолгой ХК,Erdenes Tavan Tolgoi,25-75 1-3 CO,Coal,1/3 coking coal,1/3 коксжих нүүрс,USD,64.8,20.0,128000.0,https://mse.mn/uploads/auction_schedules/mn-25-75 1-3 CO.pdf,,,,,reported,,25-75 1-3 CO
2026-10-05 03:42,2025-09-11,11:00,Монголросцветмет ТӨҮГ,Mongolrostsvetmet (ex-Erdenes Critical Minerals),ECM-86,Iron ore,Iron ore Fe 52%,Fe-52% Төмрийн хүдэр,USD,63.0,2.0,6600.0,https://mse.mn/uploads/auction_schedules/mn-ECM-86.pdf,,,,,reported,,ECM-86
2026-10-05 03:42,2025-09-11,10:00,Эрдэнэс Тавантолгой ХК,Erdenes Tavan Tolgoi,25-55 OX,Coal,"Thermal coal (bituminous, non-caking)","Эрчим хүчний нүүрс /Битумт, үл барьцалдах нүүрс/",USD,36.4,20.0,128000.0,https://mse.mn/uploads/auction_schedules/mn-25-55 OX.pdf,,,,,reported,,25-55 OX
2026-10-05 03:42,2025-09-11,10:00,Энержи Ресурс ХХК,Energy Resources,ER-25228,Coal,Washed coking coal,Баяжуулсан коксжих нүүрс,CNY,800.0,2.0,12800.0,https://mse.mn/uploads/auction_schedules/mn-ER-25228.pdf,,,,,reported,,ER-25228
2026-10-05 03:42,2025-09-10,15:00,Эрдэнэс Тавантолгой ХК,Erdenes Tavan Tolgoi,25-54 OX,Coal,"Thermal coal (bituminous, non-caking)","Эрчим хүчний нүүрс /Битумт, үл барьцалдах нүүрс/",USD,41.6,80.0,512000.0,https://mse.mn/uploads/auction_schedules/mn-25-54 OX.pdf,,,,,reported,,25-54 OX
2026-10-05 03:42,2025-09-10,14:00,Эрдэнэс Тавантолгой ХК,Erdenes Tavan Tolgoi,25-08 WTC,Coal,Washed non-coking-quality coal,Баяжуулсан коксжих чанаргүй нүүрс,USD,46.8,2.0,12800.0,https://mse.mn/uploads/auction_schedules/mn-25-08 WTC.pdf,,,,,reported,,25-08 WTC
2026-10-05 03:42,2025-09-10,11:00,Эрдэнэс Тавантолгой ХК,Erdenes Tavan Tolgoi,25-74 1-3 CO,Coal,1/3 coking coal,1/3 коксжих нүүрс,USD,64.8,10.0,64000.0,https://mse.mn/uploads/auction_schedules/mn-25-74 1-3 CO.pdf,,,,,reported,,25-74 1-3 CO
2026-10-05 03:42,2025-09-10,11:00,Монголросцветмет ТӨҮГ,Mongolrostsvetmet (ex-Erdenes Critical Minerals),ECM-85,Fluorspar,Fluorspar concentrate CaF2 95%,CaF2-95% Хайлуур жоншны баяжмал,USD,300.0,51.0,3315.0,https://mse.mn/uploads/auction_schedules/mn-ECM-85.pdf,,,,,reported,,ECM-85
2026-10-05 03:42,2025-09-10,10:00,Эрдэнэс Тавантолгой ХК,Erdenes Tavan Tolgoi,25-73 1-3 CO,Coal,1/3 coking coal,1/3 коксжих нүүрс,USD,57.4,3.0,19200.0,https://mse.mn/uploads/auction_schedules/mn-25-73 1-3 CO.pdf,,,,,reported,,25-73 1-3 CO
2026-10-05 03:42,2025-09-09,15:00,Эрдэнэс Тавантолгой ХК,Erdenes Tavan Tolgoi,25-20 WCO,Coal,Washed coking coal,Баяжуулсан коксжих нүүрс,USD,122.1,3.0,19200.0,https://mse.mn/uploads/auction_schedules/mn-25-20 WCO.pdf,,,,,reported,,25-20 WCO
2026-10-05 03:42,2025-09-09,14:00,Эрдэнэс Тавантолгой ХК,Erdenes Tavan Tolgoi,25-72 1-3 CO,Coal,1/3 coking coal,1/3 коксжих нүүрс,USD,57.4,5.0,32000.0,https://mse.mn/uploads/auction_schedules/mn-25-72 1-3 CO.pdf,,,,,reported,,25-72 1-3 CO
2026-10-05 03:42,2025-09-09,14:00,Энержи Ресурс ХХК,Energy Resources,ER-25227,Coal,Washed medium-ash semi-hard coking coal,"Баяжуулсан дунд зэрэг үнстэй, хагас хатуу коксжих нүүрс",CNY,330.0,3.0,19200.0,https://mse.mn/uploads/auction_schedules/mn-ER-25227.pdf,,,,,reported,,ER-25227
2026-10-05 03:42,2025-09-09,11:00,Эрдэнэс Тавантолгой ХК,Erdenes Tavan Tolgoi,25-53 OX,Coal,"Thermal coal (bituminous, non-caking)","Эрчим хүчний нүүрс /Битумт, үл барьцалдах нүүрс/",USD,41.6,80.0,512000.0,https://mse.mn/uploads/auction_schedules/mn-25-53 OX.pdf,,,,,reported,,25-53 OX
2026-10-05 03:42,2025-09-09,11:00,Монголросцветмет ТӨҮГ,Mongolrostsvetmet (ex-Erdenes Critical Minerals),ECM-84,Iron ore,Iron ore Fe 52%,Fe-52% Төмрийн хүдэр,USD,63.0,2.0,6600.0,https://mse.mn/uploads/auction_schedules/mn-ECM-84.pdf,,,,,reported,,ECM-84
2026-10-05 03:42,2025-09-09,10:00,Эрдэнэс Тавантолгой ХК,Erdenes Tavan Tolgoi,25-52 OX,Coal,"Thermal coal (bituminous, non-caking)","Эрчим хүчний нүүрс /Битумт, үл барьцалдах нүүрс/",USD,36.4,10.0,64000.0,https://mse.mn/uploads/auction_schedules/mn-25-52 OX.pdf,,,,,reported,,25-52 OX
2026-10-05 03:42,2025-09-08,11:00,Эрдэнэс Тавантолгой ХК,Erdenes Tavan Tolgoi,25-71 1-3 CO,Coal,1/3 coking coal,1/3 коксжих нүүрс,USD,71.9,3.0,19200.0,https://mse.mn/uploads/auction_schedules/mn-25-71 1-3 CO.pdf,,,,,reported,,25-71 1-3 CO
2026-10-05 03:42,2025-09-08,11:00,Монголросцветмет ТӨҮГ,Mongolrostsvetmet (ex-Erdenes Critical Minerals),ECM-88,Iron ore,Iron concentrate Fe 65%,Fe-65% Төмрийн баяжмал,USD,83.0,6.0,19800.0,https://mse.mn/uploads/auction_schedules/mn-ECM-88.pdf,,,,,reported,,ECM-88
2026-10-05 03:42,2025-09-08,10:00,Эрдэнэс Тавантолгой ХК,Erdenes Tavan Tolgoi,25-51 OX,Coal,"Thermal coal (bituminous, non-caking)","Эрчим хүчний нүүрс /Битумт, үл барьцалдах нүүрс/",USD,36.4,5.0,32000.0,https://mse.mn/uploads/auction_schedules/mn-25-51 OX.pdf,,,,,reported,,25-51 OX
2026-10-05 03:42,2025-09-08,10:00,Энержи Ресурс ХХК,Energy Resources,ER-25226,Coal,Washed coking coal,Баяжуулсан коксжих нүүрс,CNY,800.0,2.0,12800.0,https://mse.mn/uploads/auction_schedules/mn-ER-25226.pdf,,,,,reported,,ER-25226
2026-10-05 03:42,2025-09-05,14:00,Эрдэнэс Тавантолгой ХК,Erdenes Tavan Tolgoi,25-70 1-3 CO,Coal,1/3 coking coal,1/3 коксжих нүүрс,USD,66.0,10.0,64000.0,https://mse.mn/uploads/auction_schedules/mn-25-70 1-3 CO.pdf,,,,,reported,,25-70 1-3 CO
2026-10-05 03:42,2025-09-05,14:00,Энержи Ресурс ХХК,Energy Resources,ER-25225,Coal,Washed medium-ash semi-hard coking coal,"Баяжуулсан дунд зэрэг үнстэй, хагас хатуу коксжих нүүрс",CNY,330.0,3.0,19200.0,https://mse.mn/uploads/auction_schedules/mn-ER-25225.pdf,,,,,reported,,ER-25225
2026-10-05 03:42,2025-09-05,13:00,Монголросцветмет ТӨҮГ,Mongolrostsvetmet (ex-Erdenes Critical Minerals),ECM-87,Iron ore,Iron ore Fe 52%,Fe-52% Төмрийн хүдэр,USD,63.0,2.0,6600.0,https://mse.mn/uploads/auction_schedules/mn-ECM-87.pdf,,,,,reported,,ECM-87
2026-10-05 03:42,2025-09-05,11:00,Эрдэнэс Тавантолгой ХК,Erdenes Tavan Tolgoi,25-69 1-3 CO,Coal,1/3 coking coal,1/3 коксжих нүүрс,USD,58.5,10.0,64000.0,https://mse.mn/uploads/auction_schedules/mn-25-69 1-3 CO.pdf,,,,,reported,,25-69 1-3 CO
2026-10-05 03:42,2025-09-05,11:00,Монголросцветмет ТӨҮГ,Mongolrostsvetmet (ex-Erdenes Critical Minerals),ECM-83,Iron ore,Iron ore Fe 52%,Fe-52% Төмрийн хүдэр,USD,63.0,2.0,6600.0,https://mse.mn/uploads/auction_schedules/mn-ECM-83.pdf,,,,,reported,,ECM-83
2026-10-05 03:42,2025-09-05,10:00,Эрдэнэс Тавантолгой ХК,Erdenes Tavan Tolgoi,25-50 OX,Coal,"Thermal coal (bituminous, non-caking)","Эрчим хүчний нүүрс /Битумт, үл барьцалдах нүүрс/",USD,38.9,20.0,128000.0,https://mse.mn/uploads/auction_schedules/mn-25-50 OX.pdf,,,,,reported,,25-50 OX
2026-10-05 03:42,2025-09-05,10:00,Энержи Ресурс ХХК,Energy Resources,ER-25224,Coal,Washed coking coal,Баяжуулсан коксжих нүүрс,CNY,800.0,2.0,12800.0,https://mse.mn/uploads/auction_schedules/mn-ER-25224.pdf,,,,,reported,,ER-25224
2026-10-05 03:42,2025-09-04,15:00,Эрдэнэс Тавантолгой ХК,Erdenes Tavan Tolgoi,25-68 1-3 CO,Coal,1/3 coking coal,1/3 коксжих нүүрс,USD,66.0,5.0,32000.0,https://mse.mn/uploads/auction_schedules/mn-25-68 1-3 CO.pdf,,,,,reported,,25-68 1-3 CO
2026-10-05 03:42,2025-09-04,14:00,Эрдэнэс Тавантолгой ХК,Erdenes Tavan Tolgoi,25-67 1-3 CO,Coal,1/3 coking coal,1/3 коксжих нүүрс,USD,58.5,3.0,19200.0,https://mse.mn/uploads/auction_schedules/mn-25-67 1-3 CO.pdf,,,,,reported,,25-67 1-3 CO
2026-10-05 03:42,2025-09-04,14:00,Энержи Ресурс ХХК,Energy Resources,ER-25223,Coal,Washed medium-ash semi-hard coking coal,"Баяжуулсан дунд зэрэг үнстэй, хагас хатуу коксжих нүүрс",CNY,330.0,3.0,19200.0,https://mse.mn/uploads/auction_schedules/mn-ER-25223.pdf,,,,,reported,,ER-25223
2026-10-05 03:42,2025-09-04,11:00,Эрдэнэс Тавантолгой ХК,Erdenes Tavan Tolgoi,25-49 OX,Coal,"Thermal coal (bituminous, non-caking)","Эрчим хүчний нүүрс /Битумт, үл барьцалдах нүүрс/",USD,44.1,40.0,256000.0,https://mse.mn/uploads/auction_schedules/mn-25-49 OX.pdf,,,,,reported,,25-49 OX
2026-10-05 03:42,2025-09-04,11:00,Монголросцветмет ТӨҮГ,Mongolrostsvetmet (ex-Erdenes Critical Minerals),ECM-82,Fluorspar,Fluorspar concentrate CaF2 95%,CaF2-95% Хайлуур жоншны баяжмал,USD,300.0,51.0,3315.0,https://mse.mn/uploads/auction_schedules/mn-ECM-82.pdf,,,,,reported,,ECM-82
2026-10-05 03:42,2025-09-04,10:00,Эрдэнэс Тавантолгой ХК,Erdenes Tavan Tolgoi,25-48 OX,Coal,"Thermal coal (bituminous, non-caking)","Эрчим хүчний нүүрс /Битумт, үл барьцалдах нүүрс/",USD,38.9,20.0,128000.0,https://mse.mn/uploads/auction_schedules/mn-25-48 OX.pdf,,,,,reported,,25-48 OX
2026-10-05 03:42,2025-09-04,10:00,Энержи Ресурс ХХК,Energy Resources,ER-25222,Coal,Washed coking coal,Баяжуулсан коксжих нүүрс,CNY,800.0,2.0,12800.0,https://mse.mn/uploads/auction_schedules/mn-ER-25222.pdf,,,,,reported,,ER-25222
2026-10-05 03:42,2025-09-03,14:00,Эрдэнэс Тавантолгой ХК,Erdenes Tavan Tolgoi,25-66 1-3 CO,Coal,1/3 coking coal,1/3 коксжих нүүрс,USD,73.4,3.0,19200.0,https://mse.mn/uploads/auction_schedules/mn-25-66 1-3 CO.pdf,,,,,reported,,25-66 1-3 CO
2026-10-05 03:42,2025-09-03,14:00,Энержи Ресурс ХХК,Energy Resources,ER-25221,Coal,Washed medium-ash semi-hard coking coal,"Баяжуулсан дунд зэрэг үнстэй, хагас хатуу коксжих нүүрс",CNY,330.0,3.0,19200.0,https://mse.mn/uploads/auction_schedules/mn-ER-25221.pdf,,,,,reported,,ER-25221
2026-10-05 03:42,2025-09-03,11:00,Эрдэнэс Тавантолгой ХК,Erdenes Tavan Tolgoi,25-65 1-3 CO,Coal,1/3 coking coal,1/3 коксжих нүүрс,USD,58.5,5.0,32000.0,https://mse.mn/uploads/auction_schedules/mn-25-65 1-3 CO.pdf,,,,,reported,,25-65 1-3 CO
2026-10-05 03:42,2025-09-03,11:00,Монголросцветмет ТӨҮГ,Mongolrostsvetmet (ex-Erdenes Critical Minerals),ECM-81,Iron ore,Iron ore Fe 52%,Fe-52% Төмрийн хүдэр,USD,63.0,2.0,6600.0,https://mse.mn/uploads/auction_schedules/mn-ECM-81.pdf,,,,,reported,,ECM-81
2026-10-05 03:42,2025-09-03,10:00,Эрдэнэс Тавантолгой ХК,Erdenes Tavan Tolgoi,25-47 OX,Coal,"Thermal coal (bituminous, non-caking)","Эрчим хүчний нүүрс /Битумт, үл барьцалдах нүүрс/",USD,38.9,10.0,64000.0,https://mse.mn/uploads/auction_schedules/mn-25-47 OX.pdf,,,,,reported,,25-47 OX
2026-10-05 03:42,2025-09-03,10:00,Энержи Ресурс ХХК,Energy Resources,ER-25220,Coal,Washed coking coal,Баяжуулсан коксжих нүүрс,CNY,800.0,2.0,12800.0,https://mse.mn/uploads/auction_schedules/mn-ER-25220.pdf,,,,,reported,,ER-25220
2026-10-05 03:42,2025-09-02,14:00,Их говь энержи ХХК,Их говь энержи ХХК,IGE-2508-01,Coal,Хагас антрацит,Хагас антрацит,CNY,590.0,1.0,6400.0,https://mse.mn/uploads/auction_schedules/mn-IGE-2508-01.pdf,,,,,reported,,IGE-2508-01
2026-10-05 03:42,2025-09-02,14:00,Энержи Ресурс ХХК,Energy Resources,ER-25219,Coal,Washed medium-ash semi-hard coking coal,"Баяжуулсан дунд зэрэг үнстэй, хагас хатуу коксжих нүүрс",CNY,330.0,3.0,19200.0,https://mse.mn/uploads/auction_schedules/mn-ER-25219.pdf,,,,,reported,,ER-25219
2026-10-05 03:42,2025-09-02,12:00,Их говь энержи ХХК,Их говь энержи ХХК,IGE-2508-04,Coal,Хагас антрацит,Хагас антрацит,CNY,560.0,1.0,6400.0,https://mse.mn/uploads/auction_schedules/mn-IGE-2508-04.pdf,,,,,reported,,IGE-2508-04
2026-10-05 03:42,2025-09-02,11:00,Эрдэнэс Тавантолгой ХК,Erdenes Tavan Tolgoi,25-46 OX,Coal,"Thermal coal (bituminous, non-caking)","Эрчим хүчний нүүрс /Битумт, үл барьцалдах нүүрс/",USD,44.1,5.0,32000.0,https://mse.mn/uploads/auction_schedules/mn-25-46 OX.pdf,,,,,reported,,25-46 OX
2026-10-05 03:42,2025-09-02,11:00,Их говь энержи ХХК,Их говь энержи ХХК,IGE-2508-02,Coal,Хагас антрацит,Хагас антрацит,CNY,590.0,1.0,6400.0,https://mse.mn/uploads/auction_schedules/mn-IGE-2508-02.pdf,,,,,reported,,IGE-2508-02
2026-10-05 03:42,2025-09-02,11:00,Монголросцветмет ТӨҮГ,Mongolrostsvetmet (ex-Erdenes Critical Minerals),ECM-80,Iron ore,Iron concentrate Fe 65%,Fe-65% Төмрийн баяжмал,USD,83.0,6.0,19800.0,https://mse.mn/uploads/auction_schedules/mn-ECM-80.pdf,,,,,reported,,ECM-80
2026-10-05 03:42,2025-09-02,10:00,Эрдэнэс Тавантолгой ХК,Erdenes Tavan Tolgoi,25-45 OX,Coal,"Thermal coal (bituminous, non-caking)","Эрчим хүчний нүүрс /Битумт, үл барьцалдах нүүрс/",USD,38.9,5.0,32000.0,https://mse.mn/uploads/auction_schedules/mn-25-45 OX.pdf,,,,,reported,,25-45 OX
2026-10-05 03:42,2025-09-02,10:00,Их говь энержи ХХК,Их говь энержи ХХК,IGE-2508-03,Coal,Хагас антрацит,Хагас антрацит,CNY,560.0,1.0,6400.0,https://mse.mn/uploads/auction_schedules/mn-IGE-2508-03.pdf,,,,,reported,,IGE-2508-03
2026-10-05 03:42,2025-09-02,10:00,Энержи Ресурс ХХК,Energy Resources,ER-25218,Coal,Washed coking coal,Баяжуулсан коксжих нүүрс,CNY,800.0,2.0,12800.0,https://mse.mn/uploads/auction_schedules/mn-ER-25218.pdf,,,,,reported,,ER-25218
2026-10-05 03:42,2025-09-01,14:00,Энержи Ресурс ХХК,Energy Resources,ER-25217,Coal,Washed medium-ash semi-hard coking coal,"Баяжуулсан дунд зэрэг үнстэй, хагас хатуу коксжих нүүрс",CNY,330.0,3.0,19200.0,https://mse.mn/uploads/auction_schedules/mn-ER-25217.pdf,,,,,reported,,ER-25217
2026-10-05 03:42,2025-09-01,11:00,Монголросцветмет ТӨҮГ,Mongolrostsvetmet (ex-Erdenes Critical Minerals),ECM-79,Iron ore,Iron ore Fe 52%,Fe-52% Төмрийн хүдэр,USD,63.0,4.0,13200.0,https://mse.mn/uploads/auction_schedules/mn-ECM-79.pdf,,,,,reported,,ECM-79
2026-10-05 03:42,2025-09-01,10:00,Энержи Ресурс ХХК,Energy Resources,ER-25216,Coal,Washed coking coal,Баяжуулсан коксжих нүүрс,CNY,800.0,2.0,12800.0,https://mse.mn/uploads/auction_schedules/mn-ER-25216.pdf,,,,,reported,,ER-25216
2026-10-05 03:42,2025-08-29,15:00,Эрдэнэс Тавантолгой ХК,Erdenes Tavan Tolgoi,25-64 1-3 CO,Coal,1/3 coking coal,1/3 коксжих нүүрс,USD,67.0,10.0,64000.0,https://mse.mn/uploads/auction_schedules/mn-25-64 1-3 CO.pdf,,,,,reported,,25-64 1-3 CO
2026-10-05 03:42,2025-08-29,14:00,Эрдэнэс Тавантолгой ХК,Erdenes Tavan Tolgoi,25-63 1-3 CO,Coal,1/3 coking coal,1/3 коксжих нүүрс,USD,59.3,10.0,64000.0,https://mse.mn/uploads/auction_schedules/mn-25-63 1-3 CO.pdf,,,,,reported,,25-63 1-3 CO
2026-10-05 03:42,2025-08-29,14:00,Энержи Ресурс ХХК,Energy Resources,ER-25215,Coal,Washed medium-ash semi-hard coking coal,"Баяжуулсан дунд зэрэг үнстэй, хагас хатуу коксжих нүүрс",CNY,330.0,3.0,19200.0,https://mse.mn/uploads/auction_schedules/mn-ER-25215.pdf,,,,,reported,,ER-25215
2026-10-05 03:42,2025-08-29,11:00,Эрдэнэс Тавантолгой ХК,Erdenes Tavan Tolgoi,25-44-OX,Coal,"Thermal coal (bituminous, non-caking)","Эрчим хүчний нүүрс /Битумт, үл барьцалдах нүүрс/",USD,46.0,10.0,64000.0,https://mse.mn/uploads/auction_schedules/mn-25-44-OX.pdf,,,,,reported,,25-44-OX
2026-10-05 03:42,2025-08-29,10:00,Энержи Ресурс ХХК,Energy Resources,ER-25214,Coal,Washed coking coal,Баяжуулсан коксжих нүүрс,CNY,800.0,2.0,12800.0,https://mse.mn/uploads/auction_schedules/mn-ER-25214.pdf,,,,,reported,,ER-25214
2026-10-05 03:42,2025-08-28,14:00,Эрдэнэс Тавантолгой ХК,Erdenes Tavan Tolgoi,25-62 1-3 CO,Coal,1/3 coking coal,1/3 коксжих нүүрс,USD,67.0,20.0,128000.0,https://mse.mn/uploads/auction_schedules/mn-25-62 1-3 CO.pdf,,,,,reported,,25-62 1-3 CO
2026-10-05 03:42,2025-08-28,14:00,Энержи Ресурс ХХК,Energy Resources,ER-25213,Coal,Washed medium-ash semi-hard coking coal,"Баяжуулсан дунд зэрэг үнстэй, хагас хатуу коксжих нүүрс",CNY,330.0,3.0,19200.0,https://mse.mn/uploads/auction_schedules/mn-ER-25213.pdf,,,,,reported,,ER-25213
2026-10-05 03:42,2025-08-28,11:00,Эрдэнэс Тавантолгой ХК,Erdenes Tavan Tolgoi,25-43-OX,Coal,"Thermal coal (bituminous, non-caking)","Эрчим хүчний нүүрс /Битумт, үл барьцалдах нүүрс/",USD,46.0,10.0,64000.0,https://mse.mn/uploads/auction_schedules/mn-25-43-OX.pdf,,,,,reported,,25-43-OX
2026-10-05 03:42,2025-08-28,11:00,Монголросцветмет ТӨҮГ,Mongolrostsvetmet (ex-Erdenes Critical Minerals),ECM-78,Iron ore,Iron ore Fe 52%,Fe-52% Төмрийн хүдэр,USD,63.0,2.0,6600.0,https://mse.mn/uploads/auction_schedules/mn-ECM-78.pdf,,,,,reported,,ECM-78
2026-10-05 03:42,2025-08-28,10:00,Эрдэнэс Тавантолгой ХК,Erdenes Tavan Tolgoi,25-42-OX,Coal,"Thermal coal (bituminous, non-caking)","Эрчим хүчний нүүрс /Битумт, үл барьцалдах нүүрс/",USD,40.6,10.0,64000.0,https://mse.mn/uploads/auction_schedules/mn-25-42-OX.pdf,,,,,reported,,25-42-OX
2026-10-05 03:42,2025-08-28,10:00,Энержи Ресурс ХХК,Energy Resources,ER-25212,Coal,Washed coking coal,Баяжуулсан коксжих нүүрс,CNY,800.0,2.0,12800.0,https://mse.mn/uploads/auction_schedules/mn-ER-25212.pdf,,,,,reported,,ER-25212
2026-10-05 03:42,2025-08-27,16:00,Эрдэнэс Тавантолгой ХК,Erdenes Tavan Tolgoi,25-07 WTC,Coal,Washed non-coking-quality coal,Баяжуулсан коксжих чанаргүй нүүрс,USD,46.7,3.0,19200.0,https://mse.mn/uploads/auction_schedules/mn-25-07 WTC.pdf,,,,,reported,,25-07 WTC
2026-10-05 03:42,2025-08-27,15:00,Эрдэнэт Үйлдвэр ТӨҮГ,Erdenet Mining Corporation,09-2025,Copper,Copper concentrate (22.35% Cu),22.35%-ийн зэсийн агуулгатай баяжмал,USD,2179.99,5.0,4530.0,https://mse.mn/uploads/auction_schedules/mn-09-2025.pdf,,,,,reported,,09-2025
2026-10-05 03:42,2025-08-27,14:00,Эрдэнэс Тавантолгой ХК,Erdenes Tavan Tolgoi,25-61 1-3 CO,Coal,1/3 coking coal,1/3 коксжих нүүрс,USD,59.3,5.0,32000.0,https://mse.mn/uploads/auction_schedules/mn-25-61 1-3 CO.pdf,,,,,reported,,25-61 1-3 CO
2026-10-05 03:42,2025-08-27,14:00,Энержи Ресурс ХХК,Energy Resources,ER-25211,Coal,Washed medium-ash semi-hard coking coal,"Баяжуулсан дунд зэрэг үнстэй, хагас хатуу коксжих нүүрс",CNY,330.0,3.0,19200.0,https://mse.mn/uploads/auction_schedules/mn-ER-25211.pdf,,,,,reported,,ER-25211
2026-10-05 03:42,2025-08-27,10:00,Эрдэнэс Тавантолгой ХК,Erdenes Tavan Tolgoi,25-41 OX,Coal,"Thermal coal (bituminous, non-caking)","Эрчим хүчний нүүрс /Битумт, үл барьцалдах нүүрс/",USD,40.6,20.0,128000.0,https://mse.mn/uploads/auction_schedules/mn-25-41 OX.pdf,,,,,reported,,25-41 OX
2026-10-05 03:42,2025-08-27,10:00,Энержи Ресурс ХХК,Energy Resources,ER-25210,Coal,Washed coking coal,Баяжуулсан коксжих нүүрс,CNY,800.0,2.0,12800.0,https://mse.mn/uploads/auction_schedules/mn-ER-25210.pdf,,,,,reported,,ER-25210
2026-10-05 03:42,2025-08-26,16:00,Эрдэнэс Тавантолгой ХК,Erdenes Tavan Tolgoi,25-19 WCO,Coal,Washed coking coal,Баяжуулсан коксжих нүүрс,USD,122.9,3.0,19200.0,https://mse.mn/uploads/auction_schedules/mn-25-19 WCO.pdf,,,,,reported,,25-19 WCO
2026-10-05 03:42,2025-08-26,15:00,Эрдэнэс Тавантолгой ХК,Erdenes Tavan Tolgoi,25-60 1-3 CO,Coal,1/3 coking coal,1/3 коксжих нүүрс,USD,74.4,5.0,32000.0,https://mse.mn/uploads/auction_schedules/mn-25-60 1-3 CO.pdf,,,,,reported,,25-60 1-3 CO
2026-10-05 03:42,2025-08-26,14:00,Эрдэнэс Тавантолгой ХК,Erdenes Tavan Tolgoi,25-59 1-3 CO,Coal,1/3 coking coal,1/3 коксжих нүүрс,USD,67.0,10.0,64000.0,https://mse.mn/uploads/auction_schedules/mn-25-59 1-3 CO.pdf,,,,,reported,,25-59 1-3 CO
2026-10-05 03:42,2025-08-26,14:00,Энержи Ресурс ХХК,Energy Resources,ER-25209,Coal,Washed medium-ash semi-hard coking coal,"Баяжуулсан дунд зэрэг үнстэй, хагас хатуу коксжих нүүрс",CNY,330.0,3.0,19200.0,https://mse.mn/uploads/auction_schedules/mn-ER-25209.pdf,,,,,reported,,ER-25209
2026-10-05 03:42,2025-08-26,11:00,Эрдэнэс Тавантолгой ХК,Erdenes Tavan Tolgoi,25-40 OX,Coal,"Thermal coal (bituminous, non-caking)","Эрчим хүчний нүүрс /Битумт, үл барьцалдах нүүрс/",USD,40.6,10.0,64000.0,https://mse.mn/uploads/auction_schedules/mn-25-40 OX.pdf,,,,,reported,,25-40 OX
2026-10-05 03:42,2025-08-26,11:00,Монголросцветмет ТӨҮГ,Mongolrostsvetmet (ex-Erdenes Critical Minerals),ECM-77,Iron ore,Iron ore Fe 52%,Fe-52% Төмрийн хүдэр,USD,63.0,2.0,6600.0,https://mse.mn/uploads/auction_schedules/mn-ECM-77.pdf,,,,,reported,,ECM-77
2026-10-05 03:42,2025-08-26,10:00,Эрдэнэс Тавантолгой ХК,Erdenes Tavan Tolgoi,25-39 OX,Coal,"Thermal coal (bituminous, non-caking)","Эрчим хүчний нүүрс /Битумт, үл барьцалдах нүүрс/",USD,40.6,20.0,128000.0,https://mse.mn/uploads/auction_schedules/mn-25-39 OX.pdf,,,,,reported,,25-39 OX
2026-10-05 03:42,2025-08-26,10:00,Энержи Ресурс ХХК,Energy Resources,ER-25208,Coal,Washed coking coal,Баяжуулсан коксжих нүүрс,CNY,800.0,2.0,12800.0,https://mse.mn/uploads/auction_schedules/mn-ER-25208.pdf,,,,,reported,,ER-25208
2026-10-05 03:42,2025-08-25,15:00,Андын Илч ХХК,Андын Илч ХХК,6,Coal,Чийг багатай хүрэн нүүрс,Чийг багатай хүрэн нүүрс,CNY,140.0,16.0,102400.0,https://mse.mn/uploads/auction_schedules/mn-6.pdf,,,,,reported,,6
2026-10-05 03:42,2025-08-25,14:00,Энержи Ресурс ХХК,Energy Resources,ER-25207,Coal,Washed medium-ash semi-hard coking coal,"Баяжуулсан дунд зэрэг үнстэй, хагас хатуу коксжих нүүрс",CNY,330.0,3.0,19200.0,https://mse.mn/uploads/auction_schedules/mn-ER-25207.pdf,,,,,reported,,ER-25207
2026-10-05 03:42,2025-08-25,10:00,Энержи Ресурс ХХК,Energy Resources,ER-25206,Coal,Washed coking coal,Баяжуулсан коксжих нүүрс,CNY,800.0,2.0,12800.0,https://mse.mn/uploads/auction_schedules/mn-ER-25206.pdf,,,,,reported,,ER-25206
2026-10-05 03:42,2025-08-22,14:00,Энержи Ресурс ХХК,Energy Resources,ER-25205,Coal,Washed medium-ash semi-hard coking coal,"Баяжуулсан дунд зэрэг үнстэй, хагас хатуу коксжих нүүрс",CNY,330.0,3.0,19200.0,https://mse.mn/uploads/auction_schedules/mn-ER-25205.pdf,,,,,reported,,ER-25205
2026-10-05 03:42,2025-08-22,12:00,Эрдэнэс Тавантолгой ХК,Erdenes Tavan Tolgoi,25-38 OX,Coal,"Thermal coal (bituminous, non-caking)","Эрчим хүчний нүүрс /Битумт, үл барьцалдах нүүрс/",USD,36.3,80.0,512000.0,https://mse.mn/uploads/auction_schedules/mn-25-38 OX.pdf,,,,,reported,,25-38 OX
2026-10-05 03:42,2025-08-22,11:00,Монголросцветмет ТӨҮГ,Mongolrostsvetmet (ex-Erdenes Critical Minerals),ECM-76,Iron ore,Iron ore Fe 52%,Fe-52% Төмрийн хүдэр,USD,63.0,2.0,6600.0,https://mse.mn/uploads/auction_schedules/mn-ECM-76.pdf,,,,,reported,,ECM-76
2026-10-05 03:42,2025-08-22,10:00,Энержи Ресурс ХХК,Energy Resources,ER-25204,Coal,Washed coking coal,Баяжуулсан коксжих нүүрс,CNY,800.0,2.0,12800.0,https://mse.mn/uploads/auction_schedules/mn-ER-25204.pdf,,,,,reported,,ER-25204
2026-10-05 03:42,2025-08-21,14:00,Эрдэнэс Тавантолгой ХК,Erdenes Tavan Tolgoi,25-58 1-3 CO,Coal,1/3 coking coal,1/3 коксжих нүүрс,USD,65.0,20.0,128000.0,https://mse.mn/uploads/auction_schedules/mn-25-58 1-3 CO.pdf,,,,,reported,,25-58 1-3 CO
2026-10-05 03:42,2025-08-21,14:00,Энержи Ресурс ХХК,Energy Resources,ER-25203,Coal,Washed medium-ash semi-hard coking coal,"Баяжуулсан дунд зэрэг үнстэй, хагас хатуу коксжих нүүрс",CNY,330.0,3.0,19200.0,https://mse.mn/uploads/auction_schedules/mn-ER-25203.pdf,,,,,reported,,ER-25203
2026-10-05 03:42,2025-08-21,12:00,Эрдэнэс Тавантолгой ХК,Erdenes Tavan Tolgoi,25-37 OX,Coal,"Thermal coal (bituminous, non-caking)","Эрчим хүчний нүүрс /Битумт, үл барьцалдах нүүрс/",USD,36.4,5.0,32000.0,https://mse.mn/uploads/auction_schedules/mn-25-37 OX.pdf,,,,,reported,,25-37 OX
2026-10-05 03:42,2025-08-21,10:00,Энержи Ресурс ХХК,Energy Resources,ER-25202,Coal,Washed coking coal,Баяжуулсан коксжих нүүрс,CNY,800.0,2.0,12800.0,https://mse.mn/uploads/auction_schedules/mn-ER-25202.pdf,,,,,reported,,ER-25202
2026-10-05 03:42,2025-08-20,14:00,Эрдэнэс Тавантолгой ХК,Erdenes Tavan Tolgoi,25-57 1-3 CO,Coal,1/3 coking coal,1/3 коксжих нүүрс,USD,65.0,10.0,64000.0,https://mse.mn/uploads/auction_schedules/mn-25-57 1-3 CO.pdf,,,,,reported,,25-57 1-3 CO
2026-10-05 03:42,2025-08-20,14:00,Энержи Ресурс ХХК,Energy Resources,ER-25201,Coal,Washed medium-ash semi-hard coking coal,"Баяжуулсан дунд зэрэг үнстэй, хагас хатуу коксжих нүүрс",CNY,330.0,3.0,19200.0,https://mse.mn/uploads/auction_schedules/mn-ER-25201.pdf,,,,,reported,,ER-25201
2026-10-05 03:42,2025-08-20,12:00,Эрдэнэс Тавантолгой ХК,Erdenes Tavan Tolgoi,25-36 OX,Coal,"Thermal coal (bituminous, non-caking)","Эрчим хүчний нүүрс /Битумт, үл барьцалдах нүүрс/",USD,36.4,10.0,64000.0,https://mse.mn/uploads/auction_schedules/mn-25-36 OX.pdf,,,,,reported,,25-36 OX
2026-10-05 03:42,2025-08-20,11:00,Монголросцветмет ТӨҮГ,Mongolrostsvetmet (ex-Erdenes Critical Minerals),ECM-75,Iron ore,Iron ore Fe 52%,Fe-52% Төмрийн хүдэр,USD,63.0,2.0,6600.0,https://mse.mn/uploads/auction_schedules/mn-ECM-75.pdf,,,,,reported,,ECM-75
2026-10-05 03:42,2025-08-20,10:00,Энержи Ресурс ХХК,Energy Resources,ER-25200,Coal,Washed coking coal,Баяжуулсан коксжих нүүрс,CNY,800.0,2.0,12800.0,https://mse.mn/uploads/auction_schedules/mn-ER-25200.pdf,,,,,reported,,ER-25200
2026-10-05 03:42,2025-08-19,14:00,Эрдэнэс Тавантолгой ХК,Erdenes Tavan Tolgoi,25-56 1-3 CO,Coal,1/3 coking coal,1/3 коксжих нүүрс,USD,65.0,10.0,64000.0,https://mse.mn/uploads/auction_schedules/mn-25-56 1-3 CO.pdf,,,,,reported,,25-56 1-3 CO
2026-10-05 03:42,2025-08-19,14:00,Энержи Ресурс ХХК,Energy Resources,ER-25199,Coal,Washed medium-ash semi-hard coking coal,"Баяжуулсан дунд зэрэг үнстэй, хагас хатуу коксжих нүүрс",CNY,330.0,3.0,19200.0,https://mse.mn/uploads/auction_schedules/mn-ER-25199.pdf,,,,,reported,,ER-25199
2026-10-05 03:42,2025-08-19,12:00,Эрдэнэс Тавантолгой ХК,Erdenes Tavan Tolgoi,25-35 OX,Coal,"Thermal coal (bituminous, non-caking)","Эрчим хүчний нүүрс /Битумт, үл барьцалдах нүүрс/",USD,36.4,5.0,32000.0,https://mse.mn/uploads/auction_schedules/mn-25-35 OX.pdf,,,,,reported,,25-35 OX
2026-10-05 03:42,2025-08-19,10:00,Энержи Ресурс ХХК,Energy Resources,ER-25198,Coal,Washed coking coal,Баяжуулсан коксжих нүүрс,CNY,800.0,2.0,12800.0,https://mse.mn/uploads/auction_schedules/mn-ER-25198.pdf,,,,,reported,,ER-25198
2026-10-05 03:42,2025-08-18,14:00,Энержи Ресурс ХХК,Energy Resources,ER-25197,Coal,Washed medium-ash semi-hard coking coal,"Баяжуулсан дунд зэрэг үнстэй, хагас хатуу коксжих нүүрс",CNY,330.0,3.0,19200.0,https://mse.mn/uploads/auction_schedules/mn-ER-25197.pdf,,,,,reported,,ER-25197
2026-10-05 03:42,2025-08-18,12:00,Эрдэнэс Тавантолгой ХК,Erdenes Tavan Tolgoi,25-34 OX,Coal,"Thermal coal (bituminous, non-caking)","Эрчим хүчний нүүрс /Битумт, үл барьцалдах нүүрс/",USD,36.4,3.0,19200.0,https://mse.mn/uploads/auction_schedules/mn-25-34 OX.pdf,,,,,reported,,25-34 OX
2026-10-05 03:42,2025-08-18,11:00,Монголросцветмет ТӨҮГ,Mongolrostsvetmet (ex-Erdenes Critical Minerals),ECM-74,Iron ore,Iron ore Fe 52%,Fe-52% Төмрийн хүдэр,USD,63.0,2.0,6600.0,https://mse.mn/uploads/auction_schedules/mn-ECM-74.pdf,,,,,reported,,ECM-74
2026-10-05 03:42,2025-08-18,10:00,Энержи Ресурс ХХК,Energy Resources,ER-25196,Coal,Washed coking coal,Баяжуулсан коксжих нүүрс,CNY,800.0,2.0,12800.0,https://mse.mn/uploads/auction_schedules/mn-ER-25196.pdf,,,,,reported,,ER-25196
2026-10-05 03:42,2025-08-15,14:00,Энержи Ресурс ХХК,Energy Resources,ER-25195,Coal,Washed medium-ash semi-hard coking coal,"Баяжуулсан дунд зэрэг үнстэй, хагас хатуу коксжих нүүрс",CNY,330.0,3.0,19200.0,https://mse.mn/uploads/auction_schedules/mn-ER-25195.pdf,,,,,reported,,ER-25195
2026-10-05 03:42,2025-08-15,12:00,Эрдэнэс Тавантолгой ХК,Erdenes Tavan Tolgoi,25-06-WTC,Coal,Washed non-coking-quality coal,Баяжуулсан коксжих чанаргүй нүүрс,USD,44.7,3.0,19200.0,https://mse.mn/uploads/auction_schedules/mn-25-06-WTC.pdf,,,,,reported,,25-06-WTC
2026-10-05 03:42,2025-08-15,11:00,Эрдэнэс Тавантолгой ХК,Erdenes Tavan Tolgoi,25-55-1-3-CO,Coal,1/3 coking coal,1/3 коксжих нүүрс,USD,66.4,40.0,256000.0,https://mse.mn/uploads/auction_schedules/mn-25-55-1-3-CO.pdf,,,,,reported,,25-55-1-3-CO
2026-10-05 03:42,2025-08-15,10:00,Энержи Ресурс ХХК,Energy Resources,ER-25194,Coal,Washed coking coal,Баяжуулсан коксжих нүүрс,CNY,800.0,2.0,12800.0,https://mse.mn/uploads/auction_schedules/mn-ER-25194.pdf,,,,,reported,,ER-25194
2026-10-05 03:42,2025-08-14,15:00,Эрдэнэс Тавантолгой ХК,Erdenes Tavan Tolgoi,25-16-WCO,Coal,Washed coking coal,Баяжуулсан коксжих нүүрс,USD,119.6,3.0,19200.0,https://mse.mn/uploads/auction_schedules/mn-25-16-WCO.pdf,,,,,reported,,25-16-WCO
2026-10-05 03:42,2025-08-14,14:00,Дарханы Төмөрлөгийн Үйлдвэр ХХК,Дарханы Төмөрлөгийн Үйлдвэр ХХК,DMP-2567,Iron ore,Iron concentrate Fe 65%,Fe-65% Төмрийн баяжмал,USD,78.0,3.0,9900.0,https://mse.mn/uploads/auction_schedules/mn-DMP-2567.pdf,,,,,reported,,DMP-2567
2026-10-05 03:42,2025-08-14,14:00,Энержи Ресурс ХХК,Energy Resources,ER-25193,Coal,Washed medium-ash semi-hard coking coal,"Баяжуулсан дунд зэрэг үнстэй, хагас хатуу коксжих нүүрс",CNY,330.0,3.0,19200.0,https://mse.mn/uploads/auction_schedules/mn-ER-25193.pdf,,,,,reported,,ER-25193
2026-10-05 03:42,2025-08-14,13:00,Эрдэнэс Тавантолгой ХК,Erdenes Tavan Tolgoi,ETT-25-05-WTO,Coal,Washed non-coking-quality coal,Баяжуулсан коксжих чанаргүй нүүрс,USD,44.7,3.0,19200.0,https://mse.mn/uploads/auction_schedules/mn-ETT-25-05-WTO.pdf,,,,,reported,,ETT-25-05-WTO
2026-10-05 03:42,2025-08-14,12:00,Эрдэнэс Тавантолгой ХК,Erdenes Tavan Tolgoi,ETT-25-54-1-3-CO,Coal,1/3 coking coal,1/3 коксжих нүүрс,USD,66.4,20.0,128000.0,https://mse.mn/uploads/auction_schedules/mn-ETT-25-54-1-3-CO.pdf,,,,,reported,,ETT-25-54-1-3-CO
2026-10-05 03:42,2025-08-14,11:00,Эрдэнэс Тавантолгой ХК,Erdenes Tavan Tolgoi,ETT-25-33-OX,Coal,"Thermal coal (bituminous, non-caking)","Эрчим хүчний нүүрс /Битумт, үл барьцалдах нүүрс/",USD,34.2,5.0,32000.0,https://mse.mn/uploads/auction_schedules/mn-ETT-25-33-OX.pdf,,,,,reported,,ETT-25-33-OX
2026-10-05 03:42,2025-08-14,11:00,Дарханы Төмөрлөгийн Үйлдвэр ХХК,Дарханы Төмөрлөгийн Үйлдвэр ХХК,DMP-2566,Iron ore,Fe-62% Төмрийн баяжмал,Fe-62% Төмрийн баяжмал,USD,70.0,8.0,26400.0,https://mse.mn/uploads/auction_schedules/mn-DMP-2566.pdf,,,,,reported,,DMP-2566
2026-10-05 03:42,2025-08-14,11:00,Монголросцветмет ТӨҮГ,Mongolrostsvetmet (ex-Erdenes Critical Minerals),ECM-73,Iron ore,Iron ore Fe 52%,Fe-52% Төмрийн хүдэр,USD,63.0,2.0,6600.0,https://mse.mn/uploads/auction_schedules/mn-ECM-73.pdf,,,,,reported,,ECM-73
2026-10-05 03:42,2025-08-14,10:00,Дарханы Төмөрлөгийн Үйлдвэр ХХК,Дарханы Төмөрлөгийн Үйлдвэр ХХК,DMP-2565,Iron ore,Fe-58% Төмрийн баяжмал,Fe-58% Төмрийн баяжмал,USD,59.0,18.0,59400.0,https://mse.mn/uploads/auction_schedules/mn-DMP-2565.pdf,,,,,reported,,DMP-2565
2026-10-05 03:42,2025-08-14,10:00,Энержи Ресурс ХХК,Energy Resources,ER-25192,Coal,Washed coking coal,Баяжуулсан коксжих нүүрс,CNY,800.0,2.0,12800.0,https://mse.mn/uploads/auction_schedules/mn-ER-25192.pdf,,,,,reported,,ER-25192
2026-10-05 03:42,2025-08-13,14:00,Дарханы Төмөрлөгийн Үйлдвэр ХХК,Дарханы Төмөрлөгийн Үйлдвэр ХХК,DMP-2564,Iron ore,Fe-58% Төмрийн баяжмал,Fe-58% Төмрийн баяжмал,USD,59.0,18.0,59400.0,https://mse.mn/uploads/auction_schedules/mn-DMP-2564.pdf,,,,,reported,,DMP-2564
2026-10-05 03:42,2025-08-13,14:00,Энержи Ресурс ХХК,Energy Resources,ER-25191,Coal,Washed medium-ash semi-hard coking coal,"Баяжуулсан дунд зэрэг үнстэй, хагас хатуу коксжих нүүрс",CNY,330.0,3.0,19200.0,https://mse.mn/uploads/auction_schedules/mn-ER-25191.pdf,,,,,reported,,ER-25191
2026-10-05 03:42,2025-08-13,13:00,Эрдэнэс Тавантолгой ХК,Erdenes Tavan Tolgoi,ETT-2518-WCO,Coal,Washed coking coal,Баяжуулсан коксжих нүүрс,USD,119.6,3.0,19200.0,https://mse.mn/uploads/auction_schedules/mn-ETT-2518-WCO.pdf,,,,,reported,,ETT-2518-WCO
2026-10-05 03:42,2025-08-13,12:00,Эрдэнэс Тавантолгой ХК,Erdenes Tavan Tolgoi,ETT-25-53-1-3-CO,Coal,1/3 coking coal,1/3 коксжих нүүрс,USD,72.2,80.0,512000.0,https://mse.mn/uploads/auction_schedules/mn-ETT-25-53-1-3-CO.pdf,,,,,reported,,ETT-25-53-1-3-CO
2026-10-05 03:42,2025-08-13,11:00,Эрдэнэс Тавантолгой ХК,Erdenes Tavan Tolgoi,ETT-2532-OX,Coal,"Thermal coal (bituminous, non-caking)","Эрчим хүчний нүүрс /Битумт, үл барьцалдах нүүрс/",USD,34.2,10.0,64000.0,https://mse.mn/uploads/auction_schedules/mn-ETT-2532-OX.pdf,,,,,reported,,ETT-2532-OX
2026-10-05 03:42,2025-08-13,11:00,Дарханы Төмөрлөгийн Үйлдвэр ХХК,Дарханы Төмөрлөгийн Үйлдвэр ХХК,DMP-2563,Iron ore,Fe-58% Төмрийн баяжмал,Fe-58% Төмрийн баяжмал,USD,55.0,18.0,59400.0,https://mse.mn/uploads/auction_schedules/mn-DMP-2563.pdf,,,,,reported,,DMP-2563
2026-10-05 03:42,2025-08-13,11:00,Монголросцветмет ТӨҮГ,Mongolrostsvetmet (ex-Erdenes Critical Minerals),ECM-72,Fluorspar,Fluorspar concentrate CaF2 95%,CaF2-95% Хайлуур жоншны баяжмал,USD,300.0,51.0,3315.0,https://mse.mn/uploads/auction_schedules/mn-ECM-72.pdf,,,,,reported,,ECM-72
2026-10-05 03:42,2025-08-13,10:00,Дарханы Төмөрлөгийн Үйлдвэр ХХК,Дарханы Төмөрлөгийн Үйлдвэр ХХК,DMP-2562,Iron ore,Fe-58% Төмрийн баяжмал,Fe-58% Төмрийн баяжмал,USD,55.0,18.0,59400.0,https://mse.mn/uploads/auction_schedules/mn-DMP-2562.pdf,,,,,reported,,DMP-2562
2026-10-05 03:42,2025-08-13,10:00,Энержи Ресурс ХХК,Energy Resources,ER-25190,Coal,Washed coking coal,Баяжуулсан коксжих нүүрс,CNY,800.0,2.0,12800.0,https://mse.mn/uploads/auction_schedules/mn-ER-25190.pdf,,,,,reported,,ER-25190
2026-10-05 03:42,2025-08-12,15:00,Эрдэнэс Тавантолгой ХК,Erdenes Tavan Tolgoi,ETT-2530-OX,Coal,"Thermal coal (bituminous, non-caking)","Эрчим хүчний нүүрс /Битумт, үл барьцалдах нүүрс/",USD,34.2,3.0,19200.0,https://mse.mn/uploads/auction_schedules/mn-ETT-2530-OX.pdf,,,,,reported,,ETT-2530-OX
2026-10-05 03:42,2025-08-12,14:00,Дарханы Төмөрлөгийн Үйлдвэр ХХК,Дарханы Төмөрлөгийн Үйлдвэр ХХК,DMP-2561,Iron ore,Fe-58% Төмрийн баяжмал,Fe-58% Төмрийн баяжмал,USD,55.0,36.0,118800.0,https://mse.mn/uploads/auction_schedules/mn-DMP-2561.pdf,,,,,reported,,DMP-2561
2026-10-05 03:42,2025-08-12,14:00,Энержи Ресурс ХХК,Energy Resources,ER-25189,Coal,Washed medium-ash semi-hard coking coal,"Баяжуулсан дунд зэрэг үнстэй, хагас хатуу коксжих нүүрс",CNY,330.0,3.0,19200.0,https://mse.mn/uploads/auction_schedules/mn-ER-25189.pdf,,,,,reported,,ER-25189
2026-10-05 03:42,2025-08-12,13:00,Эрдэнэс Тавантолгой ХК,Erdenes Tavan Tolgoi,ETT-2517-WCO,Coal,Washed coking coal,Баяжуулсан коксжих нүүрс,USD,119.6,3.0,19200.0,https://mse.mn/uploads/auction_schedules/mn-ETT-2517-WCO.pdf,,,,,reported,,ETT-2517-WCO
2026-10-05 03:42,2025-08-12,12:00,Эрдэнэс Тавантолгой ХК,Erdenes Tavan Tolgoi,ETT-2552-1-3-CO,Coal,1/3 coking coal,1/3 коксжих нүүрс,USD,66.4,10.0,64000.0,https://mse.mn/uploads/auction_schedules/mn-ETT-2552-1-3-CO.pdf,,,,,reported,,ETT-2552-1-3-CO
2026-10-05 03:42,2025-08-12,11:00,Эрдэнэс Тавантолгой ХК,Erdenes Tavan Tolgoi,ETT-2531-OX,Coal,"Thermal coal (bituminous, non-caking)","Эрчим хүчний нүүрс /Битумт, үл барьцалдах нүүрс/",USD,34.2,5.0,32000.0,https://mse.mn/uploads/auction_schedules/mn-ETT-2531-OX.pdf,,,,,reported,,ETT-2531-OX
2026-10-05 03:42,2025-08-12,11:00,Дарханы Төмөрлөгийн Үйлдвэр ХХК,Дарханы Төмөрлөгийн Үйлдвэр ХХК,DMP-2560,Iron ore,Fe-58% Төмрийн баяжмал,Fe-58% Төмрийн баяжмал,USD,55.0,36.0,118800.0,https://mse.mn/uploads/auction_schedules/mn-DMP-2560.pdf,,,,,reported,,DMP-2560
2026-10-05 03:42,2025-08-12,11:00,Монголросцветмет ТӨҮГ,Mongolrostsvetmet (ex-Erdenes Critical Minerals),ECM-71,Iron ore,Iron ore Fe 52%,Fe-52% Төмрийн хүдэр,USD,63.0,2.0,6600.0,https://mse.mn/uploads/auction_schedules/mn-ECM-71.pdf,,,,,reported,,ECM-71
2026-10-05 03:42,2025-08-12,10:00,Дарханы Төмөрлөгийн Үйлдвэр ХХК,Дарханы Төмөрлөгийн Үйлдвэр ХХК,DMP-2559,Iron ore,Fe-58% Төмрийн баяжмал,Fe-58% Төмрийн баяжмал,USD,55.0,36.0,118800.0,https://mse.mn/uploads/auction_schedules/mn-DMP-2559.pdf,,,,,reported,,DMP-2559
2026-10-05 03:42,2025-08-12,10:00,Энержи Ресурс ХХК,Energy Resources,ER-25188,Coal,Washed coking coal,Баяжуулсан коксжих нүүрс,CNY,800.0,2.0,12800.0,https://mse.mn/uploads/auction_schedules/mn-ER-25188.pdf,,,,,reported,,ER-25188
2026-10-05 03:42,2025-08-11,14:00,Энержи Ресурс ХХК,Energy Resources,ER-25187,Coal,Washed medium-ash semi-hard coking coal,"Баяжуулсан дунд зэрэг үнстэй, хагас хатуу коксжих нүүрс",CNY,330.0,3.0,19200.0,https://mse.mn/uploads/auction_schedules/mn-ER-25187.pdf,,,,,reported,,ER-25187
2026-10-05 03:42,2025-08-11,10:00,Энержи Ресурс ХХК,Energy Resources,ER-25186,Coal,Washed coking coal,Баяжуулсан коксжих нүүрс,CNY,800.0,2.0,12800.0,https://mse.mn/uploads/auction_schedules/mn-ER-25186.pdf,,,,,reported,,ER-25186
2026-10-05 03:42,2025-08-08,14:00,Эрдэнэс Тавантолгой ХК,Erdenes Tavan Tolgoi,ETT-2529-OX,Coal,"Thermal coal (bituminous, non-caking)","Эрчим хүчний нүүрс /Битумт, үл барьцалдах нүүрс/",USD,34.2,20.0,128000.0,https://mse.mn/uploads/auction_schedules/mn-ETT-2529-OX.pdf,,,,,reported,,ETT-2529-OX
2026-10-05 03:42,2025-08-08,11:00,Эрдэнэс Тавантолгой ХК,Erdenes Tavan Tolgoi,ETT-2551-1-3-CO,Coal,1/3 coking coal,1/3 коксжих нүүрс,USD,73.4,20.0,128000.0,https://mse.mn/uploads/auction_schedules/mn-ETT-2551-1-3-CO.pdf,,,,,reported,,ETT-2551-1-3-CO
2026-10-05 03:42,2025-08-08,11:00,Монголросцветмет ТӨҮГ,Mongolrostsvetmet (ex-Erdenes Critical Minerals),ECM-70,Iron ore,Iron ore Fe 52%,Fe-52% Төмрийн хүдэр,USD,63.0,2.0,6600.0,https://mse.mn/uploads/auction_schedules/mn-ECM-70.pdf,,,,,reported,,ECM-70
2026-10-05 03:42,2025-08-08,10:00,Энержи Ресурс ХХК,Energy Resources,ER-25185,Coal,Washed coking coal,Баяжуулсан коксжих нүүрс,CNY,800.0,2.0,12800.0,https://mse.mn/uploads/auction_schedules/mn-ER-25185.pdf,,,,,reported,,ER-25185
2026-10-05 03:42,2025-08-07,14:00,Эрдэнэс Тавантолгой ХК,Erdenes Tavan Tolgoi,ETT-2528-OX,Coal,"Thermal coal (bituminous, non-caking)","Эрчим хүчний нүүрс /Битумт, үл барьцалдах нүүрс/",USD,34.2,10.0,64000.0,https://mse.mn/uploads/auction_schedules/mn-ETT-2528-OX.pdf,,,,,reported,,ETT-2528-OX
2026-10-05 03:42,2025-08-07,14:00,Энержи Ресурс ХХК,Energy Resources,ER-25184,Coal,Washed medium-ash semi-hard coking coal,"Баяжуулсан дунд зэрэг үнстэй, хагас хатуу коксжих нүүрс",CNY,330.0,3.0,19200.0,https://mse.mn/uploads/auction_schedules/mn-ER-25184.pdf,,,,,reported,,ER-25184
2026-10-05 03:42,2025-08-07,11:00,Эрдэнэс Тавантолгой ХК,Erdenes Tavan Tolgoi,ETT-2550-1-3-CO,Coal,1/3 coking coal,1/3 коксжих нүүрс,USD,73.4,10.0,64000.0,https://mse.mn/uploads/auction_schedules/mn-ETT-2550-1-3-CO.pdf,,,,,reported,,ETT-2550-1-3-CO
2026-10-05 03:42,2025-08-07,11:00,Монголросцветмет ТӨҮГ,Mongolrostsvetmet (ex-Erdenes Critical Minerals),ECM-69,Fluorspar,Fluorspar concentrate CaF2 95%,CaF2-95% Хайлуур жоншны баяжмал,USD,300.0,51.0,3315.0,https://mse.mn/uploads/auction_schedules/mn-ECM-69.pdf,,,,,reported,,ECM-69
2026-10-05 03:42,2025-08-06,14:00,Эрдэнэс Тавантолгой ХК,Erdenes Tavan Tolgoi,ETT-2527-OX,Coal,"Thermal coal (bituminous, non-caking)","Эрчим хүчний нүүрс /Битумт, үл барьцалдах нүүрс/",USD,34.2,5.0,32000.0,https://mse.mn/uploads/auction_schedules/mn-ETT-2527-OX.pdf,,,,,reported,,ETT-2527-OX
2026-10-05 03:42,2025-08-06,11:00,Эрдэнэс Тавантолгой ХК,Erdenes Tavan Tolgoi,ETT-2549-1-3-CO,Coal,1/3 coking coal,1/3 коксжих нүүрс,USD,73.4,5.0,32000.0,https://mse.mn/uploads/auction_schedules/mn-ETT-2549-1-3-CO.pdf,,,,,reported,,ETT-2549-1-3-CO
2026-10-05 03:42,2025-08-06,11:00,Монголросцветмет ТӨҮГ,Mongolrostsvetmet (ex-Erdenes Critical Minerals),ECM-68,Iron ore,Iron ore Fe 52%,Fe-52% Төмрийн хүдэр,USD,63.0,4.0,13200.0,https://mse.mn/uploads/auction_schedules/mn-ECM-68.pdf,,,,,reported,,ECM-68
2026-10-05 03:42,2025-08-06,10:00,Энержи Ресурс ХХК,Energy Resources,ER-25183,Coal,Washed coking coal,Баяжуулсан коксжих нүүрс,CNY,800.0,2.0,12800.0,https://mse.mn/uploads/auction_schedules/mn-ER-25183.pdf,,,,,reported,,ER-25183
2026-10-05 03:42,2025-08-05,14:00,Энержи Ресурс ХХК,Energy Resources,ER-25182,Coal,Washed medium-ash semi-hard coking coal,"Баяжуулсан дунд зэрэг үнстэй, хагас хатуу коксжих нүүрс",CNY,330.0,3.0,19200.0,https://mse.mn/uploads/auction_schedules/mn-ER-25182.pdf,,,,,reported,,ER-25182
2026-10-05 03:42,2025-08-05,14:00,Тавантолгой ХК,Tavan Tolgoi JSC,TTOA-2025-035,Coal,Medium-volatile coking coal,"Дэгдэмхий бодис дунд, коксжих нүүрс",USD,78.0,157.0,1004800.0,https://mse.mn/uploads/auction_schedules/mn-TTOA-2025-035.pdf,,,,,reported,,TTOA-2025-035
2026-10-05 03:42,2025-08-05,11:00,Монголросцветмет ТӨҮГ,Mongolrostsvetmet (ex-Erdenes Critical Minerals),ECM-67,Iron ore,Iron concentrate Fe 65%,Fe-65% Төмрийн баяжмал,USD,83.0,6.0,19800.0,https://mse.mn/uploads/auction_schedules/mn-ECM-67.pdf,,,,,reported,,ECM-67
2026-10-05 03:42,2025-08-04,11:00,Монголросцветмет ТӨҮГ,Mongolrostsvetmet (ex-Erdenes Critical Minerals),ECM-66,Iron ore,Iron ore Fe 52%,Fe-52% Төмрийн хүдэр,USD,63.0,4.0,13200.0,https://mse.mn/uploads/auction_schedules/mn-ECM-66.pdf,,,,,reported,,ECM-66
2026-10-05 03:42,2025-08-04,10:00,Энержи Ресурс ХХК,Energy Resources,ER-25181,Coal,Washed coking coal,Баяжуулсан коксжих нүүрс,CNY,800.0,2.0,12800.0,https://mse.mn/uploads/auction_schedules/mn-ER-25181.pdf,,,,,reported,,ER-25181
2026-10-05 03:42,2025-08-01,14:00,Тавантолгой ХК,Tavan Tolgoi JSC,TTOA-2025-034,Coal,1/3 coking coal,1/3 коксжих нүүрс,USD,60.8,16.0,102400.0,https://mse.mn/uploads/auction_schedules/mn-TTOA-2025-034.pdf,,,,,reported,,TTOA-2025-034
2026-10-05 03:42,2025-08-01,14:00,Энержи Ресурс ХХК,Energy Resources,ER-25180,Coal,Washed medium-ash semi-hard coking coal,"Баяжуулсан дунд зэрэг үнстэй, хагас хатуу коксжих нүүрс",CNY,350.0,3.0,19200.0,https://mse.mn/uploads/auction_schedules/mn-ER-25180.pdf,,,,,reported,,ER-25180
2026-10-05 03:42,2025-07-31,14:00,Эрдэнэс Тавантолгой ХК,Erdenes Tavan Tolgoi,25-48-1-3 CO,Coal,1/3 coking coal,1/3 коксжих нүүрс,USD,63.2,20.0,128000.0,https://mse.mn/uploads/auction_schedules/mn-25-48-1-3 CO.pdf,,,,,reported,,25-48-1-3 CO
2026-10-05 03:42,2025-07-31,12:00,Эрдэнэс Тавантолгой ХК,Erdenes Tavan Tolgoi,25-26-OX,Coal,"Thermal coal (bituminous, non-caking)","Эрчим хүчний нүүрс /Битумт, үл барьцалдах нүүрс/",USD,33.9,20.0,128000.0,https://mse.mn/uploads/auction_schedules/mn-25-26-OX.pdf,,,,,reported,,25-26-OX
2026-10-05 03:42,2025-07-31,11:00,Монголросцветмет ТӨҮГ,Mongolrostsvetmet (ex-Erdenes Critical Minerals),ECM-64,Iron ore,Iron ore Fe 52%,Fe-52% Төмрийн хүдэр,USD,59.0,2.0,6600.0,https://mse.mn/uploads/auction_schedules/mn-ECM-64.pdf,,,,,reported,,ECM-64
2026-10-05 03:42,2025-07-30,16:00,Эрдэнэт Үйлдвэр ТӨҮГ,Erdenet Mining Corporation,08-2025,Copper,Copper concentrate (22.35% Cu),22.35%-ийн зэсийн агуулгатай баяжмал,USD,2211.36,5.0,4530.0,https://mse.mn/uploads/auction_schedules/mn-08-2025.pdf,,,,,reported,,08-2025
2026-10-05 03:42,2025-07-30,15:00,Эрдэнэс Тавантолгой ХК,Erdenes Tavan Tolgoi,25-1-WSSCC,Coal,Washed semi-soft coking coal,Баяжуулсан сул коксжих нүүрс,USD,86.8,2.0,12800.0,https://mse.mn/uploads/auction_schedules/mn-25-1-WSSCC.pdf,,,,,reported,,25-1-WSSCC
2026-10-05 03:42,2025-07-30,14:00,Эрдэнэс Тавантолгой ХК,Erdenes Tavan Tolgoi,25-47-1-3 CO,Coal,1/3 coking coal,1/3 коксжих нүүрс,USD,63.2,10.0,64000.0,https://mse.mn/uploads/auction_schedules/mn-25-47-1-3 CO.pdf,,,,,reported,,25-47-1-3 CO
2026-10-05 03:42,2025-07-30,14:00,Энержи Ресурс ХХК,Energy Resources,ER-25179,Coal,Washed medium-ash semi-hard coking coal,"Баяжуулсан дунд зэрэг үнстэй, хагас хатуу коксжих нүүрс",CNY,350.0,3.0,19200.0,https://mse.mn/uploads/auction_schedules/mn-ER-25179.pdf,,,,,reported,,ER-25179
2026-10-05 03:42,2025-07-30,12:00,Эрдэнэс Тавантолгой ХК,Erdenes Tavan Tolgoi,25-25-OX,Coal,"Thermal coal (bituminous, non-caking)","Эрчим хүчний нүүрс /Битумт, үл барьцалдах нүүрс/",USD,33.9,10.0,64000.0,https://mse.mn/uploads/auction_schedules/mn-25-25-OX.pdf,,,,,reported,,25-25-OX
2026-10-05 03:42,2025-07-30,12:00,Эрдэнэс Тавантолгой ХК,Erdenes Tavan Tolgoi,ETT-2546-1-3-CO,Coal,1/3 coking coal,1/3 коксжих нүүрс,USD,63.2,5.0,32000.0,https://mse.mn/uploads/auction_schedules/mn-ETT-2546-1-3-CO.pdf,,,,,reported,,ETT-2546-1-3-CO
2026-10-05 03:42,2025-07-30,11:00,Монголросцветмет ТӨҮГ,Mongolrostsvetmet (ex-Erdenes Critical Minerals),ECM-65,Fluorspar,CaF2 97% хайлуур жоншны баяжмал,CaF2 97% хайлуур жоншны баяжмал,USD,320.0,51.0,3315.0,https://mse.mn/uploads/auction_schedules/mn-ECM-65.pdf,,,,,reported,,ECM-65
2026-10-05 03:42,2025-07-29,14:00,Тавантолгой ХК,Tavan Tolgoi JSC,TTL 7-29,Coal,Medium-volatile coking coal,"Дэгдэмхий бодис дунд, коксжих нүүрс",USD,78.0,157.0,1004800.0,https://mse.mn/uploads/auction_schedules/mn-TTL 7-29.pdf,,,,,reported,,TTL 7-29
2026-10-05 03:42,2025-07-29,13:00,Эрдэнэс Тавантолгой ХК,Erdenes Tavan Tolgoi,25-15-WCO,Coal,Washed coking coal,Баяжуулсан коксжих нүүрс,USD,98.2,3.0,19200.0,https://mse.mn/uploads/auction_schedules/mn-25-15-WCO.pdf,,,,,reported,,25-15-WCO
2026-10-05 03:42,2025-07-29,12:00,Эрдэнэс Тавантолгой ХК,Erdenes Tavan Tolgoi,25-24-OX,Coal,"Thermal coal (bituminous, non-caking)","Эрчим хүчний нүүрс /Битумт, үл барьцалдах нүүрс/",USD,33.9,5.0,32000.0,https://mse.mn/uploads/auction_schedules/mn-25-24-OX.pdf,,,,,reported,,25-24-OX
2026-10-05 03:42,2025-07-29,11:00,Монголросцветмет ТӨҮГ,Mongolrostsvetmet (ex-Erdenes Critical Minerals),ECM-63,Iron ore,Iron ore Fe 52%,Fe-52% Төмрийн хүдэр,USD,59.0,2.0,6600.0,https://mse.mn/uploads/auction_schedules/mn-ECM-63.pdf,,,,,reported,,ECM-63
2026-10-05 03:42,2025-07-28,15:00,Дарханы Төмөрлөгийн Үйлдвэр ХХК,Дарханы Төмөрлөгийн Үйлдвэр ХХК,DMP-2557,Iron ore,Fe-58% Төмрийн баяжмал,Fe-58% Төмрийн баяжмал,USD,59.0,18.0,59400.0,https://mse.mn/uploads/auction_schedules/mn-DMP-2557.pdf,,,,,reported,,DMP-2557
2026-10-05 03:42,2025-07-28,12:00,Дарханы Төмөрлөгийн Үйлдвэр ХХК,Дарханы Төмөрлөгийн Үйлдвэр ХХК,DMP-2558,Iron ore,Fe-58% Төмрийн баяжмал,Fe-58% Төмрийн баяжмал,USD,55.0,18.0,59400.0,https://mse.mn/uploads/auction_schedules/mn-DMP-2558.pdf,,,,,reported,,DMP-2558
2026-10-05 03:42,2025-07-28,11:00,Монголросцветмет ТӨҮГ,Mongolrostsvetmet (ex-Erdenes Critical Minerals),ECM-62,Iron ore,Iron ore Fe 52%,Fe-52% Төмрийн хүдэр,USD,59.0,2.0,6600.0,https://mse.mn/uploads/auction_schedules/mn-ECM-62.pdf,,,,,reported,,ECM-62
2026-10-05 03:42,2025-07-28,10:00,Энержи Ресурс ХХК,Energy Resources,ER-25178,Coal,Washed coking coal,Баяжуулсан коксжих нүүрс,CNY,750.0,2.0,12800.0,https://mse.mn/uploads/auction_schedules/mn-ER-25178.pdf,,,,,reported,,ER-25178
2026-10-05 03:42,2025-07-25,14:00,Энержи Ресурс ХХК,Energy Resources,ER-25177,Coal,Washed medium-ash semi-hard coking coal,"Баяжуулсан дунд зэрэг үнстэй, хагас хатуу коксжих нүүрс",CNY,350.0,3.0,19200.0,https://mse.mn/uploads/auction_schedules/mn-ER-25177.pdf,,,,,reported,,ER-25177
2026-10-05 03:42,2025-07-25,11:00,Монголросцветмет ТӨҮГ,Mongolrostsvetmet (ex-Erdenes Critical Minerals),ECM-61,Iron ore,Iron ore Fe 52%,Fe-52% Төмрийн хүдэр,USD,59.0,2.0,6600.0,https://mse.mn/uploads/auction_schedules/mn-ECM-61.pdf,,,,,reported,,ECM-61
2026-10-05 03:42,2025-07-24,11:00,Монголросцветмет ТӨҮГ,Mongolrostsvetmet (ex-Erdenes Critical Minerals),ECM-60,Iron ore,Iron ore Fe 52%,Fe-52% Төмрийн хүдэр,USD,59.0,2.0,6600.0,https://mse.mn/uploads/auction_schedules/mn-ECM-60.pdf,,,,,reported,,ECM-60
2026-10-05 03:42,2025-07-23,14:00,Энержи Ресурс ХХК,Energy Resources,ER-25176,Coal,Washed medium-ash semi-hard coking coal,"Баяжуулсан дунд зэрэг үнстэй, хагас хатуу коксжих нүүрс",CNY,350.0,3.0,19200.0,https://mse.mn/uploads/auction_schedules/mn-ER-25176.pdf,,,,,reported,,ER-25176
2026-10-05 03:42,2025-07-23,12:00,Эрдэнэс Тавантолгой ХК,Erdenes Tavan Tolgoi,ETT-2545-1-3-CO,Coal,1/3 coking coal,1/3 коксжих нүүрс,USD,63.2,5.0,32000.0,https://mse.mn/uploads/auction_schedules/mn-ETT-2545-1-3-CO.pdf,,,,,reported,,ETT-2545-1-3-CO
2026-10-05 03:42,2025-07-23,11:00,Монголросцветмет ТӨҮГ,Mongolrostsvetmet (ex-Erdenes Critical Minerals),ECM-59,Iron ore,Iron ore Fe 52%,Fe-52% Төмрийн хүдэр,USD,59.0,2.0,6600.0,https://mse.mn/uploads/auction_schedules/mn-ECM-59.pdf,,,,,reported,,ECM-59
2026-10-05 03:42,2025-07-22,11:00,Монголросцветмет ТӨҮГ,Mongolrostsvetmet (ex-Erdenes Critical Minerals),ECM-58,Fluorspar,Fluorspar concentrate CaF2 95%,CaF2-95% Хайлуур жоншны баяжмал,USD,300.0,51.0,3315.0,https://mse.mn/uploads/auction_schedules/mn-ECM-58.pdf,,,,,reported,,ECM-58
2026-10-05 03:42,2025-07-21,11:00,Монголросцветмет ТӨҮГ,Mongolrostsvetmet (ex-Erdenes Critical Minerals),ECM-57,Iron ore,Iron ore Fe 52%,Fe-52% Төмрийн хүдэр,USD,59.0,2.0,6600.0,https://mse.mn/uploads/auction_schedules/mn-ECM-57.pdf,,,,,reported,,ECM-57
2026-10-05 03:42,2025-07-21,10:00,Энержи Ресурс ХХК,Energy Resources,ER-25175,Coal,Washed coking coal,Баяжуулсан коксжих нүүрс,CNY,750.0,2.0,12800.0,https://mse.mn/uploads/auction_schedules/mn-ER-25175.pdf,,,,,reported,,ER-25175
2026-10-05 03:42,2025-07-18,15:00,Тавантолгой ХК,Tavan Tolgoi JSC,TTOA-2025-031,Coal,Medium-volatile coking coal,"Дэгдэмхий бодис дунд, коксжих нүүрс",USD,78.0,39.0,249600.0,https://mse.mn/uploads/auction_schedules/mn-TTOA-2025-031.pdf,,,,,reported,,TTOA-2025-031
2026-10-05 03:42,2025-07-18,14:00,Тавантолгой ХК,Tavan Tolgoi JSC,TTOA-2025-032,Coal,Medium-volatile coking coal,"Дэгдэмхий бодис дунд, коксжих нүүрс",USD,78.0,39.0,249600.0,https://mse.mn/uploads/auction_schedules/mn-TTOA-2025-032.pdf,,,,,reported,,TTOA-2025-032
2026-10-05 03:42,2025-07-09,15:00,Дарханы Төмөрлөгийн Үйлдвэр ХХК,Дарханы Төмөрлөгийн Үйлдвэр ХХК,DMP-2556,Iron ore,Fe-58% Төмрийн баяжмал,Fe-58% Төмрийн баяжмал,USD,55.0,18.0,59400.0,https://mse.mn/uploads/auction_schedules/mn-DMP-2556.pdf,,,,,reported,,DMP-2556
2026-10-05 03:42,2025-07-09,14:00,Энержи Ресурс ХХК,Energy Resources,ER-25174,Coal,Washed medium-ash semi-hard coking coal,"Баяжуулсан дунд зэрэг үнстэй, хагас хатуу коксжих нүүрс",CNY,350.0,3.0,19200.0,https://mse.mn/uploads/auction_schedules/mn-ER-25174.pdf,,,,,reported,,ER-25174
2026-10-05 03:42,2025-07-09,12:00,Эрдэнэс Тавантолгой ХК,Erdenes Tavan Tolgoi,ETT-2544-1-3-CO,Coal,1/3 coking coal,1/3 коксжих нүүрс,USD,63.2,5.0,32000.0,https://mse.mn/uploads/auction_schedules/mn-ETT-2544-1-3-CO.pdf,,,,,reported,,ETT-2544-1-3-CO
2026-10-05 03:42,2025-07-09,12:00,Дарханы Төмөрлөгийн Үйлдвэр ХХК,Дарханы Төмөрлөгийн Үйлдвэр ХХК,DMP-2555,Iron ore,Fe-58% Төмрийн баяжмал,Fe-58% Төмрийн баяжмал,USD,55.0,18.0,59400.0,https://mse.mn/uploads/auction_schedules/mn-DMP-2555.pdf,,,,,reported,,DMP-2555
2026-10-05 03:42,2025-07-09,11:00,Эрдэнэс Тавантолгой ХК,Erdenes Tavan Tolgoi,ETT-2514-WCO,Coal,Washed coking coal,Баяжуулсан коксжих нүүрс,USD,92.1,5.0,32000.0,https://mse.mn/uploads/auction_schedules/mn-ETT-2514-WCO.pdf,,,,,reported,,ETT-2514-WCO
2026-10-05 03:42,2025-07-09,11:00,Монголросцветмет ТӨҮГ,Mongolrostsvetmet (ex-Erdenes Critical Minerals),ECM-56,Iron ore,Iron ore Fe 52%,Fe-52% Төмрийн хүдэр,USD,59.0,2.0,12800.0,https://mse.mn/uploads/auction_schedules/mn-ECM-56.pdf,,,,,reported,,ECM-56
2026-10-05 03:42,2025-07-09,10:00,Андын Илч ХХК,Андын Илч ХХК,AND-05,Coal,Чийг багатай хүрэн нүүрс,Чийг багатай хүрэн нүүрс,CNY,140.0,2.0,12800.0,https://mse.mn/uploads/auction_schedules/mn-AND-05.pdf,,,,,reported,,AND-05
2026-10-05 03:42,2025-07-08,14:00,Эрдэнэс Тавантолгой ХК,Erdenes Tavan Tolgoi,ETT-2505-CO,Coal,Medium-volatile coking coal,"Дэгдэмхий бодис дунд, коксжих нүүрс",USD,80.2,20.0,128000.0,https://mse.mn/uploads/auction_schedules/mn-ETT-2505-CO.pdf,,,,,reported,,ETT-2505-CO
2026-10-05 03:42,2025-07-08,14:00,Энержи Ресурс ХХК,Energy Resources,ER-25173,Coal,Washed medium-ash semi-hard coking coal,"Баяжуулсан дунд зэрэг үнстэй, хагас хатуу коксжих нүүрс",CNY,350.0,3.0,19200.0,https://mse.mn/uploads/auction_schedules/mn-ER-25173.pdf,,,,,reported,,ER-25173
2026-10-05 03:42,2025-07-08,13:00,Эрдэнэс Тавантолгой ХК,Erdenes Tavan Tolgoi,ETT-2504-CO,Coal,Medium-volatile coking coal,"Дэгдэмхий бодис дунд, коксжих нүүрс",USD,80.2,10.0,64000.0,https://mse.mn/uploads/auction_schedules/mn-ETT-2504-CO.pdf,,,,,reported,,ETT-2504-CO
2026-10-05 03:42,2025-07-08,12:00,Эрдэнэс Тавантолгой ХК,Erdenes Tavan Tolgoi,ETT-2503-CO,Coal,Medium-volatile coking coal,"Дэгдэмхий бодис дунд, коксжих нүүрс",USD,80.2,5.0,32000.0,https://mse.mn/uploads/auction_schedules/mn-ETT-2503-CO.pdf,,,,,reported,,ETT-2503-CO
2026-10-05 03:42,2025-07-08,11:00,Эрдэнэс Тавантолгой ХК,Erdenes Tavan Tolgoi,ETT-2521-OX,Coal,"Thermal coal (bituminous, non-caking)","Эрчим хүчний нүүрс /Битумт, үл барьцалдах нүүрс/",USD,32.9,5.0,32000.0,https://mse.mn/uploads/auction_schedules/mn-ETT-2521-OX.pdf,,,,,reported,,ETT-2521-OX
2026-10-05 03:42,2025-07-08,11:00,Монголросцветмет ТӨҮГ,Mongolrostsvetmet (ex-Erdenes Critical Minerals),ECM-55,Fluorspar,Fluorspar concentrate CaF2 95%,CaF2-95% Хайлуур жоншны баяжмал,USD,300.0,51.0,3315.0,https://mse.mn/uploads/auction_schedules/mn-ECM-55.pdf,,,,,reported,,ECM-55
2026-10-05 03:42,2025-07-07,15:00,Тавантолгой ХК,Tavan Tolgoi JSC,TTOA-2025-030,Coal,Medium-volatile coking coal,"Дэгдэмхий бодис дунд, коксжих нүүрс",USD,78.0,16.0,102400.0,https://mse.mn/uploads/auction_schedules/mn-TTOA-2025-030.pdf,,,,,reported,,TTOA-2025-030
2026-10-05 03:42,2025-07-07,14:00,Тавантолгой ХК,Tavan Tolgoi JSC,TTOA-2025-029,Coal,1/3 coking coal,1/3 коксжих нүүрс,USD,60.8,16.0,102400.0,https://mse.mn/uploads/auction_schedules/mn-TTOA-2025-029.pdf,,,,,reported,,TTOA-2025-029
2026-10-05 03:42,2025-07-07,11:00,Монголросцветмет ТӨҮГ,Mongolrostsvetmet (ex-Erdenes Critical Minerals),ECM-54,Iron ore,Iron ore Fe 52%,Fe-52% Төмрийн хүдэр,USD,59.0,2.0,6600.0,https://mse.mn/uploads/auction_schedules/mn-ECM-54.pdf,,,,,reported,,ECM-54
2026-10-05 03:42,2025-07-07,10:00,Энержи Ресурс ХХК,Energy Resources,ER-25172,Coal,Washed coking coal,Баяжуулсан коксжих нүүрс,CNY,750.0,2.0,12800.0,https://mse.mn/uploads/auction_schedules/mn-ER-25172.pdf,,,,,reported,,ER-25172
2026-10-05 03:42,2025-07-04,15:00,Эрдэнэс Тавантолгой ХК,Erdenes Tavan Tolgoi,ETT-2523-OX,Coal,"Thermal coal (bituminous, non-caking)","Эрчим хүчний нүүрс /Битумт, үл барьцалдах нүүрс/",USD,32.9,40.0,256000.0,https://mse.mn/uploads/auction_schedules/mn-ETT-2523-OX.pdf,,,,,reported,,ETT-2523-OX
2026-10-05 03:42,2025-07-04,15:00,Тавантолгой ХК,Tavan Tolgoi JSC,TTOA-2025-028,Coal,Medium-volatile coking coal,"Дэгдэмхий бодис дунд, коксжих нүүрс",USD,78.0,16.0,102400.0,https://mse.mn/uploads/auction_schedules/mn-TTOA-2025-028.pdf,,,,,reported,,TTOA-2025-028
2026-10-05 03:42,2025-07-04,14:00,Эрдэнэс Тавантолгой ХК,Erdenes Tavan Tolgoi,ETT-2522-OX,Coal,"Thermal coal (bituminous, non-caking)","Эрчим хүчний нүүрс /Битумт, үл барьцалдах нүүрс/",USD,32.9,40.0,256000.0,https://mse.mn/uploads/auction_schedules/mn-ETT-2522-OX.pdf,,,,,reported,,ETT-2522-OX
2026-10-05 03:42,2025-07-04,14:00,Тавантолгой ХК,Tavan Tolgoi JSC,TTOA-2025-027,Coal,1/3 coking coal,1/3 коксжих нүүрс,USD,63.5,16.0,102400.0,https://mse.mn/uploads/auction_schedules/mn-TTOA-2025-027.pdf,,,,,reported,,TTOA-2025-027
2026-10-05 03:42,2025-07-04,14:00,Энержи Ресурс ХХК,Energy Resources,ER-25171,Coal,Washed medium-ash semi-hard coking coal,"Баяжуулсан дунд зэрэг үнстэй, хагас хатуу коксжих нүүрс",CNY,350.0,3.0,19200.0,https://mse.mn/uploads/auction_schedules/mn-ER-25171.pdf,,,,,reported,,ER-25171
2026-10-05 03:42,2025-07-04,11:00,Эрдэнэс Тавантолгой ХК,Erdenes Tavan Tolgoi,ETT-25-20-OX,Coal,"Thermal coal (bituminous, non-caking)","Эрчим хүчний нүүрс /Битумт, үл барьцалдах нүүрс/",USD,32.9,10.0,64000.0,https://mse.mn/uploads/auction_schedules/mn-ETT-2520-OX.pdf,,,,,reported,,ETT-25-20-OX
2026-10-05 03:42,2025-07-04,11:00,Монголросцветмет ТӨҮГ,Mongolrostsvetmet (ex-Erdenes Critical Minerals),ECM-53,Iron ore,Iron ore Fe 52%,Fe-52% Төмрийн хүдэр,USD,59.0,2.0,6600.0,https://mse.mn/uploads/auction_schedules/mn-ECM-53.pdf,,,,,reported,,ECM-53
2026-10-05 03:42,2025-07-03,15:00,Тавантолгой ХК,Tavan Tolgoi JSC,TTOA-2025-026,Coal,Medium-volatile coking coal,"Дэгдэмхий бодис дунд, коксжих нүүрс",USD,78.0,16.0,102400.0,https://mse.mn/uploads/auction_schedules/mn-TTOA-2025-026.pdf,,,,,reported,,TTOA-2025-026
2026-10-05 03:42,2025-07-03,14:00,Тавантолгой ХК,Tavan Tolgoi JSC,TTOA-2025-025,Coal,1/3 coking coal,1/3 коксжих нүүрс,USD,63.5,16.0,102400.0,https://mse.mn/uploads/auction_schedules/mn-TTOA-2025-025.pdf,,,,,reported,,TTOA-2025-025
2026-10-05 03:42,2025-07-03,11:00,Эрдэнэс Тавантолгой ХК,Erdenes Tavan Tolgoi,ETT-2502-CO,Coal,Medium-volatile coking coal,"Дэгдэмхий бодис дунд, коксжих нүүрс",USD,80.0,5.0,32000.0,https://mse.mn/uploads/auction_schedules/mn-ETT-2502-CO.pdf,,,,,reported,,ETT-2502-CO
2026-10-05 03:42,2025-07-03,11:00,Монголросцветмет ТӨҮГ,Mongolrostsvetmet (ex-Erdenes Critical Minerals),ECM-52,Iron ore,Iron ore Fe 52%,Fe-52% Төмрийн хүдэр,USD,59.0,2.0,6600.0,https://mse.mn/uploads/auction_schedules/mn-ECM-52.pdf,,,,,reported,,ECM-52
2026-10-05 03:42,2025-07-02,15:00,Тавантолгой ХК,Tavan Tolgoi JSC,TTOA-2025-024,Coal,Medium-volatile coking coal,"Дэгдэмхий бодис дунд, коксжих нүүрс",USD,78.0,16.0,102400.0,https://mse.mn/uploads/auction_schedules/mn-TTOA-2025-023.pdf,,,,,reported,,TTOA-2025-024
2026-10-05 03:42,2025-07-02,14:00,Тавантолгой ХК,Tavan Tolgoi JSC,TTOA-2025-023,Coal,1/3 coking coal,1/3 коксжих нүүрс,USD,63.5,16.0,102400.0,https://mse.mn/uploads/auction_schedules/mn-TTOA-2025-022.pdf,,,,,reported,,TTOA-2025-023
2026-10-05 03:42,2025-07-02,14:00,Энержи Ресурс ХХК,Energy Resources,ER-25170,Coal,Washed medium-ash semi-hard coking coal,"Баяжуулсан дунд зэрэг үнстэй, хагас хатуу коксжих нүүрс",CNY,350.0,3.0,19200.0,https://mse.mn/uploads/auction_schedules/mn-ER-25170.pdf,,,,,reported,,ER-25170
2026-10-05 03:42,2025-07-02,11:00,Монголросцветмет ТӨҮГ,Mongolrostsvetmet (ex-Erdenes Critical Minerals),ECM-51,Iron ore,Iron concentrate Fe 65%,Fe-65% Төмрийн баяжмал,USD,78.0,6.0,19800.0,https://mse.mn/uploads/auction_schedules/mn-ECM-51.pdf,,,,,reported,,ECM-51
2026-10-05 03:42,2025-07-01,11:00,Монголросцветмет ТӨҮГ,Mongolrostsvetmet (ex-Erdenes Critical Minerals),ECM-50,Iron ore,Iron ore Fe 52%,Fe-52% Төмрийн хүдэр,USD,59.0,2.0,6600.0,https://mse.mn/uploads/auction_schedules/mn-ECM-50.pdf,,,,,reported,,ECM-50
2026-10-05 03:42,2025-06-30,14:00,Андын Илч ХХК,Андын Илч ХХК,AND04,Coal,Чийг багатай хүрэн нүүрс,Чийг багатай хүрэн нүүрс,CNY,140.0,2.0,12800.0,https://mse.mn/uploads/auction_schedules/mn-AND-04.pdf,,,,,reported,,AND04
2026-10-05 03:42,2025-06-30,11:00,Эрдэнэс Тавантолгой ХК,Erdenes Tavan Tolgoi,ETT-2543-1-3-CO,Coal,1/3 coking coal,1/3 коксжих нүүрс,USD,63.2,5.0,32000.0,https://mse.mn/uploads/auction_schedules/mn-ETT-2543-1-3-CO.pdf,,,,,reported,,ETT-2543-1-3-CO
2026-10-05 03:42,2025-06-30,10:00,Энержи Ресурс ХХК,Energy Resources,ER-25169,Coal,Washed coking coal,Баяжуулсан коксжих нүүрс,CNY,750.0,2.0,12800.0,https://mse.mn/uploads/auction_schedules/mn-ER-25169.pdf,,,,,reported,,ER-25169
2026-10-05 03:42,2025-06-27,14:00,Эрдэнэс Тавантолгой ХК,Erdenes Tavan Tolgoi,ETT-2542-1-3-CO,Coal,1/3 coking coal,1/3 коксжих нүүрс,USD,63.2,5.0,32000.0,https://mse.mn/uploads/auction_schedules/mn-ETT-2542-1-3-CO.pdf,,,,,reported,,ETT-2542-1-3-CO
2026-10-05 03:42,2025-06-27,14:00,Хангад Эксплорэйшн ХХК,Khangad Exploration,KH-25071,Coal,Washed semi-soft coking coal,Баяжуулсан сул коксжих нүүрс,CNY,600.0,2.0,12800.0,https://mse.mn/uploads/auction_schedules/mn-KH-25071.pdf,,,,,reported,,KH-25071
2026-10-05 03:42,2025-06-27,11:00,Эрдэнэс Тавантолгой ХК,Erdenes Tavan Tolgoi,ETT-2504-WTC,Coal,Washed non-coking-quality coal,Баяжуулсан коксжих чанаргүй нүүрс,USD,40.4,5.0,32000.0,https://mse.mn/uploads/auction_schedules/mn-ETT-2504-WTC.pdf,,,,,reported,,ETT-2504-WTC
2026-10-05 03:42,2025-06-27,11:00,Монголросцветмет ТӨҮГ,Mongolrostsvetmet (ex-Erdenes Critical Minerals),ECM-47,Iron ore,Iron ore Fe 52%,Fe-52% Төмрийн хүдэр,USD,59.0,2.0,6600.0,https://mse.mn/uploads/auction_schedules/mn-ECM-47.pdf,,,,,reported,,ECM-47
2026-10-05 03:42,2025-06-27,10:00,Энержи Ресурс ХХК,Energy Resources,ER-25168,Coal,Washed coking coal,Баяжуулсан коксжих нүүрс,CNY,750.0,2.0,12800.0,https://mse.mn/uploads/auction_schedules/mn-ER-25168.pdf,,,,,reported,,ER-25168
2026-10-05 03:42,2025-06-26,15:00,Тавантолгой ХК,Tavan Tolgoi JSC,TTOA-2025-022,Coal,Medium-volatile coking coal,"Дэгдэмхий бодис дунд, коксжих нүүрс",USD,78.0,16.0,102400.0,https://mse.mn/uploads/auction_schedules/mn-TTOA-2025-022.pdf,,,,,reported,,TTOA-2025-022
2026-10-05 03:42,2025-06-26,14:00,Энержи Ресурс ХХК,Energy Resources,ER-25167,Coal,Washed medium-ash semi-hard coking coal,"Баяжуулсан дунд зэрэг үнстэй, хагас хатуу коксжих нүүрс",CNY,350.0,3.0,19200.0,https://mse.mn/uploads/auction_schedules/mn-ER-25167.pdf,,,,,reported,,ER-25167
2026-10-05 03:42,2025-06-26,11:00,Эрдэнэс Тавантолгой ХК,Erdenes Tavan Tolgoi,ETT-2503-WTC,Coal,Washed non-coking-quality coal,Баяжуулсан коксжих чанаргүй нүүрс,USD,36.9,5.0,32000.0,https://mse.mn/uploads/auction_schedules/mn-ETT-2503-WTC.pdf,,,,,reported,,ETT-2503-WTC
2026-10-05 03:42,2025-06-26,11:00,Монголросцветмет ТӨҮГ,Mongolrostsvetmet (ex-Erdenes Critical Minerals),ECM-48,Iron ore,Iron ore Fe 52%,Fe-52% Төмрийн хүдэр,USD,59.0,9.0,29700.0,https://mse.mn/uploads/auction_schedules/mn-ECM-48.pdf,,,,,reported,,ECM-48
2026-10-05 03:42,2025-06-26,10:00,Энержи Ресурс ХХК,Energy Resources,ER-25166,Coal,Washed non-coking-quality coal,Баяжуулсан коксжих чанаргүй нүүрс,CNY,350.0,4.0,25600.0,https://mse.mn/uploads/auction_schedules/mn-ER-25166.pdf,,,,,reported,,ER-25166
2026-10-05 03:42,2025-06-25,16:00,Эрдэнэт Үйлдвэр ТӨҮГ,Erdenet Mining Corporation,EMC-7,Copper,Copper concentrate (22.35% Cu),22.35%-ийн зэсийн агуулгатай баяжмал,USD,2193.74,5.0,4530.0,https://mse.mn/uploads/auction_schedules/mn-EMC-7.pdf,,,,,reported,,EMC-7
2026-10-05 03:42,2025-06-25,15:00,Тавантолгой ХК,Tavan Tolgoi JSC,TTOA-2025-021,Coal,1/3 coking coal,1/3 коксжих нүүрс,USD,63.5,16.0,102400.0,https://mse.mn/uploads/auction_schedules/mn-TTOA-2025-021.pdf,,,,,reported,,TTOA-2025-021
2026-10-05 03:42,2025-06-25,14:00,Энержи Ресурс ХХК,Energy Resources,ER-25165,Coal,Washed medium-ash semi-hard coking coal,"Баяжуулсан дунд зэрэг үнстэй, хагас хатуу коксжих нүүрс",CNY,350.0,3.0,19200.0,https://mse.mn/uploads/auction_schedules/mn-ER-25165.pdf,,,,,reported,,ER-25165
2026-10-05 03:42,2025-06-25,11:00,Монголросцветмет ТӨҮГ,Mongolrostsvetmet (ex-Erdenes Critical Minerals),ECM-46,Iron ore,Iron ore Fe 52%,Fe-52% Төмрийн хүдэр,USD,59.0,2.0,6600.0,https://mse.mn/uploads/auction_schedules/mn-ECM-46.pdf,,,,,reported,,ECM-46
2026-10-05 03:42,2025-06-25,10:00,Энержи Ресурс ХХК,Energy Resources,ER-25164,Coal,Washed medium-ash semi-hard coking coal,"Баяжуулсан дунд зэрэг үнстэй, хагас хатуу коксжих нүүрс",CNY,350.0,3.0,19200.0,https://mse.mn/uploads/auction_schedules/mn-ER-25164.pdf,,,,,reported,,ER-25164
2026-10-05 03:42,2025-06-24,14:00,Энержи Ресурс ХХК,Energy Resources,ER-25163,Coal,Washed medium-ash semi-hard coking coal,"Баяжуулсан дунд зэрэг үнстэй, хагас хатуу коксжих нүүрс",CNY,350.0,3.0,19200.0,https://mse.mn/uploads/auction_schedules/mn-ER-25163.pdf,,,,,reported,,ER-25163
2026-10-05 03:42,2025-06-24,11:00,Монголросцветмет ТӨҮГ,Mongolrostsvetmet (ex-Erdenes Critical Minerals),ECM-45,Iron ore,Iron concentrate Fe 65%,Fe-65% Төмрийн баяжмал,USD,78.0,6.0,19800.0,https://mse.mn/uploads/auction_schedules/mn-ECM-45.pdf,,,,,reported,,ECM-45
2026-10-05 03:42,2025-06-24,10:00,Энержи Ресурс ХХК,Energy Resources,ER-25162,Coal,Washed coking coal,Баяжуулсан коксжих нүүрс,CNY,750.0,2.0,12800.0,https://mse.mn/uploads/auction_schedules/mn-ER-25162.pdf,,,,,reported,,ER-25162
2026-10-05 03:42,2025-06-23,14:00,Энержи Ресурс ХХК,Energy Resources,ER-25161,Coal,Washed medium-ash semi-hard coking coal,"Баяжуулсан дунд зэрэг үнстэй, хагас хатуу коксжих нүүрс",CNY,350.0,3.0,19200.0,https://mse.mn/uploads/auction_schedules/mn-ER-25161.pdf,,,,,reported,,ER-25161
2026-10-05 03:42,2025-06-23,11:00,Монголросцветмет ТӨҮГ,Mongolrostsvetmet (ex-Erdenes Critical Minerals),ECM-44,Iron ore,Iron ore Fe 52%,Fe-52% Төмрийн хүдэр,USD,59.0,2.0,6600.0,https://mse.mn/uploads/auction_schedules/mn-ECM-44.pdf,,,,,reported,,ECM-44
2026-10-05 03:42,2025-06-23,11:00,Эрдэнэс Тавантолгой ХК,Erdenes Tavan Tolgoi,ETT-25-19-OX,Coal,"Thermal coal (bituminous, non-caking)","Эрчим хүчний нүүрс /Битумт, үл барьцалдах нүүрс/",USD,35.1,10.0,64000.0,https://mse.mn/uploads/auction_schedules/mn-ETT-25-19-OX.pdf,,,,,reported,,ETT-25-19-OX
2026-10-05 03:42,2025-06-23,10:00,Энержи Ресурс ХХК,Energy Resources,ER-25160,Coal,Washed coking coal,Баяжуулсан коксжих нүүрс,CNY,750.0,2.0,12800.0,https://mse.mn/uploads/auction_schedules/mn-ER-25160.pdf,,,,,reported,,ER-25160
2026-10-05 03:42,2025-06-20,14:00,Хангад Эксплорэйшн ХХК,Khangad Exploration,KH-25070,Coal,Washed semi-soft coking coal,Баяжуулсан сул коксжих нүүрс,CNY,600.0,2.0,12800.0,https://mse.mn/uploads/auction_schedules/mn-KH-25070.pdf,,,,,reported,,KH-25070
2026-10-05 03:42,2025-06-20,11:00,Монголросцветмет ТӨҮГ,Mongolrostsvetmet (ex-Erdenes Critical Minerals),ECM-49,Fluorspar,Fluorspar concentrate CaF2 95%,CaF2-95% Хайлуур жоншны баяжмал,USD,300.0,51.0,3315.0,https://mse.mn/uploads/auction_schedules/mn-ECM-49.pdf,,,,,reported,,ECM-49
2026-10-05 03:42,2025-06-20,10:00,Энержи Ресурс ХХК,Energy Resources,ER-25159,Coal,Washed coking coal,Баяжуулсан коксжих нүүрс,CNY,750.0,2.0,12800.0,https://mse.mn/uploads/auction_schedules/mn-ER-25159.pdf,,,,,reported,,ER-25159
2026-10-05 03:42,2025-06-19,14:00,Энержи Ресурс ХХК,Energy Resources,ER-25158,Coal,Washed medium-ash semi-hard coking coal,"Баяжуулсан дунд зэрэг үнстэй, хагас хатуу коксжих нүүрс",CNY,350.0,3.0,19200.0,https://mse.mn/uploads/auction_schedules/mn-ER-25158.pdf,,,,,reported,,ER-25158
2026-10-05 03:42,2025-06-19,11:00,Монголросцветмет ТӨҮГ,Mongolrostsvetmet (ex-Erdenes Critical Minerals),ECM-43,Iron ore,Iron ore Fe 52%,Fe-52% Төмрийн хүдэр,USD,59.0,2.0,6600.0,https://mse.mn/uploads/auction_schedules/mn-ECM-43.pdf,,,,,reported,,ECM-43
2026-10-05 03:42,2025-06-19,10:00,Хангад Эксплорэйшн ХХК,Khangad Exploration,KH-25069,Coal,Washed non-coking-quality coal,Баяжуулсан коксжих чанаргүй нүүрс,CNY,350.0,4.0,25600.0,https://mse.mn/uploads/auction_schedules/mn-KH-25069.pdf,,,,,reported,,KH-25069
2026-10-05 03:42,2025-06-18,14:00,Энержи Ресурс ХХК,Energy Resources,ER-25157,Coal,Washed medium-ash semi-hard coking coal,"Баяжуулсан дунд зэрэг үнстэй, хагас хатуу коксжих нүүрс",CNY,350.0,3.0,19200.0,https://mse.mn/uploads/auction_schedules/mn-ER-25157.pdf,,,,,reported,,ER-25157
2026-10-05 03:42,2025-06-18,11:00,Эрдэнэс Тавантолгой ХК,Erdenes Tavan Tolgoi,ETT-25-40-1-3-CO,Coal,1/3 coking coal,1/3 коксжих нүүрс,USD,64.3,5.0,32000.0,https://mse.mn/uploads/auction_schedules/mn-ETT-25-40-1-3-CO.pdf,,,,,reported,,ETT-25-40-1-3-CO
2026-10-05 03:42,2025-06-18,10:00,Энержи Ресурс ХХК,Energy Resources,ER-25156,Coal,Washed medium-ash semi-hard coking coal,"Баяжуулсан дунд зэрэг үнстэй, хагас хатуу коксжих нүүрс",CNY,350.0,3.0,19200.0,https://mse.mn/uploads/auction_schedules/mn-ER-25156.pdf,,,,,reported,,ER-25156
2026-10-05 03:42,2025-06-17,14:00,Энержи Ресурс ХХК,Energy Resources,ER-25155,Coal,Washed medium-ash semi-hard coking coal,"Баяжуулсан дунд зэрэг үнстэй, хагас хатуу коксжих нүүрс",CNY,350.0,3.0,19200.0,https://mse.mn/uploads/auction_schedules/mn-KH-25155.pdf,,,,,reported,,ER-25155
2026-10-05 03:42,2025-06-17,11:00,Эрдэнэс Тавантолгой ХК,Erdenes Tavan Tolgoi,ETT-25-39-1-3-CO,Coal,1/3 coking coal,1/3 коксжих нүүрс,USD,64.3,5.0,32000.0,https://mse.mn/uploads/auction_schedules/mn-ETT-25-39-1-3-CO.pdf,,,,,reported,,ETT-25-39-1-3-CO
2026-10-05 03:42,2025-06-17,11:00,Монголросцветмет ТӨҮГ,Mongolrostsvetmet (ex-Erdenes Critical Minerals),ECM-42,Iron ore,Iron ore Fe 52%,Fe-52% Төмрийн хүдэр,USD,59.0,2.0,6600.0,https://mse.mn/uploads/auction_schedules/mn-ECM-42.pdf,,,,,reported,,ECM-42
2026-10-05 03:42,2025-06-17,10:00,Энержи Ресурс ХХК,Energy Resources,ER-25154,Coal,Washed coking coal,Баяжуулсан коксжих нүүрс,CNY,750.0,2.0,12800.0,https://mse.mn/uploads/auction_schedules/mn-ER-25154.pdf,,,,,reported,,ER-25154
2026-10-05 03:42,2025-06-16,14:00,Энержи Ресурс ХХК,Energy Resources,ER-25153,Coal,Washed medium-ash semi-hard coking coal,"Баяжуулсан дунд зэрэг үнстэй, хагас хатуу коксжих нүүрс",CNY,350.0,3.0,19200.0,https://mse.mn/uploads/auction_schedules/mn-ER-25153.pdf,,,,,reported,,ER-25153
2026-10-05 03:42,2025-06-16,14:00,Эрдэнэс Тавантолгой ХК,Erdenes Tavan Tolgoi,ETT-25-13-WCO,Coal,Washed coking coal,Баяжуулсан коксжих нүүрс,USD,96.0,5.0,32000.0,https://mse.mn/uploads/auction_schedules/mn-ETT-25-13-WCO.pdf,,,,,reported,,ETT-25-13-WCO
2026-10-05 03:42,2025-06-16,11:00,Эрдэнэс Тавантолгой ХК,Erdenes Tavan Tolgoi,ETT-25-02-WTC,Coal,Washed non-coking-quality coal,Баяжуулсан коксжих чанаргүй нүүрс,USD,39.7,5.0,32000.0,https://mse.mn/uploads/auction_schedules/mn-ETT-25-02-WTC.pdf,,,,,reported,,ETT-25-02-WTC
2026-10-05 03:42,2025-06-16,10:00,Энержи Ресурс ХХК,Energy Resources,ER-25152,Coal,Washed coking coal,Баяжуулсан коксжих нүүрс,CNY,750.0,2.0,12800.0,https://mse.mn/uploads/auction_schedules/mn-ER-25152.pdf,,,,,reported,,ER-25152
2026-10-05 03:42,2025-06-13,14:00,Хангад Эксплорэйшн ХХК,Khangad Exploration,KH-25068,Coal,Washed semi-soft coking coal,Баяжуулсан сул коксжих нүүрс,CNY,600.0,2.0,12800.0,https://mse.mn/uploads/auction_schedules/mn-KH-25068.pdf,,,,,reported,,KH-25068
2026-10-05 03:42,2025-06-13,12:00,Дарханы Төмөрлөгийн Үйлдвэр ХХК,Дарханы Төмөрлөгийн Үйлдвэр ХХК,DMP-2552,Iron ore,Iron concentrate Fe 65%,Fe-65% Төмрийн баяжмал,USD,84.0,3.0,9900.0,https://mse.mn/uploads/auction_schedules/mn-DMP-2552.pdf,,,,,reported,,DMP-2552
2026-10-05 03:42,2025-06-13,11:00,Монголросцветмет ТӨҮГ,Mongolrostsvetmet (ex-Erdenes Critical Minerals),ECM-40,Iron ore,Iron ore Fe 52%,Fe-52% Төмрийн хүдэр,USD,59.0,2.0,6600.0,https://mse.mn/uploads/auction_schedules/mn-ECM-40.pdf,,,,,reported,,ECM-40
2026-10-05 03:42,2025-06-13,10:00,Энержи Ресурс ХХК,Energy Resources,ER-25151,Coal,Washed coking coal,Баяжуулсан коксжих нүүрс,CNY,750.0,2.0,12800.0,https://mse.mn/uploads/auction_schedules/mn-ER-25151.pdf,,,,,reported,,ER-25151
2026-10-05 03:42,2025-06-12,14:00,Тавантолгой ХК,Tavan Tolgoi JSC,TTOA-2025-020,Coal,1/3 coking coal,1/3 коксжих нүүрс,USD,65.0,8.0,51200.0,https://mse.mn/uploads/auction_schedules/mn-TTOA-2025-020.pdf,,,,,reported,,TTOA-2025-020
2026-10-05 03:42,2025-06-12,14:00,Энержи Ресурс ХХК,Energy Resources,ER-25150,Coal,Washed medium-ash semi-hard coking coal,"Баяжуулсан дунд зэрэг үнстэй, хагас хатуу коксжих нүүрс",CNY,350.0,3.0,19200.0,https://mse.mn/uploads/auction_schedules/mn-ER-25150.pdf,,,,,reported,,ER-25150
2026-10-05 03:42,2025-06-12,12:00,Дарханы Төмөрлөгийн Үйлдвэр ХХК,Дарханы Төмөрлөгийн Үйлдвэр ХХК,DMP-2551,Iron ore,Fe-62% Төмрийн баяжмал,Fe-62% Төмрийн баяжмал,USD,72.0,8.0,26400.0,https://mse.mn/uploads/auction_schedules/mn-DMP-2551.pdf,,,,,reported,,DMP-2551
2026-10-05 03:42,2025-06-12,11:00,Монголросцветмет ТӨҮГ,Mongolrostsvetmet (ex-Erdenes Critical Minerals),ECM-39,Fluorspar,Fluorspar concentrate CaF2 95%,CaF2-95% Хайлуур жоншны баяжмал,USD,300.0,51.0,3315.0,https://mse.mn/uploads/auction_schedules/mn-ECM-39.pdf,,,,,reported,,ECM-39
2026-10-05 03:42,2025-06-12,11:00,Монголросцветмет ТӨҮГ,Mongolrostsvetmet (ex-Erdenes Critical Minerals),ECM-38,Iron ore,Iron ore Fe 52%,Fe-52% Төмрийн хүдэр,USD,59.0,2.0,6600.0,https://mse.mn/uploads/auction_schedules/mn-ECM-38.pdf,,,,,reported,,ECM-38
2026-10-05 03:42,2025-06-12,10:00,Хангад Эксплорэйшн ХХК,Khangad Exploration,KH-25067,Coal,Washed non-coking-quality coal,Баяжуулсан коксжих чанаргүй нүүрс,CNY,350.0,4.0,25600.0,https://mse.mn/uploads/auction_schedules/mn-KH-25067.pdf,,,,,reported,,KH-25067
2026-10-05 03:42,2025-06-10,14:00,Тавантолгой ХК,Tavan Tolgoi JSC,TTOA-2025-019,Coal,1/3 coking coal,1/3 коксжих нүүрс,USD,65.0,8.0,51200.0,https://mse.mn/uploads/auction_schedules/mn-TTOA-2025-019.pdf,,,,,reported,,TTOA-2025-019
2026-10-05 03:42,2025-06-10,11:00,Монголросцветмет ТӨҮГ,Mongolrostsvetmet (ex-Erdenes Critical Minerals),ECM-37,Iron ore,Iron concentrate Fe 65%,Fe-65% Төмрийн баяжмал,USD,80.0,6.0,19800.0,https://mse.mn/uploads/auction_schedules/mn-ECM-37.pdf,,,,,reported,,ECM-37
2026-10-05 03:42,2025-06-09,11:00,Монголросцветмет ТӨҮГ,Mongolrostsvetmet (ex-Erdenes Critical Minerals),ECM-36,Iron ore,Iron ore Fe 52%,Fe-52% Төмрийн хүдэр,USD,59.0,2.0,6600.0,https://mse.mn/uploads/auction_schedules/mn-ECM-36.pdf,,,,,reported,,ECM-36
2026-10-05 03:42,2025-06-06,14:00,Эрдэнэс Тавантолгой ХК,Erdenes Tavan Tolgoi,ETT-25-18-OX,Coal,"Thermal coal (bituminous, non-caking)","Эрчим хүчний нүүрс /Битумт, үл барьцалдах нүүрс/",USD,34.7,2.0,12800.0,https://mse.mn/uploads/auction_schedules/mn-ETT-25-18-OX.pdf,,,,,reported,,ETT-25-18-OX
2026-10-05 03:42,2025-06-06,14:00,Хангад Эксплорэйшн ХХК,Khangad Exploration,KH-25066,Coal,Washed semi-soft coking coal,Баяжуулсан сул коксжих нүүрс,CNY,600.0,2.0,12800.0,https://mse.mn/uploads/auction_schedules/mn-KH-25066.pdf,,,,,reported,,KH-25066
2026-10-05 03:42,2025-06-06,11:00,Монголросцветмет ТӨҮГ,Mongolrostsvetmet (ex-Erdenes Critical Minerals),ECM-41,Fluorspar,Fluorspar concentrate CaF2 95%,CaF2-95% Хайлуур жоншны баяжмал,USD,300.0,51.0,3315.0,https://mse.mn/uploads/auction_schedules/mn-ECM-41.pdf,,,,,reported,,ECM-41
2026-10-05 03:42,2025-06-06,11:00,Эрдэнэс Тавантолгой ХК,Erdenes Tavan Tolgoi,ETT-25-17-OX,Coal,"Thermal coal (bituminous, non-caking)","Эрчим хүчний нүүрс /Битумт, үл барьцалдах нүүрс/",USD,34.6,5.0,32000.0,https://mse.mn/uploads/auction_schedules/mn-ETT-25-17-OX.pdf,,,,,reported,,ETT-25-17-OX
2026-10-05 03:42,2025-06-06,10:00,Энержи Ресурс ХХК,Energy Resources,ER-25143,Coal,Washed coking coal,Баяжуулсан коксжих нүүрс,CNY,750.0,2.0,12800.0,https://mse.mn/uploads/auction_schedules/mn-ER-25143.pdf,,,,,reported,,ER-25143
2026-10-05 03:42,2025-06-05,14:00,Тавантолгой ХК,Tavan Tolgoi JSC,TTOA-2025-018,Coal,Medium-volatile coking coal,"Дэгдэмхий бодис дунд, коксжих нүүрс",USD,90.0,8.0,51200.0,https://mse.mn/uploads/auction_schedules/mn-TTOA-2025-018.pdf,,,,,reported,,TTOA-2025-018
2026-10-05 03:42,2025-06-05,14:00,Энержи Ресурс ХХК,Energy Resources,ER-25142,Coal,Washed medium-ash semi-hard coking coal,"Баяжуулсан дунд зэрэг үнстэй, хагас хатуу коксжих нүүрс",CNY,350.0,3.0,19200.0,https://mse.mn/uploads/auction_schedules/mn-ER-25142.pdf,,,,,reported,,ER-25142
2026-10-05 03:42,2025-06-05,11:00,Монголросцветмет ТӨҮГ,Mongolrostsvetmet (ex-Erdenes Critical Minerals),ECM-34,Iron ore,Iron ore Fe 52%,Fe-52% Төмрийн хүдэр,USD,61.0,2.0,6600.0,https://mse.mn/uploads/auction_schedules/mn-ECM-34.pdf,,,,,reported,,ECM-34
2026-10-05 03:42,2025-06-05,10:00,Хангад Эксплорэйшн ХХК,Khangad Exploration,KH-25065,Coal,Washed non-coking-quality coal,Баяжуулсан коксжих чанаргүй нүүрс,CNY,350.0,4.0,25600.0,https://mse.mn/uploads/auction_schedules/mn-KH-25065.pdf,,,,,reported,,KH-25065
2026-10-05 03:42,2025-06-04,14:00,Энержи Ресурс ХХК,Energy Resources,ER-25141,Coal,Washed medium-ash semi-hard coking coal,"Баяжуулсан дунд зэрэг үнстэй, хагас хатуу коксжих нүүрс",CNY,350.0,3.0,19200.0,https://mse.mn/uploads/auction_schedules/mn-ER-25141.pdf,,,,,reported,,ER-25141
2026-10-05 03:42,2025-06-04,11:00,Монголросцветмет ТӨҮГ,Mongolrostsvetmet (ex-Erdenes Critical Minerals),ECM-33,Iron ore,Iron concentrate Fe 65%,Fe-65% Төмрийн баяжмал,USD,83.0,6.0,19800.0,https://mse.mn/uploads/auction_schedules/mn-ECM-33.pdf,,,,,reported,,ECM-33
2026-10-05 03:42,2025-06-04,11:00,Эрдэнэс Тавантолгой ХК,Erdenes Tavan Tolgoi,ETT-25-38-1-3-CO,Coal,1/3 coking coal,1/3 коксжих нүүрс,USD,65.4,5.0,32000.0,https://mse.mn/uploads/auction_schedules/mn-ETT-25-38-1-3-CO.pdf,,,,,reported,,ETT-25-38-1-3-CO
2026-10-05 03:42,2025-06-04,10:00,Энержи Ресурс ХХК,Energy Resources,ER-25140,Coal,Washed medium-ash semi-hard coking coal,"Баяжуулсан дунд зэрэг үнстэй, хагас хатуу коксжих нүүрс",CNY,350.0,3.0,19200.0,https://mse.mn/uploads/auction_schedules/mn-ER-25140.pdf,,,,,reported,,ER-25140
2026-10-05 03:42,2025-06-03,14:00,Энержи Ресурс ХХК,Energy Resources,ER-25139,Coal,Washed medium-ash semi-hard coking coal,"Баяжуулсан дунд зэрэг үнстэй, хагас хатуу коксжих нүүрс",CNY,350.0,3.0,19200.0,https://mse.mn/uploads/auction_schedules/mn-ER-25139.pdf,,,,,reported,,ER-25139
2026-10-05 03:42,2025-06-03,11:00,Монголросцветмет ТӨҮГ,Mongolrostsvetmet (ex-Erdenes Critical Minerals),ECM-32,Iron ore,Iron ore Fe 52%,Fe-52% Төмрийн хүдэр,USD,61.0,2.0,6600.0,https://mse.mn/uploads/auction_schedules/mn-ECM-32.pdf,,,,,reported,,ECM-32
2026-10-05 03:42,2025-06-03,11:00,Эрдэнэс Тавантолгой ХК,Erdenes Tavan Tolgoi,ETT-25-16-OX,Coal,"Thermal coal (bituminous, non-caking)","Эрчим хүчний нүүрс /Битумт, үл барьцалдах нүүрс/",USD,34.6,10.0,64000.0,https://mse.mn/uploads/auction_schedules/mn-ETT-25-16-OX.pdf,,,,,reported,,ETT-25-16-OX
2026-10-05 03:42,2025-06-03,10:00,Энержи Ресурс ХХК,Energy Resources,ER-25138,Coal,Washed coking coal,Баяжуулсан коксжих нүүрс,CNY,750.0,2.0,12800.0,https://mse.mn/uploads/auction_schedules/mn-ER-25138.pdf,,,,,reported,,ER-25138
2026-10-05 03:42,2025-06-02,14:00,Энержи Ресурс ХХК,Energy Resources,ER-25137,Coal,Washed medium-ash semi-hard coking coal,"Баяжуулсан дунд зэрэг үнстэй, хагас хатуу коксжих нүүрс",CNY,350.0,3.0,19200.0,https://mse.mn/uploads/auction_schedules/mn-ER-25137.pdf,,,,,reported,,ER-25137
2026-10-05 03:42,2025-06-02,11:00,Эрдэнэс Тавантолгой ХК,Erdenes Tavan Tolgoi,ETT-25-15-OX,Coal,"Thermal coal (bituminous, non-caking)","Эрчим хүчний нүүрс /Битумт, үл барьцалдах нүүрс/",USD,34.6,10.0,64000.0,https://mse.mn/uploads/auction_schedules/mn-ETT-25-15-OX.pdf,,,,,reported,,ETT-25-15-OX
2026-10-05 03:42,2025-06-02,10:00,Энержи Ресурс ХХК,Energy Resources,ER-25136,Coal,Washed coking coal,Баяжуулсан коксжих нүүрс,CNY,750.0,2.0,12800.0,https://mse.mn/uploads/auction_schedules/mn-ER-25136.pdf,,,,,reported,,ER-25136
2026-10-05 03:42,2025-05-30,15:00,Эрдэнэт Үйлдвэр ТӨҮГ,Erdenet Mining Corporation,EMC-06,Copper,Copper concentrate (22.35% Cu),22.35%-ийн зэсийн агуулгатай баяжмал,USD,2138.08,5.0,4530.0,https://mse.mn/uploads/auction_schedules/mn-EMC-06.pdf,,,,,reported,,EMC-06
2026-10-05 03:42,2025-05-30,14:00,Хангад Эксплорэйшн ХХК,Khangad Exploration,KH-25064,Coal,Washed semi-soft coking coal,Баяжуулсан сул коксжих нүүрс,CNY,600.0,2.0,12800.0,https://mse.mn/uploads/auction_schedules/mn-KH-25064.pdf,,,,,reported,,KH-25064
2026-10-05 03:42,2025-05-30,12:00,Монголросцветмет ТӨҮГ,Mongolrostsvetmet (ex-Erdenes Critical Minerals),ECM-35,Fluorspar,Fluorspar concentrate CaF2 95%,CaF2-95% Хайлуур жоншны баяжмал,USD,330.0,51.0,3315.0,https://mse.mn/uploads/auction_schedules/mn-ECM-35.pdf,,,,,reported,,ECM-35
2026-10-05 03:42,2025-05-30,11:00,Монголросцветмет ТӨҮГ,Mongolrostsvetmet (ex-Erdenes Critical Minerals),ECM-31,Iron ore,Iron ore Fe 52%,Fe-52% Төмрийн хүдэр,USD,61.0,2.0,6600.0,https://mse.mn/uploads/auction_schedules/mn-ECM-31.pdf,,,,,reported,,ECM-31
2026-10-05 03:42,2025-05-30,10:00,Энержи Ресурс ХХК,Energy Resources,ER-25135,Coal,Washed coking coal,Баяжуулсан коксжих нүүрс,CNY,750.0,2.0,12800.0,https://mse.mn/uploads/auction_schedules/mn-ER-25135.pdf,,,,,reported,,ER-25135
2026-10-05 03:42,2025-05-29,14:00,Тавантолгой ХК,Tavan Tolgoi JSC,TTOA-2025-017,Coal,1/3 coking coal,1/3 коксжих нүүрс,USD,65.0,8.0,51200.0,https://mse.mn/uploads/auction_schedules/mn-TTOA-2025-017.pdf,,,,,reported,,TTOA-2025-017
2026-10-05 03:42,2025-05-29,14:00,Энержи Ресурс ХХК,Energy Resources,ER-25134,Coal,Washed medium-ash semi-hard coking coal,"Баяжуулсан дунд зэрэг үнстэй, хагас хатуу коксжих нүүрс",CNY,350.0,3.0,19200.0,https://mse.mn/uploads/auction_schedules/mn-ER-25134.pdf,,,,,reported,,ER-25134
2026-10-05 03:42,2025-05-29,10:00,Хангад Эксплорэйшн ХХК,Khangad Exploration,KH-25063,Coal,Washed non-coking-quality coal,Баяжуулсан коксжих чанаргүй нүүрс,CNY,350.0,4.0,25600.0,https://mse.mn/uploads/auction_schedules/mn-KH-25063.pdf,,,,,reported,,KH-25063
2026-10-05 03:42,2025-05-28,14:00,Эрдэнэс Тавантолгой ХК,Erdenes Tavan Tolgoi,ETT-25-14-OX,Coal,"Thermal coal (bituminous, non-caking)","Эрчим хүчний нүүрс /Битумт, үл барьцалдах нүүрс/",USD,34.6,5.0,32000.0,https://mse.mn/uploads/auction_schedules/mn-ETT-25-14-OX.pdf,,,,,reported,,ETT-25-14-OX
2026-10-05 03:42,2025-05-28,14:00,Энержи Ресурс ХХК,Energy Resources,ER-25133,Coal,Washed medium-ash semi-hard coking coal,"Баяжуулсан дунд зэрэг үнстэй, хагас хатуу коксжих нүүрс",CNY,350.0,3.0,19200.0,https://mse.mn/uploads/auction_schedules/mn-ER-25133.pdf,,,,,reported,,ER-25133
2026-10-05 03:42,2025-05-28,11:00,Эрдэнэс Тавантолгой ХК,Erdenes Tavan Tolgoi,ETT-25-37-1-3-CO,Coal,1/3 coking coal,1/3 коксжих нүүрс,USD,65.4,10.0,64000.0,https://mse.mn/uploads/auction_schedules/mn-ETT-25-37-1-3-CO.pdf,,,,,reported,,ETT-25-37-1-3-CO
2026-10-05 03:42,2025-05-28,11:00,Монголросцветмет ТӨҮГ,Mongolrostsvetmet (ex-Erdenes Critical Minerals),ECM-30,Iron ore,Iron ore Fe 52%,Fe-52% Төмрийн хүдэр,USD,61.0,2.0,6600.0,https://mse.mn/uploads/auction_schedules/mn-ECM-30.pdf,,,,,reported,,ECM-30
2026-10-05 03:42,2025-05-28,10:00,Энержи Ресурс ХХК,Energy Resources,ER-25132,Coal,Washed medium-ash semi-hard coking coal,"Баяжуулсан дунд зэрэг үнстэй, хагас хатуу коксжих нүүрс",CNY,350.0,3.0,19200.0,https://mse.mn/uploads/auction_schedules/mn-ER-25132.pdf,,,,,reported,,ER-25132
2026-10-05 03:42,2025-05-27,14:00,Эрдэнэс Тавантолгой ХК,Erdenes Tavan Tolgoi,ETT-25-13-OX,Coal,"Thermal coal (bituminous, non-caking)","Эрчим хүчний нүүрс /Битумт, үл барьцалдах нүүрс/",USD,34.6,5.0,32000.0,https://mse.mn/uploads/auction_schedules/mn-ETT-25-13-OX.pdf,,,,,reported,,ETT-25-13-OX
2026-10-05 03:42,2025-05-27,14:00,Энержи Ресурс ХХК,Energy Resources,ER-25131,Coal,Washed medium-ash semi-hard coking coal,"Баяжуулсан дунд зэрэг үнстэй, хагас хатуу коксжих нүүрс",CNY,350.0,3.0,19200.0,https://mse.mn/uploads/auction_schedules/mn-ER-25131.pdf,,,,,reported,,ER-25131
2026-10-05 03:42,2025-05-27,11:00,Эрдэнэс Тавантолгой ХК,Erdenes Tavan Tolgoi,ETT-25-36-1-3 CO,Coal,1/3 coking coal,1/3 коксжих нүүрс,USD,65.4,10.0,64000.0,https://mse.mn/uploads/auction_schedules/mn-ETT-25-36-1-3 CO.pdf,,,,,reported,,ETT-25-36-1-3 CO
2026-10-05 03:42,2025-05-27,10:00,Энержи Ресурс ХХК,Energy Resources,ER-25130,Coal,Washed coking coal,Баяжуулсан коксжих нүүрс,CNY,750.0,2.0,12800.0,https://mse.mn/uploads/auction_schedules/mn-ER-25130.pdf,,,,,reported,,ER-25130
2026-10-05 03:42,2025-05-26,14:00,Энержи Ресурс ХХК,Energy Resources,ER-25129,Coal,Washed medium-ash semi-hard coking coal,"Баяжуулсан дунд зэрэг үнстэй, хагас хатуу коксжих нүүрс",CNY,350.0,3.0,19200.0,https://mse.mn/uploads/auction_schedules/mn-ER-25129.pdf,,,,,reported,,ER-25129
2026-10-05 03:42,2025-05-26,11:00,Монголросцветмет ТӨҮГ,Mongolrostsvetmet (ex-Erdenes Critical Minerals),ECM-29,Iron ore,Iron ore Fe 52%,Fe-52% Төмрийн хүдэр,USD,61.0,2.0,6600.0,https://mse.mn/uploads/auction_schedules/mn-ECM-29.pdf,,,,,reported,,ECM-29
2026-10-05 03:42,2025-05-26,10:00,Энержи Ресурс ХХК,Energy Resources,ER-25128,Coal,Washed coking coal,Баяжуулсан коксжих нүүрс,CNY,800.0,2.0,12800.0,https://mse.mn/uploads/auction_schedules/mn-ER-25128.pdf,,,,,reported,,ER-25128
2026-10-05 03:42,2025-05-23,14:00,Хангад Эксплорэйшн ХХК,Khangad Exploration,KH-25062,Coal,Washed semi-soft coking coal,Баяжуулсан сул коксжих нүүрс,CNY,600.0,2.0,12800.0,https://mse.mn/uploads/auction_schedules/mn-KH-25062.pdf,,,,,reported,,KH-25062
2026-10-05 03:42,2025-05-23,11:00,Монголросцветмет ТӨҮГ,Mongolrostsvetmet (ex-Erdenes Critical Minerals),ECM-27,Iron ore,Iron ore Fe 52%,Fe-52% Төмрийн хүдэр,USD,59.0,2.0,6600.0,https://mse.mn/uploads/auction_schedules/mn-ECM-27.pdf,,,,,reported,,ECM-27
2026-10-05 03:42,2025-05-23,10:00,Энержи Ресурс ХХК,Energy Resources,ER-25127,Coal,Washed coking coal,Баяжуулсан коксжих нүүрс,CNY,800.0,2.0,12800.0,https://mse.mn/uploads/auction_schedules/mn-ER-25127.pdf,,,,,reported,,ER-25127
2026-10-05 03:42,2025-05-22,14:00,Тавантолгой ХК,Tavan Tolgoi JSC,TTOA-2025-016,Coal,1/3 coking coal,1/3 коксжих нүүрс,USD,65.0,8.0,51200.0,https://mse.mn/uploads/auction_schedules/mn-TTOA-2025-016.pdf,,,,,reported,,TTOA-2025-016
2026-10-05 03:42,2025-05-22,14:00,Энержи Ресурс ХХК,Energy Resources,ER-25126,Coal,Washed medium-ash semi-hard coking coal,"Баяжуулсан дунд зэрэг үнстэй, хагас хатуу коксжих нүүрс",CNY,350.0,3.0,19200.0,https://mse.mn/uploads/auction_schedules/mn-ER-25126.pdf,,,,,reported,,ER-25126
2026-10-05 03:42,2025-05-22,11:00,Монголросцветмет ТӨҮГ,Mongolrostsvetmet (ex-Erdenes Critical Minerals),ECM-26,Iron ore,Iron ore Fe 52%,Fe-52% Төмрийн хүдэр,USD,59.0,2.0,6600.0,https://mse.mn/uploads/auction_schedules/mn-ECM-26.pdf,,,,,reported,,ECM-26
2026-10-05 03:42,2025-05-22,10:00,Хангад Эксплорэйшн ХХК,Khangad Exploration,KH-25061,Coal,Washed non-coking-quality coal,Баяжуулсан коксжих чанаргүй нүүрс,CNY,350.0,4.0,25600.0,https://mse.mn/uploads/auction_schedules/mn-KH-25061.pdf,,,,,reported,,KH-25061
2026-10-05 03:42,2025-05-21,14:00,Тавантолгой ХК,Tavan Tolgoi JSC,TTOA-2025-015,Coal,1/3 coking coal,1/3 коксжих нүүрс,USD,65.0,8.0,51200.0,https://mse.mn/uploads/auction_schedules/mn-TTOA-2025-015.pdf,,,,,reported,,TTOA-2025-015
2026-10-05 03:42,2025-05-21,14:00,Энержи Ресурс ХХК,Energy Resources,ER-25125,Coal,Washed medium-ash semi-hard coking coal,"Баяжуулсан дунд зэрэг үнстэй, хагас хатуу коксжих нүүрс",CNY,350.0,3.0,19200.0,https://mse.mn/uploads/auction_schedules/mn-ER-25125.pdf,,,,,reported,,ER-25125
2026-10-05 03:42,2025-05-21,11:00,Монголросцветмет ТӨҮГ,Mongolrostsvetmet (ex-Erdenes Critical Minerals),ECM-25,Fluorspar,Fluorspar concentrate CaF2 95%,CaF2-95% Хайлуур жоншны баяжмал,USD,350.0,51.0,3315.0,https://mse.mn/uploads/auction_schedules/mn-ECM-25.pdf,,,,,reported,,ECM-25
2026-10-05 03:42,2025-05-21,10:00,Энержи Ресурс ХХК,Energy Resources,ER-25124,Coal,Washed medium-ash semi-hard coking coal,"Баяжуулсан дунд зэрэг үнстэй, хагас хатуу коксжих нүүрс",CNY,350.0,3.0,19200.0,https://mse.mn/uploads/auction_schedules/mn-ER-25124.pdf,,,,,reported,,ER-25124
2026-10-05 03:42,2025-05-20,14:00,Энержи Ресурс ХХК,Energy Resources,ER-25123,Coal,Washed medium-ash semi-hard coking coal,"Баяжуулсан дунд зэрэг үнстэй, хагас хатуу коксжих нүүрс",CNY,350.0,3.0,19200.0,https://mse.mn/uploads/auction_schedules/mn-ER-25123.pdf,,,,,reported,,ER-25123
2026-10-05 03:42,2025-05-20,11:00,Монголросцветмет ТӨҮГ,Mongolrostsvetmet (ex-Erdenes Critical Minerals),ECM-24,Iron ore,Iron ore Fe 52%,Fe-52% Төмрийн хүдэр,USD,59.0,2.0,6600.0,https://mse.mn/uploads/auction_schedules/mn-ECM-24.pdf,,,,,reported,,ECM-24
2026-10-05 03:42,2025-05-20,10:00,Энержи Ресурс ХХК,Energy Resources,ER-25122,Coal,Washed coking coal,Баяжуулсан коксжих нүүрс,CNY,800.0,2.0,12800.0,https://mse.mn/uploads/auction_schedules/mn-ER-25122.pdf,,,,,reported,,ER-25122
2026-10-05 03:42,2025-05-19,14:00,Энержи Ресурс ХХК,Energy Resources,ER-25121,Coal,Washed medium-ash semi-hard coking coal,"Баяжуулсан дунд зэрэг үнстэй, хагас хатуу коксжих нүүрс",CNY,350.0,3.0,19200.0,https://mse.mn/uploads/auction_schedules/mn-ER-25121.pdf,,,,,reported,,ER-25121
2026-10-05 03:42,2025-05-19,11:00,Монголросцветмет ТӨҮГ,Mongolrostsvetmet (ex-Erdenes Critical Minerals),ECM-28,Iron ore,Iron ore Fe 52%,Fe-52% Төмрийн хүдэр,USD,59.0,2.0,6600.0,https://mse.mn/uploads/auction_schedules/mn-ECM-28.pdf,,,,,reported,,ECM-28
2026-10-05 03:42,2025-05-19,10:00,Энержи Ресурс ХХК,Energy Resources,ER-25120,Coal,Washed coking coal,Баяжуулсан коксжих нүүрс,CNY,800.0,2.0,12800.0,https://mse.mn/uploads/auction_schedules/mn-ER-25120.pdf,,,,,reported,,ER-25120
2026-10-05 03:42,2025-05-16,14:00,Хангад Эксплорэйшн ХХК,Khangad Exploration,KH-25060,Coal,Washed semi-soft coking coal,Баяжуулсан сул коксжих нүүрс,CNY,600.0,2.0,12800.0,https://mse.mn/uploads/auction_schedules/mn-KH-25060.pdf,,,,,reported,,KH-25060
2026-10-05 03:42,2025-05-16,11:00,Эрдэнэс Тавантолгой ХК,Erdenes Tavan Tolgoi,ETT-25-12-OX,Coal,"Thermal coal (bituminous, non-caking)","Эрчим хүчний нүүрс /Битумт, үл барьцалдах нүүрс/",USD,36.8,10.0,64000.0,https://mse.mn/uploads/auction_schedules/mn-ETT-25-12-OX.pdf,,,,,reported,,ETT-25-12-OX
2026-10-05 03:42,2025-05-16,11:00,Монголросцветмет ТӨҮГ,Mongolrostsvetmet (ex-Erdenes Critical Minerals),ECM-22,Iron ore,Iron ore Fe 52%,Fe-52% Төмрийн хүдэр,USD,59.0,2.0,6600.0,https://mse.mn/uploads/auction_schedules/mn-ECM-22.pdf,,,,,reported,,ECM-22
2026-10-05 03:42,2025-05-16,10:00,Энержи Ресурс ХХК,Energy Resources,ER-25119,Coal,Washed coking coal,Баяжуулсан коксжих нүүрс,CNY,800.0,2.0,12800.0,https://mse.mn/uploads/auction_schedules/mn-ER-25119.pdf,,,,,reported,,ER-25119
2026-10-05 03:42,2025-05-15,14:00,Тавантолгой ХК,Tavan Tolgoi JSC,TTOA-2025-014,Coal,1/3 coking coal,1/3 коксжих нүүрс,USD,65.0,2.0,12800.0,https://mse.mn/uploads/auction_schedules/mn-TTOA-2025-014.pdf,,,,,reported,,TTOA-2025-014
2026-10-05 03:42,2025-05-15,14:00,Энержи Ресурс ХХК,Energy Resources,ER-25118,Coal,Washed medium-ash semi-hard coking coal,"Баяжуулсан дунд зэрэг үнстэй, хагас хатуу коксжих нүүрс",CNY,350.0,3.0,19200.0,https://mse.mn/uploads/auction_schedules/mn-ER-25118.pdf,,,,,reported,,ER-25118
2026-10-05 03:42,2025-05-15,11:00,Эрдэнэс Тавантолгой ХК,Erdenes Tavan Tolgoi,ETT-25-11-OX,Coal,"Thermal coal (bituminous, non-caking)","Эрчим хүчний нүүрс /Битумт, үл барьцалдах нүүрс/",USD,36.8,20.0,128000.0,https://mse.mn/uploads/auction_schedules/mn-ETT-25-11-OX.pdf,,,,,reported,,ETT-25-11-OX
2026-10-05 03:42,2025-05-15,10:00,Хангад Эксплорэйшн ХХК,Khangad Exploration,KH-25059,Coal,Washed non-coking-quality coal,Баяжуулсан коксжих чанаргүй нүүрс,CNY,350.0,4.0,25600.0,https://mse.mn/uploads/auction_schedules/mn-KH-25059.pdf,,,,,reported,,KH-25059
2026-10-05 03:42,2025-05-14,15:00,Эрдэнэт Үйлдвэр ТӨҮГ,Erdenet Mining Corporation,EMC-05,Copper,Copper concentrate (22.35% Cu),22.35%-ийн зэсийн агуулгатай баяжмал,USD,2087.41,5.0,4530.0,https://mse.mn/uploads/auction_schedules/mn-EMC-05.pdf,,,,,reported,,EMC-05
2026-10-05 03:42,2025-05-14,14:00,Энержи Ресурс ХХК,Energy Resources,ER-25117,Coal,Washed medium-ash semi-hard coking coal,"Баяжуулсан дунд зэрэг үнстэй, хагас хатуу коксжих нүүрс",CNY,350.0,3.0,19200.0,https://mse.mn/uploads/auction_schedules/mn-ER-25117.pdf,,,,,reported,,ER-25117
2026-10-05 03:42,2025-05-14,11:00,Эрдэнэс Тавантолгой ХК,Erdenes Tavan Tolgoi,ETT-25-10-OX,Coal,"Thermal coal (bituminous, non-caking)","Эрчим хүчний нүүрс /Битумт, үл барьцалдах нүүрс/",USD,36.8,20.0,128000.0,https://mse.mn/uploads/auction_schedules/mn-ETT-25-10-OX.pdf,,,,,reported,,ETT-25-10-OX
2026-10-05 03:42,2025-05-14,11:00,Монголросцветмет ТӨҮГ,Mongolrostsvetmet (ex-Erdenes Critical Minerals),ECM-21,Iron ore,Iron ore Fe 52%,Fe-52% Төмрийн хүдэр,USD,59.0,2.0,6600.0,https://mse.mn/uploads/auction_schedules/mn-ECM-21.pdf,,,,,reported,,ECM-21
2026-10-05 03:42,2025-05-14,10:00,Энержи Ресурс ХХК,Energy Resources,ER-25116,Coal,Washed medium-ash semi-hard coking coal,"Баяжуулсан дунд зэрэг үнстэй, хагас хатуу коксжих нүүрс",CNY,350.0,3.0,19200.0,https://mse.mn/uploads/auction_schedules/mn-ER-25116.pdf,,,,,reported,,ER-25116
2026-10-05 03:42,2025-05-13,14:00,Энержи Ресурс ХХК,Energy Resources,ER-25115,Coal,Washed medium-ash semi-hard coking coal,"Баяжуулсан дунд зэрэг үнстэй, хагас хатуу коксжих нүүрс",CNY,350.0,3.0,19200.0,https://mse.mn/uploads/auction_schedules/mn-ER-25115.pdf,,,,,reported,,ER-25115
2026-10-05 03:42,2025-05-13,10:00,Энержи Ресурс ХХК,Energy Resources,ER-25114,Coal,Washed coking coal,Баяжуулсан коксжих нүүрс,CNY,800.0,2.0,12800.0,https://mse.mn/uploads/auction_schedules/mn-ER-25114.pdf,,,,,reported,,ER-25114
2026-10-05 03:42,2025-05-12,14:00,Энержи Ресурс ХХК,Energy Resources,ER-25113,Coal,Washed medium-ash semi-hard coking coal,"Баяжуулсан дунд зэрэг үнстэй, хагас хатуу коксжих нүүрс",CNY,350.0,3.0,19200.0,https://mse.mn/uploads/auction_schedules/mn-ER-25113.pdf,,,,,reported,,ER-25113
2026-10-05 03:42,2025-05-12,11:00,Монголросцветмет ТӨҮГ,Mongolrostsvetmet (ex-Erdenes Critical Minerals),ECM-20,Iron ore,Iron ore Fe 52%,Fe-52% Төмрийн хүдэр,USD,59.0,2.0,6600.0,https://mse.mn/uploads/auction_schedules/mn-ECM-20.pdf,,,,,reported,,ECM-20
2026-10-05 03:42,2025-05-12,10:00,Энержи Ресурс ХХК,Energy Resources,ER-25112,Coal,Washed coking coal,Баяжуулсан коксжих нүүрс,CNY,800.0,2.0,12800.0,https://mse.mn/uploads/auction_schedules/mn-ER-25112.pdf,,,,,reported,,ER-25112
2026-10-05 03:42,2025-05-09,15:00,Тавантолгой ХК,Tavan Tolgoi JSC,TTOA-2025-013,Coal,1/3 coking coal,1/3 коксжих нүүрс,USD,65.0,8.0,51200.0,https://mse.mn/uploads/auction_schedules/mn-TTOA-2025-013.pdf,,,,,reported,,TTOA-2025-013
2026-10-05 03:42,2025-05-09,14:00,Хангад Эксплорэйшн ХХК,Khangad Exploration,KH-25058,Coal,Washed semi-soft coking coal,Баяжуулсан сул коксжих нүүрс,CNY,600.0,2.0,12800.0,https://mse.mn/uploads/auction_schedules/mn-KH-25058.pdf,,,,,reported,,KH-25058
2026-10-05 03:42,2025-05-09,13:00,Тавантолгой ХК,Tavan Tolgoi JSC,TTOA-2025-012,Coal,Medium-volatile coking coal,"Дэгдэмхий бодис дунд, коксжих нүүрс",USD,90.0,8.0,51200.0,https://mse.mn/uploads/auction_schedules/mn-TTOA-2025-012.pdf,,,,,reported,,TTOA-2025-012
2026-10-05 03:42,2025-05-09,12:00,Эрдэнэс Тавантолгой ХК,Erdenes Tavan Tolgoi,ETT-2535-1-3-CO,Coal,1/3 coking coal,1/3 коксжих нүүрс,USD,64.6,5.0,32000.0,https://mse.mn/uploads/auction_schedules/mn-ETT-2535-1-3-CO.pdf,,,,,reported,,ETT-2535-1-3-CO
2026-10-05 03:42,2025-05-09,11:00,Монголросцветмет ТӨҮГ,Mongolrostsvetmet (ex-Erdenes Critical Minerals),ECM-23,Fluorspar,CaF2 97% хайлуур жоншны баяжмал,CaF2 97% хайлуур жоншны баяжмал,USD,380.0,51.0,3315.0,https://mse.mn/uploads/auction_schedules/mn-ECM-23.pdf,,,,,reported,,ECM-23
2026-10-05 03:42,2025-05-09,10:00,Энержи Ресурс ХХК,Energy Resources,ER-25111,Coal,Washed coking coal,Баяжуулсан коксжих нүүрс,CNY,800.0,2.0,12800.0,https://mse.mn/uploads/auction_schedules/mn-ER-25111.pdf,,,,,reported,,ER-25111
2026-10-05 03:42,2025-05-08,14:00,Энержи Ресурс ХХК,Energy Resources,ER-25110,Coal,Washed medium-ash semi-hard coking coal,"Баяжуулсан дунд зэрэг үнстэй, хагас хатуу коксжих нүүрс",CNY,350.0,3.0,19200.0,https://mse.mn/uploads/auction_schedules/mn-ER-25110.pdf,,,,,reported,,ER-25110
2026-10-05 03:42,2025-05-08,12:00,Эрдэнэс Тавантолгой ХК,Erdenes Tavan Tolgoi,ETT-2534-1-3-CO,Coal,1/3 coking coal,1/3 коксжих нүүрс,USD,64.6,5.0,32000.0,https://mse.mn/uploads/auction_schedules/mn-ETT-2534-1-3-CO.pdf,,,,,reported,,ETT-2534-1-3-CO
2026-10-05 03:42,2025-05-08,11:00,Монголросцветмет ТӨҮГ,Mongolrostsvetmet (ex-Erdenes Critical Minerals),ECM-19,Iron ore,Iron ore Fe 52%,Fe-52% Төмрийн хүдэр,USD,59.0,2.0,6600.0,https://mse.mn/uploads/auction_schedules/mn-ECM-19.pdf,,,,,reported,,ECM-19
2026-10-05 03:42,2025-05-08,10:00,Хангад Эксплорэйшн ХХК,Khangad Exploration,KH-25057,Coal,Washed non-coking-quality coal,Баяжуулсан коксжих чанаргүй нүүрс,CNY,350.0,4.0,25600.0,https://mse.mn/uploads/auction_schedules/mn-KH-25057.pdf,,,,,reported,,KH-25057
2026-10-05 03:42,2025-05-07,14:00,Энержи Ресурс ХХК,Energy Resources,ER-25109,Coal,Washed medium-ash semi-hard coking coal,"Баяжуулсан дунд зэрэг үнстэй, хагас хатуу коксжих нүүрс",CNY,350.0,3.0,19200.0,https://mse.mn/uploads/auction_schedules/mn-ER-25109.pdf,,,,,reported,,ER-25109
2026-10-05 03:42,2025-05-07,12:00,Эрдэнэс Тавантолгой ХК,Erdenes Tavan Tolgoi,ETT-2533-1-3-CO,Coal,1/3 coking coal,1/3 коксжих нүүрс,USD,64.6,5.0,32000.0,https://mse.mn/uploads/auction_schedules/mn-ETT-2533-1-3-CO.pdf,,,,,reported,,ETT-2533-1-3-CO
2026-10-05 03:42,2025-05-07,11:00,Монголросцветмет ТӨҮГ,Mongolrostsvetmet (ex-Erdenes Critical Minerals),ECM-18,Iron ore,Iron concentrate Fe 65%,Fe-65% Төмрийн баяжмал,USD,79.0,6.0,19800.0,https://mse.mn/uploads/auction_schedules/mn-ECM-18.pdf,,,,,reported,,ECM-18
2026-10-05 03:42,2025-05-07,10:00,Энержи Ресурс ХХК,Energy Resources,ER-25108,Coal,Washed medium-ash semi-hard coking coal,"Баяжуулсан дунд зэрэг үнстэй, хагас хатуу коксжих нүүрс",CNY,350.0,3.0,19200.0,https://mse.mn/uploads/auction_schedules/mn-ER-25108.pdf,,,,,reported,,ER-25108
2026-10-05 03:42,2025-05-06,14:00,Энержи Ресурс ХХК,Energy Resources,ER-25107,Coal,Washed medium-ash semi-hard coking coal,"Баяжуулсан дунд зэрэг үнстэй, хагас хатуу коксжих нүүрс",CNY,350.0,3.0,19200.0,https://mse.mn/uploads/auction_schedules/mn-ER-25107.pdf,,,,,reported,,ER-25107
2026-10-05 03:42,2025-05-06,11:00,Монголросцветмет ТӨҮГ,Mongolrostsvetmet (ex-Erdenes Critical Minerals),ECM-17,Iron ore,Iron ore Fe 52%,Fe-52% Төмрийн хүдэр,USD,61.0,2.0,6600.0,https://mse.mn/uploads/auction_schedules/mn-EMC-17.pdf,,,,,reported,,ECM-17
2026-10-05 03:42,2025-05-06,10:00,Энержи Ресурс ХХК,Energy Resources,ER-25106,Coal,Washed coking coal,Баяжуулсан коксжих нүүрс,CNY,800.0,2.0,12800.0,https://mse.mn/uploads/auction_schedules/mn-ER-25106.pdf,,,,,reported,,ER-25106
2026-10-05 03:42,2025-05-05,14:00,Энержи Ресурс ХХК,Energy Resources,ER-25105,Coal,Washed medium-ash semi-hard coking coal,"Баяжуулсан дунд зэрэг үнстэй, хагас хатуу коксжих нүүрс",CNY,350.0,3.0,19200.0,https://mse.mn/uploads/auction_schedules/mn-ER-25105.pdf,,,,,reported,,ER-25105
2026-10-05 03:42,2025-05-05,10:00,Энержи Ресурс ХХК,Energy Resources,ER-25104,Coal,Washed coking coal,Баяжуулсан коксжих нүүрс,CNY,800.0,2.0,12800.0,https://mse.mn/uploads/auction_schedules/mn-ER-25104.pdf,,,,,reported,,ER-25104
2026-10-05 03:42,2025-05-02,14:00,Хангад Эксплорэйшн ХХК,Khangad Exploration,KH-25056,Coal,Washed semi-soft coking coal,Баяжуулсан сул коксжих нүүрс,CNY,600.0,2.0,12800.0,https://mse.mn/uploads/auction_schedules/mn-KH-25056.pdf,,,,,reported,,KH-25056
2026-10-05 03:42,2025-05-02,11:00,Монголросцветмет ТӨҮГ,Mongolrostsvetmet (ex-Erdenes Critical Minerals),ECM-16,Iron ore,Iron ore Fe 52%,Fe-52% Төмрийн хүдэр,USD,61.0,2.0,6600.0,https://mse.mn/uploads/auction_schedules/mn-ECM-16.pdf,,,,,reported,,ECM-16
2026-10-05 03:42,2025-05-02,10:00,Энержи Ресурс ХХК,Energy Resources,ER-25103,Coal,Washed coking coal,Баяжуулсан коксжих нүүрс,CNY,800.0,2.0,12800.0,https://mse.mn/uploads/auction_schedules/mn-ER-25103.pdf,,,,,reported,,ER-25103
2026-10-05 03:42,2025-05-01,14:00,Энержи Ресурс ХХК,Energy Resources,ER-25102,Coal,Washed medium-ash semi-hard coking coal,"Баяжуулсан дунд зэрэг үнстэй, хагас хатуу коксжих нүүрс",CNY,350.0,3.0,19200.0,https://mse.mn/uploads/auction_schedules/mn-ER-25102.pdf,,,,,reported,,ER-25102
2026-10-05 03:42,2025-05-01,13:00,Тавантолгой ХК,Tavan Tolgoi JSC,TTOA-2025-011,Coal,1/3 coking coal,1/3 коксжих нүүрс,USD,65.0,8.0,51200.0,https://mse.mn/uploads/auction_schedules/mn-TTOA-2025-011.pdf,,,,,reported,,TTOA-2025-011
2026-10-05 03:42,2025-05-01,10:00,Хангад Эксплорэйшн ХХК,Khangad Exploration,KH-25055,Coal,Washed non-coking-quality coal,Баяжуулсан коксжих чанаргүй нүүрс,CNY,350.0,4.0,25600.0,https://mse.mn/uploads/auction_schedules/mn-KH-25055.pdf,,,,,reported,,KH-25055
2026-10-05 03:42,2025-04-30,16:00,Эрдэнэт Үйлдвэр ТӨҮГ,Erdenet Mining Corporation,EMC-04-2025,Copper,Copper concentrate (22.35% Cu),22.35%-ийн зэсийн агуулгатай баяжмал,USD,2089.65,5.0,4530.0,https://mse.mn/uploads/auction_schedules/mn-EMC-04-2025.pdf,,,,,reported,,EMC-04-2025
2026-10-05 03:42,2025-04-30,15:00,Эрдэнэс Тавантолгой ХК,Erdenes Tavan Tolgoi,ETT-2531-1-3-CO,Coal,1/3 coking coal,1/3 коксжих нүүрс,USD,67.4,20.0,128000.0,https://mse.mn/uploads/auction_schedules/mn-ETT-2531-1-3-CO.pdf,,,,,reported,,ETT-2531-1-3-CO
2026-10-05 03:42,2025-04-30,14:00,Эрдэнэс Тавантолгой ХК,Erdenes Tavan Tolgoi,ETT-2532-1-3-CO,Coal,1/3 coking coal,1/3 коксжих нүүрс,USD,67.4,5.0,32000.0,https://mse.mn/uploads/auction_schedules/mn-ETT-2532-1-3-CO.pdf,,,,,reported,,ETT-2532-1-3-CO
2026-10-05 03:42,2025-04-30,14:00,Энержи Ресурс ХХК,Energy Resources,ER-25101,Coal,Washed medium-ash semi-hard coking coal,"Баяжуулсан дунд зэрэг үнстэй, хагас хатуу коксжих нүүрс",CNY,350.0,3.0,19200.0,https://mse.mn/uploads/auction_schedules/mn-ER-25101.pdf,,,,,reported,,ER-25101
2026-10-05 03:42,2025-04-30,13:00,Тавантолгой ХК,Tavan Tolgoi JSC,TTOA-2025-010,Coal,Medium-volatile coking coal,"Дэгдэмхий бодис дунд, коксжих нүүрс",USD,90.0,1.0,6400.0,https://mse.mn/uploads/auction_schedules/mn-TTOA-2025-010.pdf,,,,,reported,,TTOA-2025-010
2026-10-05 03:42,2025-04-30,12:00,Эрдэнэс Тавантолгой ХК,Erdenes Tavan Tolgoi,ETT-2509-OX,Coal,"Thermal coal (bituminous, non-caking)","Эрчим хүчний нүүрс /Битумт, үл барьцалдах нүүрс/",USD,40.8,4.0,25600.0,https://mse.mn/uploads/auction_schedules/mn-ETT-2509-OX.pdf,,,,,reported,,ETT-2509-OX
2026-10-05 03:42,2025-04-30,11:00,Монголросцветмет ТӨҮГ,Mongolrostsvetmet (ex-Erdenes Critical Minerals),EMC-15,Iron ore,Iron ore Fe 52%,Fe-52% Төмрийн хүдэр,USD,61.0,2.0,6600.0,https://mse.mn/uploads/auction_schedules/mn-EMC-15.pdf,,,,,reported,,EMC-15
2026-10-05 03:42,2025-04-30,10:00,Энержи Ресурс ХХК,Energy Resources,ER-25100,Coal,Washed non-coking-quality coal,Баяжуулсан коксжих чанаргүй нүүрс,CNY,350.0,4.0,25600.0,https://mse.mn/uploads/auction_schedules/mn-ER-25100.pdf,,,,,reported,,ER-25100
2026-10-05 03:42,2025-04-29,14:00,Энержи Ресурс ХХК,Energy Resources,ER-25099,Coal,Washed medium-ash semi-hard coking coal,"Баяжуулсан дунд зэрэг үнстэй, хагас хатуу коксжих нүүрс",CNY,350.0,3.0,19200.0,https://mse.mn/uploads/auction_schedules/mn-ER-25099.pdf,,,,,reported,,ER-25099
2026-10-05 03:42,2025-04-29,12:00,Дарханы Төмөрлөгийн Үйлдвэр ХХК,Дарханы Төмөрлөгийн Үйлдвэр ХХК,DMP-2550,Iron ore,Fe-58% Төмрийн баяжмал,Fe-58% Төмрийн баяжмал,USD,55.0,18.0,59400.0,https://mse.mn/uploads/auction_schedules/mn-DMP-2550.pdf,,,,,reported,,DMP-2550
2026-10-05 03:42,2025-04-29,11:00,Монголросцветмет ТӨҮГ,Mongolrostsvetmet (ex-Erdenes Critical Minerals),EMC-14,Fluorspar,CaF2 97% хайлуур жоншны баяжмал,CaF2 97% хайлуур жоншны баяжмал,USD,380.0,51.0,3315.0,https://mse.mn/uploads/auction_schedules/mn-EMC-14.pdf,,,,,reported,,EMC-14
2026-10-05 03:42,2025-04-29,10:00,Энержи Ресурс ХХК,Energy Resources,ER-25098,Coal,Washed coking coal,Баяжуулсан коксжих нүүрс,CNY,800.0,2.0,12800.0,https://mse.mn/uploads/auction_schedules/mn-ER-25098.pdf,,,,,reported,,ER-25098
2026-10-05 03:42,2025-04-28,14:00,Энержи Ресурс ХХК,Energy Resources,ER-25097,Coal,Washed medium-ash semi-hard coking coal,"Баяжуулсан дунд зэрэг үнстэй, хагас хатуу коксжих нүүрс",CNY,350.0,3.0,19200.0,https://mse.mn/uploads/auction_schedules/mn-ER-25097.pdf,,,,,reported,,ER-25097
2026-10-05 03:42,2025-04-28,13:00,Монголросцветмет ТӨҮГ,Mongolrostsvetmet (ex-Erdenes Critical Minerals),EMC-13,Iron ore,Iron ore Fe 52%,Fe-52% Төмрийн хүдэр,USD,61.0,2.0,6600.0,https://mse.mn/uploads/auction_schedules/mn-EMC-13.pdf,,,,,reported,,EMC-13
2026-10-05 03:42,2025-04-28,12:00,Дарханы Төмөрлөгийн Үйлдвэр ХХК,Дарханы Төмөрлөгийн Үйлдвэр ХХК,DMP-2549,Iron ore,Fe-58% Төмрийн баяжмал,Fe-58% Төмрийн баяжмал,USD,55.0,18.0,59400.0,https://mse.mn/uploads/auction_schedules/mn-DMP-2549.pdf,,,,,reported,,DMP-2549
2026-10-05 03:42,2025-04-28,11:00,Монголросцветмет ТӨҮГ,Mongolrostsvetmet (ex-Erdenes Critical Minerals),EMC-12,Iron ore,Iron ore Fe 52%,Fe-52% Төмрийн хүдэр,USD,61.0,7.0,23100.0,https://mse.mn/uploads/auction_schedules/mn-EMC-12.pdf,,,,,reported,,EMC-12
2026-10-05 03:42,2025-04-28,10:00,Энержи Ресурс ХХК,Energy Resources,ER-25096,Coal,Washed coking coal,Баяжуулсан коксжих нүүрс,CNY,800.0,2.0,12800.0,https://mse.mn/uploads/auction_schedules/mn-ER-25096.pdf,,,,,reported,,ER-25096
2026-10-05 03:42,2025-04-25,16:00,Эрдэнэс Тавантолгой ХК,Erdenes Tavan Tolgoi,ETT-2530-1-3-CO,Coal,1/3 coking coal,1/3 коксжих нүүрс,USD,67.4,80.0,512000.0,https://mse.mn/uploads/auction_schedules/mn-ETT-2530-1-3-CO.pdf,,,,,reported,,ETT-2530-1-3-CO
2026-10-05 03:42,2025-04-25,16:00,Эрдэнэс Тавантолгой ХК,Erdenes Tavan Tolgoi,ETT-2529-1-3-CO,Coal,1/3 coking coal,1/3 коксжих нүүрс,USD,64.4,5.0,32000.0,https://mse.mn/uploads/auction_schedules/mn-ETT-2529-1-3-CO.pdf,,,,,reported,,ETT-2529-1-3-CO
2026-10-05 03:42,2025-04-25,15:00,Эрдэнэс Тавантолгой ХК,Erdenes Tavan Tolgoi,ETT-2528-1-3-CO,Coal,1/3 coking coal,1/3 коксжих нүүрс,USD,64.4,5.0,32000.0,https://mse.mn/uploads/auction_schedules/mn-ETT-2528-1-3-CO.pdf,,,,,reported,,ETT-2528-1-3-CO
2026-10-05 03:42,2025-04-25,14:00,Эрдэнэс Тавантолгой ХК,Erdenes Tavan Tolgoi,ETT-2527-1-3-CO,Coal,1/3 coking coal,1/3 коксжих нүүрс,USD,64.4,5.0,32000.0,https://mse.mn/uploads/auction_schedules/mn-ETT-2527-1-3-CO.pdf,,,,,reported,,ETT-2527-1-3-CO
2026-10-05 03:42,2025-04-25,14:00,Хангад Эксплорэйшн ХХК,Khangad Exploration,KH-25054,Coal,Washed semi-soft coking coal,Баяжуулсан сул коксжих нүүрс,CNY,600.0,2.0,12800.0,https://mse.mn/uploads/auction_schedules/mn-KH-25054.pdf,,,,,reported,,KH-25054
2026-10-05 03:42,2025-04-25,12:00,Эрдэнэс Тавантолгой ХК,Erdenes Tavan Tolgoi,ETT-2526-1-3-CO,Coal,1/3 coking coal,1/3 коксжих нүүрс,USD,64.4,5.0,32000.0,https://mse.mn/uploads/auction_schedules/mn-ETT-2526-1-3-CO.pdf,,,,,reported,,ETT-2526-1-3-CO
2026-10-05 03:42,2025-04-25,12:00,Дарханы Төмөрлөгийн Үйлдвэр ХХК,Дарханы Төмөрлөгийн Үйлдвэр ХХК,DMP-2548,Iron ore,Fe-58% Төмрийн баяжмал,Fe-58% Төмрийн баяжмал,USD,59.0,18.0,59400.0,https://mse.mn/uploads/auction_schedules/mn-DMP-2548.pdf,,,,,reported,,DMP-2548
2026-10-05 03:42,2025-04-25,11:00,Монголросцветмет ТӨҮГ,Mongolrostsvetmet (ex-Erdenes Critical Minerals),EMC-11,Iron ore,Iron ore Fe 52%,Fe-52% Төмрийн хүдэр,USD,60.0,7.0,23100.0,https://mse.mn/uploads/auction_schedules/mn-EMC-11.pdf,,,,,reported,,EMC-11
2026-10-05 03:42,2025-04-25,10:00,Энержи Ресурс ХХК,Energy Resources,ER-25095,Coal,Washed coking coal,Баяжуулсан коксжих нүүрс,CNY,800.0,2.0,12800.0,https://mse.mn/uploads/auction_schedules/mn-ER-25095.pdf,,,,,reported,,ER-25095
2026-10-05 03:42,2025-04-24,14:00,Энержи Ресурс ХХК,Energy Resources,ER-25094,Coal,Washed medium-ash semi-hard coking coal,"Баяжуулсан дунд зэрэг үнстэй, хагас хатуу коксжих нүүрс",CNY,350.0,3.0,19200.0,https://mse.mn/uploads/auction_schedules/mn-ER-25094.pdf,,,,,reported,,ER-25094
2026-10-05 03:42,2025-04-24,13:00,Тавантолгой ХК,Tavan Tolgoi JSC,TTOA-2025-009,Coal,Medium-volatile coking coal,"Дэгдэмхий бодис дунд, коксжих нүүрс",USD,90.0,16.0,102400.0,https://mse.mn/uploads/auction_schedules/mn-TTOA-2025-009.pdf,,,,,reported,,TTOA-2025-009
2026-10-05 03:42,2025-04-24,12:00,Дарханы Төмөрлөгийн Үйлдвэр ХХК,Дарханы Төмөрлөгийн Үйлдвэр ХХК,DMP-2547,Iron ore,Fe-58% Төмрийн баяжмал,Fe-58% Төмрийн баяжмал,USD,59.0,18.0,59400.0,https://mse.mn/uploads/auction_schedules/mn-DMP-2547.pdf,,,,,reported,,DMP-2547
2026-10-05 03:42,2025-04-24,11:00,Монголросцветмет ТӨҮГ,Mongolrostsvetmet (ex-Erdenes Critical Minerals),ECM-10,Iron ore,Iron ore Fe 52%,Fe-52% Төмрийн хүдэр,USD,60.0,2.0,6600.0,https://mse.mn/uploads/auction_schedules/mn-ECM-10.pdf,,,,,reported,,ECM-10
2026-10-05 03:42,2025-04-24,10:00,Хангад Эксплорэйшн ХХК,Khangad Exploration,KH-25053,Coal,Washed non-coking-quality coal,Баяжуулсан коксжих чанаргүй нүүрс,CNY,350.0,4.0,25600.0,https://mse.mn/uploads/auction_schedules/mn-KH-25053.pdf,,,,,reported,,KH-25053
2026-10-05 03:42,2025-04-23,14:00,Энержи Ресурс ХХК,Energy Resources,ER-25093,Coal,Washed medium-ash semi-hard coking coal,"Баяжуулсан дунд зэрэг үнстэй, хагас хатуу коксжих нүүрс",CNY,350.0,3.0,19200.0,https://mse.mn/uploads/auction_schedules/mn-ER-25093.pdf,,,,,reported,,ER-25093
2026-10-05 03:42,2025-04-23,13:00,Тавантолгой ХК,Tavan Tolgoi JSC,TTOA-2025-008,Coal,Medium-volatile coking coal,"Дэгдэмхий бодис дунд, коксжих нүүрс",USD,90.0,16.0,102400.0,https://mse.mn/uploads/auction_schedules/mn-TTOA-2025-008.pdf,,,,,reported,,TTOA-2025-008
2026-10-05 03:42,2025-04-23,12:00,Дарханы Төмөрлөгийн Үйлдвэр ХХК,Дарханы Төмөрлөгийн Үйлдвэр ХХК,DMP-2546,Iron ore,Fe-58% Төмрийн баяжмал,Fe-58% Төмрийн баяжмал,USD,55.0,18.0,59400.0,https://mse.mn/uploads/auction_schedules/mn-DMP-2546.pdf,,,,,reported,,DMP-2546
2026-10-05 03:42,2025-04-23,11:00,Монголросцветмет ТӨҮГ,Mongolrostsvetmet (ex-Erdenes Critical Minerals),ECM-09,Iron ore,Iron ore Fe 52%,Fe-52% Төмрийн хүдэр,USD,60.0,6.0,19800.0,https://mse.mn/uploads/auction_schedules/mn-ECM-09.pdf,,,,,reported,,ECM-09
2026-10-05 03:42,2025-04-23,10:00,Энержи Ресурс ХХК,Energy Resources,ER-25092,Coal,Washed non-coking-quality coal,Баяжуулсан коксжих чанаргүй нүүрс,CNY,350.0,4.0,25600.0,https://mse.mn/uploads/auction_schedules/mn-ER-25092.pdf,,,,,reported,,ER-25092
2026-10-05 03:42,2025-04-22,14:00,Энержи Ресурс ХХК,Energy Resources,ER-25091,Coal,Washed medium-ash semi-hard coking coal,"Баяжуулсан дунд зэрэг үнстэй, хагас хатуу коксжих нүүрс",CNY,350.0,3.0,19200.0,https://mse.mn/uploads/auction_schedules/mn-ER-25091.pdf,,,,,reported,,ER-25091
2026-10-05 03:42,2025-04-22,12:00,Дарханы Төмөрлөгийн Үйлдвэр ХХК,Дарханы Төмөрлөгийн Үйлдвэр ХХК,DMP-2545,Iron ore,Fe-58% Төмрийн баяжмал,Fe-58% Төмрийн баяжмал,USD,55.0,18.0,59400.0,https://mse.mn/uploads/auction_schedules/mn-DMP-2545.pdf,,,,,reported,,DMP-2545
2026-10-05 03:42,2025-04-22,11:00,Монголросцветмет ТӨҮГ,Mongolrostsvetmet (ex-Erdenes Critical Minerals),ECM-08,Iron ore,Iron ore Fe 52%,Fe-52% Төмрийн хүдэр,USD,60.0,2.0,6600.0,https://mse.mn/uploads/auction_schedules/mn-ECM-08.pdf,,,,,reported,,ECM-08
2026-10-05 03:42,2025-04-22,10:00,Энержи Ресурс ХХК,Energy Resources,ER-25090,Coal,Washed coking coal,Баяжуулсан коксжих нүүрс,CNY,800.0,2.0,12800.0,https://mse.mn/uploads/auction_schedules/mn-ER-25090.pdf,,,,,reported,,ER-25090
2026-10-05 03:42,2025-04-21,14:00,Энержи Ресурс ХХК,Energy Resources,ER-25089,Coal,Washed medium-ash semi-hard coking coal,"Баяжуулсан дунд зэрэг үнстэй, хагас хатуу коксжих нүүрс",CNY,350.0,3.0,19200.0,https://mse.mn/uploads/auction_schedules/mn-ER-25089.pdf,,,,,reported,,ER-25089
2026-10-05 03:42,2025-04-21,12:00,Андын Илч ХХК,Андын Илч ХХК,ANDIIN ILCH 03,Coal,Чийг багатай хүрэн нүүрс,Чийг багатай хүрэн нүүрс,CNY,140.0,6.0,38400.0,https://mse.mn/uploads/auction_schedules/mn-ANDIIN ILCH 03.pdf,,,,,reported,,ANDIIN ILCH 03
2026-10-05 03:42,2025-04-21,12:00,Дарханы Төмөрлөгийн Үйлдвэр ХХК,Дарханы Төмөрлөгийн Үйлдвэр ХХК,DMP-2544,Iron ore,Fe-58% Төмрийн баяжмал,Fe-58% Төмрийн баяжмал,USD,55.0,18.0,59400.0,https://mse.mn/uploads/auction_schedules/mn-DMP-2544.pdf,,,,,reported,,DMP-2544
2026-10-05 03:42,2025-04-21,10:00,Энержи Ресурс ХХК,Energy Resources,ER-25088,Coal,Washed coking coal,Баяжуулсан коксжих нүүрс,CNY,800.0,2.0,12800.0,https://mse.mn/uploads/auction_schedules/mn-ER-25088.pdf,,,,,reported,,ER-25088
2026-10-05 03:42,2025-04-18,14:00,Хангад Эксплорэйшн ХХК,Khangad Exploration,KH-25052,Coal,Washed semi-soft coking coal,Баяжуулсан сул коксжих нүүрс,CNY,600.0,2.0,12800.0,https://mse.mn/uploads/auction_schedules/mn-KH-25052.pdf,,,,,reported,,KH-25052
2026-10-05 03:42,2025-04-18,12:00,Дарханы Төмөрлөгийн Үйлдвэр ХХК,Дарханы Төмөрлөгийн Үйлдвэр ХХК,DMP-2543,Iron ore,Fe-58% Төмрийн баяжмал,Fe-58% Төмрийн баяжмал,USD,55.0,18.0,59400.0,https://mse.mn/uploads/auction_schedules/mn-DMP-2543.pdf,,,,,reported,,DMP-2543
2026-10-05 03:42,2025-04-18,12:00,Эрдэнэс Тавантолгой ХК,Erdenes Tavan Tolgoi,ETT-25-25-1-3-CO,Coal,1/3 coking coal,1/3 коксжих нүүрс,USD,67.4,80.0,512000.0,https://mse.mn/uploads/auction_schedules/mn-ETT-25-25-1-3-CO.pdf,,,,,reported,,ETT-25-25-1-3-CO
2026-10-05 03:42,2025-04-18,11:00,Эрдэнэс Тавантолгой ХК,Erdenes Tavan Tolgoi,ETT-25-24-1-3-CO,Coal,1/3 coking coal,1/3 коксжих нүүрс,USD,67.4,20.0,128000.0,https://mse.mn/uploads/auction_schedules/mn-ETT-25-24-1-3-CO.pdf,,,,,reported,,ETT-25-24-1-3-CO
2026-10-05 03:42,2025-04-18,11:00,Монголросцветмет ТӨҮГ,Mongolrostsvetmet (ex-Erdenes Critical Minerals),ECM-07,Iron ore,Iron ore Fe 52%,Fe-52% Төмрийн хүдэр,USD,63.0,2.0,6600.0,https://mse.mn/uploads/auction_schedules/mn-ECM-07.pdf,,,,,reported,,ECM-07
2026-10-05 03:42,2025-04-18,10:00,Энержи Ресурс ХХК,Energy Resources,ER-25087,Coal,Washed coking coal,Баяжуулсан коксжих нүүрс,CNY,800.0,2.0,12800.0,https://mse.mn/uploads/auction_schedules/mn-ER-25087.pdf,,,,,reported,,ER-25087
2026-10-05 03:42,2025-04-17,15:00,Тавантолгой ХК,Tavan Tolgoi JSC,TTOA-2025-007,Coal,1/3 coking coal,1/3 коксжих нүүрс,USD,65.0,16.0,102400.0,https://mse.mn/uploads/auction_schedules/mn-TTOA-2025-007.pdf,,,,,reported,,TTOA-2025-007
2026-10-05 03:42,2025-04-17,14:00,Энержи Ресурс ХХК,Energy Resources,ER-25086,Coal,Washed medium-ash semi-hard coking coal,"Баяжуулсан дунд зэрэг үнстэй, хагас хатуу коксжих нүүрс",CNY,350.0,3.0,19200.0,https://mse.mn/uploads/auction_schedules/mn-ER-25086.pdf,,,,,reported,,ER-25086
2026-10-05 03:42,2025-04-17,12:00,Дарханы Төмөрлөгийн Үйлдвэр ХХК,Дарханы Төмөрлөгийн Үйлдвэр ХХК,DMP-2542,Iron ore,Fe-58% Төмрийн баяжмал,Fe-58% Төмрийн баяжмал,USD,55.0,18.0,59400.0,https://mse.mn/uploads/auction_schedules/mn-DMP-2542.pdf,,,,,reported,,DMP-2542
2026-10-05 03:42,2025-04-17,11:00,Монголросцветмет ТӨҮГ,Mongolrostsvetmet (ex-Erdenes Critical Minerals),ECM-06,Iron ore,Iron concentrate Fe 65%,Fe-65% Төмрийн баяжмал,USD,88.0,6.0,19800.0,https://mse.mn/uploads/auction_schedules/mn-ECM-06.pdf,,,,,reported,,ECM-06
2026-10-05 03:42,2025-04-17,10:00,Хангад Эксплорэйшн ХХК,Khangad Exploration,KH-25051,Coal,Washed non-coking-quality coal,Баяжуулсан коксжих чанаргүй нүүрс,CNY,350.0,4.0,25600.0,https://mse.mn/uploads/auction_schedules/mn-KH-25051.pdf,,,,,reported,,KH-25051
2026-10-05 03:42,2025-04-16,14:00,Энержи Ресурс ХХК,Energy Resources,ER-25085,Coal,Washed medium-ash semi-hard coking coal,"Баяжуулсан дунд зэрэг үнстэй, хагас хатуу коксжих нүүрс",CNY,350.0,3.0,19200.0,https://mse.mn/uploads/auction_schedules/mn-ER-25085.pdf,,,,,reported,,ER-25085
2026-10-05 03:42,2025-04-16,11:00,Монголросцветмет ТӨҮГ,Mongolrostsvetmet (ex-Erdenes Critical Minerals),ECM-05,Iron ore,Iron ore Fe 52%,Fe-52% Төмрийн хүдэр,USD,63.0,2.0,6600.0,https://mse.mn/uploads/auction_schedules/mn-ECM-05.pdf,,,,,reported,,ECM-05
2026-10-05 03:42,2025-04-16,10:00,Энержи Ресурс ХХК,Energy Resources,ER-25084,Coal,Washed non-coking-quality coal,Баяжуулсан коксжих чанаргүй нүүрс,CNY,350.0,4.0,25600.0,https://mse.mn/uploads/auction_schedules/mn-ER-25084.pdf,,,,,reported,,ER-25084
2026-10-05 03:42,2025-04-15,15:00,Тавантолгой ХК,Tavan Tolgoi JSC,TTOA-2025-006,Coal,Medium-volatile coking coal,"Дэгдэмхий бодис дунд, коксжих нүүрс",USD,90.0,16.0,102400.0,https://mse.mn/uploads/auction_schedules/mn-TTOA-2025-006.pdf,,,,,reported,,TTOA-2025-006
2026-10-05 03:42,2025-04-15,14:00,Хангад Эксплорэйшн ХХК,Khangad Exploration,KH-25050,Coal,Washed semi-soft coking coal,Баяжуулсан сул коксжих нүүрс,CNY,600.0,2.0,12800.0,https://mse.mn/uploads/auction_schedules/mn-KH-25050.pdf,,,,,reported,,KH-25050
2026-10-05 03:42,2025-04-15,10:00,Энержи Ресурс ХХК,Energy Resources,ER-25083,Coal,Washed coking coal,Баяжуулсан коксжих нүүрс,CNY,800.0,2.0,12800.0,https://mse.mn/uploads/auction_schedules/mn-ER-25083.pdf,,,,,reported,,ER-25083
2026-10-05 03:42,2025-04-14,14:00,Энержи Ресурс ХХК,Energy Resources,ER-25082,Coal,Washed medium-ash semi-hard coking coal,"Баяжуулсан дунд зэрэг үнстэй, хагас хатуу коксжих нүүрс",CNY,350.0,3.0,19200.0,https://mse.mn/uploads/auction_schedules/mn-ER-25082.pdf,,,,,reported,,ER-25082
2026-10-05 03:42,2025-04-14,11:00,Монголросцветмет ТӨҮГ,Mongolrostsvetmet (ex-Erdenes Critical Minerals),ECM-04,Iron ore,Iron ore Fe 52%,Fe-52% Төмрийн хүдэр,USD,63.0,2.0,6600.0,https://mse.mn/uploads/auction_schedules/mn-ECM-04.pdf,,,,,reported,,ECM-04
2026-10-05 03:42,2025-04-14,10:00,Энержи Ресурс ХХК,Energy Resources,ER-25081,Coal,Washed coking coal,Баяжуулсан коксжих нүүрс,CNY,800.0,2.0,12800.0,https://mse.mn/uploads/auction_schedules/mn-ER-25081.pdf,,,,,reported,,ER-25081
2026-10-05 03:42,2025-04-11,14:00,Эрдэнэс Тавантолгой ХК,Erdenes Tavan Tolgoi,ETT-25-25-OX,Coal,"Thermal coal (bituminous, non-caking)","Эрчим хүчний нүүрс /Битумт, үл барьцалдах нүүрс/",USD,37.9,47.0,300800.0,https://mse.mn/uploads/auction_schedules/mn-ETT-25-25-OX.pdf,,,,,reported,,ETT-25-25-OX
2026-10-05 03:42,2025-04-11,14:00,Хангад Эксплорэйшн ХХК,Khangad Exploration,KH-25049,Coal,Washed semi-soft coking coal,Баяжуулсан сул коксжих нүүрс,CNY,600.0,2.0,12800.0,https://mse.mn/uploads/auction_schedules/mn-KH-25049.pdf,,,,,reported,,KH-25049
2026-10-05 03:42,2025-04-11,10:00,Энержи Ресурс ХХК,Energy Resources,ER-25080,Coal,Washed coking coal,Баяжуулсан коксжих нүүрс,CNY,800.0,2.0,12800.0,https://mse.mn/uploads/auction_schedules/mn-ER-25080.pdf,,,,,reported,,ER-25080
2026-10-05 03:42,2025-04-10,15:00,Тавантолгой ХК,Tavan Tolgoi JSC,TTOA-2025-005,Coal,Medium-volatile coking coal,"Дэгдэмхий бодис дунд, коксжих нүүрс",USD,90.0,55.0,352000.0,https://mse.mn/uploads/auction_schedules/mn-TTOA-2025-005.pdf,,,,,reported,,TTOA-2025-005
2026-10-05 03:42,2025-04-10,14:00,Энержи Ресурс ХХК,Energy Resources,ER-25079,Coal,Washed coking coal,Баяжуулсан коксжих нүүрс,CNY,800.0,2.0,12800.0,https://mse.mn/uploads/auction_schedules/mn-ER-25079.pdf,,,,,reported,,ER-25079
2026-10-05 03:42,2025-04-10,11:00,Монголросцветмет ТӨҮГ,Mongolrostsvetmet (ex-Erdenes Critical Minerals),ECM-03,Iron ore,Iron ore Fe 52%,Fe-52% Төмрийн хүдэр,USD,63.0,2.0,6600.0,https://mse.mn/uploads/auction_schedules/mn-ECM-03.pdf,,,,,reported,,ECM-03
2026-10-05 03:42,2025-04-10,10:00,Хангад Эксплорэйшн ХХК,Khangad Exploration,KH-25048,Coal,Washed non-coking-quality coal,Баяжуулсан коксжих чанаргүй нүүрс,CNY,350.0,4.0,25600.0,https://mse.mn/uploads/auction_schedules/mn-KH-25048.pdf,,,,,reported,,KH-25048
2026-10-05 03:42,2025-04-09,14:00,Хангад Эксплорэйшн ХХК,Khangad Exploration,KH-25047,Coal,Washed semi-soft coking coal,Баяжуулсан сул коксжих нүүрс,CNY,600.0,2.0,12800.0,https://mse.mn/uploads/auction_schedules/mn-KH-25047.pdf,,,,,reported,,KH-25047
2026-10-05 03:42,2025-04-09,11:00,Монголросцветмет ТӨҮГ,Mongolrostsvetmet (ex-Erdenes Critical Minerals),ECM-02,Iron ore,Iron concentrate Fe 65%,Fe-65% Төмрийн баяжмал,USD,88.0,6.0,19800.0,https://mse.mn/uploads/auction_schedules/mn-ECM-02.pdf,,,,,reported,,ECM-02
2026-10-05 03:42,2025-04-09,10:00,Энержи Ресурс ХХК,Energy Resources,ER-25078,Coal,Washed non-coking-quality coal,Баяжуулсан коксжих чанаргүй нүүрс,CNY,350.0,4.0,25600.0,https://mse.mn/uploads/auction_schedules/mn-ER-25078.pdf,,,,,reported,,ER-25078
2026-10-05 03:42,2025-04-08,14:00,Хангад Эксплорэйшн ХХК,Khangad Exploration,KH-25046,Coal,Washed semi-soft coking coal,Баяжуулсан сул коксжих нүүрс,CNY,600.0,3.0,19200.0,https://mse.mn/uploads/auction_schedules/mn-KH-25046.pdf,,,,,reported,,KH-25046
2026-10-05 03:42,2025-04-08,12:00,Эрдэнэс Тавантолгой ХК,Erdenes Tavan Tolgoi,ETT-25-23-1-3-CO,Coal,1/3 coking coal,1/3 коксжих нүүрс,USD,67.7,5.0,32000.0,https://mse.mn/uploads/auction_schedules/mn-ETT-04-01-12.pdf,,,,,reported,,ETT-25-23-1-3-CO
2026-10-05 03:42,2025-04-08,11:00,Эрдэнэс Тавантолгой ХК,Erdenes Tavan Tolgoi,ETT-25-01-CO,Coal,Medium-volatile coking coal,"Дэгдэмхий бодис дунд, коксжих нүүрс",USD,90.3,5.0,32000.0,https://mse.mn/uploads/auction_schedules/mn-ETT-04-01-11.pdf,,,,,reported,,ETT-25-01-CO
2026-10-05 03:42,2025-04-08,11:00,Монголросцветмет ТӨҮГ,Mongolrostsvetmet (ex-Erdenes Critical Minerals),ECM-01,Iron ore,Iron ore Fe 52%,Fe-52% Төмрийн хүдэр,USD,63.0,2.0,6600.0,https://mse.mn/uploads/auction_schedules/mn-ECM-01.pdf,,,,,reported,,ECM-01
2026-10-05 03:43,2025-04-08,10:00,Энержи Ресурс ХХК,Energy Resources,ER-25077,Coal,Washed medium-ash semi-hard coking coal,"Баяжуулсан дунд зэрэг үнстэй, хагас хатуу коксжих нүүрс",CNY,360.0,3.0,19200.0,https://mse.mn/uploads/auction_schedules/mn-ER-25077.pdf,,,,,reported,,ER-25077
2026-10-05 03:43,2025-04-07,14:00,Хангад Эксплорэйшн ХХК,Khangad Exploration,KH-25045,Coal,Washed semi-soft coking coal,Баяжуулсан сул коксжих нүүрс,CNY,600.0,2.0,12800.0,https://mse.mn/uploads/auction_schedules/mn-KH-25045.pdf,,,,,reported,,KH-25045
2026-10-05 03:43,2025-04-07,10:00,Энержи Ресурс ХХК,Energy Resources,ER-25076,Coal,Washed coking coal,Баяжуулсан коксжих нүүрс,CNY,800.0,2.0,12800.0,https://mse.mn/uploads/auction_schedules/mn-ER-25076.pdf,,,,,reported,,ER-25076
2026-10-05 03:43,2025-04-04,14:00,Эрдэнэт Үйлдвэр ТӨҮГ,Erdenet Mining Corporation,EMC-01-01-2025,Copper,Copper concentrate (22.35% Cu),22.35%-ийн зэсийн агуулгатай баяжмал,USD,2219.71,5.0,4530.0,https://mse.mn/uploads/auction_schedules/mn-EMC-01-01-2025.pdf,,,,,reported,,EMC-01-01-2025
2026-10-05 03:43,2025-04-04,14:00,Хангад Эксплорэйшн ХХК,Khangad Exploration,KH-25044,Coal,Washed semi-soft coking coal,Баяжуулсан сул коксжих нүүрс,CNY,600.0,2.0,12800.0,https://mse.mn/uploads/auction_schedules/mn-KH-25044.pdf,,,,,reported,,KH-25044
2026-10-05 03:43,2025-04-04,11:00,Монголросцветмет ТӨҮГ,Mongolrostsvetmet (ex-Erdenes Critical Minerals),MRTSM-347,Iron ore,Iron ore Fe 52%,Fe-52% Төмрийн хүдэр,USD,65.0,2.0,6600.0,https://mse.mn/uploads/auction_schedules/mn-MRTSM-347.pdf,,,,,reported,,MRTSM-347
2026-10-05 03:43,2025-04-04,10:00,Энержи Ресурс ХХК,Energy Resources,ER-25075,Coal,Washed coking coal,Баяжуулсан коксжих нүүрс,CNY,800.0,2.0,12800.0,https://mse.mn/uploads/auction_schedules/mn-ER-25075.pdf,,,,,reported,,ER-25075
2026-10-05 03:43,2025-04-03,14:00,Эрдэнэс Тавантолгой ХК,Erdenes Tavan Tolgoi,ETT-25-24-OX,Coal,"Thermal coal (bituminous, non-caking)","Эрчим хүчний нүүрс /Битумт, үл барьцалдах нүүрс/",USD,40.7,5.0,32000.0,https://mse.mn/uploads/auction_schedules/mn-ETT-25-24-OX.pdf,,,,,reported,,ETT-25-24-OX
2026-10-05 03:43,2025-04-03,14:00,Энержи Ресурс ХХК,Energy Resources,ER-25074,Coal,Washed coking coal,Баяжуулсан коксжих нүүрс,CNY,800.0,2.0,12800.0,https://mse.mn/uploads/auction_schedules/mn-ER-25074.pdf,,,,,reported,,ER-25074
2026-10-05 03:43,2025-04-03,11:00,Монголросцветмет ТӨҮГ,Mongolrostsvetmet (ex-Erdenes Critical Minerals),MRTSM-346,Iron ore,Iron concentrate Fe 65%,Fe-65% Төмрийн баяжмал,USD,88.0,6.0,19800.0,https://mse.mn/uploads/auction_schedules/mn-MRTSM-346.pdf,,,,,reported,,MRTSM-346
2026-10-05 03:43,2025-04-03,10:00,Хангад Эксплорэйшн ХХК,Khangad Exploration,KH-25043,Coal,Washed non-coking-quality coal,Баяжуулсан коксжих чанаргүй нүүрс,CNY,350.0,4.0,25600.0,https://mse.mn/uploads/auction_schedules/mn-KH-25043.pdf,,,,,reported,,KH-25043
2026-10-05 03:43,2025-04-02,14:00,Хангад Эксплорэйшн ХХК,Khangad Exploration,KH-25042,Coal,Washed semi-soft coking coal,Баяжуулсан сул коксжих нүүрс,CNY,600.0,2.0,12800.0,https://mse.mn/uploads/auction_schedules/mn-KH-25042.pdf,,,,,reported,,KH-25042
2026-10-05 03:43,2025-04-02,11:00,Монголросцветмет ТӨҮГ,Mongolrostsvetmet (ex-Erdenes Critical Minerals),MRTSM-345,Iron ore,Iron ore Fe 52%,Fe-52% Төмрийн хүдэр,USD,65.0,2.0,6600.0,https://mse.mn/uploads/auction_schedules/mn-MRTSM-345.pdf,,,,,reported,,MRTSM-345
2026-10-05 03:43,2025-04-02,10:00,Энержи Ресурс ХХК,Energy Resources,ER-25073,Coal,Washed non-coking-quality coal,Баяжуулсан коксжих чанаргүй нүүрс,CNY,350.0,4.0,25600.0,https://mse.mn/uploads/auction_schedules/mn-ER-25073.pdf,,,,,reported,,ER-25073
2026-10-05 03:43,2025-04-01,14:00,Хангад Эксплорэйшн ХХК,Khangad Exploration,KH-25041,Coal,Washed semi-soft coking coal,Баяжуулсан сул коксжих нүүрс,CNY,600.0,3.0,19200.0,https://mse.mn/uploads/auction_schedules/mn-KH-25041.pdf,,,,,reported,,KH-25041
2026-10-05 03:43,2025-04-01,10:00,Энержи Ресурс ХХК,Energy Resources,ER-25072,Coal,Washed medium-ash semi-hard coking coal,"Баяжуулсан дунд зэрэг үнстэй, хагас хатуу коксжих нүүрс",CNY,370.0,3.0,19200.0,https://mse.mn/uploads/auction_schedules/mn-ER-25072.pdf,,,,,reported,,ER-25072
2026-10-05 03:43,2025-03-31,14:00,Хангад Эксплорэйшн ХХК,Khangad Exploration,KH-25040,Coal,Washed semi-soft coking coal,Баяжуулсан сул коксжих нүүрс,CNY,600.0,2.0,12800.0,https://mse.mn/uploads/auction_schedules/mn-KH-25040.pdf,,,,,reported,,KH-25040
2026-10-05 03:43,2025-03-31,11:00,Монголросцветмет ТӨҮГ,Mongolrostsvetmet (ex-Erdenes Critical Minerals),MRTSM-344,Iron ore,Iron ore Fe 52%,Fe-52% Төмрийн хүдэр,USD,65.0,2.0,6600.0,https://mse.mn/uploads/auction_schedules/mn-MRTSM-344.pdf,,,,,reported,,MRTSM-344
2026-10-05 03:43,2025-03-31,10:00,Энержи Ресурс ХХК,Energy Resources,ER-25071,Coal,Washed coking coal,Баяжуулсан коксжих нүүрс,CNY,800.0,2.0,12800.0,https://mse.mn/uploads/auction_schedules/mn-ER-25071.pdf,,,,,reported,,ER-25071
2026-10-05 03:43,2025-03-28,16:00,Эрдэнэс Тавантолгой ХК,Erdenes Tavan Tolgoi,ETT-2523-1-3-CO,Coal,1/3 coking coal,1/3 коксжих нүүрс,USD,67.8,20.0,128000.0,https://mse.mn/uploads/auction_schedules/mn-ETT-2523-1-3-CO.pdf,,,,,reported,,ETT-2523-1-3-CO
2026-10-05 03:43,2025-03-28,15:00,Эрдэнэс Тавантолгой ХК,Erdenes Tavan Tolgoi,ETT-2522-1-3-CO,Coal,1/3 coking coal,1/3 коксжих нүүрс,USD,67.8,80.0,512000.0,https://mse.mn/uploads/auction_schedules/mn-ETT-2522-1-3-CO.pdf,,,,,reported,,ETT-2522-1-3-CO
2026-10-05 03:43,2025-03-28,15:00,Тавантолгой ХК,Tavan Tolgoi JSC,TTOA-2025-004,Coal,Medium-volatile coking coal,"Дэгдэмхий бодис дунд, коксжих нүүрс",USD,95.0,16.0,102400.0,https://mse.mn/uploads/auction_schedules/mn-TTOA-2025-004.pdf,,,,,reported,,TTOA-2025-004
2026-10-05 03:43,2025-03-28,14:00,Тавантолгой ХК,Tavan Tolgoi JSC,TTOA-2025-003,Coal,1/3 coking coal,1/3 коксжих нүүрс,USD,70.1,8.0,51200.0,https://mse.mn/uploads/auction_schedules/mn-TTOA-2025-003.pdf,,,,,reported,,TTOA-2025-003
2026-10-05 03:43,2025-03-28,14:00,Энержи Ресурс ХХК,Energy Resources,ER-25070,Coal,Washed medium-ash semi-hard coking coal,"Баяжуулсан дунд зэрэг үнстэй, хагас хатуу коксжих нүүрс",CNY,370.0,3.0,19200.0,https://mse.mn/uploads/auction_schedules/mn-ER-25070.pdf,,,,,reported,,ER-25070
2026-10-05 03:43,2025-03-28,12:00,Эрдэнэс Тавантолгой ХК,Erdenes Tavan Tolgoi,ETT-2521-1-3-CO,Coal,1/3 coking coal,1/3 коксжих нүүрс,USD,67.8,20.0,128000.0,https://mse.mn/uploads/auction_schedules/mn-ETT-2521-1-3-CO.pdf,,,,,reported,,ETT-2521-1-3-CO
2026-10-05 03:43,2025-03-28,11:00,Эрдэнэс Тавантолгой ХК,Erdenes Tavan Tolgoi,ETT-2520-OX,Coal,"Thermal coal (bituminous, non-caking)","Эрчим хүчний нүүрс /Битумт, үл барьцалдах нүүрс/",USD,40.7,40.0,256000.0,https://mse.mn/uploads/auction_schedules/mn-ETT-2520-OX.pdf,,,,,reported,,ETT-2520-OX
2026-10-05 03:43,2025-03-28,10:00,Энержи Ресурс ХХК,Energy Resources,ER-25069,Coal,Washed coking coal,Баяжуулсан коксжих нүүрс,CNY,800.0,2.0,12800.0,https://mse.mn/uploads/auction_schedules/mn-ER-25069.pdf,,,,,reported,,ER-25069
2026-10-05 03:43,2025-03-27,14:00,Энержи Ресурс ХХК,Energy Resources,ER-25068,Coal,Washed coking coal,Баяжуулсан коксжих нүүрс,CNY,800.0,2.0,12800.0,https://mse.mn/uploads/auction_schedules/mn-ER-25068.pdf,,,,,reported,,ER-25068
2026-10-05 03:43,2025-03-27,12:00,Очир мандал хайрхан ХХК,Очир мандал хайрхан ХХК,OMKH-25-02,Fluorspar,Fluorspar ore CaF2 <55%,CaF2 <55% Хайлуур жоншны хүдэр,CNY,720.0,24.0,1560.0,https://mse.mn/uploads/auction_schedules/mn-OMKH-25-02.pdf,,,,,reported,,OMKH-25-02
2026-10-05 03:43,2025-03-27,11:00,Монголросцветмет ТӨҮГ,Mongolrostsvetmet (ex-Erdenes Critical Minerals),MRTSM-343,Iron ore,Iron ore Fe 52%,Fe-52% Төмрийн хүдэр,USD,65.0,2.0,6600.0,https://mse.mn/uploads/auction_schedules/mn-MRTSM-343.pdf,,,,,reported,,MRTSM-343
2026-10-05 03:43,2025-03-27,10:00,Хангад Эксплорэйшн ХХК,Khangad Exploration,KH-25039,Coal,Washed non-coking-quality coal,Баяжуулсан коксжих чанаргүй нүүрс,CNY,360.0,4.0,25600.0,https://mse.mn/uploads/auction_schedules/mn-KH-25039.pdf,,,,,reported,,KH-25039
2026-10-05 03:43,2025-03-26,14:00,Эрдэнэт Үйлдвэр ТӨҮГ,Erdenet Mining Corporation,№03-2025,Copper,Copper concentrate (22.35% Cu),22.35%-ийн зэсийн агуулгатай баяжмал,USD,2165.94,5.0,4530.0,https://mse.mn/uploads/auction_schedules/mn-№03-2025.pdf,,,,,reported,,№03-2025
2026-10-05 03:43,2025-03-26,14:00,Хангад Эксплорэйшн ХХК,Khangad Exploration,KH-25038,Coal,Washed semi-soft coking coal,Баяжуулсан сул коксжих нүүрс,CNY,600.0,2.0,12800.0,https://mse.mn/uploads/auction_schedules/mn-KH-25038.pdf,,,,,reported,,KH-25038
2026-10-05 03:43,2025-03-26,11:00,Монголросцветмет ТӨҮГ,Mongolrostsvetmet (ex-Erdenes Critical Minerals),MRTSM-342,Iron ore,Iron concentrate Fe 65%,Fe-65% Төмрийн баяжмал,USD,88.0,6.0,19800.0,https://mse.mn/uploads/auction_schedules/mn-MRTSM-342.pdf,,,,,reported,,MRTSM-342
2026-10-05 03:43,2025-03-26,10:00,Энержи Ресурс ХХК,Energy Resources,ER-25067,Coal,Washed non-coking-quality coal,Баяжуулсан коксжих чанаргүй нүүрс,CNY,360.0,4.0,25600.0,https://mse.mn/uploads/auction_schedules/mn-ER-25067.pdf,,,,,reported,,ER-25067
2026-10-05 03:43,2025-03-25,14:00,Энержи Ресурс ХХК,Energy Resources,ER-25066,Coal,Washed medium-ash semi-hard coking coal,"Баяжуулсан дунд зэрэг үнстэй, хагас хатуу коксжих нүүрс",CNY,370.0,3.0,19200.0,https://mse.mn/uploads/auction_schedules/mn-ER-25066.pdf,,,,,reported,,ER-25066
2026-10-05 03:43,2025-03-25,11:00,Монголросцветмет ТӨҮГ,Mongolrostsvetmet (ex-Erdenes Critical Minerals),MRTSM-341,Iron ore,Iron ore Fe 52%,Fe-52% Төмрийн хүдэр,USD,65.0,2.0,6600.0,https://mse.mn/uploads/auction_schedules/mn-MRTSM-341.pdf,,,,,reported,,MRTSM-341
2026-10-05 03:43,2025-03-25,10:00,Хангад Эксплорэйшн ХХК,Khangad Exploration,KH-25037,Coal,Washed non-coking-quality coal,Баяжуулсан коксжих чанаргүй нүүрс,CNY,360.0,4.0,25600.0,https://mse.mn/uploads/auction_schedules/mn-KH-25037.pdf,,,,,reported,,KH-25037
2026-10-05 03:43,2025-03-24,15:00,Тавантолгой ХК,Tavan Tolgoi JSC,ТТОА-2025-002,Coal,1/3 coking coal,1/3 коксжих нүүрс,USD,70.1,2.0,12800.0,https://mse.mn/uploads/auction_schedules/mn-ТТОА-2025-002.pdf,,,,,reported,,ТТОА-2025-002
2026-10-05 03:43,2025-03-24,14:00,Хангад Эксплорэйшн ХХК,Khangad Exploration,KH-25036,Coal,Washed semi-soft coking coal,Баяжуулсан сул коксжих нүүрс,CNY,600.0,2.0,12800.0,https://mse.mn/uploads/auction_schedules/mn-KH-25036.pdf,,,,,reported,,KH-25036
2026-10-05 03:43,2025-03-24,14:00,Очир мандал хайрхан ХХК,Очир мандал хайрхан ХХК,OMKH-25-01,Fluorspar,CaF2- <42% Хайлуур жоншны хүдэр,CaF2- <42% Хайлуур жоншны хүдэр,CNY,550.0,53.0,3445.0,https://mse.mn/uploads/auction_schedules/mn-OMKH-25-01.pdf,,,,,reported,,OMKH-25-01
2026-10-05 03:43,2025-03-24,10:00,Энержи Ресурс ХХК,Energy Resources,ER-25065,Coal,Washed coking coal,Баяжуулсан коксжих нүүрс,CNY,800.0,2.0,12800.0,https://mse.mn/uploads/auction_schedules/mn-ER-25065.pdf,,,,,reported,,ER-25065
2026-10-05 03:43,2025-03-24,10:00,Эрдэнэс Тавантолгой ХК,Erdenes Tavan Tolgoi,ETT-25-04-OX,Coal,"Thermal coal (bituminous, non-caking)","Эрчим хүчний нүүрс /Битумт, үл барьцалдах нүүрс/",USD,41.2,20.0,128000.0,https://mse.mn/uploads/auction_schedules/mn-ETT-25-04-OX.pdf,,,,,reported,,ETT-25-04-OX
2026-10-05 03:43,2025-03-21,15:00,Тавантолгой ХК,Tavan Tolgoi JSC,TTOA-2025-001,Coal,Medium-volatile coking coal,"Дэгдэмхий бодис дунд, коксжих нүүрс",USD,95.0,2.0,12800.0,https://mse.mn/uploads/auction_schedules/mn-TTOA-2025-001.pdf,,,,,reported,,TTOA-2025-001
2026-10-05 03:43,2025-03-21,14:00,Эрдэнэс Тавантолгой ХК,Erdenes Tavan Tolgoi,ETT-25-19-CO,Coal,1/3 coking coal,1/3 коксжих нүүрс,USD,70.1,5.0,32000.0,https://mse.mn/uploads/auction_schedules/mn-ETT-25-19-CO.pdf,,,,,reported,,ETT-25-19-CO
2026-10-05 03:43,2025-03-21,14:00,Энержи Ресурс ХХК,Energy Resources,ER-25064,Coal,Washed medium-ash semi-hard coking coal,"Баяжуулсан дунд зэрэг үнстэй, хагас хатуу коксжих нүүрс",CNY,370.0,3.0,19200.0,https://mse.mn/uploads/auction_schedules/mn-ER-25064.pdf,,,,,reported,,ER-25064
2026-10-05 03:43,2025-03-21,13:00,Эрдэнэс Тавантолгой ХК,Erdenes Tavan Tolgoi,ETT-25-18-CO,Coal,1/3 coking coal,1/3 коксжих нүүрс,USD,70.1,5.0,32000.0,https://mse.mn/uploads/auction_schedules/mn-ETT-25-18-CO.pdf,,,,,reported,,ETT-25-18-CO
2026-10-05 03:43,2025-03-21,12:00,Эрдэнэс Тавантолгой ХК,Erdenes Tavan Tolgoi,ETT-25-17-CO,Coal,1/3 coking coal,1/3 коксжих нүүрс,USD,70.1,5.0,32000.0,https://mse.mn/uploads/auction_schedules/mn-ETT-25-17-CO.pdf,,,,,reported,,ETT-25-17-CO
2026-10-05 03:43,2025-03-21,11:00,Монголросцветмет ТӨҮГ,Mongolrostsvetmet (ex-Erdenes Critical Minerals),MRTSM-340,Iron ore,Iron ore Fe 52%,Fe-52% Төмрийн хүдэр,USD,65.0,2.0,6600.0,https://mse.mn/uploads/auction_schedules/mn-MRTSM-340.pdf,,,,,reported,,MRTSM-340
2026-10-05 03:43,2025-03-21,10:00,Эрдэнэс Тавантолгой ХК,Erdenes Tavan Tolgoi,ETT-25-166-1-3-CO,Coal,1/3 coking coal,1/3 коксжих нүүрс,USD,70.1,5.0,32000.0,https://mse.mn/uploads/auction_schedules/mn-ETT-25-166-1-3-CO.pdf,,,,,reported,,ETT-25-166-1-3-CO
2026-10-05 03:43,2025-03-21,10:00,Энержи Ресурс ХХК,Energy Resources,ER-25063,Coal,Washed coking coal,Баяжуулсан коксжих нүүрс,CNY,800.0,2.0,12800.0,https://mse.mn/uploads/auction_schedules/mn-ER-25063.pdf,,,,,reported,,ER-25063
2026-10-05 03:43,2025-03-20,14:00,Энержи Ресурс ХХК,Energy Resources,ER-25062,Coal,Washed medium-ash semi-hard coking coal,"Баяжуулсан дунд зэрэг үнстэй, хагас хатуу коксжих нүүрс",CNY,370.0,3.0,19200.0,https://mse.mn/uploads/auction_schedules/mn-ER-25062.pdf,,,,,reported,,ER-25062
2026-10-05 03:43,2025-03-20,10:00,Хангад Эксплорэйшн ХХК,Khangad Exploration,KH-25035,Coal,Washed non-coking-quality coal,Баяжуулсан коксжих чанаргүй нүүрс,CNY,360.0,4.0,25600.0,https://mse.mn/uploads/auction_schedules/mn-KH-25035.pdf,,,,,reported,,KH-25035
2026-10-05 03:43,2025-03-19,14:00,Хангад Эксплорэйшн ХХК,Khangad Exploration,KH-25034,Coal,Washed semi-soft coking coal,Баяжуулсан сул коксжих нүүрс,CNY,600.0,2.0,12800.0,https://mse.mn/uploads/auction_schedules/mn-KH-25034.pdf,,,,,reported,,KH-25034
2026-10-05 03:43,2025-03-19,11:00,Монголросцветмет ТӨҮГ,Mongolrostsvetmet (ex-Erdenes Critical Minerals),MRTSM-339,Iron ore,Iron ore Fe 52%,Fe-52% Төмрийн хүдэр,USD,65.0,2.0,6600.0,https://mse.mn/uploads/auction_schedules/mn-MRTSM-339.pdf,,,,,reported,,MRTSM-339
2026-10-05 03:43,2025-03-19,10:00,Энержи Ресурс ХХК,Energy Resources,ER-25061,Coal,Washed non-coking-quality coal,Баяжуулсан коксжих чанаргүй нүүрс,CNY,360.0,4.0,25600.0,https://mse.mn/uploads/auction_schedules/mn-ER-25061.pdf,,,,,reported,,ER-25061
2026-10-05 03:43,2025-03-18,14:00,Энержи Ресурс ХХК,Energy Resources,ER-25060,Coal,Washed medium-ash semi-hard coking coal,"Баяжуулсан дунд зэрэг үнстэй, хагас хатуу коксжих нүүрс",CNY,370.0,3.0,19200.0,https://mse.mn/uploads/auction_schedules/mn-ER-25060.pdf,,,,,reported,,ER-25060
2026-10-05 03:43,2025-03-18,10:00,Хангад Эксплорэйшн ХХК,Khangad Exploration,KH-25033,Coal,Washed non-coking-quality coal,Баяжуулсан коксжих чанаргүй нүүрс,CNY,360.0,4.0,25600.0,https://mse.mn/uploads/auction_schedules/mn-KH-25033.pdf,,,,,reported,,KH-25033
2026-10-05 03:43,2025-03-18,10:00,Андын Илч ХХК,Андын Илч ХХК,AND-02,Coal,Чийг багатай хүрэн нүүрс,Чийг багатай хүрэн нүүрс,CNY,180.0,6.0,38400.0,https://mse.mn/uploads/auction_schedules/mn-AND-02.pdf,,,,,reported,,AND-02
2026-10-05 03:43,2025-03-17,14:00,Хангад Эксплорэйшн ХХК,Khangad Exploration,KH-25032,Coal,Washed semi-soft coking coal,Баяжуулсан сул коксжих нүүрс,CNY,600.0,2.0,12800.0,https://mse.mn/uploads/auction_schedules/mn-KH-25032.pdf,,,,,reported,,KH-25032
2026-10-05 03:43,2025-03-17,11:00,Монголросцветмет ТӨҮГ,Mongolrostsvetmet (ex-Erdenes Critical Minerals),MRTSM-338,Iron ore,Iron ore Fe 52%,Fe-52% Төмрийн хүдэр,USD,65.0,2.0,6600.0,https://mse.mn/uploads/auction_schedules/mn-MRTSM-338.pdf,,,,,reported,,MRTSM-338
2026-10-05 03:43,2025-03-17,10:00,Энержи Ресурс ХХК,Energy Resources,ER-25059,Coal,Washed coking coal,Баяжуулсан коксжих нүүрс,CNY,800.0,2.0,12800.0,https://mse.mn/uploads/auction_schedules/mn-ER-25059.pdf,,,,,reported,,ER-25059
2026-10-05 03:43,2025-03-14,14:00,Энержи Ресурс ХХК,Energy Resources,ER-25058,Coal,Washed medium-ash semi-hard coking coal,"Баяжуулсан дунд зэрэг үнстэй, хагас хатуу коксжих нүүрс",CNY,370.0,3.0,19200.0,https://mse.mn/uploads/auction_schedules/mn-ER-25058.pdf,,,,,reported,,ER-25058
2026-10-05 03:43,2025-03-14,10:00,Энержи Ресурс ХХК,Energy Resources,ER-25057,Coal,Washed coking coal,Баяжуулсан коксжих нүүрс,CNY,800.0,2.0,12800.0,https://mse.mn/uploads/auction_schedules/mn-ER-25057.pdf,,,,,reported,,ER-25057
2026-10-05 03:43,2025-03-13,14:00,Энержи Ресурс ХХК,Energy Resources,ER-25056,Coal,Washed medium-ash semi-hard coking coal,"Баяжуулсан дунд зэрэг үнстэй, хагас хатуу коксжих нүүрс",CNY,370.0,3.0,19200.0,https://mse.mn/uploads/auction_schedules/mn-ER-25056.pdf,,,,,reported,,ER-25056
2026-10-05 03:43,2025-03-13,14:00,Эрдэнэс Тавантолгой ХК,Erdenes Tavan Tolgoi,ETT-25-12-WCO,Coal,Washed coking coal,Баяжуулсан коксжих нүүрс,USD,114.7,5.0,32000.0,https://mse.mn/uploads/auction_schedules/mn-ETT-25-12-WCO.pdf,,,,,reported,,ETT-25-12-WCO
2026-10-05 03:43,2025-03-13,12:00,Эрдэнэс Тавантолгой ХК,Erdenes Tavan Tolgoi,ETT-25-11-WCO,Coal,Washed coking coal,Баяжуулсан коксжих нүүрс,USD,114.7,10.0,64000.0,https://mse.mn/uploads/auction_schedules/mn-ETT-25-11-WCO.pdf,,,,,reported,,ETT-25-11-WCO
2026-10-05 03:43,2025-03-13,11:00,Монголросцветмет ТӨҮГ,Mongolrostsvetmet (ex-Erdenes Critical Minerals),MRTSM-336,Iron ore,Iron ore Fe 52%,Fe-52% Төмрийн хүдэр,USD,65.0,2.0,6600.0,https://mse.mn/uploads/auction_schedules/mn-MRTSM-336.pdf,,,,,reported,,MRTSM-336
2026-10-05 03:43,2025-03-13,10:00,Хангад Эксплорэйшн ХХК,Khangad Exploration,KH-25031,Coal,Washed non-coking-quality coal,Баяжуулсан коксжих чанаргүй нүүрс,CNY,360.0,4.0,25600.0,https://mse.mn/uploads/auction_schedules/mn-KH-25031.pdf,,,,,reported,,KH-25031
2026-10-05 03:43,2025-03-12,14:00,Эрдэнэс Тавантолгой ХК,Erdenes Tavan Tolgoi,ETT-25-03-OX,Coal,"Thermal coal (bituminous, non-caking)","Эрчим хүчний нүүрс /Битумт, үл барьцалдах нүүрс/",USD,44.5,10.0,64000.0,https://mse.mn/uploads/auction_schedules/mn-ETT-25-03-OX.pdf,,,,,reported,,ETT-25-03-OX
2026-10-05 03:43,2025-03-12,14:00,Хангад Эксплорэйшн ХХК,Khangad Exploration,KH-25029,Coal,Washed semi-soft coking coal,Баяжуулсан сул коксжих нүүрс,CNY,600.0,2.0,12800.0,https://mse.mn/uploads/auction_schedules/mn-KH-25029.pdf,,,,,reported,,KH-25029
2026-10-05 03:43,2025-03-12,12:00,Эрдэнэс Тавантолгой ХК,Erdenes Tavan Tolgoi,ETT-25-02-OX,Coal,"Thermal coal (bituminous, non-caking)","Эрчим хүчний нүүрс /Битумт, үл барьцалдах нүүрс/",USD,44.5,10.0,64000.0,https://mse.mn/uploads/auction_schedules/mn-ETT-25-02-OX.pdf,,,,,reported,,ETT-25-02-OX
2026-10-05 03:43,2025-03-12,11:00,Монголросцветмет ТӨҮГ,Mongolrostsvetmet (ex-Erdenes Critical Minerals),MRTSM-335,Iron ore,Iron concentrate Fe 65%,Fe-65% Төмрийн баяжмал,USD,88.0,6.0,19800.0,https://mse.mn/uploads/auction_schedules/mn-MRTSM-335.pdf,,,,,reported,,MRTSM-335
2026-10-05 03:43,2025-03-12,10:00,Монголросцветмет ТӨҮГ,Mongolrostsvetmet (ex-Erdenes Critical Minerals),MRTSM-337,Iron ore,Iron ore Fe 52%,Fe-52% Төмрийн хүдэр,USD,65.0,6.0,19800.0,https://mse.mn/uploads/auction_schedules/mn-MRTSM-337.pdf,,,,,reported,,MRTSM-337
2026-10-05 03:43,2025-03-12,10:00,Энержи Ресурс ХХК,Energy Resources,ER-25052,Coal,Washed non-coking-quality coal,Баяжуулсан коксжих чанаргүй нүүрс,CNY,360.0,4.0,25600.0,https://mse.mn/uploads/auction_schedules/mn-ER-25052.pdf,,,,,reported,,ER-25052
2026-10-05 03:43,2025-03-11,14:00,Энержи Ресурс ХХК,Energy Resources,ER-25051,Coal,Washed medium-ash semi-hard coking coal,"Баяжуулсан дунд зэрэг үнстэй, хагас хатуу коксжих нүүрс",CNY,370.0,3.0,19200.0,https://mse.mn/uploads/auction_schedules/mn-ER-25051.pdf,,,,,reported,,ER-25051
2026-10-05 03:43,2025-03-11,11:00,Монголросцветмет ТӨҮГ,Mongolrostsvetmet (ex-Erdenes Critical Minerals),MRTSM-334,Iron ore,Iron ore Fe 52%,Fe-52% Төмрийн хүдэр,USD,65.0,2.0,6600.0,https://mse.mn/uploads/auction_schedules/mn-MRTSM-334.pdf,,,,,reported,,MRTSM-334
2026-10-05 03:43,2025-03-11,10:00,Хангад Эксплорэйшн ХХК,Khangad Exploration,KH-25028,Coal,Washed non-coking-quality coal,Баяжуулсан коксжих чанаргүй нүүрс,CNY,360.0,4.0,25600.0,https://mse.mn/uploads/auction_schedules/mn-KH-25028.pdf,,,,,reported,,KH-25028
2026-10-05 03:43,2025-03-10,14:00,Хангад Эксплорэйшн ХХК,Khangad Exploration,KH-25027,Coal,Washed semi-soft coking coal,Баяжуулсан сул коксжих нүүрс,CNY,600.0,2.0,12800.0,https://mse.mn/uploads/auction_schedules/mn-KH-25027.pdf,,,,,reported,,KH-25027
2026-10-05 03:43,2025-03-10,10:00,Энержи Ресурс ХХК,Energy Resources,ER-25050,Coal,Washed coking coal,Баяжуулсан коксжих нүүрс,CNY,800.0,2.0,12800.0,https://mse.mn/uploads/auction_schedules/mn-ER-25050.pdf,,,,,reported,,ER-25050
2026-10-05 03:43,2025-03-07,14:00,Энержи Ресурс ХХК,Energy Resources,ER-25055,Coal,Washed medium-ash semi-hard coking coal,"Баяжуулсан дунд зэрэг үнстэй, хагас хатуу коксжих нүүрс",CNY,370.0,3.0,19200.0,https://mse.mn/uploads/auction_schedules/mn-ER-25055.pdf,,,,,reported,,ER-25055
2026-10-05 03:43,2025-03-07,11:00,Монголросцветмет ТӨҮГ,Mongolrostsvetmet (ex-Erdenes Critical Minerals),MRTSM-333,Fluorspar,CaF2 97% хайлуур жоншны баяжмал,CaF2 97% хайлуур жоншны баяжмал,USD,360.0,51.0,3315.0,https://mse.mn/uploads/auction_schedules/mn-MRTSM-333.pdf,,,,,reported,,MRTSM-333
2026-10-05 03:43,2025-03-07,11:00,Монголросцветмет ТӨҮГ,Mongolrostsvetmet (ex-Erdenes Critical Minerals),MRTSM-332,Iron ore,Iron ore Fe 52%,Fe-52% Төмрийн хүдэр,USD,65.0,2.0,6600.0,https://mse.mn/uploads/auction_schedules/mn-MRTSM-332.pdf,,,,,reported,,MRTSM-332
2026-10-05 03:43,2025-03-07,10:00,Энержи Ресурс ХХК,Energy Resources,ER-25054,Coal,Washed coking coal,Баяжуулсан коксжих нүүрс,CNY,800.0,2.0,12800.0,https://mse.mn/uploads/auction_schedules/mn-ER-25054.pdf,,,,,reported,,ER-25054
2026-10-05 03:43,2025-03-07,10:00,Монголросцветмет ТӨҮГ,Mongolrostsvetmet (ex-Erdenes Critical Minerals),MRTSM-330,Iron ore,Iron ore Fe 52%,Fe-52% Төмрийн хүдэр,USD,65.0,2.0,6600.0,https://mse.mn/uploads/auction_schedules/mn-MRTSM-330.pdf,,,,,reported,,MRTSM-330
2026-10-05 03:43,2025-03-06,14:00,Энержи Ресурс ХХК,Energy Resources,ER-25053,Coal,Washed medium-ash semi-hard coking coal,"Баяжуулсан дунд зэрэг үнстэй, хагас хатуу коксжих нүүрс",CNY,370.0,3.0,19200.0,https://mse.mn/uploads/auction_schedules/mn-ER-25053.pdf,,,,,reported,,ER-25053
2026-10-05 03:43,2025-03-06,11:00,Монголросцветмет ТӨҮГ,Mongolrostsvetmet (ex-Erdenes Critical Minerals),MRTSM-331,Iron ore,Iron concentrate Fe 65%,Fe-65% Төмрийн баяжмал,USD,88.0,6.0,19800.0,https://mse.mn/uploads/auction_schedules/mn-MRTSM-331.pdf,,,,,reported,,MRTSM-331
2026-10-05 03:43,2025-03-06,10:00,Хангад Эксплорэйшн ХХК,Khangad Exploration,KH-25030,Coal,Washed non-coking-quality coal,Баяжуулсан коксжих чанаргүй нүүрс,CNY,360.0,4.0,25600.0,https://mse.mn/uploads/auction_schedules/mn-KH-25030.pdf,,,,,reported,,KH-25030
2026-10-05 03:43,2025-03-06,10:00,Монголросцветмет ТӨҮГ,Mongolrostsvetmet (ex-Erdenes Critical Minerals),MRTSM-329,Iron ore,Iron ore Fe 52%,Fe-52% Төмрийн хүдэр,USD,65.0,2.0,6600.0,https://mse.mn/uploads/auction_schedules/mn-MRTSM-329.pdf,,,,,reported,,MRTSM-329
2026-10-05 03:43,2025-02-28,14:00,Эрдэнэс Тавантолгой ХК,Erdenes Tavan Tolgoi,ETT-25-10-WCO,Coal,Washed coking coal,Баяжуулсан коксжих нүүрс,USD,114.4,2.0,12800.0,https://mse.mn/uploads/auction_schedules/mn-ETT-25-10-WCO.pdf,,,,,reported,,ETT-25-10-WCO
2026-10-05 03:43,2025-02-28,14:00,Энержи Ресурс ХХК,Energy Resources,ER-25049,Coal,Washed medium-ash semi-hard coking coal,"Баяжуулсан дунд зэрэг үнстэй, хагас хатуу коксжих нүүрс",CNY,370.0,3.0,19200.0,https://mse.mn/uploads/auction_schedules/mn-ER-25049.pdf,,,,,reported,,ER-25049
2026-10-05 03:43,2025-02-28,12:00,Эрдэнэс Тавантолгой ХК,Erdenes Tavan Tolgoi,ETT-25-09-WCO,Coal,Washed coking coal,Баяжуулсан коксжих нүүрс,USD,114.4,5.0,32000.0,https://mse.mn/uploads/auction_schedules/mn-ETT-25-09-WCO.pdf,,,,,reported,,ETT-25-09-WCO
2026-10-05 03:43,2025-02-28,12:00,Андын Илч ХХК,Андын Илч ХХК,AND-01-25,Coal,Чийг багатай хүрэн нүүрс,Чийг багатай хүрэн нүүрс,CNY,180.0,6.0,38400.0,https://mse.mn/uploads/auction_schedules/mn-AND-01-25.pdf,,,,,reported,,AND-01-25
2026-10-05 03:43,2025-02-28,11:00,Эрдэнэс Тавантолгой ХК,Erdenes Tavan Tolgoi,ETT-25-08-WCO,Coal,Washed coking coal,Баяжуулсан коксжих нүүрс,USD,114.4,10.0,64000.0,https://mse.mn/uploads/auction_schedules/mn-ETT-25-08-WCO.pdf,,,,,reported,,ETT-25-08-WCO
2026-10-05 03:43,2025-02-28,11:00,Эрдэнэт Үйлдвэр ТӨҮГ,Erdenet Mining Corporation,EMC-02-25,Copper,Copper concentrate (22.35% Cu),22.35%-ийн зэсийн агуулгатай баяжмал,USD,2104.91,5.0,4530.0,https://mse.mn/uploads/auction_schedules/mn-EMC-02-25.pdf,,,,,reported,,EMC-02-25
2026-10-05 03:43,2025-02-28,10:00,Энержи Ресурс ХХК,Energy Resources,ER-25048,Coal,Washed coking coal,Баяжуулсан коксжих нүүрс,CNY,800.0,2.0,12800.0,https://mse.mn/uploads/auction_schedules/mn-ER-25048.pdf,,,,,reported,,ER-25048
2026-10-05 03:43,2025-02-27,14:00,Энержи Ресурс ХХК,Energy Resources,ER-25047,Coal,Washed medium-ash semi-hard coking coal,"Баяжуулсан дунд зэрэг үнстэй, хагас хатуу коксжих нүүрс",CNY,370.0,3.0,19200.0,https://mse.mn/uploads/auction_schedules/mn-ER-25047.pdf,,,,,reported,,ER-25047
2026-10-05 03:43,2025-02-27,11:00,Монголросцветмет ТӨҮГ,Mongolrostsvetmet (ex-Erdenes Critical Minerals),MRTSM-327,Iron ore,Iron ore Fe 52%,Fe-52% Төмрийн хүдэр,USD,65.0,2.0,6600.0,https://mse.mn/uploads/auction_schedules/mn-MRTSM-327.pdf,,,,,reported,,MRTSM-327
2026-10-05 03:43,2025-02-27,10:00,Хангад Эксплорэйшн ХХК,Khangad Exploration,KH-25026,Coal,Washed non-coking-quality coal,Баяжуулсан коксжих чанаргүй нүүрс,CNY,360.0,4.0,25600.0,https://mse.mn/uploads/auction_schedules/mn-KH-25026.pdf,,,,,reported,,KH-25026
2026-10-05 03:43,2025-02-26,14:00,Хангад Эксплорэйшн ХХК,Khangad Exploration,KH-25025,Coal,Washed semi-soft coking coal,Баяжуулсан сул коксжих нүүрс,CNY,600.0,2.0,12800.0,https://mse.mn/uploads/auction_schedules/mn-KH-25025.pdf,,,,,reported,,KH-25025
2026-10-05 03:43,2025-02-26,10:00,Энержи Ресурс ХХК,Energy Resources,ER-25046,Coal,Washed non-coking-quality coal,Баяжуулсан коксжих чанаргүй нүүрс,CNY,360.0,4.0,25600.0,https://mse.mn/uploads/auction_schedules/mn-ER-25046.pdf,,,,,reported,,ER-25046
2026-10-05 03:43,2025-02-25,14:00,Энержи Ресурс ХХК,Energy Resources,ER-25045,Coal,Washed medium-ash semi-hard coking coal,"Баяжуулсан дунд зэрэг үнстэй, хагас хатуу коксжих нүүрс",CNY,370.0,3.0,19200.0,https://mse.mn/uploads/auction_schedules/mn-ER-25045.pdf,,,,,reported,,ER-25045
2026-10-05 03:43,2025-02-25,11:00,Монголросцветмет ТӨҮГ,Mongolrostsvetmet (ex-Erdenes Critical Minerals),MRTSM-326,Iron ore,Iron ore Fe 52%,Fe-52% Төмрийн хүдэр,USD,65.0,2.0,6600.0,https://mse.mn/uploads/auction_schedules/mn-MRTSM-326.pdf,,,,,reported,,MRTSM-326
2026-10-05 03:43,2025-02-25,10:00,Хангад Эксплорэйшн ХХК,Khangad Exploration,KH-25024,Coal,Washed non-coking-quality coal,Баяжуулсан коксжих чанаргүй нүүрс,CNY,360.0,4.0,25600.0,https://mse.mn/uploads/auction_schedules/mn-KH-25024.pdf,,,,,reported,,KH-25024
2026-10-05 03:43,2025-02-24,14:00,Хангад Эксплорэйшн ХХК,Khangad Exploration,KH-25023,Coal,Washed semi-soft coking coal,Баяжуулсан сул коксжих нүүрс,CNY,600.0,2.0,12800.0,https://mse.mn/uploads/auction_schedules/mn-KH-25023.pdf,,,,,reported,,KH-25023
2026-10-05 03:43,2025-02-24,10:00,Энержи Ресурс ХХК,Energy Resources,ER-25044,Coal,Washed coking coal,Баяжуулсан коксжих нүүрс,CNY,800.0,2.0,12800.0,https://mse.mn/uploads/auction_schedules/mn-ER-25044.pdf,,,,,reported,,ER-25044
2026-10-05 03:43,2025-02-21,16:00,Эрдэнэс Тавантолгой ХК,Erdenes Tavan Tolgoi,ETT-25-21-1-3-CO,Coal,1/3 coking coal,1/3 коксжих нүүрс,USD,72.4,10.0,64000.0,https://mse.mn/uploads/auction_schedules/mn-ETT-25-21-1-3-CO.pdf,,,,,reported,,ETT-25-21-1-3-CO
2026-10-05 03:43,2025-02-21,15:00,Эрдэнэс Тавантолгой ХК,Erdenes Tavan Tolgoi,ETT-25-20-1-3-CO,Coal,1/3 coking coal,1/3 коксжих нүүрс,USD,72.4,5.0,32000.0,https://mse.mn/uploads/auction_schedules/mn-ETT-25-20-1-3-CO.pdf,,,,,reported,,ETT-25-20-1-3-CO
2026-10-05 03:43,2025-02-21,14:00,Эрдэнэс Тавантолгой ХК,Erdenes Tavan Tolgoi,ETT-25-19-1-3-CO,Coal,1/3 coking coal,1/3 коксжих нүүрс,USD,72.4,5.0,32000.0,https://mse.mn/uploads/auction_schedules/mn-ETT-25-19-1-3-CO.pdf,,,,,reported,,ETT-25-19-1-3-CO
2026-10-05 03:43,2025-02-21,12:00,Эрдэнэс Тавантолгой ХК,Erdenes Tavan Tolgoi,ETT-25-01-OX,Coal,"Thermal coal (bituminous, non-caking)","Эрчим хүчний нүүрс /Битумт, үл барьцалдах нүүрс/",USD,48.8,20.0,128000.0,https://mse.mn/uploads/auction_schedules/mn-ETT-25-01-OX.pdf,,,,,reported,,ETT-25-01-OX
2026-10-05 03:43,2025-02-21,11:00,Монголросцветмет ТӨҮГ,Mongolrostsvetmet (ex-Erdenes Critical Minerals),MRTSM-328,Fluorspar,CaF2 97% хайлуур жоншны баяжмал,CaF2 97% хайлуур жоншны баяжмал,USD,360.0,51.0,3315.0,https://mse.mn/uploads/auction_schedules/mn-MRTSM-328.pdf,,,,,reported,,MRTSM-328
2026-10-05 03:43,2025-02-21,11:00,Монголросцветмет ТӨҮГ,Mongolrostsvetmet (ex-Erdenes Critical Minerals),MRTSM-325,Iron ore,Iron ore Fe 52%,Fe-52% Төмрийн хүдэр,USD,65.0,2.0,6600.0,https://mse.mn/uploads/auction_schedules/mn-MRTSM-325.pdf,,,,,reported,,MRTSM-325
2026-10-05 03:43,2025-02-21,10:00,Энержи Ресурс ХХК,Energy Resources,ER-25043,Coal,Washed coking coal,Баяжуулсан коксжих нүүрс,CNY,850.0,2.0,12800.0,https://mse.mn/uploads/auction_schedules/mn-ER-25043.pdf,,,,,reported,,ER-25043
2026-10-05 03:43,2025-02-20,15:00,Эрдэнэс Тавантолгой ХК,Erdenes Tavan Tolgoi,ETT-25-18-1-3-CO,Coal,1/3 coking coal,1/3 коксжих нүүрс,USD,72.4,10.0,64000.0,https://mse.mn/uploads/auction_schedules/mn-ETT-25-18-1-3-CO.pdf,,,,,reported,,ETT-25-18-1-3-CO
2026-10-05 03:43,2025-02-20,14:00,Эрдэнэс Тавантолгой ХК,Erdenes Tavan Tolgoi,ETT-25-17-1-3-CO,Coal,1/3 coking coal,1/3 коксжих нүүрс,USD,72.4,5.0,32000.0,https://mse.mn/uploads/auction_schedules/mn-ETT-25-17-1-3-CO.pdf,,,,,reported,,ETT-25-17-1-3-CO
2026-10-05 03:43,2025-02-20,12:00,Эрдэнэс Тавантолгой ХК,Erdenes Tavan Tolgoi,ETT-25-16-1-3 CO,Coal,1/3 coking coal,1/3 коксжих нүүрс,USD,72.4,5.0,32000.0,https://mse.mn/uploads/auction_schedules/mn-ETT-25-16-1-3 CO.pdf,,,,,reported,,ETT-25-16-1-3 CO
2026-10-05 03:43,2025-02-20,11:00,Монголросцветмет ТӨҮГ,Mongolrostsvetmet (ex-Erdenes Critical Minerals),MRTSM-324,Fluorspar,CaF2 97% хайлуур жоншны баяжмал,CaF2 97% хайлуур жоншны баяжмал,USD,380.0,102.0,6630.0,https://mse.mn/uploads/auction_schedules/mn-MRTSM-324.pdf,,,,,reported,,MRTSM-324
2026-10-05 03:43,2025-02-20,10:00,Хангад Эксплорэйшн ХХК,Khangad Exploration,KH-25022,Coal,Washed non-coking-quality coal,Баяжуулсан коксжих чанаргүй нүүрс,CNY,360.0,4.0,25600.0,https://mse.mn/uploads/auction_schedules/mn-KH-25022.pdf,,,,,reported,,KH-25022
2026-10-05 03:43,2025-02-19,11:00,Монголросцветмет ТӨҮГ,Mongolrostsvetmet (ex-Erdenes Critical Minerals),MRTSM-323,Iron ore,Iron ore Fe 52%,Fe-52% Төмрийн хүдэр,USD,65.0,2.0,6600.0,https://mse.mn/uploads/auction_schedules/mn-MRTSM-323.pdf,,,,,reported,,MRTSM-323
2026-10-05 03:43,2025-02-19,10:00,Энержи Ресурс ХХК,Energy Resources,ER-25042,Coal,Washed non-coking-quality coal,Баяжуулсан коксжих чанаргүй нүүрс,CNY,360.0,4.0,25600.0,https://mse.mn/uploads/auction_schedules/mn-ER-25042.pdf,,,,,reported,,ER-25042
2026-10-05 03:43,2025-02-18,14:00,Хангад Эксплорэйшн ХХК,Khangad Exploration,KH-25021,Coal,Washed semi-soft coking coal,Баяжуулсан сул коксжих нүүрс,CNY,650.0,2.0,12800.0,https://mse.mn/uploads/auction_schedules/mn-KH-25021.pdf,,,,,reported,,KH-25021
2026-10-05 03:43,2025-02-18,10:00,Хангад Эксплорэйшн ХХК,Khangad Exploration,KH-25020,Coal,Washed non-coking-quality coal,Баяжуулсан коксжих чанаргүй нүүрс,CNY,360.0,4.0,25600.0,https://mse.mn/uploads/auction_schedules/mn-KH-25020.pdf,,,,,reported,,KH-25020
2026-10-05 03:43,2025-02-17,11:00,Монголросцветмет ТӨҮГ,Mongolrostsvetmet (ex-Erdenes Critical Minerals),MRTSM-322,Iron ore,Iron ore Fe 52%,Fe-52% Төмрийн хүдэр,USD,65.0,2.0,6600.0,https://mse.mn/uploads/auction_schedules/mn-MRTSM-322.pdf,,,,,reported,,MRTSM-322
2026-10-05 03:43,2025-02-17,10:00,Энержи Ресурс ХХК,Energy Resources,ER-25041,Coal,Washed coking coal,Баяжуулсан коксжих нүүрс,CNY,850.0,2.0,12800.0,https://mse.mn/uploads/auction_schedules/mn-ER-25041.pdf,,,,,reported,,ER-25041
2026-10-05 03:43,2025-02-14,16:00,Эрдэнэс Тавантолгой ХК,Erdenes Tavan Tolgoi,ETT-25-07-WCO,Coal,Washed coking coal,Баяжуулсан коксжих нүүрс,USD,122.0,2.0,12800.0,https://mse.mn/uploads/auction_schedules/mn-ETT-25-07-WCO.pdf,,,,,reported,,ETT-25-07-WCO
2026-10-05 03:43,2025-02-14,15:00,Эрдэнэс Тавантолгой ХК,Erdenes Tavan Tolgoi,ETT-25-06-WCO,Coal,Washed coking coal,Баяжуулсан коксжих нүүрс,USD,122.0,4.0,25600.0,https://mse.mn/uploads/auction_schedules/mn-ETT-25-06-WCO.pdf,,,,,reported,,ETT-25-06-WCO
2026-10-05 03:43,2025-02-14,14:00,Эрдэнэс Тавантолгой ХК,Erdenes Tavan Tolgoi,ETT-25-05-WCO,Coal,Washed coking coal,Баяжуулсан коксжих нүүрс,USD,122.0,4.0,25600.0,https://mse.mn/uploads/auction_schedules/mn-ETT-25-05-WCO.pdf,,,,,reported,,ETT-25-05-WCO
2026-10-05 03:43,2025-02-14,11:00,Монголросцветмет ТӨҮГ,Mongolrostsvetmet (ex-Erdenes Critical Minerals),MRTSM-321,Iron ore,Iron concentrate Fe 65%,Fe-65% Төмрийн баяжмал,USD,88.0,6.0,19800.0,https://mse.mn/uploads/auction_schedules/mn-MRTSM-321.pdf,,,,,reported,,MRTSM-321
2026-10-05 03:43,2025-02-14,10:00,Энержи Ресурс ХХК,Energy Resources,ER-25040,Coal,Washed coking coal,Баяжуулсан коксжих нүүрс,CNY,900.0,2.0,12800.0,https://mse.mn/uploads/auction_schedules/mn-ER-25040.pdf,,,,,reported,,ER-25040
2026-10-05 03:43,2025-02-13,16:00,Эрдэнэс Тавантолгой ХК,Erdenes Tavan Tolgoi,ETT-25-15-1-3-CO,Coal,1/3 coking coal,1/3 коксжих нүүрс,USD,72.4,5.0,32000.0,https://mse.mn/uploads/auction_schedules/mn-ETT-25-15-1-3-CO.pdf,,,,,reported,,ETT-25-15-1-3-CO
2026-10-05 03:43,2025-02-13,15:00,Эрдэнэс Тавантолгой ХК,Erdenes Tavan Tolgoi,ETT-25-14-1-3-CO,Coal,1/3 coking coal,1/3 коксжих нүүрс,USD,72.4,4.0,25600.0,https://mse.mn/uploads/auction_schedules/mn-ETT-25-14-1-3-CO.pdf,,,,,reported,,ETT-25-14-1-3-CO
2026-10-05 03:43,2025-02-13,14:00,Эрдэнэс Тавантолгой ХК,Erdenes Tavan Tolgoi,ETT-25-13-1-3-CO,Coal,1/3 coking coal,1/3 коксжих нүүрс,USD,72.4,4.0,25600.0,https://mse.mn/uploads/auction_schedules/mn-ETT-25-13-1-3-CO.pdf,,,,,reported,,ETT-25-13-1-3-CO
2026-10-05 03:43,2025-02-13,11:00,Монголросцветмет ТӨҮГ,Mongolrostsvetmet (ex-Erdenes Critical Minerals),MRTSM-320,Iron ore,Iron ore Fe 52%,Fe-52% Төмрийн хүдэр,USD,63.0,2.0,6600.0,https://mse.mn/uploads/auction_schedules/mn-MRTSM-320.pdf,,,,,reported,,MRTSM-320
2026-10-05 03:43,2025-02-13,10:00,Хангад Эксплорэйшн ХХК,Khangad Exploration,KH-25019,Coal,Washed non-coking-quality coal,Баяжуулсан коксжих чанаргүй нүүрс,CNY,380.0,4.0,25600.0,https://mse.mn/uploads/auction_schedules/mn-KH-25019.pdf,,,,,reported,,KH-25019
2026-10-05 03:43,2025-02-12,16:00,Эрдэнэс Тавантолгой ХК,Erdenes Tavan Tolgoi,ETT-25-12-1-3-CO,Coal,1/3 coking coal,1/3 коксжих нүүрс,USD,72.4,5.0,32000.0,https://mse.mn/uploads/auction_schedules/mn-ETT-25-12-1-3-CO.pdf,,,,,reported,,ETT-25-12-1-3-CO
2026-10-05 03:43,2025-02-12,15:00,Дарханы Төмөрлөгийн Үйлдвэр ХХК,Дарханы Төмөрлөгийн Үйлдвэр ХХК,DMP-2525,Iron ore,Fe-58% Төмрийн баяжмал,Fe-58% Төмрийн баяжмал,USD,59.0,36.0,118800.0,https://mse.mn/uploads/auction_schedules/mn-DMP-2525.pdf,,,,,reported,,DMP-2525
2026-10-05 03:43,2025-02-12,14:00,Эрдэнэс Тавантолгой ХК,Erdenes Tavan Tolgoi,ETT-25-11-1-3-CO,Coal,1/3 coking coal,1/3 коксжих нүүрс,USD,72.4,5.0,32000.0,https://mse.mn/uploads/auction_schedules/mn-ETT-25-11-1-3-CO.pdf,,,,,reported,,ETT-25-11-1-3-CO
2026-10-05 03:43,2025-02-12,11:00,Эрдэнэс Тавантолгой ХК,Erdenes Tavan Tolgoi,ETT-25-10-1-3-CO,Coal,1/3 coking coal,1/3 коксжих нүүрс,USD,72.4,5.0,32000.0,https://mse.mn/uploads/auction_schedules/mn-ETT-25-10-1-3-CO.pdf,,,,,reported,,ETT-25-10-1-3-CO
2026-10-05 03:43,2025-02-12,10:00,Энержи Ресурс ХХК,Energy Resources,ER-25039,Coal,Washed non-coking-quality coal,Баяжуулсан коксжих чанаргүй нүүрс,CNY,380.0,4.0,25600.0,https://mse.mn/uploads/auction_schedules/mn-ER-25039.pdf,,,,,reported,,ER-25039
2026-10-05 03:43,2025-02-11,16:00,Эрдэнэс Тавантолгой ХК,Erdenes Tavan Tolgoi,ETT-25-09-1-3-CO,Coal,1/3 coking coal,1/3 коксжих нүүрс,USD,72.4,5.0,32000.0,https://mse.mn/uploads/auction_schedules/mn-ETT-25-09-1-3-CO.pdf,,,,,reported,,ETT-25-09-1-3-CO
2026-10-05 03:43,2025-02-11,15:00,Эрдэнэс Тавантолгой ХК,Erdenes Tavan Tolgoi,ETT-25-08-1-3-CO2,Coal,1/3 coking coal,1/3 коксжих нүүрс,USD,72.4,5.0,32000.0,https://mse.mn/uploads/auction_schedules/mn-ETT-25-08-1-3-CO2.pdf,,,,,reported,,ETT-25-08-1-3-CO2
2026-10-05 03:43,2025-02-11,15:00,Дарханы Төмөрлөгийн Үйлдвэр ХХК,Дарханы Төмөрлөгийн Үйлдвэр ХХК,DMP-2524,Iron ore,Fe-58% Төмрийн баяжмал,Fe-58% Төмрийн баяжмал,USD,59.0,36.0,118800.0,https://mse.mn/uploads/auction_schedules/mn-DMP-2524.pdf,,,,,reported,,DMP-2524
2026-10-05 03:43,2025-02-11,14:00,Хангад Эксплорэйшн ХХК,Khangad Exploration,KH-25018,Coal,Washed semi-soft coking coal,Баяжуулсан сул коксжих нүүрс,CNY,700.0,2.0,12800.0,https://mse.mn/uploads/auction_schedules/mn-KH-25018.pdf,,,,,reported,,KH-25018
2026-10-05 03:43,2025-02-11,11:00,Монголросцветмет ТӨҮГ,Mongolrostsvetmet (ex-Erdenes Critical Minerals),MRTSM-319,Iron ore,Iron ore Fe 52%,Fe-52% Төмрийн хүдэр,USD,63.0,2.0,6600.0,https://mse.mn/uploads/auction_schedules/mn-MRTSM-319.pdf,,,,,reported,,MRTSM-319
2026-10-05 03:43,2025-02-11,10:00,Хангад Эксплорэйшн ХХК,Khangad Exploration,KH-25017,Coal,Washed non-coking-quality coal,Баяжуулсан коксжих чанаргүй нүүрс,CNY,380.0,4.0,25600.0,https://mse.mn/uploads/auction_schedules/mn-KH-25017.pdf,,,,,reported,,KH-25017
2026-10-05 03:43,2025-02-10,15:00,Дарханы Төмөрлөгийн Үйлдвэр ХХК,Дарханы Төмөрлөгийн Үйлдвэр ХХК,DMP-2523,Iron ore,Fe-58% Төмрийн баяжмал,Fe-58% Төмрийн баяжмал,USD,59.0,36.0,118800.0,https://mse.mn/uploads/auction_schedules/mn-DMP-2523.pdf,,,,,reported,,DMP-2523
2026-10-05 03:43,2025-02-10,10:00,Энержи Ресурс ХХК,Energy Resources,ER-25038,Coal,Washed coking coal,Баяжуулсан коксжих нүүрс,CNY,900.0,2.0,12800.0,https://mse.mn/uploads/auction_schedules/mn-ER-25038.pdf,,,,,reported,,ER-25038
2026-10-05 03:43,2025-02-07,15:00,Дарханы Төмөрлөгийн Үйлдвэр ХХК,Дарханы Төмөрлөгийн Үйлдвэр ХХК,DMP-2522,Iron ore,Fe-58% Төмрийн баяжмал,Fe-58% Төмрийн баяжмал,USD,59.0,36.0,118800.0,https://mse.mn/uploads/auction_schedules/mn-DMP-2522.pdf,,,,,reported,,DMP-2522
2026-10-05 03:43,2025-02-07,11:00,Монголросцветмет ТӨҮГ,Mongolrostsvetmet (ex-Erdenes Critical Minerals),MRTSM-318,Iron ore,Iron ore Fe 52%,Fe-52% Төмрийн хүдэр,USD,63.0,2.0,6600.0,https://mse.mn/uploads/auction_schedules/mn-MRTSM-318.pdf,,,,,reported,,MRTSM-318
2026-10-05 03:43,2025-02-07,10:00,Энержи Ресурс ХХК,Energy Resources,ER-25037,Coal,Washed coking coal,Баяжуулсан коксжих нүүрс,CNY,900.0,2.0,12800.0,https://mse.mn/uploads/auction_schedules/mn-ER-25037.pdf,,,,,reported,,ER-25037
2026-10-05 03:43,2025-02-06,15:00,Дарханы Төмөрлөгийн Үйлдвэр ХХК,Дарханы Төмөрлөгийн Үйлдвэр ХХК,DMP-2521,Iron ore,Fe-58% Төмрийн баяжмал,Fe-58% Төмрийн баяжмал,USD,59.0,36.0,118800.0,https://mse.mn/uploads/auction_schedules/mn-DMP-2521.pdf,,,,,reported,,DMP-2521
2026-10-05 03:43,2025-02-06,10:00,Хангад Эксплорэйшн ХХК,Khangad Exploration,KH-25016,Coal,Washed non-coking-quality coal,Баяжуулсан коксжих чанаргүй нүүрс,CNY,380.0,4.0,25600.0,https://mse.mn/uploads/auction_schedules/mn-KH-25016.pdf,,,,,reported,,KH-25016
2026-10-05 03:43,2025-02-05,15:00,Дарханы Төмөрлөгийн Үйлдвэр ХХК,Дарханы Төмөрлөгийн Үйлдвэр ХХК,DMP-2516,Iron ore,Fe-58% Төмрийн баяжмал,Fe-58% Төмрийн баяжмал,USD,55.0,18.0,59400.0,https://mse.mn/uploads/auction_schedules/mn-DMP-2516.pdf,,,,,reported,,DMP-2516
2026-10-05 03:43,2025-02-05,12:00,Дарханы Төмөрлөгийн Үйлдвэр ХХК,Дарханы Төмөрлөгийн Үйлдвэр ХХК,DMP-2515,Iron ore,Fe-58% Төмрийн баяжмал,Fe-58% Төмрийн баяжмал,USD,55.0,18.0,59400.0,https://mse.mn/uploads/auction_schedules/mn-DMP-2515.pdf,,,,,reported,,DMP-2515
2026-10-05 03:43,2025-02-05,11:00,Монголросцветмет ТӨҮГ,Mongolrostsvetmet (ex-Erdenes Critical Minerals),MRTSM-317,Iron ore,Iron ore Fe 52%,Fe-52% Төмрийн хүдэр,USD,63.0,2.0,6600.0,https://mse.mn/uploads/auction_schedules/mn-MRTSM-317.pdf,,,,,reported,,MRTSM-317
2026-10-05 03:43,2025-02-05,10:00,Энержи Ресурс ХХК,Energy Resources,ER-25036,Coal,Washed non-coking-quality coal,Баяжуулсан коксжих чанаргүй нүүрс,CNY,380.0,4.0,25600.0,https://mse.mn/uploads/auction_schedules/mn-ER-25036.pdf,,,,,reported,,ER-25036
2026-10-05 03:43,2025-02-04,15:00,Дарханы Төмөрлөгийн Үйлдвэр ХХК,Дарханы Төмөрлөгийн Үйлдвэр ХХК,DMP-2520,Iron ore,Fe-58% Төмрийн баяжмал,Fe-58% Төмрийн баяжмал,USD,55.0,18.0,59400.0,https://mse.mn/uploads/auction_schedules/mn-DMP-2520.pdf,,,,,reported,,DMP-2520
2026-10-05 03:43,2025-02-04,14:00,Хангад Эксплорэйшн ХХК,Khangad Exploration,KH-25015,Coal,Washed semi-soft coking coal,Баяжуулсан сул коксжих нүүрс,CNY,700.0,2.0,12800.0,https://mse.mn/uploads/auction_schedules/mn-KH-25015.pdf,,,,,reported,,KH-25015
2026-10-05 03:43,2025-02-04,12:00,Дарханы Төмөрлөгийн Үйлдвэр ХХК,Дарханы Төмөрлөгийн Үйлдвэр ХХК,DMP-2519,Iron ore,Fe-58% Төмрийн баяжмал,Fe-58% Төмрийн баяжмал,USD,55.0,18.0,59400.0,https://mse.mn/uploads/auction_schedules/mn-DMP-2519.pdf,,,,,reported,,DMP-2519
2026-10-05 03:43,2025-02-04,10:00,Хангад Эксплорэйшн ХХК,Khangad Exploration,KH-25014,Coal,Washed non-coking-quality coal,Баяжуулсан коксжих чанаргүй нүүрс,CNY,380.0,4.0,25600.0,https://mse.mn/uploads/auction_schedules/mn-KH-25014.pdf,,,,,reported,,KH-25014
2026-10-05 03:43,2025-02-03,15:00,Дарханы Төмөрлөгийн Үйлдвэр ХХК,Дарханы Төмөрлөгийн Үйлдвэр ХХК,DMP-2518,Iron ore,Fe-58% Төмрийн баяжмал,Fe-58% Төмрийн баяжмал,USD,55.0,18.0,59400.0,https://mse.mn/uploads/auction_schedules/mn-DMP-2518.pdf,,,,,reported,,DMP-2518
2026-10-05 03:43,2025-02-03,12:00,Дарханы Төмөрлөгийн Үйлдвэр ХХК,Дарханы Төмөрлөгийн Үйлдвэр ХХК,DMP-2517,Iron ore,Fe-58% Төмрийн баяжмал,Fe-58% Төмрийн баяжмал,USD,55.0,18.0,59400.0,https://mse.mn/uploads/auction_schedules/mn-DMP-2517.pdf,,,,,reported,,DMP-2517
2026-10-05 03:43,2025-02-03,11:00,Монголросцветмет ТӨҮГ,Mongolrostsvetmet (ex-Erdenes Critical Minerals),MRTSM-316,Iron ore,Iron ore Fe 52%,Fe-52% Төмрийн хүдэр,USD,63.0,2.0,6600.0,https://mse.mn/uploads/auction_schedules/mn-MRTSM-316.pdf,,,,,reported,,MRTSM-316
2026-10-05 03:43,2025-02-03,10:00,Энержи Ресурс ХХК,Energy Resources,ER-25035,Coal,Washed coking coal,Баяжуулсан коксжих нүүрс,CNY,900.0,2.0,12800.0,https://mse.mn/uploads/auction_schedules/mn-ER-25035.pdf,,,,,reported,,ER-25035
2026-10-05 03:43,2025-01-31,16:00,Эрдэнэс Тавантолгой ХК,Erdenes Tavan Tolgoi,ETT-25-08-1-3-CO,Coal,1/3 coking coal,1/3 коксжих нүүрс,USD,72.4,10.0,64000.0,https://mse.mn/uploads/auction_schedules/mn-ETT-25-08-1-3-CO.pdf,,,,,reported,,ETT-25-08-1-3-CO
2026-10-05 03:43,2025-01-31,15:00,Эрдэнэс Тавантолгой ХК,Erdenes Tavan Tolgoi,ETT-25-07-1-3-CO,Coal,1/3 coking coal,1/3 коксжих нүүрс,USD,72.4,10.0,64000.0,https://mse.mn/uploads/auction_schedules/mn-ETT-25-07-1-3-CO.pdf,,,,,reported,,ETT-25-07-1-3-CO
2026-10-05 03:43,2025-01-31,14:00,Энержи Ресурс ХХК,Energy Resources,ER-25034,Coal,Washed medium-ash semi-hard coking coal,"Баяжуулсан дунд зэрэг үнстэй, хагас хатуу коксжих нүүрс",CNY,400.0,3.0,19200.0,https://mse.mn/uploads/auction_schedules/mn-ER-25034.pdf,,,,,reported,,ER-25034
2026-10-05 03:43,2025-01-31,13:00,Эрдэнэс Тавантолгой ХК,Erdenes Tavan Tolgoi,ETT-25-06-1-3-CO,Coal,1/3 coking coal,1/3 коксжих нүүрс,USD,72.4,5.0,32000.0,https://mse.mn/uploads/auction_schedules/mn-ETT-25-06-1-3-CO.pdf,,,,,reported,,ETT-25-06-1-3-CO
2026-10-05 03:43,2025-01-31,12:00,Эрдэнэс Тавантолгой ХК,Erdenes Tavan Tolgoi,ETT-25-05-1-3-CO,Coal,1/3 coking coal,1/3 коксжих нүүрс,USD,72.4,5.0,32000.0,https://mse.mn/uploads/auction_schedules/mn-ETT-25-05-1-3-CO.pdf,,,,,reported,,ETT-25-05-1-3-CO
2026-10-05 03:43,2025-01-31,11:00,Эрдэнэс Тавантолгой ХК,Erdenes Tavan Tolgoi,ETT-25-04-1-3-CO,Coal,1/3 coking coal,1/3 коксжих нүүрс,USD,72.4,5.0,32000.0,https://mse.mn/uploads/auction_schedules/mn-ETT-25-04-1-3-CO.pdf,,,,,reported,,ETT-25-04-1-3-CO
2026-10-05 03:43,2025-01-31,10:00,Энержи Ресурс ХХК,Energy Resources,ER-25033,Coal,Washed non-coking-quality coal,Баяжуулсан коксжих чанаргүй нүүрс,CNY,380.0,4.0,25600.0,https://mse.mn/uploads/auction_schedules/mn-ER-25033.pdf,,,,,reported,,ER-25033
2026-10-05 03:43,2025-01-30,15:00,Дарханы Төмөрлөгийн Үйлдвэр ХХК,Дарханы Төмөрлөгийн Үйлдвэр ХХК,DMP-2514,Iron ore,Fe-58% Төмрийн баяжмал,Fe-58% Төмрийн баяжмал,USD,55.0,18.0,59400.0,https://mse.mn/uploads/auction_schedules/mn-DMP-2514.pdf,,,,,reported,,DMP-2514
2026-10-05 03:43,2025-01-30,14:00,Хангад Эксплорэйшн ХХК,Khangad Exploration,KH-25013,Coal,Washed non-coking-quality coal,Баяжуулсан коксжих чанаргүй нүүрс,CNY,380.0,4.0,25600.0,https://mse.mn/uploads/auction_schedules/mn-KH-25013.pdf,,,,,reported,,KH-25013
2026-10-05 03:43,2025-01-30,12:00,Дарханы Төмөрлөгийн Үйлдвэр ХХК,Дарханы Төмөрлөгийн Үйлдвэр ХХК,DMP-2513,Iron ore,Fe-58% Төмрийн баяжмал,Fe-58% Төмрийн баяжмал,USD,55.0,18.0,59400.0,https://mse.mn/uploads/auction_schedules/mn-DMP-2513.pdf,,,,,reported,,DMP-2513
2026-10-05 03:43,2025-01-30,10:00,Энержи Ресурс ХХК,Energy Resources,ER-25032,Coal,Washed coking coal,Баяжуулсан коксжих нүүрс,CNY,900.0,2.0,12800.0,https://mse.mn/uploads/auction_schedules/mn-ER-25032.pdf,,,,,reported,,ER-25032
2026-10-05 03:43,2025-01-30,00:00,Монголросцветмет ТӨҮГ,Mongolrostsvetmet (ex-Erdenes Critical Minerals),MRTSM-312,Iron ore,Iron ore Fe 52%,Fe-52% Төмрийн хүдэр,USD,60.0,2.0,6600.0,https://mse.mn/uploads/auction_schedules/mn-MRTSM-312.pdf,,,,,reported,,MRTSM-312
2026-10-05 03:43,2025-01-29,16:00,Дарханы Төмөрлөгийн Үйлдвэр ХХК,Дарханы Төмөрлөгийн Үйлдвэр ХХК,DMP-2512,Iron ore,Fe-58% Төмрийн баяжмал,Fe-58% Төмрийн баяжмал,USD,55.0,18.0,59400.0,https://mse.mn/uploads/auction_schedules/mn-DMP-2512.pdf,,,,,reported,,DMP-2512
2026-10-05 03:43,2025-01-29,15:00,Эрдэнэт Үйлдвэр ТӨҮГ,Erdenet Mining Corporation,EMC-01-25,Copper,Copper concentrate (22.35% Cu),22.35%-ийн зэсийн агуулгатай баяжмал,USD,2023.21,5.0,4530.0,https://mse.mn/uploads/auction_schedules/mn-EMC-01-25.pdf,,,,,reported,,EMC-01-25
2026-10-05 03:43,2025-01-29,14:00,Энержи Ресурс ХХК,Energy Resources,ER-25031,Coal,Washed non-coking-quality coal,Баяжуулсан коксжих чанаргүй нүүрс,CNY,380.0,4.0,25600.0,https://mse.mn/uploads/auction_schedules/mn-ER-25031.pdf,,,,,reported,,ER-25031
2026-10-05 03:43,2025-01-29,13:00,Хангад Эксплорэйшн ХХК,Khangad Exploration,KH-25012,Coal,Washed non-coking-quality coal,Баяжуулсан коксжих чанаргүй нүүрс,CNY,380.0,4.0,25600.0,https://mse.mn/uploads/auction_schedules/mn-KH-25012.pdf,,,,,reported,,KH-25012
2026-10-05 03:43,2025-01-29,12:00,Дарханы Төмөрлөгийн Үйлдвэр ХХК,Дарханы Төмөрлөгийн Үйлдвэр ХХК,DMP-2511,Iron ore,Fe-58% Төмрийн баяжмал,Fe-58% Төмрийн баяжмал,USD,55.0,18.0,59400.0,https://mse.mn/uploads/auction_schedules/mn-DMP-2511.pdf,,,,,reported,,DMP-2511
2026-10-05 03:43,2025-01-29,10:00,Энержи Ресурс ХХК,Energy Resources,ER-25030,Coal,Washed coking coal,Баяжуулсан коксжих нүүрс,CNY,900.0,2.0,12800.0,https://mse.mn/uploads/auction_schedules/mn-ER-25030.pdf,,,,,reported,,ER-25030
2026-10-05 03:43,2025-01-28,16:00,Эрдэнэс Тавантолгой ХК,Erdenes Tavan Tolgoi,ETT-25-04-WCO,Coal,Washed coking coal,Баяжуулсан коксжих нүүрс,USD,122.0,5.0,32000.0,https://mse.mn/uploads/auction_schedules/mn-ETT-25-04-WCO.pdf,,,,,reported,,ETT-25-04-WCO
2026-10-05 03:43,2025-01-28,14:00,Хангад Эксплорэйшн ХХК,Khangad Exploration,KH-25011,Coal,Washed semi-soft coking coal,Баяжуулсан сул коксжих нүүрс,CNY,700.0,2.0,12800.0,https://mse.mn/uploads/auction_schedules/mn-KH-25011.pdf,,,,,reported,,KH-25011
2026-10-05 03:43,2025-01-28,13:00,Эрдэнэс Тавантолгой ХК,Erdenes Tavan Tolgoi,ETT-25-03-1-3-CO,Coal,Washed coking coal,Баяжуулсан коксжих нүүрс,USD,72.4,5.0,32000.0,https://mse.mn/uploads/auction_schedules/mn-ETT-25-03-1-3-CO.pdf,,,,,reported,,ETT-25-03-1-3-CO
2026-10-05 03:43,2025-01-28,12:00,Эрдэнэс Тавантолгой ХК,Erdenes Tavan Tolgoi,ETT-25-03-WCO,Coal,Washed coking coal,Баяжуулсан коксжих нүүрс,USD,122.0,5.0,32000.0,https://mse.mn/uploads/auction_schedules/mn-ETT-25-03-WCO.pdf,,,,,reported,,ETT-25-03-WCO
2026-10-05 03:43,2025-01-28,11:00,Монголросцветмет ТӨҮГ,Mongolrostsvetmet (ex-Erdenes Critical Minerals),MRTSM-311,Iron ore,Iron ore Fe 52%,Fe-52% Төмрийн хүдэр,USD,60.0,2.0,6600.0,https://mse.mn/uploads/auction_schedules/mn-MRTSM-311.pdf,,,,,reported,,MRTSM-311
2026-10-05 03:43,2025-01-28,10:00,Энержи Ресурс ХХК,Energy Resources,ER-25029,Coal,Washed non-coking-quality coal,Баяжуулсан коксжих чанаргүй нүүрс,CNY,380.0,4.0,25600.0,https://mse.mn/uploads/auction_schedules/mn-ER-25029.pdf,,,,,reported,,ER-25029
2026-10-05 03:43,2025-01-27,14:00,Хангад Эксплорэйшн ХХК,Khangad Exploration,KH-25010,Coal,Washed non-coking-quality coal,Баяжуулсан коксжих чанаргүй нүүрс,CNY,380.0,4.0,25600.0,https://mse.mn/uploads/auction_schedules/mn-KH-25010.pdf,,,,,reported,,KH-25010
2026-10-05 03:43,2025-01-27,10:00,Энержи Ресурс ХХК,Energy Resources,ER-25028,Coal,Washed coking coal,Баяжуулсан коксжих нүүрс,CNY,900.0,2.0,12800.0,https://mse.mn/uploads/auction_schedules/mn-ER-25028.pdf,,,,,reported,,ER-25028
2026-10-05 03:43,2025-01-24,15:00,Дарханы Төмөрлөгийн Үйлдвэр ХХК,Дарханы Төмөрлөгийн Үйлдвэр ХХК,DMP-2510,Iron ore,Fe-58% Төмрийн баяжмал,Fe-58% Төмрийн баяжмал,USD,59.0,18.0,59400.0,https://mse.mn/uploads/auction_schedules/mn-DMP-2510.pdf,,,,,reported,,DMP-2510
2026-10-05 03:43,2025-01-24,14:00,Энержи Ресурс ХХК,Energy Resources,ER-25027,Coal,Washed medium-ash semi-hard coking coal,"Баяжуулсан дунд зэрэг үнстэй, хагас хатуу коксжих нүүрс",CNY,400.0,3.0,19200.0,https://mse.mn/uploads/auction_schedules/mn-ER-25027.pdf,,,,,reported,,ER-25027
2026-10-05 03:43,2025-01-24,12:00,Дарханы Төмөрлөгийн Үйлдвэр ХХК,Дарханы Төмөрлөгийн Үйлдвэр ХХК,DMP-2509,Iron ore,Fe-58% Төмрийн баяжмал,Fe-58% Төмрийн баяжмал,USD,59.0,18.0,59400.0,https://mse.mn/uploads/auction_schedules/mn-DMP-2509.pdf,,,,,reported,,DMP-2509
2026-10-05 03:43,2025-01-24,11:00,Монголросцветмет ТӨҮГ,Mongolrostsvetmet (ex-Erdenes Critical Minerals),MRTSM-310,Iron ore,Iron ore Fe 52%,Fe-52% Төмрийн хүдэр,USD,60.0,2.0,6600.0,https://mse.mn/uploads/auction_schedules/mn-MRTSM-310.pdf,,,,,reported,,MRTSM-310
2026-10-05 03:43,2025-01-24,10:00,Энержи Ресурс ХХК,Energy Resources,ER-25026,Coal,Washed non-coking-quality coal,Баяжуулсан коксжих чанаргүй нүүрс,CNY,380.0,4.0,25600.0,https://mse.mn/uploads/auction_schedules/mn-ER-25026.pdf,,,,,reported,,ER-25026
2026-10-05 03:43,2025-01-23,15:00,Дарханы Төмөрлөгийн Үйлдвэр ХХК,Дарханы Төмөрлөгийн Үйлдвэр ХХК,DMP-2508,Iron ore,Fe-58% Төмрийн баяжмал,Fe-58% Төмрийн баяжмал,USD,59.0,18.0,59400.0,https://mse.mn/uploads/auction_schedules/mn-DMP-2508.pdf,,,,,reported,,DMP-2508
2026-10-05 03:43,2025-01-23,14:00,Хангад Эксплорэйшн ХХК,Khangad Exploration,KH-25009,Coal,Washed non-coking-quality coal,Баяжуулсан коксжих чанаргүй нүүрс,CNY,380.0,4.0,25600.0,https://mse.mn/uploads/auction_schedules/mn-KH-25009.pdf,,,,,reported,,KH-25009
2026-10-05 03:43,2025-01-23,12:00,Дарханы Төмөрлөгийн Үйлдвэр ХХК,Дарханы Төмөрлөгийн Үйлдвэр ХХК,DMP-2507,Iron ore,Fe-58% Төмрийн баяжмал,Fe-58% Төмрийн баяжмал,USD,59.0,18.0,59400.0,https://mse.mn/uploads/auction_schedules/mn-DMP-2507.pdf,,,,,reported,,DMP-2507
2026-10-05 03:43,2025-01-23,10:00,Энержи Ресурс ХХК,Energy Resources,ER-25025,Coal,Washed coking coal,Баяжуулсан коксжих нүүрс,CNY,950.0,2.0,12800.0,https://mse.mn/uploads/auction_schedules/mn-ER-25025.pdf,,,,,reported,,ER-25025
2026-10-05 03:43,2025-01-22,15:00,Дарханы Төмөрлөгийн Үйлдвэр ХХК,Дарханы Төмөрлөгийн Үйлдвэр ХХК,DMP-2506,Iron ore,Fe-58% Төмрийн баяжмал,Fe-58% Төмрийн баяжмал,USD,59.0,18.0,56700.0,https://mse.mn/uploads/auction_schedules/mn-DMP-2506.pdf,,,,,reported,,DMP-2506
2026-10-05 03:43,2025-01-22,14:00,Энержи Ресурс ХХК,Energy Resources,ER-25024,Coal,Washed non-coking-quality coal,Баяжуулсан коксжих чанаргүй нүүрс,CNY,380.0,4.0,25600.0,https://mse.mn/uploads/auction_schedules/mn-ER-25024.pdf,,,,,reported,,ER-25024
2026-10-05 03:43,2025-01-22,13:00,Хангад Эксплорэйшн ХХК,Khangad Exploration,KH-25008,Coal,Washed non-coking-quality coal,Баяжуулсан коксжих чанаргүй нүүрс,CNY,380.0,4.0,25600.0,https://mse.mn/uploads/auction_schedules/mn-KH-25008.pdf,,,,,reported,,KH-25008
2026-10-05 03:43,2025-01-22,12:00,Дарханы Төмөрлөгийн Үйлдвэр ХХК,Дарханы Төмөрлөгийн Үйлдвэр ХХК,DMP-2505,Iron ore,Fe-58% Төмрийн баяжмал,Fe-58% Төмрийн баяжмал,USD,59.0,18.0,56700.0,https://mse.mn/uploads/auction_schedules/mn-DMP-2505.pdf,,,,,reported,,DMP-2505
2026-10-05 03:43,2025-01-22,11:00,Монголросцветмет ТӨҮГ,Mongolrostsvetmet (ex-Erdenes Critical Minerals),MRTSM-309,Iron ore,Iron ore Fe 52%,Fe-52% Төмрийн хүдэр,USD,60.0,2.0,6600.0,https://mse.mn/uploads/auction_schedules/mn-MRTSM-309.pdf,,,,,reported,,MRTSM-309
2026-10-05 03:43,2025-01-22,10:00,Энержи Ресурс ХХК,Energy Resources,ER-25023,Coal,Washed coking coal,Баяжуулсан коксжих нүүрс,CNY,950.0,2.0,12800.0,https://mse.mn/uploads/auction_schedules/mn-ER-25023.pdf,,,,,reported,,ER-25023
2026-10-05 03:43,2025-01-21,15:00,Дарханы Төмөрлөгийн Үйлдвэр ХХК,Дарханы Төмөрлөгийн Үйлдвэр ХХК,DMP-2504,Iron ore,Fe-58% Төмрийн баяжмал,Fe-58% Төмрийн баяжмал,USD,59.0,18.0,56700.0,https://mse.mn/uploads/auction_schedules/mn-DMP-2504.pdf,,,,,reported,,DMP-2504
2026-10-05 03:43,2025-01-21,14:00,Хангад Эксплорэйшн ХХК,Khangad Exploration,KH-25007,Coal,Washed semi-soft coking coal,Баяжуулсан сул коксжих нүүрс,CNY,750.0,2.0,12800.0,https://mse.mn/uploads/auction_schedules/mn-KH-25007.pdf,,,,,reported,,KH-25007
2026-10-05 03:43,2025-01-21,12:00,Дарханы Төмөрлөгийн Үйлдвэр ХХК,Дарханы Төмөрлөгийн Үйлдвэр ХХК,DMP-2503,Iron ore,Fe-58% Төмрийн баяжмал,Fe-58% Төмрийн баяжмал,USD,59.0,18.0,56700.0,https://mse.mn/uploads/auction_schedules/mn-DMP-2503.pdf,,,,,reported,,DMP-2503
2026-10-05 03:43,2025-01-21,11:00,Монголросцветмет ТӨҮГ,Mongolrostsvetmet (ex-Erdenes Critical Minerals),MRTSM-314,Iron ore,Iron ore Fe 52%,Fe-52% Төмрийн хүдэр,USD,60.0,6.0,19800.0,https://mse.mn/uploads/auction_schedules/mn-MRTSM-314.pdf,,,,,reported,,MRTSM-314
2026-10-05 03:43,2025-01-21,10:00,Энержи Ресурс ХХК,Energy Resources,ER-25022,Coal,Washed non-coking-quality coal,Баяжуулсан коксжих чанаргүй нүүрс,CNY,380.0,4.0,25600.0,https://mse.mn/uploads/auction_schedules/mn-ER-25022.pdf,,,,,reported,,ER-25022
2026-10-05 03:43,2025-01-20,15:00,Дарханы Төмөрлөгийн Үйлдвэр ХХК,Дарханы Төмөрлөгийн Үйлдвэр ХХК,DMP-2502,Iron ore,Fe-58% Төмрийн баяжмал,Fe-58% Төмрийн баяжмал,USD,59.0,18.0,56700.0,https://mse.mn/uploads/auction_schedules/mn-DMP-2502.pdf,,,,,reported,,DMP-2502
2026-10-05 03:43,2025-01-20,14:00,Хангад Эксплорэйшн ХХК,Khangad Exploration,KH-25006,Coal,Washed non-coking-quality coal,Баяжуулсан коксжих чанаргүй нүүрс,CNY,380.0,4.0,25600.0,https://mse.mn/uploads/auction_schedules/mn-KH-25006.pdf,,,,,reported,,KH-25006
2026-10-05 03:43,2025-01-20,13:00,Монголросцветмет ТӨҮГ,Mongolrostsvetmet (ex-Erdenes Critical Minerals),MRTSM-315,Fluorspar,CaF2 97% хайлуур жоншны баяжмал,CaF2 97% хайлуур жоншны баяжмал,USD,380.0,50.0,3250.0,https://mse.mn/uploads/auction_schedules/mn-MRTSM-315.pdf,,,,,reported,,MRTSM-315
2026-10-05 03:43,2025-01-20,12:00,Дарханы Төмөрлөгийн Үйлдвэр ХХК,Дарханы Төмөрлөгийн Үйлдвэр ХХК,DMP-2501,Iron ore,Fe-58% Төмрийн баяжмал,Fe-58% Төмрийн баяжмал,USD,59.0,18.0,56700.0,https://mse.mn/uploads/auction_schedules/mn-DMP-2501.pdf,,,,,reported,,DMP-2501
2026-10-05 03:43,2025-01-20,11:00,Монголросцветмет ТӨҮГ,Mongolrostsvetmet (ex-Erdenes Critical Minerals),MRTSM-308,Iron ore,Iron ore Fe 52%,Fe-52% Төмрийн хүдэр,USD,60.0,2.0,6600.0,https://mse.mn/uploads/auction_schedules/mn-MRTSM-308.pdf,,,,,reported,,MRTSM-308
2026-10-05 03:43,2025-01-20,10:00,Энержи Ресурс ХХК,Energy Resources,ER-25021,Coal,Washed coking coal,Баяжуулсан коксжих нүүрс,CNY,950.0,2.0,12800.0,https://mse.mn/uploads/auction_schedules/mn-ER-25021.pdf,,,,,reported,,ER-25021
2026-10-05 03:43,2025-01-17,15:00,Дарханы Төмөрлөгийн Үйлдвэр ХХК,Дарханы Төмөрлөгийн Үйлдвэр ХХК,DMP-24192,Iron ore,Fe-58% Төмрийн баяжмал,Fe-58% Төмрийн баяжмал,USD,59.0,18.0,59400.0,https://mse.mn/uploads/auction_schedules/mn-DMP-24192.pdf,,,,,reported,,DMP-24192
2026-10-05 03:43,2025-01-17,14:00,Энержи Ресурс ХХК,Energy Resources,ER-25019,Coal,Washed medium-ash semi-hard coking coal,"Баяжуулсан дунд зэрэг үнстэй, хагас хатуу коксжих нүүрс",CNY,400.0,3.0,19200.0,https://mse.mn/uploads/auction_schedules/mn-ER-25019.pdf,,,,,reported,,ER-25019
2026-10-05 03:43,2025-01-17,13:00,Энержи Ресурс ХХК,Energy Resources,ER-25020,Coal,Washed non-coking-quality coal,Баяжуулсан коксжих чанаргүй нүүрс,CNY,380.0,4.0,25600.0,https://mse.mn/uploads/auction_schedules/mn-ER-25020.pdf,,,,,reported,,ER-25020
2026-10-05 03:43,2025-01-17,11:00,Монголросцветмет ТӨҮГ,Mongolrostsvetmet (ex-Erdenes Critical Minerals),MRTSM-313,Iron ore,Iron concentrate Fe 65%,Fe-65% Төмрийн баяжмал,USD,85.0,6.0,19800.0,https://mse.mn/uploads/auction_schedules/mn-MRTSM-313.pdf,,,,,reported,,MRTSM-313
2026-10-05 03:43,2025-01-17,10:00,Энержи Ресурс ХХК,Energy Resources,ER-25018,Coal,Washed coking coal,Баяжуулсан коксжих нүүрс,CNY,950.0,2.0,12800.0,https://mse.mn/uploads/auction_schedules/mn-ER-25018.pdf,,,,,reported,,ER-25018
2026-10-05 03:43,2025-01-16,16:00,Эрдэнэс Тавантолгой ХК,Erdenes Tavan Tolgoi,ETT-25-01-1-3 CO,Coal,1/3 coking coal,1/3 коксжих нүүрс,USD,71.5,80.0,512000.0,https://mse.mn/uploads/auction_schedules/mn-ETT-25-01-1-3 CO.pdf,,,,,reported,,ETT-25-01-1-3 CO
2026-10-05 03:43,2025-01-16,15:00,Дарханы Төмөрлөгийн Үйлдвэр ХХК,Дарханы Төмөрлөгийн Үйлдвэр ХХК,DMP-24191,Iron ore,Fe-58% Төмрийн баяжмал,Fe-58% Төмрийн баяжмал,USD,56.0,18.0,59400.0,https://mse.mn/uploads/auction_schedules/mn-DMP-24191.pdf,,,,,reported,,DMP-24191
2026-10-05 03:43,2025-01-16,14:00,Хангад Эксплорэйшн ХХК,Khangad Exploration,KH-25005,Coal,Washed non-coking-quality coal,Баяжуулсан коксжих чанаргүй нүүрс,CNY,380.0,3.0,19200.0,https://mse.mn/uploads/auction_schedules/mn-KH-25005.pdf,,,,,reported,,KH-25005
2026-10-05 03:43,2025-01-16,12:00,Эрдэнэс Тавантолгой ХК,Erdenes Tavan Tolgoi,ETT-25-01-WTC,Coal,Washed non-coking-quality coal,Баяжуулсан коксжих чанаргүй нүүрс,USD,48.8,2.0,12800.0,https://mse.mn/uploads/auction_schedules/mn-ETT-25-01-WTC.pdf,,,,,reported,,ETT-25-01-WTC
2026-10-05 03:43,2025-01-16,11:00,Монголросцветмет ТӨҮГ,Mongolrostsvetmet (ex-Erdenes Critical Minerals),MRTSM-307,Iron ore,Iron ore Fe 52%,Fe-52% Төмрийн хүдэр,USD,60.0,2.0,6600.0,https://mse.mn/uploads/auction_schedules/mn-MRTSM-307.pdf,,,,,reported,,MRTSM-307
2026-10-05 03:43,2025-01-16,10:00,Энержи Ресурс ХХК,Energy Resources,ER-25017,Coal,Washed coking coal,Баяжуулсан коксжих нүүрс,CNY,950.0,2.0,12800.0,https://mse.mn/uploads/auction_schedules/mn-ER-25017.pdf,,,,,reported,,ER-25017
2026-10-05 03:43,2025-01-15,16:00,Эрдэнэс Тавантолгой ХК,Erdenes Tavan Tolgoi,ETT-25-02-WCC,Coal,Washed coking coal,Баяжуулсан коксжих нүүрс,USD,122.0,3.0,19200.0,https://mse.mn/uploads/auction_schedules/mn-ETT-25-02-WCC.pdf,,,,,reported,,ETT-25-02-WCC
2026-10-05 03:43,2025-01-15,15:00,Дарханы Төмөрлөгийн Үйлдвэр ХХК,Дарханы Төмөрлөгийн Үйлдвэр ХХК,DMP-24190,Iron ore,Fe-58% Төмрийн баяжмал,Fe-58% Төмрийн баяжмал,USD,56.0,18.0,59400.0,https://mse.mn/uploads/auction_schedules/mn-DMP-24190.pdf,,,,,reported,,DMP-24190
2026-10-05 03:43,2025-01-15,14:00,Энержи Ресурс ХХК,Energy Resources,ER-25016,Coal,Washed non-coking-quality coal,Баяжуулсан коксжих чанаргүй нүүрс,CNY,380.0,3.0,19200.0,https://mse.mn/uploads/auction_schedules/mn-ER-25016.pdf,,,,,reported,,ER-25016
2026-10-05 03:43,2025-01-15,12:00,Эрдэнэс Тавантолгой ХК,Erdenes Tavan Tolgoi,ETT-25-01-WCC,Coal,Washed coking coal,Баяжуулсан коксжих нүүрс,USD,122.0,3.0,19200.0,https://mse.mn/uploads/auction_schedules/mn-ETT-25-01-WCC.pdf,,,,,reported,,ETT-25-01-WCC
2026-10-05 03:43,2025-01-15,11:00,Монголросцветмет ТӨҮГ,Mongolrostsvetmet (ex-Erdenes Critical Minerals),MRTSM-306,Iron ore,Iron ore Fe 52%,Fe-52% Төмрийн хүдэр,USD,60.0,15.0,49500.0,https://mse.mn/uploads/auction_schedules/mn-MRTSM-306.pdf,,,,,reported,,MRTSM-306
2026-10-05 03:43,2025-01-15,10:00,Энержи Ресурс ХХК,Energy Resources,ER-25015,Coal,Washed coking coal,Баяжуулсан коксжих нүүрс,CNY,950.0,2.0,12800.0,https://mse.mn/uploads/auction_schedules/mn-ER-25015.pdf,,,,,reported,,ER-25015
2026-10-05 03:43,2025-01-14,15:00,Дарханы Төмөрлөгийн Үйлдвэр ХХК,Дарханы Төмөрлөгийн Үйлдвэр ХХК,DMP-24189,Iron ore,Fe-58% Төмрийн баяжмал,Fe-58% Төмрийн баяжмал,USD,56.0,18.0,59400.0,https://mse.mn/uploads/auction_schedules/mn-DMP-24189.pdf,,,,,reported,,DMP-24189
2026-10-05 03:43,2025-01-14,14:00,Хангад Эксплорэйшн ХХК,Khangad Exploration,KH-25004,Coal,Washed semi-soft coking coal,Баяжуулсан сул коксжих нүүрс,CNY,750.0,2.0,12800.0,https://mse.mn/uploads/auction_schedules/mn-KH-25004.pdf,,,,,reported,,KH-25004
2026-10-05 03:43,2025-01-14,11:00,Монголросцветмет ТӨҮГ,Mongolrostsvetmet (ex-Erdenes Critical Minerals),MRTSM-305,Iron ore,Iron ore Fe 52%,Fe-52% Төмрийн хүдэр,USD,60.0,2.0,6600.0,https://mse.mn/uploads/auction_schedules/mn-MRTSM-305.pdf,,,,,reported,,MRTSM-305
2026-10-05 03:43,2025-01-14,10:00,Энержи Ресурс ХХК,Energy Resources,ER-25014,Coal,Washed coking coal,Баяжуулсан коксжих нүүрс,CNY,950.0,2.0,12800.0,https://mse.mn/uploads/auction_schedules/mn-ER-25014.pdf,,,,,reported,,ER-25014
2026-10-05 03:43,2025-01-13,14:00,Энержи Ресурс ХХК,Energy Resources,ER-25013,Coal,Washed non-coking-quality coal,Баяжуулсан коксжих чанаргүй нүүрс,CNY,380.0,3.0,19200.0,https://mse.mn/uploads/auction_schedules/mn-ER-25013.pdf,,,,,reported,,ER-25013
2026-10-05 03:43,2025-01-13,10:00,Энержи Ресурс ХХК,Energy Resources,ER-25012,Coal,Washed coking coal,Баяжуулсан коксжих нүүрс,CNY,950.0,2.0,12800.0,https://mse.mn/uploads/auction_schedules/mn-ER-25012.pdf,,,,,reported,,ER-25012
2026-10-05 03:43,2025-01-10,14:00,Энержи Ресурс ХХК,Energy Resources,ER-25011,Coal,Washed medium-ash semi-hard coking coal,"Баяжуулсан дунд зэрэг үнстэй, хагас хатуу коксжих нүүрс",CNY,400.0,3.0,19200.0,https://mse.mn/uploads/auction_schedules/mn-ER-25011.pdf,,,,,reported,,ER-25011
2026-10-05 03:43,2025-01-10,11:00,Монголросцветмет ТӨҮГ,Mongolrostsvetmet (ex-Erdenes Critical Minerals),MRTSM-304,Iron ore,Iron ore Fe 52%,Fe-52% Төмрийн хүдэр,USD,60.0,2.0,6600.0,https://mse.mn/uploads/auction_schedules/mn-MRTSM-304.pdf,,,,,reported,,MRTSM-304
2026-10-05 03:43,2025-01-10,10:00,Энержи Ресурс ХХК,Energy Resources,ER-25010,Coal,Washed coking coal,Баяжуулсан коксжих нүүрс,CNY,950.0,2.0,12800.0,https://mse.mn/uploads/auction_schedules/mn-ER-25010.pdf,,,,,reported,,ER-25010
2026-10-05 03:43,2025-01-09,14:00,Хангад Эксплорэйшн ХХК,Khangad Exploration,KH-25003,Coal,Washed non-coking-quality coal,Баяжуулсан коксжих чанаргүй нүүрс,CNY,380.0,3.0,19200.0,https://mse.mn/uploads/auction_schedules/mn-KH-25003.pdf,,,,,reported,,KH-25003
2026-10-05 03:43,2025-01-09,11:00,Монголросцветмет ТӨҮГ,Mongolrostsvetmet (ex-Erdenes Critical Minerals),MRTSM-303,Iron ore,Iron ore Fe 52%,Fe-52% Төмрийн хүдэр,USD,60.0,4.0,13200.0,https://mse.mn/uploads/auction_schedules/mn-MRTSM-303.pdf,,,,,reported,,MRTSM-303
2026-10-05 03:43,2025-01-09,10:00,Энержи Ресурс ХХК,Energy Resources,ER-25009,Coal,Washed coking coal,Баяжуулсан коксжих нүүрс,CNY,950.0,2.0,12800.0,https://mse.mn/uploads/auction_schedules/mn-ER-25009.pdf,,,,,reported,,ER-25009
2026-10-05 03:43,2025-01-08,14:00,Энержи Ресурс ХХК,Energy Resources,ER-25008,Coal,Washed non-coking-quality coal,Баяжуулсан коксжих чанаргүй нүүрс,CNY,380.0,3.0,19200.0,https://mse.mn/uploads/auction_schedules/mn-ER-25008.pdf,,,,,reported,,ER-25008
2026-10-05 03:43,2025-01-08,12:00,Монголросцветмет ТӨҮГ,Mongolrostsvetmet (ex-Erdenes Critical Minerals),MRTSM-302,Iron ore,Iron concentrate Fe 65%,Fe-65% Төмрийн баяжмал,USD,85.0,6.0,19800.0,https://mse.mn/uploads/auction_schedules/mn-MRTSM-302.pdf,,,,,reported,,MRTSM-302
2026-10-05 03:43,2025-01-08,11:00,Монголросцветмет ТӨҮГ,Mongolrostsvetmet (ex-Erdenes Critical Minerals),MRTSM-301,Iron ore,Iron ore Fe 52%,Fe-52% Төмрийн хүдэр,USD,60.0,2.0,6600.0,https://mse.mn/uploads/auction_schedules/mn-MRTSM-301.pdf,,,,,reported,,MRTSM-301
2026-10-05 03:43,2025-01-08,10:00,Энержи Ресурс ХХК,Energy Resources,ER-25007,Coal,Washed coking coal,Баяжуулсан коксжих нүүрс,CNY,950.0,2.0,12800.0,https://mse.mn/uploads/auction_schedules/mn-ER-25007.pdf,,,,,reported,,ER-25007
2026-10-05 03:43,2025-01-07,14:00,Хангад Эксплорэйшн ХХК,Khangad Exploration,KH-25002,Coal,Washed semi-soft coking coal,Баяжуулсан сул коксжих нүүрс,USD,750.0,2.0,12800.0,https://mse.mn/uploads/auction_schedules/mn-KH-25002.pdf,,,,,reported,,KH-25002
2026-10-05 03:43,2025-01-07,10:00,Энержи Ресурс ХХК,Energy Resources,ER-25006,Coal,Washed coking coal,Баяжуулсан коксжих нүүрс,CNY,950.0,2.0,12800.0,https://mse.mn/uploads/auction_schedules/mn-ER-25006.pdf,,,,,reported,,ER-25006
2026-10-05 03:43,2025-01-06,14:00,Энержи Ресурс ХХК,Energy Resources,ER-25005,Coal,Washed non-coking-quality coal,Баяжуулсан коксжих чанаргүй нүүрс,CNY,400.0,3.0,19200.0,https://mse.mn/uploads/auction_schedules/mn-ER-25005.pdf,,,,,reported,,ER-25005
2026-10-05 03:43,2025-01-06,11:00,Монголросцветмет ТӨҮГ,Mongolrostsvetmet (ex-Erdenes Critical Minerals),MRTSM-300,Iron ore,Iron ore Fe 52%,Fe-52% Төмрийн хүдэр,USD,60.0,2.0,6600.0,https://mse.mn/uploads/auction_schedules/mn-MRTSM-300.pdf,,,,,reported,,MRTSM-300
2026-10-05 03:43,2025-01-06,10:00,Энержи Ресурс ХХК,Energy Resources,ER-25004,Coal,Washed coking coal,Баяжуулсан коксжих нүүрс,CNY,950.0,2.0,12800.0,https://mse.mn/uploads/auction_schedules/mn-ER-25004.pdf,,,,,reported,,ER-25004
2026-10-05 03:43,2025-01-03,15:00,Эрдэнэс Тавантолгой ХК,Erdenes Tavan Tolgoi,24-26-1-3 CO,Coal,1/3 coking coal,1/3 коксжих нүүрс,USD,72.1,80.0,512000.0,https://mse.mn/uploads/auction_schedules/mn-24-26-1-3 CO.pdf,,,,,reported,,24-26-1-3 CO
2026-10-05 03:43,2025-01-03,14:00,Энержи Ресурс ХХК,Energy Resources,ER-25003,Coal,Washed non-coking-quality coal,Баяжуулсан коксжих чанаргүй нүүрс,CNY,400.0,3.0,19200.0,https://mse.mn/uploads/auction_schedules/mn-ER-25003.pdf,,,,,reported,,ER-25003
2026-10-05 03:43,2025-01-03,12:00,Монголросцветмет ТӨҮГ,Mongolrostsvetmet (ex-Erdenes Critical Minerals),MRTSM-299,Fluorspar,CaF2 97% хайлуур жоншны баяжмал,CaF2 97% хайлуур жоншны баяжмал,USD,380.0,102.0,6630.0,https://mse.mn/uploads/auction_schedules/mn-MRTSM-299.pdf,,,,,reported,,MRTSM-299
2026-10-05 03:43,2025-01-03,11:00,Монголросцветмет ТӨҮГ,Mongolrostsvetmet (ex-Erdenes Critical Minerals),MRTSM-298,Iron ore,Iron ore Fe 52%,Fe-52% Төмрийн хүдэр,USD,60.0,2.0,6600.0,https://mse.mn/uploads/auction_schedules/mn-MRTSM-298.pdf,,,,,reported,,MRTSM-298
2026-10-05 03:43,2025-01-03,10:00,Энержи Ресурс ХХК,Energy Resources,ER-25002,Coal,Washed coking coal,Баяжуулсан коксжих нүүрс,CNY,1000.0,2.0,12800.0,https://mse.mn/uploads/auction_schedules/mn-ER-25002.pdf,,,,,reported,,ER-25002
2026-10-05 03:43,2025-01-02,14:00,Хангад Эксплорэйшн ХХК,Khangad Exploration,KH-25001,Coal,Washed semi-soft coking coal,Баяжуулсан сул коксжих нүүрс,CNY,800.0,2.0,12800.0,https://mse.mn/uploads/auction_schedules/mn-KH-25001.pdf,,,,,reported,,KH-25001
2026-10-05 03:43,2025-01-02,10:00,Энержи Ресурс ХХК,Energy Resources,ER-25001,Coal,Washed coking coal,Баяжуулсан коксжих нүүрс,CNY,1000.0,2.0,12800.0,https://mse.mn/uploads/auction_schedules/mn-ER-25001.pdf,,,,,reported,,ER-25001
2026-10-05 03:43,2024-12-31,11:00,Монголросцветмет ТӨҮГ,Mongolrostsvetmet (ex-Erdenes Critical Minerals),MRTSM-297,Iron ore,Iron ore Fe 52%,Fe-52% Төмрийн хүдэр,USD,60.0,2.0,6600.0,https://mse.mn/uploads/auction_schedules/mn-MRTSM-297.pdf,,,,,reported,,MRTSM-297
2026-10-05 03:43,2024-12-31,10:00,Энержи Ресурс ХХК,Energy Resources,ER-24298,Coal,Washed coking coal,Баяжуулсан коксжих нүүрс,CNY,1000.0,2.0,12800.0,https://mse.mn/uploads/auction_schedules/mn-ER-24298.pdf,,,,,reported,,ER-24298
2026-10-05 03:43,2024-12-30,16:00,Дарханы Төмөрлөгийн Үйлдвэр ХХК,Дарханы Төмөрлөгийн Үйлдвэр ХХК,DMP-24188,Iron ore,Fe-58% Төмрийн баяжмал,Fe-58% Төмрийн баяжмал,USD,60.0,18.0,59400.0,https://mse.mn/uploads/auction_schedules/mn-DMP-24188.pdf,,,,,reported,,DMP-24188
2026-10-05 03:43,2024-12-30,15:00,Дарханы Төмөрлөгийн Үйлдвэр ХХК,Дарханы Төмөрлөгийн Үйлдвэр ХХК,DMP-24187,Iron ore,Fe-58% Төмрийн баяжмал,Fe-58% Төмрийн баяжмал,USD,56.0,30.0,99000.0,https://mse.mn/uploads/auction_schedules/mn-DMP-24187.pdf,,,,,reported,,DMP-24187
2026-10-05 03:43,2024-12-30,14:00,Эрдэнэс Тавантолгой ХК,Erdenes Tavan Tolgoi,ETT-24-21-OX,Coal,"Thermal coal (bituminous, non-caking)","Эрчим хүчний нүүрс /Битумт, үл барьцалдах нүүрс/",USD,48.8,20.0,128000.0,https://mse.mn/uploads/auction_schedules/mn-ETT-24-21-OX.pdf,,,,,reported,,ETT-24-21-OX
2026-10-05 03:43,2024-12-30,13:00,Энержи Ресурс ХХК,Energy Resources,ER-24297,Coal,Washed medium-ash semi-hard coking coal,"Баяжуулсан дунд зэрэг үнстэй, хагас хатуу коксжих нүүрс",CNY,420.0,3.0,19200.0,https://mse.mn/uploads/auction_schedules/mn-ER-24297.pdf,,,,,reported,,ER-24297
2026-10-05 03:43,2024-12-30,12:00,Дарханы Төмөрлөгийн Үйлдвэр ХХК,Дарханы Төмөрлөгийн Үйлдвэр ХХК,DMP-24186,Iron ore,Fe-58% Төмрийн баяжмал,Fe-58% Төмрийн баяжмал,USD,56.0,18.0,59400.0,https://mse.mn/uploads/auction_schedules/mn-DMP-24186.pdf,,,,,reported,,DMP-24186
2026-10-05 03:43,2024-12-30,11:00,Монголросцветмет ТӨҮГ,Mongolrostsvetmet (ex-Erdenes Critical Minerals),MRTSM-292,Iron ore,Iron ore Fe 52%,Fe-52% Төмрийн хүдэр,USD,60.0,2.0,6600.0,https://mse.mn/uploads/auction_schedules/mn-MRTSM-292.pdf,,,,,reported,,MRTSM-292
2026-10-05 03:43,2024-12-30,10:00,Энержи Ресурс ХХК,Energy Resources,ER-24296,Coal,Washed coking coal,Баяжуулсан коксжих нүүрс,CNY,1000.0,2.0,12800.0,https://mse.mn/uploads/auction_schedules/mn-ER-24296.pdf,,,,,reported,,ER-24296
2026-10-05 03:43,2024-12-27,10:00,Энержи Ресурс ХХК,Energy Resources,ER-24295,Coal,Washed coking coal,Баяжуулсан коксжих нүүрс,CNY,1000.0,2.0,12800.0,https://mse.mn/uploads/auction_schedules/mn-ER-24295.pdf,,,,,reported,,ER-24295
2026-10-05 03:43,2024-12-26,16:00,Эрдэнэт Үйлдвэр ТӨҮГ,Erdenet Mining Corporation,EMC-09,Copper,Copper concentrate (22.35% Cu),22.35%-ийн зэсийн агуулгатай баяжмал,USD,2026.0,6.0,5436.0,https://mse.mn/uploads/auction_schedules/mn-EMC-09.pdf,,,,,reported,,EMC-09
2026-10-05 03:43,2024-12-26,14:00,Энержи Ресурс ХХК,Energy Resources,ER-24294,Coal,Washed medium-ash semi-hard coking coal,"Баяжуулсан дунд зэрэг үнстэй, хагас хатуу коксжих нүүрс",CNY,420.0,3.0,19200.0,https://mse.mn/uploads/auction_schedules/mn-ER-24294.pdf,,,,,reported,,ER-24294
2026-10-05 03:43,2024-12-26,11:00,Монголросцветмет ТӨҮГ,Mongolrostsvetmet (ex-Erdenes Critical Minerals),MRTSM-291,Iron ore,Iron ore Fe 52%,Fe-52% Төмрийн хүдэр,USD,62.0,2.0,6600.0,https://mse.mn/uploads/auction_schedules/mn-MRTSM-291.pdf,,,,,reported,,MRTSM-291
2026-10-05 03:43,2024-12-26,10:00,Энержи Ресурс ХХК,Energy Resources,ER-24293,Coal,Washed coking coal,Баяжуулсан коксжих нүүрс,CNY,1000.0,2.0,12800.0,https://mse.mn/uploads/auction_schedules/mn-ER-24293.pdf,,,,,reported,,ER-24293
2026-10-05 03:43,2024-12-25,15:00,Эрдэнэс Тавантолгой ХК,Erdenes Tavan Tolgoi,ETT-24-22-OX,Coal,"Thermal coal (bituminous, non-caking)","Эрчим хүчний нүүрс /Битумт, үл барьцалдах нүүрс/",USD,48.8,20.0,128000.0,https://mse.mn/uploads/auction_schedules/mn-ETT-24-22-OX.pdf,,,,,reported,,ETT-24-22-OX
2026-10-05 03:43,2024-12-25,14:00,Хангад Эксплорэйшн ХХК,Khangad Exploration,KH-24016,Coal,Washed semi-soft coking coal,Баяжуулсан сул коксжих нүүрс,CNY,800.0,2.0,12800.0,https://mse.mn/uploads/auction_schedules/mn-KH-24016.pdf,,,,,reported,,KH-24016
2026-10-05 03:43,2024-12-25,10:00,Энержи Ресурс ХХК,Energy Resources,ER-24292,Coal,Washed coking coal,Баяжуулсан коксжих нүүрс,CNY,1000.0,2.0,12800.0,https://mse.mn/uploads/auction_schedules/mn-ER-24292.pdf,,,,,reported,,ER-24292
2026-10-05 03:43,2024-12-24,14:00,Энержи Ресурс ХХК,Energy Resources,ER-24291,Coal,Washed medium-ash semi-hard coking coal,"Баяжуулсан дунд зэрэг үнстэй, хагас хатуу коксжих нүүрс",CNY,420.0,3.0,19200.0,https://mse.mn/uploads/auction_schedules/mn-ER-24291.pdf,,,,,reported,,ER-24291
2026-10-05 03:43,2024-12-24,11:00,Монголросцветмет ТӨҮГ,Mongolrostsvetmet (ex-Erdenes Critical Minerals),MRTSM-290,Iron ore,Iron ore Fe 52%,Fe-52% Төмрийн хүдэр,USD,63.5,2.0,6600.0,https://mse.mn/uploads/auction_schedules/mn-MRTSM-290.pdf,,,,,reported,,MRTSM-290
2026-10-05 03:43,2024-12-23,14:00,Энержи Ресурс ХХК,Energy Resources,ER-24290,Coal,Washed medium-ash semi-hard coking coal,"Баяжуулсан дунд зэрэг үнстэй, хагас хатуу коксжих нүүрс",CNY,430.0,3.0,19200.0,https://mse.mn/uploads/auction_schedules/mn-ER-24290.pdf,,,,,reported,,ER-24290
2026-10-05 03:43,2024-12-20,15:00,Дарханы Төмөрлөгийн Үйлдвэр ХХК,Дарханы Төмөрлөгийн Үйлдвэр ХХК,DMP-24185,Iron ore,Fe-58% Төмрийн баяжмал,Fe-58% Төмрийн баяжмал,USD,56.0,18.0,59400.0,https://mse.mn/uploads/auction_schedules/mn-DMP-24185.pdf,,,,,reported,,DMP-24185
2026-10-05 03:43,2024-12-20,14:00,Хангад Эксплорэйшн ХХК,Khangad Exploration,KH-24015,Coal,Washed semi-soft coking coal,Баяжуулсан сул коксжих нүүрс,CNY,800.0,2.0,12800.0,https://mse.mn/uploads/auction_schedules/mn-KH-24015.pdf,,,,,reported,,KH-24015
2026-10-05 03:43,2024-12-20,13:00,Монголросцветмет ТӨҮГ,Mongolrostsvetmet (ex-Erdenes Critical Minerals),MRTSM-296,Fluorspar,CaF2 97% хайлуур жоншны баяжмал,CaF2 97% хайлуур жоншны баяжмал,USD,385.0,102.0,6630.0,https://mse.mn/uploads/auction_schedules/mn-MRTSM-296.pdf,,,,,reported,,MRTSM-296
2026-10-05 03:43,2024-12-20,12:00,Андын Илч ХХК,Андын Илч ХХК,AND-04,Coal,Чийг багатай хүрэн нүүрс,Чийг багатай хүрэн нүүрс,CNY,190.0,8.0,51200.0,https://mse.mn/uploads/auction_schedules/mn-AND-04.pdf,,,,,reported,,AND-04
2026-10-05 03:43,2024-12-20,11:00,Монголросцветмет ТӨҮГ,Mongolrostsvetmet (ex-Erdenes Critical Minerals),MRTSM-289,Iron ore,Iron ore Fe 52%,Fe-52% Төмрийн хүдэр,USD,63.5,2.0,6600.0,https://mse.mn/uploads/auction_schedules/mn-MRTSM-289.pdf,,,,,reported,,MRTSM-289
2026-10-05 03:43,2024-12-20,10:00,Энержи Ресурс ХХК,Energy Resources,ER-24289,Coal,Washed coking coal,Баяжуулсан коксжих нүүрс,CNY,1000.0,2.0,12800.0,https://mse.mn/uploads/auction_schedules/mn-ER-24289.pdf,,,,,reported,,ER-24289
2026-10-05 03:43,2024-12-19,15:00,Дарханы Төмөрлөгийн Үйлдвэр ХХК,Дарханы Төмөрлөгийн Үйлдвэр ХХК,DMP-24184,Iron ore,Fe-58% Төмрийн баяжмал,Fe-58% Төмрийн баяжмал,USD,56.0,18.0,59400.0,https://mse.mn/uploads/auction_schedules/mn-DMP-24184.pdf,,,,,reported,,DMP-24184
2026-10-05 03:43,2024-12-19,14:00,Энержи Ресурс ХХК,Energy Resources,ER-24288,Coal,Washed medium-ash semi-hard coking coal,"Баяжуулсан дунд зэрэг үнстэй, хагас хатуу коксжих нүүрс",CNY,430.0,3.0,19200.0,https://mse.mn/uploads/auction_schedules/mn-ER-24288.pdf,,,,,reported,,ER-24288
2026-10-05 03:43,2024-12-19,12:00,Монголросцветмет ТӨҮГ,Mongolrostsvetmet (ex-Erdenes Critical Minerals),MRTSM-294,Iron ore,Iron ore Fe 52%,Fe-52% Төмрийн хүдэр,USD,63.5,4.0,13200.0,https://mse.mn/uploads/auction_schedules/mn-MRTSM-294.pdf,,,,,reported,,MRTSM-294
2026-10-05 03:43,2024-12-19,11:00,Монголросцветмет ТӨҮГ,Mongolrostsvetmet (ex-Erdenes Critical Minerals),MRTSM-295,Iron ore,Iron concentrate Fe 65%,Fe-65% Төмрийн баяжмал,USD,85.0,6.0,19800.0,https://mse.mn/uploads/auction_schedules/mn-MRTSM-295.pdf,,,,,reported,,MRTSM-295
2026-10-05 03:43,2024-12-19,10:00,Энержи Ресурс ХХК,Energy Resources,ER-24287,Coal,Washed coking coal,Баяжуулсан коксжих нүүрс,CNY,1000.0,2.0,12800.0,https://mse.mn/uploads/auction_schedules/mn-ER-24287.pdf,,,,,reported,,ER-24287
2026-10-05 03:43,2024-12-18,15:00,Дарханы Төмөрлөгийн Үйлдвэр ХХК,Дарханы Төмөрлөгийн Үйлдвэр ХХК,DMP-24183,Iron ore,Fe-58% Төмрийн баяжмал,Fe-58% Төмрийн баяжмал,USD,56.0,6.0,19800.0,https://mse.mn/uploads/auction_schedules/mn-DMP-24183.pdf,,,,,reported,,DMP-24183
2026-10-05 03:43,2024-12-18,13:00,Премиумкөүл Корпораци ХХК,Премиумкөүл Корпораци ХХК,PCC-24004,Coal,Чийг багатай хүрэн нүүрс,Чийг багатай хүрэн нүүрс,CNY,180.0,10.0,64000.0,https://mse.mn/uploads/auction_schedules/mn-PCC-24004.pdf,,,,,reported,,PCC-24004
2026-10-05 03:43,2024-12-18,11:00,Монголросцветмет ТӨҮГ,Mongolrostsvetmet (ex-Erdenes Critical Minerals),MRTSM-288,Iron ore,Iron ore Fe 52%,Fe-52% Төмрийн хүдэр,USD,63.5,2.0,6600.0,https://mse.mn/uploads/auction_schedules/mn-MRTSM-288.pdf,,,,,reported,,MRTSM-288
2026-10-05 03:43,2024-12-18,10:00,Энержи Ресурс ХХК,Energy Resources,ER-24286,Coal,Washed coking coal,Баяжуулсан коксжих нүүрс,CNY,1000.0,2.0,12800.0,https://mse.mn/uploads/auction_schedules/mn-ER-24286.pdf,,,,,reported,,ER-24286
2026-10-05 03:43,2024-12-17,15:00,Дарханы Төмөрлөгийн Үйлдвэр ХХК,Дарханы Төмөрлөгийн Үйлдвэр ХХК,DMP-24182,Iron ore,Fe-58% Төмрийн баяжмал,Fe-58% Төмрийн баяжмал,USD,56.0,6.0,19800.0,https://mse.mn/uploads/auction_schedules/mn-DMP-24182.pdf,,,,,reported,,DMP-24182
2026-10-05 03:43,2024-12-17,14:00,Хангад Эксплорэйшн ХХК,Khangad Exploration,KH-24014,Coal,Washed semi-soft coking coal,Баяжуулсан сул коксжих нүүрс,CNY,800.0,2.0,12800.0,https://mse.mn/uploads/auction_schedules/mn-KH-24014.pdf,,,,,reported,,KH-24014
2026-10-05 03:43,2024-12-17,10:00,Энержи Ресурс ХХК,Energy Resources,ER-24285,Coal,Washed coking coal,Баяжуулсан коксжих нүүрс,CNY,1000.0,2.0,12800.0,https://mse.mn/uploads/auction_schedules/mn-ER-24285.pdf,,,,,reported,,ER-24285
2026-10-05 03:43,2024-12-16,15:00,Дарханы Төмөрлөгийн Үйлдвэр ХХК,Дарханы Төмөрлөгийн Үйлдвэр ХХК,DMP-24181,Iron ore,Fe-58% Төмрийн баяжмал,Fe-58% Төмрийн баяжмал,USD,56.0,18.0,59400.0,https://mse.mn/uploads/auction_schedules/mn-DMP-24181.pdf,,,,,reported,,DMP-24181
2026-10-05 03:43,2024-12-16,14:00,Энержи Ресурс ХХК,Energy Resources,ER-24284,Coal,Washed medium-ash semi-hard coking coal,"Баяжуулсан дунд зэрэг үнстэй, хагас хатуу коксжих нүүрс",CNY,440.0,3.0,19200.0,https://mse.mn/uploads/auction_schedules/mn-ER-24284.pdf,,,,,reported,,ER-24284
2026-10-05 03:43,2024-12-16,11:00,Монголросцветмет ТӨҮГ,Mongolrostsvetmet (ex-Erdenes Critical Minerals),MRTSM-287,Iron ore,Iron ore Fe 52%,Fe-52% Төмрийн хүдэр,USD,65.0,2.0,6600.0,https://mse.mn/uploads/auction_schedules/mn-MRTSM-287.pdf,,,,,reported,,MRTSM-287
2026-10-05 03:43,2024-12-16,10:00,Энержи Ресурс ХХК,Energy Resources,ER-24283,Coal,Washed coking coal,Баяжуулсан коксжих нүүрс,CNY,1000.0,2.0,12800.0,https://mse.mn/uploads/auction_schedules/mn-ER-24283.pdf,,,,,reported,,ER-24283
2026-10-05 03:43,2024-12-13,12:00,Эрдэнэс Тавантолгой ХК,Erdenes Tavan Tolgoi,ETT-24-25-1-3 CO,Coal,1/3 coking coal,1/3 коксжих нүүрс,USD,72.1,80.0,512000.0,https://mse.mn/uploads/auction_schedules/mn-ETT-24-25-1-3 CO.pdf,,,,,reported,,ETT-24-25-1-3 CO
2026-10-05 03:43,2024-12-13,10:00,Энержи Ресурс ХХК,Energy Resources,ER-24282,Coal,Washed coking coal,Баяжуулсан коксжих нүүрс,CNY,1000.0,2.0,12800.0,https://mse.mn/uploads/auction_schedules/mn-ER-24282.pdf,,,,,reported,,ER-24282
2026-10-05 03:43,2024-12-12,14:00,Хангад Эксплорэйшн ХХК,Khangad Exploration,KH-24013,Coal,Washed semi-soft coking coal,Баяжуулсан сул коксжих нүүрс,CNY,850.0,3.0,19200.0,https://mse.mn/uploads/auction_schedules/mn-KH-24013.pdf,,,,,reported,,KH-24013
2026-10-05 03:43,2024-12-12,11:00,Монголросцветмет ТӨҮГ,Mongolrostsvetmet (ex-Erdenes Critical Minerals),MRTSM-286,Iron ore,Iron ore Fe 52%,Fe-52% Төмрийн хүдэр,USD,63.5,2.0,6600.0,https://mse.mn/uploads/auction_schedules/mn-MRTSM-286.pdf,,,,,reported,,MRTSM-286
2026-10-05 03:43,2024-12-12,10:00,Энержи Ресурс ХХК,Energy Resources,ER-24281,Coal,Washed coking coal,Баяжуулсан коксжих нүүрс,CNY,1000.0,2.0,12800.0,https://mse.mn/uploads/auction_schedules/mn-ER-24281.pdf,,,,,reported,,ER-24281
2026-10-05 03:43,2024-12-11,10:00,Энержи Ресурс ХХК,Energy Resources,ER-24280,Coal,Washed coking coal,Баяжуулсан коксжих нүүрс,CNY,1000.0,2.0,12800.0,https://mse.mn/uploads/auction_schedules/mn-ER-24280.pdf,,,,,reported,,ER-24280
2026-10-05 03:43,2024-12-10,12:00,Монголросцветмет ТӨҮГ,Mongolrostsvetmet (ex-Erdenes Critical Minerals),MRTSM-293,Fluorspar,CaF2 97% хайлуур жоншны баяжмал,CaF2 97% хайлуур жоншны баяжмал,USD,400.0,102.0,6630.0,https://mse.mn/uploads/auction_schedules/mn-MRTSM-293.pdf,,,,,reported,,MRTSM-293
2026-10-05 03:43,2024-12-10,11:00,Монголросцветмет ТӨҮГ,Mongolrostsvetmet (ex-Erdenes Critical Minerals),MRTSM-285,Iron ore,Iron ore Fe 52%,Fe-52% Төмрийн хүдэр,USD,63.5,2.0,6600.0,https://mse.mn/uploads/auction_schedules/mn-MRTSM-285.pdf,,,,,reported,,MRTSM-285
2026-10-05 03:43,2024-12-10,10:00,Энержи Ресурс ХХК,Energy Resources,ER-24279,Coal,Washed coking coal,Баяжуулсан коксжих нүүрс,CNY,1000.0,2.0,12800.0,https://mse.mn/uploads/auction_schedules/mn-ER-24279.pdf,,,,,reported,,ER-24279
2026-10-05 03:43,2024-12-09,10:00,Энержи Ресурс ХХК,Energy Resources,ER-24278,Coal,Washed coking coal,Баяжуулсан коксжих нүүрс,CNY,1000.0,2.0,12800.0,https://mse.mn/uploads/auction_schedules/mn-ER-24278.pdf,,,,,reported,,ER-24278
2026-10-05 03:43,2024-12-06,11:00,Монголросцветмет ТӨҮГ,Mongolrostsvetmet (ex-Erdenes Critical Minerals),MRTSM-284,Iron ore,Iron ore Fe 52%,Fe-52% Төмрийн хүдэр,USD,65.0,2.0,6600.0,https://mse.mn/uploads/auction_schedules/mn-MRTSM-284.pdf,,,,,reported,,MRTSM-284
2026-10-05 03:43,2024-12-06,10:00,Энержи Ресурс ХХК,Energy Resources,ER-24277,Coal,Washed coking coal,Баяжуулсан коксжих нүүрс,CNY,1000.0,2.0,12800.0,https://mse.mn/uploads/auction_schedules/mn-ER-24277.pdf,,,,,reported,,ER-24277
2026-10-05 03:43,2024-12-05,16:00,Эрдэнэс Тавантолгой ХК,Erdenes Tavan Tolgoi,ETT-24-24-1-3 CO,Coal,1/3 coking coal,1/3 коксжих нүүрс,USD,83.3,20.0,128000.0,https://mse.mn/uploads/auction_schedules/mn-ETT-24-24-1-3 CO.pdf,,,,,reported,,ETT-24-24-1-3 CO
2026-10-05 03:43,2024-12-05,15:00,Дарханы Төмөрлөгийн Үйлдвэр ХХК,Дарханы Төмөрлөгийн Үйлдвэр ХХК,DMP-24179,Iron ore,Fe-58% Төмрийн баяжмал,Fe-58% Төмрийн баяжмал,USD,60.0,18.0,59400.0,https://mse.mn/uploads/auction_schedules/mn-DMP-24179.pdf,,,,,reported,,DMP-24179
2026-10-05 03:43,2024-12-05,14:00,Энержи Ресурс ХХК,Energy Resources,ER-24276,Coal,Washed medium-ash semi-hard coking coal,"Баяжуулсан дунд зэрэг үнстэй, хагас хатуу коксжих нүүрс",CNY,450.0,3.0,19200.0,https://mse.mn/uploads/auction_schedules/mn-ER-24276.pdf,,,,,reported,,ER-24276
2026-10-05 03:43,2024-12-05,12:00,Премиумкөүл Корпораци ХХК,Премиумкөүл Корпораци ХХК,PCC-24003,Coal,Чийг багатай хүрэн нүүрс,Чийг багатай хүрэн нүүрс,CNY,180.0,4.0,25600.0,https://mse.mn/uploads/auction_schedules/mn-PCC-24003.pdf,,,,,reported,,PCC-24003
2026-10-05 03:43,2024-12-05,11:00,Монголросцветмет ТӨҮГ,Mongolrostsvetmet (ex-Erdenes Critical Minerals),MRTSM-283,Iron ore,Iron concentrate Fe 65%,Fe-65% Төмрийн баяжмал,USD,85.0,6.0,19800.0,https://mse.mn/uploads/auction_schedules/mn-MRTSM-283.pdf,,,,,reported,,MRTSM-283
2026-10-05 03:43,2024-12-05,10:00,Энержи Ресурс ХХК,Energy Resources,ER-24275,Coal,Washed coking coal,Баяжуулсан коксжих нүүрс,CNY,1050.0,2.0,12800.0,https://mse.mn/uploads/auction_schedules/mn-ER-24275.pdf,,,,,reported,,ER-24275
2026-10-05 03:43,2024-12-04,15:00,Дарханы Төмөрлөгийн Үйлдвэр ХХК,Дарханы Төмөрлөгийн Үйлдвэр ХХК,DMP-24178,Iron ore,Fe-58% Төмрийн баяжмал,Fe-58% Төмрийн баяжмал,USD,60.0,18.0,59400.0,https://mse.mn/uploads/auction_schedules/mn-DMP-24178.pdf,,,,,reported,,DMP-24178
2026-10-05 03:43,2024-12-04,11:00,Монголросцветмет ТӨҮГ,Mongolrostsvetmet (ex-Erdenes Critical Minerals),MRTSM-282,Iron ore,Iron ore Fe 52%,Fe-52% Төмрийн хүдэр,USD,65.0,2.0,6600.0,https://mse.mn/uploads/auction_schedules/mn-MRTSM-282.pdf,,,,,reported,,MRTSM-282
2026-10-05 03:43,2024-12-04,10:00,Энержи Ресурс ХХК,Energy Resources,ER-24274,Coal,Washed coking coal,Баяжуулсан коксжих нүүрс,CNY,1050.0,2.0,12800.0,https://mse.mn/uploads/auction_schedules/mn-ER-24274.pdf,,,,,reported,,ER-24274
2026-10-05 03:43,2024-12-03,15:00,Дарханы Төмөрлөгийн Үйлдвэр ХХК,Дарханы Төмөрлөгийн Үйлдвэр ХХК,DMP-24177,Iron ore,Fe-58% Төмрийн баяжмал,Fe-58% Төмрийн баяжмал,USD,60.0,6.0,19800.0,https://mse.mn/uploads/auction_schedules/mn-DMP-24177.pdf,,,,,reported,,DMP-24177
2026-10-05 03:43,2024-12-03,10:00,Энержи Ресурс ХХК,Energy Resources,ER-24273,Coal,Washed coking coal,Баяжуулсан коксжих нүүрс,CNY,1050.0,2.0,12800.0,https://mse.mn/uploads/auction_schedules/mn-ER-24273.pdf,,,,,reported,,ER-24273
2026-10-05 03:43,2024-12-02,15:00,Дарханы Төмөрлөгийн Үйлдвэр ХХК,Дарханы Төмөрлөгийн Үйлдвэр ХХК,DMP-24176,Iron ore,Fe-58% Төмрийн баяжмал,Fe-58% Төмрийн баяжмал,USD,60.0,6.0,19800.0,https://mse.mn/uploads/auction_schedules/mn-DMP-24176.pdf,,,,,reported,,DMP-24176
2026-10-05 03:43,2024-12-02,11:00,Монголросцветмет ТӨҮГ,Mongolrostsvetmet (ex-Erdenes Critical Minerals),MRTSM-281,Iron ore,Iron ore Fe 52%,Fe-52% Төмрийн хүдэр,USD,65.0,2.0,6600.0,https://mse.mn/uploads/auction_schedules/mn-MRTSM-281.pdf,,,,,reported,,MRTSM-281
2026-10-05 03:43,2024-12-02,10:00,Энержи Ресурс ХХК,Energy Resources,ER-24272,Coal,Washed coking coal,Баяжуулсан коксжих нүүрс,CNY,1050.0,2.0,12800.0,https://mse.mn/uploads/auction_schedules/mn-ER-24272.pdf,,,,,reported,,ER-24272
2026-10-05 03:43,2024-11-29,15:00,Дарханы Төмөрлөгийн Үйлдвэр ХХК,Дарханы Төмөрлөгийн Үйлдвэр ХХК,DMP-24175,Iron ore,Fe-58% Төмрийн баяжмал,Fe-58% Төмрийн баяжмал,USD,60.0,18.0,59400.0,https://mse.mn/uploads/auction_schedules/mn-DMP-24175.pdf,,,,,reported,,DMP-24175
2026-10-05 03:43,2024-11-29,14:00,Энержи Ресурс ХХК,Energy Resources,ER-24271,Coal,Washed medium-ash semi-hard coking coal,"Баяжуулсан дунд зэрэг үнстэй, хагас хатуу коксжих нүүрс",CNY,450.0,3.0,19200.0,https://mse.mn/uploads/auction_schedules/mn-ER-24271.pdf,,,,,reported,,ER-24271
2026-10-05 03:43,2024-11-29,11:00,Монголросцветмет ТӨҮГ,Mongolrostsvetmet (ex-Erdenes Critical Minerals),MRTSM-280,Fluorspar,CaF2 97% хайлуур жоншны баяжмал,CaF2 97% хайлуур жоншны баяжмал,USD,440.0,102.0,6630.0,https://mse.mn/uploads/auction_schedules/mn-MRTSM-280.pdf,,,,,reported,,MRTSM-280
2026-10-05 03:43,2024-11-29,10:00,Энержи Ресурс ХХК,Energy Resources,ER-24270,Coal,Washed coking coal,Баяжуулсан коксжих нүүрс,CNY,1050.0,3.0,19200.0,https://mse.mn/uploads/auction_schedules/mn-ER-24270.pdf,,,,,reported,,ER-24270
2026-10-05 03:43,2024-11-28,16:00,Эрдэнэт Үйлдвэр ТӨҮГ,Erdenet Mining Corporation,EMC-08,Copper,Copper concentrate (22.35% Cu),22.35%-ийн зэсийн агуулгатай баяжмал,USD,2085.99,3.0,2718.0,https://mse.mn/uploads/auction_schedules/mn-EMC-08.pdf,,,,,reported,,EMC-08
2026-10-05 03:43,2024-11-28,15:00,Дарханы Төмөрлөгийн Үйлдвэр ХХК,Дарханы Төмөрлөгийн Үйлдвэр ХХК,DMP-24174,Iron ore,Fe-58% Төмрийн баяжмал,Fe-58% Төмрийн баяжмал,USD,60.0,18.0,59400.0,https://mse.mn/uploads/auction_schedules/mn-DMP-24174.pdf,,,,,reported,,DMP-24174
2026-10-05 03:43,2024-11-28,14:00,Хангад Эксплорэйшн ХХК,Khangad Exploration,KH-24012,Coal,Washed semi-soft coking coal,Баяжуулсан сул коксжих нүүрс,CNY,850.0,2.0,12800.0,https://mse.mn/uploads/auction_schedules/mn-KH-24012.pdf,,,,,reported,,KH-24012
2026-10-05 03:43,2024-11-28,11:00,Саусгоби Даймонд ХХК,Саусгоби Даймонд ХХК,SGD-01,Coal,"Баяжуулсан дунд зэрэг үнслэгтэй, сул коксжих нүүрс","Баяжуулсан дунд зэрэг үнслэгтэй, сул коксжих нүүрс",USD,70.0,1.0,6400.0,https://mse.mn/uploads/auction_schedules/mn-SGD-01.pdf,,,,,reported,,SGD-01
2026-10-05 03:43,2024-11-28,10:00,Энержи Ресурс ХХК,Energy Resources,ER-24269,Coal,Washed coking coal,Баяжуулсан коксжих нүүрс,CNY,1050.0,3.0,19200.0,https://mse.mn/uploads/auction_schedules/mn-ER-24269.pdf,,,,,reported,,ER-24269
2026-10-05 03:43,2024-11-27,15:00,Дарханы Төмөрлөгийн Үйлдвэр ХХК,Дарханы Төмөрлөгийн Үйлдвэр ХХК,DMP-24173,Iron ore,Fe-58% Төмрийн баяжмал,Fe-58% Төмрийн баяжмал,USD,56.0,6.0,19800.0,https://mse.mn/uploads/auction_schedules/mn-DMP-24173.pdf,,,,,reported,,DMP-24173
2026-10-05 03:43,2024-11-27,12:00,Дарханы Төмөрлөгийн Үйлдвэр ХХК,Дарханы Төмөрлөгийн Үйлдвэр ХХК,DMP-24172,Iron ore,Fe-58% Төмрийн баяжмал,Fe-58% Төмрийн баяжмал,USD,56.0,6.0,19800.0,https://mse.mn/uploads/auction_schedules/mn-DMP-24172.pdf,,,,,reported,,DMP-24172
2026-10-05 03:43,2024-11-27,11:00,Монголросцветмет ТӨҮГ,Mongolrostsvetmet (ex-Erdenes Critical Minerals),MRTSM-279,Iron ore,Iron ore Fe 52%,Fe-52% Төмрийн хүдэр,USD,65.0,1.0,3300.0,https://mse.mn/uploads/auction_schedules/mn-MRTSM-279.pdf,,,,,reported,,MRTSM-279
2026-10-05 03:43,2024-11-27,10:00,Энержи Ресурс ХХК,Energy Resources,ER-24268,Coal,Washed coking coal,Баяжуулсан коксжих нүүрс,CNY,1050.0,3.0,19200.0,https://mse.mn/uploads/auction_schedules/mn-ER-24268.pdf,,,,,reported,,ER-24268
2026-10-05 03:43,2024-11-25,15:00,Дарханы Төмөрлөгийн Үйлдвэр ХХК,Дарханы Төмөрлөгийн Үйлдвэр ХХК,DMP-24171,Iron ore,Fe-58% Төмрийн баяжмал,Fe-58% Төмрийн баяжмал,USD,56.0,6.0,19800.0,https://mse.mn/uploads/auction_schedules/mn-DMP-24171.pdf,,,,,reported,,DMP-24171
2026-10-05 03:43,2024-11-25,11:00,Монголросцветмет ТӨҮГ,Mongolrostsvetmet (ex-Erdenes Critical Minerals),MRTSM-278,Iron ore,Iron ore Fe 52%,Fe-52% Төмрийн хүдэр,USD,65.0,1.0,3300.0,https://mse.mn/uploads/auction_schedules/mn-MRTSM-278.pdf,,,,,reported,,MRTSM-278
2026-10-05 03:43,2024-11-25,10:00,Энержи Ресурс ХХК,Energy Resources,ER-24267,Coal,Washed coking coal,Баяжуулсан коксжих нүүрс,CNY,1050.0,3.0,19200.0,https://mse.mn/uploads/auction_schedules/mn-ER-24267.pdf,,,,,reported,,ER-24267
2026-10-05 03:43,2024-11-22,15:00,Тавантолгой ХК,Tavan Tolgoi JSC,TTOA-2024-020,Coal,Medium-volatile coking coal,"Дэгдэмхий бодис дунд, коксжих нүүрс",USD,133.0,15.0,96000.0,https://mse.mn/uploads/auction_schedules/mn-TTOA-2024-020.pdf,,,,,reported,,TTOA-2024-020
2026-10-05 03:43,2024-11-22,14:00,Эрдэнэс Тавантолгой ХК,Erdenes Tavan Tolgoi,ETT-24-20-OX,Coal,"Thermal coal (bituminous, non-caking)","Эрчим хүчний нүүрс /Битумт, үл барьцалдах нүүрс/",USD,48.8,80.0,512000.0,https://mse.mn/uploads/auction_schedules/mn-ETT-24-20-OX.pdf,,,,,reported,,ETT-24-20-OX
2026-10-05 03:43,2024-11-22,12:00,Дарханы Төмөрлөгийн Үйлдвэр ХХК,Дарханы Төмөрлөгийн Үйлдвэр ХХК,DMP-24170,Iron ore,Fe-58% Төмрийн баяжмал,Fe-58% Төмрийн баяжмал,USD,56.0,4.0,13200.0,https://mse.mn/uploads/auction_schedules/mn-DMP-24170.pdf,,,,,reported,,DMP-24170
2026-10-05 03:43,2024-11-22,11:00,Монголросцветмет ТӨҮГ,Mongolrostsvetmet (ex-Erdenes Critical Minerals),MRTSM-277,Iron ore,Iron ore Fe 52%,Fe-52% Төмрийн хүдэр,USD,65.0,1.0,3300.0,https://mse.mn/uploads/auction_schedules/mn-MRTSM-277.pdf,,,,,reported,,MRTSM-277
2026-10-05 03:43,2024-11-22,10:00,Энержи Ресурс ХХК,Energy Resources,ER-24266,Coal,Washed coking coal,Баяжуулсан коксжих нүүрс,CNY,1050.0,3.0,19200.0,https://mse.mn/uploads/auction_schedules/mn-ER-24266.pdf,,,,,reported,,ER-24266
2026-10-05 03:43,2024-11-21,16:00,Очир мандал хайрхан ХХК,Очир мандал хайрхан ХХК,OMKH-03,Fluorspar,CaF2 85% Бүхэллэг хайлуур жонш,CaF2 85% Бүхэллэг хайлуур жонш,CNY,1900.0,16.0,1040.0,https://mse.mn/uploads/auction_schedules/mn-OMKH-03.pdf,,,,,reported,,OMKH-03
2026-10-05 03:43,2024-11-21,15:00,Очир мандал хайрхан ХХК,Очир мандал хайрхан ХХК,OMKH-02,Fluorspar,CaF2 78% Бүхэллэг хайлуур жонш,CaF2 78% Бүхэллэг хайлуур жонш,CNY,1700.0,16.0,1040.0,https://mse.mn/uploads/auction_schedules/mn-OMKH-02.pdf,,,,,reported,,OMKH-02
2026-10-05 03:43,2024-11-21,14:00,Энержи Ресурс ХХК,Energy Resources,ER-24265,Coal,Washed medium-ash semi-hard coking coal,"Баяжуулсан дунд зэрэг үнстэй, хагас хатуу коксжих нүүрс",CNY,450.0,4.0,25600.0,https://mse.mn/uploads/auction_schedules/mn-ER-24265.pdf,,,,,reported,,ER-24265
2026-10-05 03:43,2024-11-21,12:00,Дарханы Төмөрлөгийн Үйлдвэр ХХК,Дарханы Төмөрлөгийн Үйлдвэр ХХК,DMP-24169,Iron ore,Fe-58% Төмрийн баяжмал,Fe-58% Төмрийн баяжмал,USD,56.0,4.0,13200.0,https://mse.mn/uploads/auction_schedules/mn-DMP-24169.pdf,,,,,reported,,DMP-24169
2026-10-05 03:43,2024-11-21,10:00,Энержи Ресурс ХХК,Energy Resources,ER-24264,Coal,Washed coking coal,Баяжуулсан коксжих нүүрс,CNY,1050.0,3.0,19200.0,https://mse.mn/uploads/auction_schedules/mn-ER-24264.pdf,,,,,reported,,ER-24264
2026-10-05 03:43,2024-11-20,12:00,Дарханы Төмөрлөгийн Үйлдвэр ХХК,Дарханы Төмөрлөгийн Үйлдвэр ХХК,DMP-24168,Iron ore,Fe-58% Төмрийн баяжмал,Fe-58% Төмрийн баяжмал,USD,56.0,4.0,13200.0,https://mse.mn/uploads/auction_schedules/mn-DMP-24168.pdf,,,,,reported,,DMP-24168
2026-10-05 03:43,2024-11-20,11:00,Монголросцветмет ТӨҮГ,Mongolrostsvetmet (ex-Erdenes Critical Minerals),MRTSM-276,Iron ore,Iron ore Fe 52%,Fe-52% Төмрийн хүдэр,USD,65.0,1.0,3300.0,https://mse.mn/uploads/auction_schedules/mn-MRTSM-276.pdf,,,,,reported,,MRTSM-276
2026-10-05 03:43,2024-11-20,10:00,Энержи Ресурс ХХК,Energy Resources,ER-24263,Coal,Washed coking coal,Баяжуулсан коксжих нүүрс,CNY,1050.0,3.0,19200.0,https://mse.mn/uploads/auction_schedules/mn-ER-24263.pdf,,,,,reported,,ER-24263
2026-10-05 03:43,2024-11-19,12:00,Дарханы Төмөрлөгийн Үйлдвэр ХХК,Дарханы Төмөрлөгийн Үйлдвэр ХХК,DMP-24167,Iron ore,Fe-58% Төмрийн баяжмал,Fe-58% Төмрийн баяжмал,USD,56.0,4.0,13200.0,https://mse.mn/uploads/auction_schedules/mn-DMP-24167.pdf,,,,,reported,,DMP-24167
2026-10-05 03:43,2024-11-19,10:00,Энержи Ресурс ХХК,Energy Resources,ER-24262,Coal,Washed coking coal,Баяжуулсан коксжих нүүрс,CNY,1050.0,3.0,19200.0,https://mse.mn/uploads/auction_schedules/mn-ER-24262.pdf,,,,,reported,,ER-24262
2026-10-05 03:43,2024-11-18,15:00,Эрдэнэс Тавантолгой ХК,Erdenes Tavan Tolgoi,ETT-24-23-1-3,Coal,1/3 coking coal,1/3 коксжих нүүрс,USD,83.3,40.0,256000.0,https://mse.mn/uploads/auction_schedules/mn-ETT-24-23-1-3.pdf,,,,,reported,,ETT-24-23-1-3
2026-10-05 03:43,2024-11-18,12:00,Дарханы Төмөрлөгийн Үйлдвэр ХХК,Дарханы Төмөрлөгийн Үйлдвэр ХХК,DMP-24166,Iron ore,Fe-58% Төмрийн баяжмал,Fe-58% Төмрийн баяжмал,USD,56.0,4.0,13200.0,https://mse.mn/uploads/auction_schedules/mn-DMP-24166.pdf,,,,,reported,,DMP-24166
2026-10-05 03:43,2024-11-18,11:00,Монголросцветмет ТӨҮГ,Mongolrostsvetmet (ex-Erdenes Critical Minerals),MRTSM-275,Iron ore,Iron ore Fe 52%,Fe-52% Төмрийн хүдэр,USD,65.0,1.0,3300.0,https://mse.mn/uploads/auction_schedules/mn-MRTSM-275.pdf,,,,,reported,,MRTSM-275
2026-10-05 03:43,2024-11-18,10:00,Энержи Ресурс ХХК,Energy Resources,ER-24261,Coal,Washed coking coal,Баяжуулсан коксжих нүүрс,CNY,1050.0,3.0,19200.0,https://mse.mn/uploads/auction_schedules/mn-ER-24261.pdf,,,,,reported,,ER-24261
2026-10-05 03:43,2024-11-15,14:00,Эрдэнэс Тавантолгой ХК,Erdenes Tavan Tolgoi,ETT-24-22-1-3,Coal,1/3 coking coal,1/3 коксжих нүүрс,USD,83.3,40.0,256000.0,https://mse.mn/uploads/auction_schedules/mn-ETT-24-22-1-3.pdf,,,,,reported,,ETT-24-22-1-3
2026-10-05 03:43,2024-11-15,11:00,Монголросцветмет ТӨҮГ,Mongolrostsvetmet (ex-Erdenes Critical Minerals),MRTSM-274,Iron ore,Iron concentrate Fe 65%,Fe-65% Төмрийн баяжмал,USD,85.0,6.0,19800.0,https://mse.mn/uploads/auction_schedules/mn-MRTSM-274.pdf,,,,,reported,,MRTSM-274
2026-10-05 03:43,2024-11-15,10:00,Энержи Ресурс ХХК,Energy Resources,ER-24260,Coal,Washed coking coal,Баяжуулсан коксжих нүүрс,CNY,1050.0,3.0,19200.0,https://mse.mn/uploads/auction_schedules/mn-ER-24260.pdf,,,,,reported,,ER-24260
2026-10-05 03:43,2024-11-14,16:00,Эрдэнэс Тавантолгой ХК,Erdenes Tavan Tolgoi,ETT-2024-019-OX,Coal,"Thermal coal (bituminous, non-caking)","Эрчим хүчний нүүрс /Битумт, үл барьцалдах нүүрс/",USD,48.8,20.0,128000.0,https://mse.mn/uploads/auction_schedules/mn-ETT-2024-019-OX.pdf,,,,,reported,,ETT-2024-019-OX
2026-10-05 03:43,2024-11-14,15:00,Тавантолгой ХК,Tavan Tolgoi JSC,TTOA-2024-11-14,Coal,Medium-volatile coking coal,"Дэгдэмхий бодис дунд, коксжих нүүрс",USD,133.0,15.0,96000.0,https://mse.mn/uploads/auction_schedules/mn-TTOA-2024-11-14.pdf,,,,,reported,,TTOA-2024-11-14
2026-10-05 03:43,2024-11-14,14:00,Хангад Эксплорэйшн ХХК,Khangad Exploration,KH-24011,Coal,Washed semi-soft coking coal,Баяжуулсан сул коксжих нүүрс,CNY,850.0,2.0,12800.0,https://mse.mn/uploads/auction_schedules/mn-KH-24011.pdf,,,,,reported,,KH-24011
2026-10-05 03:43,2024-11-14,11:00,Монголросцветмет ТӨҮГ,Mongolrostsvetmet (ex-Erdenes Critical Minerals),MRTSM-273,Iron ore,Iron ore Fe 52%,Fe-52% Төмрийн хүдэр,USD,65.0,1.0,3300.0,https://mse.mn/uploads/auction_schedules/mn-MRTSM-273.pdf,,,,,reported,,MRTSM-273
2026-10-05 03:43,2024-11-14,10:00,Энержи Ресурс ХХК,Energy Resources,ER-24259,Coal,Washed coking coal,Баяжуулсан коксжих нүүрс,CNY,1050.0,3.0,19200.0,https://mse.mn/uploads/auction_schedules/mn-ER-24259.pdf,,,,,reported,,ER-24259
2026-10-05 03:43,2024-11-13,12:00,Премиумкөүл Корпораци ХХК,Премиумкөүл Корпораци ХХК,PCC-24002,Coal,Чийг багатай хүрэн нүүрс,Чийг багатай хүрэн нүүрс,CNY,180.0,1.0,6400.0,https://mse.mn/uploads/auction_schedules/mn-PCC-24002.pdf,,,,,reported,,PCC-24002
2026-10-05 03:43,2024-11-13,11:00,Монголросцветмет ТӨҮГ,Mongolrostsvetmet (ex-Erdenes Critical Minerals),MRTSM-272,Iron ore,Iron concentrate Fe 65%,Fe-65% Төмрийн баяжмал,USD,85.0,6.0,19800.0,https://mse.mn/uploads/auction_schedules/mn-MRTSM-272.pdf,,,,,reported,,MRTSM-272
2026-10-05 03:43,2024-11-13,10:00,Энержи Ресурс ХХК,Energy Resources,ER-24258,Coal,Washed coking coal,Баяжуулсан коксжих нүүрс,CNY,1050.0,3.0,19200.0,https://mse.mn/uploads/auction_schedules/mn-ER-24258.pdf,,,,,reported,,ER-24258
2026-10-05 03:43,2024-11-12,11:00,Монголросцветмет ТӨҮГ,Mongolrostsvetmet (ex-Erdenes Critical Minerals),MRTSM-271,Iron ore,Iron ore Fe 52%,Fe-52% Төмрийн хүдэр,USD,65.0,1.0,3300.0,https://mse.mn/uploads/auction_schedules/mn-MRTSM-271.pdf,,,,,reported,,MRTSM-271
2026-10-05 03:43,2024-11-12,10:00,Энержи Ресурс ХХК,Energy Resources,ER-24257,Coal,Washed coking coal,Баяжуулсан коксжих нүүрс,CNY,1050.0,3.0,19200.0,https://mse.mn/uploads/auction_schedules/mn-ER-24257.pdf,,,,,reported,,ER-24257
2026-10-05 03:43,2024-11-11,10:00,Энержи Ресурс ХХК,Energy Resources,ER-24256,Coal,Washed coking coal,Баяжуулсан коксжих нүүрс,CNY,1050.0,3.0,19200.0,https://mse.mn/uploads/auction_schedules/mn-ER-24256.pdf,,,,,reported,,ER-24256
2026-10-05 03:43,2024-11-08,12:00,Дарханы Төмөрлөгийн Үйлдвэр ХХК,Дарханы Төмөрлөгийн Үйлдвэр ХХК,DMP-24160,Iron ore,Fe-58% Төмрийн баяжмал,Fe-58% Төмрийн баяжмал,USD,56.0,2.0,6600.0,https://mse.mn/uploads/auction_schedules/mn-DMP-24160.pdf,,,,,reported,,DMP-24160
2026-10-05 03:43,2024-11-08,11:00,Монголросцветмет ТӨҮГ,Mongolrostsvetmet (ex-Erdenes Critical Minerals),MRTSM-269,Iron ore,Iron ore Fe 52%,Fe-52% Төмрийн хүдэр,USD,65.0,1.0,3300.0,https://mse.mn/uploads/auction_schedules/mn-MRTSM-269.pdf,,,,,reported,,MRTSM-269
2026-10-05 03:43,2024-11-08,10:00,Энержи Ресурс ХХК,Energy Resources,ER-24255,Coal,Washed coking coal,Баяжуулсан коксжих нүүрс,CNY,1050.0,3.0,19200.0,https://mse.mn/uploads/auction_schedules/mn-ER-24255.pdf,,,,,reported,,ER-24255
2026-10-05 03:43,2024-11-07,14:00,Энержи Ресурс ХХК,Energy Resources,ER-24254,Coal,Washed medium-ash semi-hard coking coal,"Баяжуулсан дунд зэрэг үнстэй, хагас хатуу коксжих нүүрс",CNY,450.0,4.0,25600.0,https://mse.mn/uploads/auction_schedules/mn-ER-24254.pdf,,,,,reported,,ER-24254
2026-10-05 03:43,2024-11-07,12:00,Дарханы Төмөрлөгийн Үйлдвэр ХХК,Дарханы Төмөрлөгийн Үйлдвэр ХХК,DMP-24159,Iron ore,Fe-58% Төмрийн баяжмал,Fe-58% Төмрийн баяжмал,USD,56.0,2.0,6600.0,https://mse.mn/uploads/auction_schedules/mn-DMP-24159.pdf,,,,,reported,,DMP-24159
2026-10-05 03:43,2024-11-07,11:00,Монголросцветмет ТӨҮГ,Mongolrostsvetmet (ex-Erdenes Critical Minerals),MRTSM-268,Iron ore,Iron ore Fe 52%,Fe-52% Төмрийн хүдэр,USD,65.0,5.0,16500.0,https://mse.mn/uploads/auction_schedules/mn-MRTSM-268.pdf,,,,,reported,,MRTSM-268
2026-10-05 03:43,2024-11-07,10:00,Энержи Ресурс ХХК,Energy Resources,ER-24253,Coal,Washed coking coal,Баяжуулсан коксжих нүүрс,CNY,1050.0,3.0,19200.0,https://mse.mn/uploads/auction_schedules/mn-ER-24253.pdf,,,,,reported,,ER-24253
2026-10-05 03:43,2024-11-06,12:00,Дарханы Төмөрлөгийн Үйлдвэр ХХК,Дарханы Төмөрлөгийн Үйлдвэр ХХК,DMP-24158,Iron ore,Fe-58% Төмрийн баяжмал,Fe-58% Төмрийн баяжмал,USD,56.0,2.0,6600.0,https://mse.mn/uploads/auction_schedules/mn-DMP-24158.pdf,,,,,reported,,DMP-24158
2026-10-05 03:43,2024-11-06,11:00,Монголросцветмет ТӨҮГ,Mongolrostsvetmet (ex-Erdenes Critical Minerals),MRTSM-267,Iron ore,Iron ore Fe 52%,Fe-52% Төмрийн хүдэр,USD,65.0,1.0,3300.0,https://mse.mn/uploads/auction_schedules/mn-MRTSM-267.pdf,,,,,reported,,MRTSM-267
2026-10-05 03:43,2024-11-06,10:00,Энержи Ресурс ХХК,Energy Resources,ER-24252,Coal,Washed coking coal,Баяжуулсан коксжих нүүрс,CNY,1050.0,3.0,19200.0,https://mse.mn/uploads/auction_schedules/mn-ER-24252.pdf,,,,,reported,,ER-24252
2026-10-05 03:43,2024-11-05,14:00,Эрдэнэс Тавантолгой ХК,Erdenes Tavan Tolgoi,ETT-24-18-OX,Coal,"Thermal coal (bituminous, non-caking)","Эрчим хүчний нүүрс /Битумт, үл барьцалдах нүүрс/",USD,48.8,40.0,256000.0,https://mse.mn/uploads/auction_schedules/mn-ETT-24-18-OX.pdf,,,,,reported,,ETT-24-18-OX
2026-10-05 03:43,2024-11-05,12:00,Дарханы Төмөрлөгийн Үйлдвэр ХХК,Дарханы Төмөрлөгийн Үйлдвэр ХХК,DMP-24157,Iron ore,Fe-58% Төмрийн баяжмал,Fe-58% Төмрийн баяжмал,USD,56.0,2.0,6600.0,https://mse.mn/uploads/auction_schedules/mn-DMP-24157.pdf,,,,,reported,,DMP-24157
2026-10-05 03:43,2024-11-05,11:00,Монголросцветмет ТӨҮГ,Mongolrostsvetmet (ex-Erdenes Critical Minerals),MRTSM-266,Iron ore,Iron ore Fe 52%,Fe-52% Төмрийн хүдэр,USD,65.0,5.0,16500.0,https://mse.mn/uploads/auction_schedules/mn-MRTSM-266.pdf,,,,,reported,,MRTSM-266
2026-10-05 03:43,2024-11-05,10:00,Энержи Ресурс ХХК,Energy Resources,ER-24251,Coal,Washed coking coal,Баяжуулсан коксжих нүүрс,CNY,1050.0,3.0,19200.0,https://mse.mn/uploads/auction_schedules/mn-ER-24251.pdf,,,,,reported,,ER-24251
2026-10-05 03:43,2024-11-04,14:00,Премиумкөүл Корпораци ХХК,Премиумкөүл Корпораци ХХК,PCC-24001,Coal,Чийг багатай хүрэн нүүрс,Чийг багатай хүрэн нүүрс,CNY,180.0,1.0,6400.0,https://mse.mn/uploads/auction_schedules/mn-PCC-24001.pdf,,,,,reported,,PCC-24001
2026-10-05 03:43,2024-11-04,12:00,Дарханы Төмөрлөгийн Үйлдвэр ХХК,Дарханы Төмөрлөгийн Үйлдвэр ХХК,DMP-24156,Iron ore,Fe-58% Төмрийн баяжмал,Fe-58% Төмрийн баяжмал,USD,56.0,2.0,6600.0,https://mse.mn/uploads/auction_schedules/mn-DMP-24156.pdf,,,,,reported,,DMP-24156
2026-10-05 03:43,2024-11-04,11:00,Монголросцветмет ТӨҮГ,Mongolrostsvetmet (ex-Erdenes Critical Minerals),MRTSM-270,Iron ore,Iron ore Fe 52%,Fe-52% Төмрийн хүдэр,USD,65.0,1.0,3300.0,https://mse.mn/uploads/auction_schedules/mn-MRTSM-270.pdf,,,,,reported,,MRTSM-270
2026-10-05 03:43,2024-11-04,10:00,Энержи Ресурс ХХК,Energy Resources,ER-24250,Coal,Washed coking coal,Баяжуулсан коксжих нүүрс,CNY,1050.0,3.0,19200.0,https://mse.mn/uploads/auction_schedules/mn-ER-24250.pdf,,,,,reported,,ER-24250
2026-10-05 03:43,2024-11-01,16:00,Эрдэнэс Тавантолгой ХК,Erdenes Tavan Tolgoi,ETT-24-21-1-3,Coal,1/3 coking coal,1/3 коксжих нүүрс,USD,83.3,40.0,256000.0,https://mse.mn/uploads/auction_schedules/mn-ETT-24-21-1-3.pdf,,,,,reported,,ETT-24-21-1-3
2026-10-05 03:43,2024-11-01,15:00,Тавантолгой ХК,Tavan Tolgoi JSC,TTOA-2024-018,Coal,1/3 coking coal,1/3 коксжих нүүрс,USD,83.0,16.0,102400.0,https://mse.mn/uploads/auction_schedules/mn-TTOA-2024-018.pdf,,,,,reported,,TTOA-2024-018
2026-10-05 03:43,2024-11-01,12:00,Эрдэнэс Тавантолгой ХК,Erdenes Tavan Tolgoi,ETT-24-20-1-3,Coal,1/3 coking coal,1/3 коксжих нүүрс,USD,83.3,20.0,128000.0,https://mse.mn/uploads/auction_schedules/mn-ETT-24-20-1-3.pdf,,,,,reported,,ETT-24-20-1-3
2026-10-05 03:43,2024-11-01,11:00,Монголросцветмет ТӨҮГ,Mongolrostsvetmet (ex-Erdenes Critical Minerals),MRTSM-265,Fluorspar,CaF2 78% Бүхэллэг хайлуур жонш,CaF2 78% Бүхэллэг хайлуур жонш,USD,200.0,2.0,130.0,https://mse.mn/uploads/auction_schedules/mn-MRTSM-265.pdf,,,,,reported,,MRTSM-265
2026-10-05 03:43,2024-11-01,10:00,Энержи Ресурс ХХК,Energy Resources,ER-24249,Coal,Washed coking coal,Баяжуулсан коксжих нүүрс,CNY,1050.0,3.0,19200.0,https://mse.mn/uploads/auction_schedules/mn-ER-24249.pdf,,,,,reported,,ER-24249
2026-10-05 03:43,2024-10-31,15:00,Тавантолгой ХК,Tavan Tolgoi JSC,TTOA-2024-017,Coal,1/3 coking coal,1/3 коксжих нүүрс,USD,83.0,16.0,102400.0,https://mse.mn/uploads/auction_schedules/mn-TTOA-2024-017.pdf,,,,,reported,,TTOA-2024-017
2026-10-05 03:43,2024-10-31,14:00,Хангад Эксплорэйшн ХХК,Khangad Exploration,KH-24010,Coal,Washed semi-soft coking coal,Баяжуулсан сул коксжих нүүрс,CNY,850.0,2.0,12800.0,https://mse.mn/uploads/auction_schedules/mn-KH-24010.pdf,,,,,reported,,KH-24010
2026-10-05 03:43,2024-10-31,11:00,Монголросцветмет ТӨҮГ,Mongolrostsvetmet (ex-Erdenes Critical Minerals),MRTSM-264,Iron ore,Iron ore Fe 52%,Fe-52% Төмрийн хүдэр,USD,65.0,2.0,6600.0,https://mse.mn/uploads/auction_schedules/mn-MRTSM-264.pdf,,,,,reported,,MRTSM-264
2026-10-05 03:43,2024-10-31,10:00,Энержи Ресурс ХХК,Energy Resources,ER-24248,Coal,Washed coking coal,Баяжуулсан коксжих нүүрс,CNY,1050.0,3.0,19200.0,https://mse.mn/uploads/auction_schedules/mn-ER-24248.pdf,,,,,reported,,ER-24248
2026-10-05 03:43,2024-10-30,15:00,Тавантолгой ХК,Tavan Tolgoi JSC,TTOA-2024-016,Coal,1/3 coking coal,1/3 коксжих нүүрс,USD,83.0,16.0,102400.0,https://mse.mn/uploads/auction_schedules/mn-TTOA-2024-016.pdf,,,,,reported,,TTOA-2024-016
2026-10-05 03:43,2024-10-30,14:00,Эрдэнэт Үйлдвэр ТӨҮГ,Erdenet Mining Corporation,EMC-07,Copper,Copper concentrate (22.35% Cu),22.35%-ийн зэсийн агуулгатай баяжмал,USD,2146.36,3.0,2718.0,https://mse.mn/uploads/auction_schedules/mn-EMC-07.pdf,,,,,reported,,EMC-07
2026-10-05 03:43,2024-10-30,10:00,Энержи Ресурс ХХК,Energy Resources,ER-24247,Coal,Washed coking coal,Баяжуулсан коксжих нүүрс,CNY,1050.0,3.0,19200.0,https://mse.mn/uploads/auction_schedules/mn-ER-24247.pdf,,,,,reported,,ER-24247
2026-10-05 03:43,2024-10-29,11:00,Монголросцветмет ТӨҮГ,Mongolrostsvetmet (ex-Erdenes Critical Minerals),MRTSM-263,Iron ore,Iron ore Fe 52%,Fe-52% Төмрийн хүдэр,USD,65.0,2.0,6600.0,https://mse.mn/uploads/auction_schedules/mn-MRTSM-263.pdf,,,,,reported,,MRTSM-263
2026-10-05 03:43,2024-10-29,10:00,Энержи Ресурс ХХК,Energy Resources,ER-24246,Coal,Washed coking coal,Баяжуулсан коксжих нүүрс,CNY,1050.0,3.0,19200.0,https://mse.mn/uploads/auction_schedules/mn-ER-24246.pdf,,,,,reported,,ER-24246
2026-10-05 03:43,2024-10-28,10:00,Энержи Ресурс ХХК,Energy Resources,ER-24245,Coal,Washed coking coal,Баяжуулсан коксжих нүүрс,CNY,1050.0,3.0,19200.0,https://mse.mn/uploads/auction_schedules/mn-ER-24245.pdf,,,,,reported,,ER-24245
2026-10-05 03:43,2024-10-25,16:00,Эрдэнэс Тавантолгой ХК,Erdenes Tavan Tolgoi,24-01-WCO,Coal,Washed coking coal,Баяжуулсан коксжих нүүрс,USD,163.5,2.0,12800.0,https://mse.mn/uploads/auction_schedules/mn-24-01-WCO.pdf,,,,,reported,,24-01-WCO
2026-10-05 03:43,2024-10-25,14:00,Эрдэнэс Тавантолгой ХК,Erdenes Tavan Tolgoi,24-17-OX,Coal,"Thermal coal (bituminous, non-caking)","Эрчим хүчний нүүрс /Битумт, үл барьцалдах нүүрс/",USD,48.8,40.0,256000.0,https://mse.mn/uploads/auction_schedules/mn-24-17-OX.pdf,,,,,reported,,24-17-OX
2026-10-05 03:43,2024-10-25,11:00,Монголросцветмет ТӨҮГ,Mongolrostsvetmet (ex-Erdenes Critical Minerals),MRTSM-262,Iron ore,Iron ore Fe 52%,Fe-52% Төмрийн хүдэр,USD,65.0,2.0,6600.0,https://mse.mn/uploads/auction_schedules/mn-MRTSM-262.pdf,,,,,reported,,MRTSM-262
2026-10-05 03:43,2024-10-25,10:00,Энержи Ресурс ХХК,Energy Resources,ER-24244,Coal,Washed coking coal,Баяжуулсан коксжих нүүрс,CNY,1050.0,3.0,19200.0,https://mse.mn/uploads/auction_schedules/mn-ER-24244.pdf,,,,,reported,,ER-24244
2026-10-05 03:43,2024-10-24,14:00,Энержи Ресурс ХХК,Energy Resources,ER-24243,Coal,Washed medium-ash semi-hard coking coal,"Баяжуулсан дунд зэрэг үнстэй, хагас хатуу коксжих нүүрс",CNY,450.0,4.0,25600.0,https://mse.mn/uploads/auction_schedules/mn-ER-24243.pdf,,,,,reported,,ER-24243
2026-10-05 03:43,2024-10-23,15:00,Тавантолгой ХК,Tavan Tolgoi JSC,TTOA-2024-015,Coal,Medium-volatile coking coal,"Дэгдэмхий бодис дунд, коксжих нүүрс",USD,133.0,15.0,96000.0,https://mse.mn/uploads/auction_schedules/mn-TTOA-2024-015.pdf,,,,,reported,,TTOA-2024-015
2026-10-05 03:43,2024-10-23,11:00,Монголросцветмет ТӨҮГ,Mongolrostsvetmet (ex-Erdenes Critical Minerals),MRTSM-261,Iron ore,Iron ore Fe 52%,Fe-52% Төмрийн хүдэр,USD,65.0,2.0,6600.0,https://mse.mn/uploads/auction_schedules/mn-MRTSM-261.pdf,,,,,reported,,MRTSM-261
2026-10-05 03:43,2024-10-23,10:00,Энержи Ресурс ХХК,Energy Resources,ER-24242,Coal,Washed coking coal,Баяжуулсан коксжих нүүрс,CNY,1050.0,3.0,19200.0,https://mse.mn/uploads/auction_schedules/mn-ER-24242.pdf,,,,,reported,,ER-24242
2026-10-05 03:43,2024-10-22,15:00,Тавантолгой ХК,Tavan Tolgoi JSC,ТТОА-2024-014,Coal,Medium-volatile coking coal,"Дэгдэмхий бодис дунд, коксжих нүүрс",USD,125.0,8.0,51200.0,https://mse.mn/uploads/auction_schedules/mn-ТТОА-2024-014.pdf,,,,,reported,,ТТОА-2024-014
2026-10-05 03:43,2024-10-22,12:00,Тавантолгой ХК,Tavan Tolgoi JSC,ТТОА-2024-013,Coal,Medium-volatile coking coal,"Дэгдэмхий бодис дунд, коксжих нүүрс",USD,125.0,8.0,51200.0,https://mse.mn/uploads/auction_schedules/mn-ТТОА-2024-013.pdf,,,,,reported,,ТТОА-2024-013
2026-10-05 03:43,2024-10-22,11:00,Дарханы Төмөрлөгийн Үйлдвэр ХХК,Дарханы Төмөрлөгийн Үйлдвэр ХХК,DMP-24154,Iron ore,Fe-58% Төмрийн баяжмал,Fe-58% Төмрийн баяжмал,USD,56.0,18.0,59400.0,https://mse.mn/uploads/auction_schedules/mn-DMP-24154.pdf,,,,,reported,,DMP-24154
2026-10-05 03:43,2024-10-22,10:00,Энержи Ресурс ХХК,Energy Resources,ER-24241,Coal,Washed coking coal,Баяжуулсан коксжих нүүрс,CNY,1050.0,3.0,19200.0,https://mse.mn/uploads/auction_schedules/mn-ER-24241.pdf,,,,,reported,,ER-24241
2026-10-05 03:43,2024-10-21,11:00,Монголросцветмет ТӨҮГ,Mongolrostsvetmet (ex-Erdenes Critical Minerals),MRTSM-260,Iron ore,Iron ore Fe 52%,Fe-52% Төмрийн хүдэр,USD,65.0,2.0,6600.0,https://mse.mn/uploads/auction_schedules/mn-MRTSM-260.pdf,,,,,reported,,MRTSM-260
2026-10-05 03:43,2024-10-21,10:00,Энержи Ресурс ХХК,Energy Resources,ER-24240,Coal,Washed coking coal,Баяжуулсан коксжих нүүрс,CNY,1050.0,3.0,19200.0,https://mse.mn/uploads/auction_schedules/mn-ER-24240.pdf,,,,,reported,,ER-24240
2026-10-05 03:43,2024-10-18,14:00,Эрдэнэс Тавантолгой ХК,Erdenes Tavan Tolgoi,ETT-24-19-1-3 CO,Coal,1/3 coking coal,1/3 коксжих нүүрс,USD,90.2,20.0,128000.0,https://mse.mn/uploads/auction_schedules/mn-ETT-24-19-1-3 CO.pdf,,,,,reported,,ETT-24-19-1-3 CO
2026-10-05 03:43,2024-10-18,11:00,Эрдэнэс Тавантолгой ХК,Erdenes Tavan Tolgoi,ETT-24-18-1-3 CO,Coal,1/3 coking coal,1/3 коксжих нүүрс,USD,90.2,40.0,256000.0,https://mse.mn/uploads/auction_schedules/mn-ETT-24-18-1-3 CO.pdf,,,,,reported,,ETT-24-18-1-3 CO
2026-10-05 03:43,2024-10-18,10:00,Энержи Ресурс ХХК,Energy Resources,ER-24239,Coal,Washed coking coal,Баяжуулсан коксжих нүүрс,CNY,1050.0,3.0,19200.0,https://mse.mn/uploads/auction_schedules/mn-ER-24239.pdf,,,,,reported,,ER-24239
2026-10-05 03:43,2024-10-17,14:00,Хангад Эксплорэйшн ХХК,Khangad Exploration,KH-24009,Coal,Washed semi-soft coking coal,Баяжуулсан сул коксжих нүүрс,CNY,850.0,2.0,12800.0,https://mse.mn/uploads/auction_schedules/mn-KH-24009.pdf,,,,,reported,,KH-24009
2026-10-05 03:43,2024-10-17,11:00,Монголросцветмет ТӨҮГ,Mongolrostsvetmet (ex-Erdenes Critical Minerals),MRTSM-259,Iron ore,Iron ore Fe 52%,Fe-52% Төмрийн хүдэр,USD,65.0,2.0,6600.0,https://mse.mn/uploads/auction_schedules/mn-MRTSM-259.pdf,,,,,reported,,MRTSM-259
2026-10-05 03:43,2024-10-16,15:00,Дарханы Төмөрлөгийн Үйлдвэр ХХК,Дарханы Төмөрлөгийн Үйлдвэр ХХК,DMP-24145,Iron ore,Fe-58% Төмрийн баяжмал,Fe-58% Төмрийн баяжмал,USD,56.0,18.0,59400.0,https://mse.mn/uploads/auction_schedules/mn-DMP-24145.pdf,,,,,reported,,DMP-24145
2026-10-05 03:43,2024-10-16,10:00,Энержи Ресурс ХХК,Energy Resources,ER-24238,Coal,Washed coking coal,Баяжуулсан коксжих нүүрс,CNY,1050.0,3.0,19200.0,https://mse.mn/uploads/auction_schedules/mn-ER-24238.pdf,,,,,reported,,ER-24238
2026-10-05 03:43,2024-10-15,11:00,Монголросцветмет ТӨҮГ,Mongolrostsvetmet (ex-Erdenes Critical Minerals),MRTSM-258,Iron ore,Iron ore Fe 52%,Fe-52% Төмрийн хүдэр,USD,65.0,2.0,6600.0,https://mse.mn/uploads/auction_schedules/mn-MRTSM-258.pdf,,,,,reported,,MRTSM-258
2026-10-05 03:43,2024-10-15,10:00,Энержи Ресурс ХХК,Energy Resources,ER-24237,Coal,Washed coking coal,Баяжуулсан коксжих нүүрс,CNY,1050.0,3.0,19200.0,https://mse.mn/uploads/auction_schedules/mn-ER-24237.pdf,,,,,reported,,ER-24237
2026-10-05 03:43,2024-10-14,10:00,Энержи Ресурс ХХК,Energy Resources,ER-24236,Coal,Washed coking coal,Баяжуулсан коксжих нүүрс,CNY,1050.0,3.0,19200.0,https://mse.mn/uploads/auction_schedules/mn-ER-24236.pdf,,,,,reported,,ER-24236
2026-10-05 03:43,2024-10-10,14:00,Энержи Ресурс ХХК,Energy Resources,ER-24234,Coal,Washed medium-ash semi-hard coking coal,"Баяжуулсан дунд зэрэг үнстэй, хагас хатуу коксжих нүүрс",CNY,450.0,4.0,25600.0,https://mse.mn/uploads/auction_schedules/mn-ER-24234.pdf,,,,,reported,,ER-24234
2026-10-05 03:43,2024-10-10,11:00,Монголросцветмет ТӨҮГ,Mongolrostsvetmet (ex-Erdenes Critical Minerals),MRTSM-257,Iron ore,Iron ore Fe 52%,Fe-52% Төмрийн хүдэр,USD,65.0,2.0,6600.0,https://mse.mn/uploads/auction_schedules/mn-MRTSM-257.pdf,,,,,reported,,MRTSM-257
2026-10-05 03:43,2024-10-10,10:00,Энержи Ресурс ХХК,Energy Resources,ER-24235,Coal,Washed coking coal,Баяжуулсан коксжих нүүрс,CNY,1050.0,3.0,19200.0,https://mse.mn/uploads/auction_schedules/mn-ER-24235.pdf,,,,,reported,,ER-24235
2026-10-05 03:43,2024-10-09,15:00,Тавантолгой ХК,Tavan Tolgoi JSC,TTOA-2024-013,Coal,Medium-volatile coking coal,"Дэгдэмхий бодис дунд, коксжих нүүрс",USD,125.0,8.0,51200.0,https://mse.mn/uploads/auction_schedules/mn-TTOA-2024-013.pdf,,,,,reported,,TTOA-2024-013
2026-10-05 03:43,2024-10-09,14:00,Эрдэнэс Тавантолгой ХК,Erdenes Tavan Tolgoi,24-06-CO,Coal,Medium-volatile coking coal,"Дэгдэмхий бодис дунд, коксжих нүүрс",USD,130.3,20.0,128000.0,https://mse.mn/uploads/auction_schedules/mn-24-06-CO.pdf,,,,,reported,,24-06-CO
2026-10-05 03:43,2024-10-09,11:00,Монголросцветмет ТӨҮГ,Mongolrostsvetmet (ex-Erdenes Critical Minerals),MRTSM-256,Iron ore,Iron ore Fe 52%,Fe-52% Төмрийн хүдэр,USD,65.0,2.0,6600.0,https://mse.mn/uploads/auction_schedules/mn-MRTSM-256.pdf,,,,,reported,,MRTSM-256
2026-10-05 03:43,2024-10-09,10:00,Энержи Ресурс ХХК,Energy Resources,ER-24233,Coal,Washed coking coal,Баяжуулсан коксжих нүүрс,CNY,1050.0,3.0,19200.0,https://mse.mn/uploads/auction_schedules/mn-ER-24233.pdf,,,,,reported,,ER-24233
2026-10-05 03:43,2024-10-08,15:00,Тавантолгой ХК,Tavan Tolgoi JSC,TTOA-2024-011,Coal,Medium-volatile coking coal,"Дэгдэмхий бодис дунд, коксжих нүүрс",USD,125.0,8.0,51200.0,https://mse.mn/uploads/auction_schedules/mn-TTOA-2024-011.pdf,,,,,reported,,TTOA-2024-011
2026-10-05 03:43,2024-10-08,11:00,Эрдэнэс Тавантолгой ХК,Erdenes Tavan Tolgoi,24-17-1-3-CO,Coal,1/3 coking coal,1/3 коксжих нүүрс,USD,83.0,20.0,128000.0,https://mse.mn/uploads/auction_schedules/mn-24-17-1-3-CO.pdf,,,,,reported,,24-17-1-3-CO
2026-10-05 03:43,2024-10-08,10:00,Энержи Ресурс ХХК,Energy Resources,ER-24232,Coal,Washed coking coal,Баяжуулсан коксжих нүүрс,CNY,1050.0,3.0,19200.0,https://mse.mn/uploads/auction_schedules/mn-ER-24232.pdf,,,,,reported,,ER-24232
2026-10-05 03:43,2024-10-07,15:00,Тавантолгой ХК,Tavan Tolgoi JSC,TTOA-2024-012,Coal,Medium-volatile coking coal,"Дэгдэмхий бодис дунд, коксжих нүүрс",USD,125.0,8.0,51200.0,https://mse.mn/uploads/auction_schedules/mn-TTOA-2024-012.pdf,,,,,reported,,TTOA-2024-012
2026-10-05 03:43,2024-10-07,11:00,Монголросцветмет ТӨҮГ,Mongolrostsvetmet (ex-Erdenes Critical Minerals),MRTSM-255,Iron ore,Iron ore Fe 52%,Fe-52% Төмрийн хүдэр,USD,65.0,2.0,6600.0,https://mse.mn/uploads/auction_schedules/mn-MRTSM-255.pdf,,,,,reported,,MRTSM-255
2026-10-05 03:43,2024-10-07,10:00,Энержи Ресурс ХХК,Energy Resources,ER-24231,Coal,Washed coking coal,Баяжуулсан коксжих нүүрс,CNY,1050.0,3.0,19200.0,https://mse.mn/uploads/auction_schedules/mn-ER-24231.pdf,,,,,reported,,ER-24231
2026-10-05 03:43,2024-10-04,16:00,Эрдэнэс Тавантолгой ХК,Erdenes Tavan Tolgoi,ETT-24-16-OX,Coal,"Thermal coal (bituminous, non-caking)","Эрчим хүчний нүүрс /Битумт, үл барьцалдах нүүрс/",USD,49.3,20.0,128000.0,https://mse.mn/uploads/auction_schedules/mn-ETT-24-16-OX.pdf,,,,,reported,,ETT-24-16-OX
2026-10-05 03:43,2024-10-04,10:00,Энержи Ресурс ХХК,Energy Resources,ER-24230,Coal,Washed coking coal,Баяжуулсан коксжих нүүрс,CNY,1050.0,3.0,19200.0,https://mse.mn/uploads/auction_schedules/mn-ER-24230.pdf,,,,,reported,,ER-24230
2026-10-05 03:43,2024-10-03,15:00,Андын Илч ХХК,Андын Илч ХХК,AND-03,Coal,Чийг багатай хүрэн нүүрс,Чийг багатай хүрэн нүүрс,CNY,190.0,5.0,32000.0,https://mse.mn/uploads/auction_schedules/mn-AND-03.pdf,,,,,reported,,AND-03
2026-10-05 03:43,2024-10-03,14:00,Энержи Ресурс ХХК,Energy Resources,ER-24229,Coal,Washed medium-ash semi-hard coking coal,"Баяжуулсан дунд зэрэг үнстэй, хагас хатуу коксжих нүүрс",CNY,450.0,4.0,25600.0,https://mse.mn/uploads/auction_schedules/mn-ER-24229.pdf,,,,,reported,,ER-24229
2026-10-05 03:43,2024-10-03,11:00,Монголросцветмет ТӨҮГ,Mongolrostsvetmet (ex-Erdenes Critical Minerals),MRTSM-250,Iron ore,Iron ore Fe 52%,Fe-52% Төмрийн хүдэр,USD,65.0,2.0,6600.0,https://mse.mn/uploads/auction_schedules/mn-MRTSM-250.pdf,,,,,reported,,MRTSM-250
2026-10-05 03:43,2024-10-03,10:00,Энержи Ресурс ХХК,Energy Resources,ER-24228,Coal,Washed coking coal,Баяжуулсан коксжих нүүрс,CNY,1050.0,3.0,19200.0,https://mse.mn/uploads/auction_schedules/mn-ER-24228.pdf,,,,,reported,,ER-24228
2026-10-05 03:43,2024-10-02,15:00,Андын Илч ХХК,Андын Илч ХХК,ANDIIN ILCH-02,Coal,Чийг багатай хүрэн нүүрс,Чийг багатай хүрэн нүүрс,CNY,190.0,7.0,44800.0,https://mse.mn/uploads/auction_schedules/mn-ANDIIN ILCH-02.pdf,,,,,reported,,ANDIIN ILCH-02
2026-10-05 03:43,2024-10-02,14:00,Хангад Эксплорэйшн ХХК,Khangad Exploration,KH-24008,Coal,Washed semi-soft coking coal,Баяжуулсан сул коксжих нүүрс,CNY,850.0,2.0,12800.0,https://mse.mn/uploads/auction_schedules/mn-KH-24008.pdf,,,,,reported,,KH-24008
2026-10-05 03:43,2024-10-02,11:00,Монголросцветмет ТӨҮГ,Mongolrostsvetmet (ex-Erdenes Critical Minerals),MRTSM-254,Iron ore,Iron concentrate Fe 65%,Fe-65% Төмрийн баяжмал,USD,85.0,6.0,19800.0,https://mse.mn/uploads/auction_schedules/mn-MRTSM-254.pdf,,,,,reported,,MRTSM-254
2026-10-05 03:43,2024-10-02,10:00,Энержи Ресурс ХХК,Energy Resources,ER-24227,Coal,Washed coking coal,Баяжуулсан коксжих нүүрс,CNY,1050.0,3.0,19200.0,https://mse.mn/uploads/auction_schedules/mn-ER-24227.pdf,,,,,reported,,ER-24227
2026-10-05 03:43,2024-10-01,12:00,Монголросцветмет ТӨҮГ,Mongolrostsvetmet (ex-Erdenes Critical Minerals),MRTSM-253,Iron ore,Iron concentrate Fe 65%,Fe-65% Төмрийн баяжмал,USD,85.0,6.0,19800.0,https://mse.mn/uploads/auction_schedules/mn-MRTSM-253.pdf,,,,,reported,,MRTSM-253
2026-10-05 03:43,2024-10-01,11:00,Монголросцветмет ТӨҮГ,Mongolrostsvetmet (ex-Erdenes Critical Minerals),MRTSM-249,Iron ore,Iron ore Fe 52%,Fe-52% Төмрийн хүдэр,USD,65.0,2.0,6600.0,https://mse.mn/uploads/auction_schedules/mn-MRTSM-249.pdf,,,,,reported,,MRTSM-249
2026-10-05 03:43,2024-09-30,11:00,Монголросцветмет ТӨҮГ,Mongolrostsvetmet (ex-Erdenes Critical Minerals),MRTSM-252,Iron ore,Iron concentrate Fe 65%,Fe-65% Төмрийн баяжмал,USD,85.0,6.0,19800.0,https://mse.mn/uploads/auction_schedules/mn-MRTSM-252.pdf,,,,,reported,,MRTSM-252
2026-10-05 03:43,2024-09-30,10:00,Энержи Ресурс ХХК,Energy Resources,ER-24226,Coal,Washed coking coal,Баяжуулсан коксжих нүүрс,CNY,1050.0,3.0,19200.0,https://mse.mn/uploads/auction_schedules/mn-ER-24226.pdf,,,,,reported,,ER-24226
2026-10-05 03:43,2024-09-27,14:00,Тавантолгой ХК,Tavan Tolgoi JSC,TTL-010,Coal,Medium-volatile coking coal,"Дэгдэмхий бодис дунд, коксжих нүүрс",USD,125.0,8.0,51200.0,https://mse.mn/uploads/auction_schedules/mn-TTL-010.pdf,,,,,reported,,TTL-010
2026-10-05 03:43,2024-09-27,12:00,Монголросцветмет ТӨҮГ,Mongolrostsvetmet (ex-Erdenes Critical Minerals),MRTSM-251,Iron ore,Iron concentrate Fe 65%,Fe-65% Төмрийн баяжмал,USD,85.0,6.0,19800.0,https://mse.mn/uploads/auction_schedules/mn-MRTSM-251.pdf,,,,,reported,,MRTSM-251
2026-10-05 03:43,2024-09-27,11:00,Монголросцветмет ТӨҮГ,Mongolrostsvetmet (ex-Erdenes Critical Minerals),MRTSM-248,Iron ore,Iron ore Fe 52%,Fe-52% Төмрийн хүдэр,USD,65.0,2.0,6600.0,https://mse.mn/uploads/auction_schedules/mn-MRTSM-248.pdf,,,,,reported,,MRTSM-248
2026-10-05 03:43,2024-09-27,10:00,Энержи Ресурс ХХК,Energy Resources,ER-24225,Coal,Washed coking coal,Баяжуулсан коксжих нүүрс,CNY,1050.0,3.0,19200.0,https://mse.mn/uploads/auction_schedules/mn-ER-24225.pdf,,,,,reported,,ER-24225
2026-10-05 03:43,2024-09-26,12:00,Тавантолгой ХК,Tavan Tolgoi JSC,TTL-009,Coal,Medium-volatile coking coal,"Дэгдэмхий бодис дунд, коксжих нүүрс",USD,125.0,8.0,51200.0,https://mse.mn/uploads/auction_schedules/mn-TTL-009.pdf,,,,,reported,,TTL-009
2026-10-05 03:43,2024-09-26,10:00,Энержи Ресурс ХХК,Energy Resources,ER-24224,Coal,Washed coking coal,Баяжуулсан коксжих нүүрс,CNY,1050.0,3.0,19200.0,https://mse.mn/uploads/auction_schedules/mn-ER-24224.pdf,,,,,reported,,ER-24224
2026-10-05 03:43,2024-09-25,16:00,Эрдэнэт Үйлдвэр ТӨҮГ,Erdenet Mining Corporation,№06-2024,Copper,Copper concentrate (22.35% Cu),22.35%-ийн зэсийн агуулгатай баяжмал,USD,2013.35,3.0,2718.0,https://mse.mn/uploads/auction_schedules/mn-№06-2024.pdf,,,,,reported,,№06-2024
2026-10-05 03:43,2024-09-25,15:00,Дарханы Төмөрлөгийн Үйлдвэр ХХК,Дарханы Төмөрлөгийн Үйлдвэр ХХК,DMP-24142,Iron ore,Fe-58% Төмрийн баяжмал,Fe-58% Төмрийн баяжмал,USD,60.0,18.0,59400.0,https://mse.mn/uploads/auction_schedules/mn-DMP-24142.pdf,,,,,reported,,DMP-24142
2026-10-05 03:43,2024-09-25,11:00,Монголросцветмет ТӨҮГ,Mongolrostsvetmet (ex-Erdenes Critical Minerals),MRTSM-247,Iron ore,Iron ore Fe 52%,Fe-52% Төмрийн хүдэр,USD,65.0,2.0,6600.0,https://mse.mn/uploads/auction_schedules/mn-MRTSM-247.pdf,,,,,reported,,MRTSM-247
2026-10-05 03:43,2024-09-25,10:00,Энержи Ресурс ХХК,Energy Resources,ER-24223,Coal,Washed coking coal,Баяжуулсан коксжих нүүрс,CNY,1050.0,3.0,19200.0,https://mse.mn/uploads/auction_schedules/mn-ER-24223.pdf,,,,,reported,,ER-24223
2026-10-05 03:43,2024-09-24,14:00,Энержи Ресурс ХХК,Energy Resources,ER-24222,Coal,Washed medium-ash semi-hard coking coal,"Баяжуулсан дунд зэрэг үнстэй, хагас хатуу коксжих нүүрс",CNY,450.0,3.0,19200.0,https://mse.mn/uploads/auction_schedules/mn-ER-24222.pdf,,,,,reported,,ER-24222
2026-10-05 03:43,2024-09-23,16:00,Эрдэнэс Тавантолгой ХК,Erdenes Tavan Tolgoi,ETT-24-16-1-3-23,Coal,1/3 coking coal,1/3 коксжих нүүрс,USD,83.4,40.0,256000.0,https://mse.mn/uploads/auction_schedules/mn-ETT-24-16-1-3-23.pdf,,,,,reported,,ETT-24-16-1-3-23
2026-10-05 03:43,2024-09-23,12:00,Эрд гео ХХК,Эрд гео ХХК,EG-04,Fluorspar,CaF2 35-40% Хайлуур жоншны хүдэр,CaF2 35-40% Хайлуур жоншны хүдэр,CNY,500.0,50.0,3250.0,https://mse.mn/uploads/auction_schedules/mn-EG-04.pdf,,,,,reported,,EG-04
2026-10-05 03:43,2024-09-23,11:00,Монголросцветмет ТӨҮГ,Mongolrostsvetmet (ex-Erdenes Critical Minerals),MRTSM-246,Iron ore,Iron ore Fe 52%,Fe-52% Төмрийн хүдэр,USD,65.0,2.0,6600.0,https://mse.mn/uploads/auction_schedules/mn-MRTSM-246.pdf,,,,,reported,,MRTSM-246
2026-10-05 03:43,2024-09-23,10:00,Энержи Ресурс ХХК,Energy Resources,ER-24221,Coal,Washed coking coal,Баяжуулсан коксжих нүүрс,CNY,1050.0,3.0,19200.0,https://mse.mn/uploads/auction_schedules/mn-ER-24221.pdf,,,,,reported,,ER-24221
2026-10-05 03:43,2024-09-20,10:00,Энержи Ресурс ХХК,Energy Resources,ER-24220,Coal,Washed coking coal,Баяжуулсан коксжих нүүрс,CNY,1050.0,3.0,19200.0,https://mse.mn/uploads/auction_schedules/mn-ER-24220.pdf,,,,,reported,,ER-24220
2026-10-05 03:43,2024-09-19,11:00,Монголросцветмет ТӨҮГ,Mongolrostsvetmet (ex-Erdenes Critical Minerals),MRTSM-245,Iron ore,Iron ore Fe 52%,Fe-52% Төмрийн хүдэр,USD,65.0,2.0,6600.0,https://mse.mn/uploads/auction_schedules/mn-MRTSM-245.pdf,,,,,reported,,MRTSM-245
2026-10-05 03:43,2024-09-18,15:00,Дарханы Төмөрлөгийн Үйлдвэр ХХК,Дарханы Төмөрлөгийн Үйлдвэр ХХК,DMP-24141,Iron ore,Fe-58% Төмрийн баяжмал,Fe-58% Төмрийн баяжмал,USD,60.0,18.0,59400.0,https://mse.mn/uploads/auction_schedules/mn-DMP-24141.pdf,,,,,reported,,DMP-24141
2026-10-05 03:43,2024-09-18,14:00,Тавантолгой ХК,Tavan Tolgoi JSC,TTOA-2024-008,Coal,Medium-volatile coking coal,"Дэгдэмхий бодис дунд, коксжих нүүрс",USD,125.0,8.0,51200.0,https://mse.mn/uploads/auction_schedules/mn-TTOA-2024-008.pdf,,,,,reported,,TTOA-2024-008
2026-10-05 03:43,2024-09-18,10:00,Энержи Ресурс ХХК,Energy Resources,ER-24219,Coal,Washed coking coal,Баяжуулсан коксжих нүүрс,CNY,1050.0,3.0,19200.0,https://mse.mn/uploads/auction_schedules/mn-ER-24219.pdf,,,,,reported,,ER-24219
2026-10-05 03:43,2024-09-17,14:00,Энержи Ресурс ХХК,Energy Resources,ER-24218,Coal,Washed medium-ash semi-hard coking coal,"Баяжуулсан дунд зэрэг үнстэй, хагас хатуу коксжих нүүрс",CNY,450.0,3.0,19200.0,https://mse.mn/uploads/auction_schedules/mn-ER-24218.pdf,,,,,reported,,ER-24218
2026-10-05 03:43,2024-09-17,11:00,Монголросцветмет ТӨҮГ,Mongolrostsvetmet (ex-Erdenes Critical Minerals),MRTSM-244,Iron ore,Iron ore Fe 52%,Fe-52% Төмрийн хүдэр,USD,65.0,2.0,6600.0,https://mse.mn/uploads/auction_schedules/mn-MRTSM-244.pdf,,,,,reported,,MRTSM-244
2026-10-05 03:43,2024-09-16,10:00,Хангад Эксплорэйшн ХХК,Khangad Exploration,KH-24007,Coal,Washed semi-soft coking coal,Баяжуулсан сул коксжих нүүрс,CNY,900.0,2.0,12800.0,https://mse.mn/uploads/auction_schedules/mn-KH-24007.pdf,,,,,reported,,KH-24007
2026-10-05 03:43,2024-09-13,15:00,Дарханы Төмөрлөгийн Үйлдвэр ХХК,Дарханы Төмөрлөгийн Үйлдвэр ХХК,DMP-24140,Iron ore,Fe-58% Төмрийн баяжмал,Fe-58% Төмрийн баяжмал,USD,60.0,18.0,59400.0,https://mse.mn/uploads/auction_schedules/mn-DMP-24140.pdf,,,,,reported,,DMP-24140
2026-10-05 03:43,2024-09-13,14:00,Эрдэнэс Тавантолгой ХК,Erdenes Tavan Tolgoi,24-16-1-3CO,Coal,1/3 coking coal,1/3 коксжих нүүрс,USD,91.3,40.0,256000.0,https://mse.mn/uploads/auction_schedules/mn-24-16-1-3CO.pdf,,,,,reported,,24-16-1-3CO
2026-10-05 03:43,2024-09-13,11:00,Монголросцветмет ТӨҮГ,Mongolrostsvetmet (ex-Erdenes Critical Minerals),MRTSM-240,Iron ore,Iron ore Fe 52%,Fe-52% Төмрийн хүдэр,USD,65.0,2.0,6600.0,https://mse.mn/uploads/auction_schedules/mn-MRTSM-240.pdf,,,,,reported,,MRTSM-240
2026-10-05 03:43,2024-09-13,10:00,Энержи Ресурс ХХК,Energy Resources,ER-24217,Coal,Washed coking coal,Баяжуулсан коксжих нүүрс,CNY,1100.0,3.0,19200.0,https://mse.mn/uploads/auction_schedules/mn-ER-24217.pdf,,,,,reported,,ER-24217
2026-10-05 03:43,2024-09-12,13:00,Монголросцветмет ТӨҮГ,Mongolrostsvetmet (ex-Erdenes Critical Minerals),MRTSM-243,Iron ore,Iron ore Fe 52%,Fe-52% Төмрийн хүдэр,USD,65.0,6.0,19800.0,https://mse.mn/uploads/auction_schedules/mn-MRTSM-243.pdf,,,,,reported,,MRTSM-243
2026-10-05 03:43,2024-09-12,12:00,Мөнх тэнүүн оргил ХХК,Мөнх тэнүүн оргил ХХК,MTO-0830,Coal,Washed medium-ash semi-hard coking coal,"Баяжуулсан дунд зэрэг үнстэй, хагас хатуу коксжих нүүрс",USD,105.0,1.0,6400.0,https://mse.mn/uploads/auction_schedules/mn-MTO-0830.pdf,,,,,reported,,MTO-0830
2026-10-05 03:43,2024-09-12,10:00,Энержи Ресурс ХХК,Energy Resources,ER-24216,Coal,Washed coking coal,Баяжуулсан коксжих нүүрс,CNY,1100.0,3.0,19200.0,https://mse.mn/uploads/auction_schedules/mn-ER-24216.pdf,,,,,reported,,ER-24216
2026-10-05 03:43,2024-09-11,11:00,Монголросцветмет ТӨҮГ,Mongolrostsvetmet (ex-Erdenes Critical Minerals),MRTSM-239,Iron ore,Iron ore Fe 52%,Fe-52% Төмрийн хүдэр,USD,65.0,2.0,6600.0,https://mse.mn/uploads/auction_schedules/mn-MRTSM-239.pdf,,,,,reported,,MRTSM-239
2026-10-05 03:43,2024-09-10,14:00,Энержи Ресурс ХХК,Energy Resources,ER-24215,Coal,Washed medium-ash semi-hard coking coal,"Баяжуулсан дунд зэрэг үнстэй, хагас хатуу коксжих нүүрс",CNY,450.0,3.0,19200.0,https://mse.mn/uploads/auction_schedules/mn-ER-24215.pdf,,,,,reported,,ER-24215
2026-10-05 03:43,2024-09-10,13:00,Монголросцветмет ТӨҮГ,Mongolrostsvetmet (ex-Erdenes Critical Minerals),MRTSM-242,Iron ore,Iron ore Fe 52%,Fe-52% Төмрийн хүдэр,USD,65.0,6.0,19800.0,https://mse.mn/uploads/auction_schedules/mn-MRTSM-242.pdf,,,,,reported,,MRTSM-242
2026-10-05 03:43,2024-09-09,15:00,Тавантолгой ХК,Tavan Tolgoi JSC,ТТОА-2024-008,Coal,1/3 coking coal,1/3 коксжих нүүрс,USD,90.0,25.0,160000.0,https://mse.mn/uploads/auction_schedules/mn-ТТОА-2024-008.pdf,,,,,reported,,ТТОА-2024-008
2026-10-05 03:43,2024-09-09,13:00,Монголросцветмет ТӨҮГ,Mongolrostsvetmet (ex-Erdenes Critical Minerals),MRTSM-241,Iron ore,Iron ore Fe 52%,Fe-52% Төмрийн хүдэр,USD,65.0,6.0,19800.0,https://mse.mn/uploads/auction_schedules/mn-MRTSM-241.pdf,,,,,reported,,MRTSM-241
2026-10-05 03:43,2024-09-09,11:00,Монголросцветмет ТӨҮГ,Mongolrostsvetmet (ex-Erdenes Critical Minerals),MRTSM-238,Iron ore,Iron ore Fe 52%,Fe-52% Төмрийн хүдэр,USD,65.0,2.0,6600.0,https://mse.mn/uploads/auction_schedules/mn-MRTSM-238.pdf,,,,,reported,,MRTSM-238
2026-10-05 03:43,2024-09-09,10:00,Энержи Ресурс ХХК,Energy Resources,ER-24214,Coal,Washed coking coal,Баяжуулсан коксжих нүүрс,CNY,1150.0,3.0,19200.0,https://mse.mn/uploads/auction_schedules/mn-ER-24214.pdf,,,,,reported,,ER-24214
2026-10-05 03:43,2024-09-06,14:00,Эрдэнэс Тавантолгой ХК,Erdenes Tavan Tolgoi,24-15-1-3 CO,Coal,1/3 coking coal,1/3 коксжих нүүрс,USD,88.5,40.0,256000.0,https://mse.mn/uploads/auction_schedules/mn-24-15-1-3 CO.pdf,,,,,reported,,24-15-1-3 CO
2026-10-05 03:43,2024-09-06,12:00,Эрд гео ХХК,Эрд гео ХХК,EG-03,Fluorspar,CaF2 35-40% Хайлуур жоншны хүдэр,CaF2 35-40% Хайлуур жоншны хүдэр,CNY,500.0,50.0,3250.0,https://mse.mn/uploads/auction_schedules/mn-EG-03.pdf,,,,,reported,,EG-03
2026-10-05 03:43,2024-09-06,10:00,Энержи Ресурс ХХК,Energy Resources,ER-24213,Coal,Washed coking coal,Баяжуулсан коксжих нүүрс,CNY,1150.0,3.0,19200.0,https://mse.mn/uploads/auction_schedules/mn-ER-24213.pdf,,,,,reported,,ER-24213
2026-10-05 03:43,2024-09-05,11:00,Монголросцветмет ТӨҮГ,Mongolrostsvetmet (ex-Erdenes Critical Minerals),MRTSM-237,Iron ore,Iron ore Fe 52%,Fe-52% Төмрийн хүдэр,USD,65.0,2.0,6600.0,https://mse.mn/uploads/auction_schedules/mn-MRTSM-237.pdf,,,,,reported,,MRTSM-237
2026-10-05 03:43,2024-09-04,10:00,Энержи Ресурс ХХК,Energy Resources,ER-24212,Coal,Washed coking coal,Баяжуулсан коксжих нүүрс,CNY,1150.0,3.0,19200.0,https://mse.mn/uploads/auction_schedules/mn-ER-24212.pdf,,,,,reported,,ER-24212
2026-10-05 03:43,2024-09-03,14:00,Энержи Ресурс ХХК,Energy Resources,ER-24211,Coal,Washed medium-ash semi-hard coking coal,"Баяжуулсан дунд зэрэг үнстэй, хагас хатуу коксжих нүүрс",CNY,450.0,3.0,19200.0,https://mse.mn/uploads/auction_schedules/mn-ER-24211.pdf,,,,,reported,,ER-24211
2026-10-05 03:43,2024-09-03,12:00,Андын Илч ХХК,Андын Илч ХХК,AI-01,Coal,Чийг багатай хүрэн нүүрс,Чийг багатай хүрэн нүүрс,CNY,180.0,8.0,51200.0,https://mse.mn/uploads/auction_schedules/mn-AI-01.pdf,,,,,reported,,AI-01
2026-10-05 03:43,2024-09-03,11:00,Монголросцветмет ТӨҮГ,Mongolrostsvetmet (ex-Erdenes Critical Minerals),MRTSM-236,Iron ore,Iron ore Fe 52%,Fe-52% Төмрийн хүдэр,USD,65.0,2.0,6600.0,https://mse.mn/uploads/auction_schedules/mn-MRTSM-236.pdf,,,,,reported,,MRTSM-236
2026-10-05 03:43,2024-09-03,10:00,Энержи Ресурс ХХК,Energy Resources,ER-24210,Coal,Washed coking coal,Баяжуулсан коксжих нүүрс,CNY,1150.0,3.0,19200.0,https://mse.mn/uploads/auction_schedules/mn-ER-24210.pdf,,,,,reported,,ER-24210
2026-10-05 03:43,2024-08-30,16:00,Эрдэнэс Тавантолгой ХК,Erdenes Tavan Tolgoi,ETT-24-14-1-3-CO,Coal,1/3 coking coal,1/3 коксжих нүүрс,USD,87.6,20.0,128000.0,https://mse.mn/uploads/auction_schedules/mn-ETT-24-14-1-3-CO.pdf,,,,,reported,,ETT-24-14-1-3-CO
2026-10-05 03:43,2024-08-30,11:00,Монголросцветмет ТӨҮГ,Mongolrostsvetmet (ex-Erdenes Critical Minerals),MRTSM-235,Iron ore,Iron ore Fe 52%,Fe-52% Төмрийн хүдэр,USD,65.0,2.0,6600.0,https://mse.mn/uploads/auction_schedules/mn-MRTSM-235.pdf,,,,,reported,,MRTSM-235
2026-10-05 03:43,2024-08-30,10:00,Энержи Ресурс ХХК,Energy Resources,ER-24209,Coal,Washed coking coal,Баяжуулсан коксжих нүүрс,CNY,1150.0,3.0,19200.0,https://mse.mn/uploads/auction_schedules/mn-ER-24209.pdf,,,,,reported,,ER-24209
2026-10-05 03:43,2024-08-29,14:00,Энержи Ресурс ХХК,Energy Resources,ER-24208,Coal,Washed medium-ash semi-hard coking coal,"Баяжуулсан дунд зэрэг үнстэй, хагас хатуу коксжих нүүрс",CNY,450.0,4.0,25600.0,https://mse.mn/uploads/auction_schedules/mn-ER-24208.pdf,,,,,reported,,ER-24208
2026-10-05 03:43,2024-08-28,14:00,Эрдэнэт Үйлдвэр ТӨҮГ,Erdenet Mining Corporation,№05-2024,Copper,Copper concentrate (22.35% Cu),22.35%-ийн зэсийн агуулгатай баяжмал,USD,2015.32,3.0,2718.0,https://mse.mn/uploads/auction_schedules/mn-№05-2024.pdf,,,,,reported,,№05-2024
2026-10-05 03:43,2024-08-28,12:00,Мөнх тэнүүн оргил ХХК,Мөнх тэнүүн оргил ХХК,MTO-0815,Coal,Washed medium-ash semi-hard coking coal,"Баяжуулсан дунд зэрэг үнстэй, хагас хатуу коксжих нүүрс",CNY,800.0,1.0,6400.0,https://mse.mn/uploads/auction_schedules/mn-MTO-0815.pdf,,,,,reported,,MTO-0815
2026-10-05 03:43,2024-08-28,11:00,Монголросцветмет ТӨҮГ,Mongolrostsvetmet (ex-Erdenes Critical Minerals),MRTSM-234,Iron ore,Iron ore Fe 52%,Fe-52% Төмрийн хүдэр,USD,65.0,2.0,6600.0,https://mse.mn/uploads/auction_schedules/mn-MRTSM-234.pdf,,,,,reported,,MRTSM-234
2026-10-05 03:43,2024-08-28,10:00,Энержи Ресурс ХХК,Energy Resources,ER-24207,Coal,Washed coking coal,Баяжуулсан коксжих нүүрс,CNY,1150.0,3.0,19200.0,https://mse.mn/uploads/auction_schedules/mn-ER-24207.pdf,,,,,reported,,ER-24207
2026-10-05 03:43,2024-08-27,14:00,Энержи Ресурс ХХК,Energy Resources,ER-24206,Coal,Washed medium-ash semi-hard coking coal,"Баяжуулсан дунд зэрэг үнстэй, хагас хатуу коксжих нүүрс",CNY,450.0,4.0,25600.0,https://mse.mn/uploads/auction_schedules/mn-ER-24206.pdf,,,,,reported,,ER-24206
2026-10-05 03:43,2024-08-26,11:00,Монголросцветмет ТӨҮГ,Mongolrostsvetmet (ex-Erdenes Critical Minerals),MRTSM-233,Iron ore,Iron ore Fe 52%,Fe-52% Төмрийн хүдэр,USD,65.0,2.0,6600.0,https://mse.mn/uploads/auction_schedules/mn-MRTSM-233.pdf,,,,,reported,,MRTSM-233
2026-10-05 03:43,2024-08-26,10:00,Энержи Ресурс ХХК,Energy Resources,ER-24205,Coal,Washed coking coal,Баяжуулсан коксжих нүүрс,CNY,1150.0,3.0,19200.0,https://mse.mn/uploads/auction_schedules/mn-ER-24205.pdf,,,,,reported,,ER-24205
2026-10-05 03:43,2024-08-23,16:00,Эрдэнэс Тавантолгой ХК,Erdenes Tavan Tolgoi,ETT24-15-OX,Coal,"Thermal coal (bituminous, non-caking)","Эрчим хүчний нүүрс /Битумт, үл барьцалдах нүүрс/",USD,50.8,20.0,128000.0,https://mse.mn/uploads/auction_schedules/mn-ETT24-15-OX.pdf,,,,,reported,,ETT24-15-OX
2026-10-05 03:43,2024-08-23,15:00,Дарханы Төмөрлөгийн Үйлдвэр ХХК,Дарханы Төмөрлөгийн Үйлдвэр ХХК,DMP-24139,Iron ore,Fe-58% Төмрийн баяжмал,Fe-58% Төмрийн баяжмал,USD,60.0,18.0,59400.0,https://mse.mn/uploads/auction_schedules/mn-DMP-24139.pdf,,,,,reported,,DMP-24139
2026-10-05 03:43,2024-08-23,10:00,Энержи Ресурс ХХК,Energy Resources,ER-24204,Coal,Washed coking coal,Баяжуулсан коксжих нүүрс,CNY,1150.0,3.0,19200.0,https://mse.mn/uploads/auction_schedules/mn-ER-24204.pdf,,,,,reported,,ER-24204
2026-10-05 03:43,2024-08-22,15:00,Дарханы Төмөрлөгийн Үйлдвэр ХХК,Дарханы Төмөрлөгийн Үйлдвэр ХХК,DMP-24138,Iron ore,Fe-58% Төмрийн баяжмал,Fe-58% Төмрийн баяжмал,USD,60.0,18.0,59400.0,https://mse.mn/uploads/auction_schedules/mn-DMP-24138.pdf,,,,,reported,,DMP-24138
2026-10-05 03:43,2024-08-22,14:00,Энержи Ресурс ХХК,Energy Resources,ER-24203,Coal,Washed medium-ash semi-hard coking coal,"Баяжуулсан дунд зэрэг үнстэй, хагас хатуу коксжих нүүрс",CNY,450.0,4.0,25600.0,https://mse.mn/uploads/auction_schedules/mn-ER-24203.pdf,,,,,reported,,ER-24203
2026-10-05 03:43,2024-08-22,11:00,Монголросцветмет ТӨҮГ,Mongolrostsvetmet (ex-Erdenes Critical Minerals),MRTSM-232,Iron ore,Iron ore Fe 52%,Fe-52% Төмрийн хүдэр,USD,65.0,2.0,6600.0,https://mse.mn/uploads/auction_schedules/mn-MRTSM-232.pdf,,,,,reported,,MRTSM-232
2026-10-05 03:43,2024-08-21,10:00,Энержи Ресурс ХХК,Energy Resources,ER-24202,Coal,Washed coking coal,Баяжуулсан коксжих нүүрс,CNY,1150.0,3.0,19200.0,https://mse.mn/uploads/auction_schedules/mn-ER-24202.pdf,,,,,reported,,ER-24202
2026-10-05 03:43,2024-08-20,14:00,Энержи Ресурс ХХК,Energy Resources,ER-24201,Coal,Washed medium-ash semi-hard coking coal,"Баяжуулсан дунд зэрэг үнстэй, хагас хатуу коксжих нүүрс",CNY,450.0,4.0,25600.0,https://mse.mn/uploads/auction_schedules/mn-ER-24201.pdf,,,,,reported,,ER-24201
2026-10-05 03:43,2024-08-20,11:00,Монголросцветмет ТӨҮГ,Mongolrostsvetmet (ex-Erdenes Critical Minerals),MRTSM-231,Iron ore,Iron ore Fe 52%,Fe-52% Төмрийн хүдэр,USD,70.0,2.0,6600.0,https://mse.mn/uploads/auction_schedules/mn-MRTSM-231.pdf,,,,,reported,,MRTSM-231
2026-10-05 03:43,2024-08-19,10:00,Энержи Ресурс ХХК,Energy Resources,ER-24200,Coal,Washed coking coal,Баяжуулсан коксжих нүүрс,CNY,1150.0,3.0,19200.0,https://mse.mn/uploads/auction_schedules/mn-ER-24200.pdf,,,,,reported,,ER-24200
2026-10-05 03:43,2024-08-16,16:00,Тавантолгой ХК,Tavan Tolgoi JSC,TT-24-009,Coal,Medium-volatile coking coal,"Дэгдэмхий бодис дунд, коксжих нүүрс",USD,145.0,35.0,224000.0,https://mse.mn/uploads/auction_schedules/mn-TT-24-009.pdf,,,,,reported,,TT-24-009
2026-10-05 03:43,2024-08-16,15:00,Эрдэнэс Тавантолгой ХК,Erdenes Tavan Tolgoi,ETT24-14-OX,Coal,"Thermal coal (bituminous, non-caking)","Эрчим хүчний нүүрс /Битумт, үл барьцалдах нүүрс/",USD,52.2,20.0,128000.0,https://mse.mn/uploads/auction_schedules/mn-ETT24-14-OX.pdf,,,,,reported,,ETT24-14-OX
2026-10-05 03:43,2024-08-16,14:00,Энержи Ресурс ХХК,Energy Resources,ER-24199,Coal,Washed medium-ash semi-hard coking coal,"Баяжуулсан дунд зэрэг үнстэй, хагас хатуу коксжих нүүрс",CNY,450.0,4.0,25600.0,https://mse.mn/uploads/auction_schedules/mn-ER-24199.pdf,,,,,reported,,ER-24199
2026-10-05 03:43,2024-08-16,11:00,Монголросцветмет ТӨҮГ,Mongolrostsvetmet (ex-Erdenes Critical Minerals),MRTSM-230,Iron ore,Iron ore Fe 52%,Fe-52% Төмрийн хүдэр,USD,70.0,2.0,6600.0,https://mse.mn/uploads/auction_schedules/mn-MRTSM-230.pdf,,,,,reported,,MRTSM-230
2026-10-05 03:43,2024-08-16,10:00,Дарханы Төмөрлөгийн Үйлдвэр ХХК,Дарханы Төмөрлөгийн Үйлдвэр ХХК,DMP-24137,Iron ore,Fe-58% Төмрийн баяжмал,Fe-58% Төмрийн баяжмал,USD,58.0,18.0,59400.0,https://mse.mn/uploads/auction_schedules/mn-DMP-24137.pdf,,,,,reported,,DMP-24137
2026-10-05 03:43,2024-08-15,15:00,Монголросцветмет ТӨҮГ,Mongolrostsvetmet (ex-Erdenes Critical Minerals),MRTSM-229,Iron ore,Iron ore Fe 52%,Fe-52% Төмрийн хүдэр,USD,70.0,2.0,6600.0,https://mse.mn/uploads/auction_schedules/mn-MRTSM-229.pdf,,,,,reported,,MRTSM-229
2026-10-05 03:43,2024-08-15,14:00,Дарханы Төмөрлөгийн Үйлдвэр ХХК,Дарханы Төмөрлөгийн Үйлдвэр ХХК,DMP-24136,Iron ore,Fe-58% Төмрийн баяжмал,Fe-58% Төмрийн баяжмал,USD,58.0,18.0,59400.0,https://mse.mn/uploads/auction_schedules/mn-DMP-24136.pdf,,,,,reported,,DMP-24136
2026-10-05 03:43,2024-08-15,13:00,Өсөх Зоос ХХК,Өсөх Зоос ХХК,UZ-24-01,Coal,"Дэгдэмхий бодис их, хийн нүүрс","Дэгдэмхий бодис их, хийн нүүрс",CNY,500.0,2.0,12800.0,https://mse.mn/uploads/auction_schedules/mn-UZ-24-01.pdf,,,,,reported,,UZ-24-01
2026-10-05 03:43,2024-08-15,11:00,Монголросцветмет ТӨҮГ,Mongolrostsvetmet (ex-Erdenes Critical Minerals),MRTSM-228,Iron ore,Iron ore Fe 52%,Fe-52% Төмрийн хүдэр,USD,70.0,2.0,6600.0,https://mse.mn/uploads/auction_schedules/mn-MRTSM-228.pdf,,,,,reported,,MRTSM-228
2026-10-05 03:43,2024-08-15,10:00,Хангад Эксплорэйшн ХХК,Khangad Exploration,KH-24006,Coal,Washed semi-soft coking coal,Баяжуулсан сул коксжих нүүрс,CNY,900.0,2.0,12800.0,https://mse.mn/uploads/auction_schedules/mn-KH-24006.pdf,,,,,reported,,KH-24006
2026-10-05 03:43,2024-08-14,10:00,Энержи Ресурс ХХК,Energy Resources,ER-24198,Coal,Washed coking coal,Баяжуулсан коксжих нүүрс,CNY,1150.0,3.0,19200.0,https://mse.mn/uploads/auction_schedules/mn-ER-24198.pdf,,,,,reported,,ER-24198
2026-10-05 03:43,2024-08-13,14:00,Энержи Ресурс ХХК,Energy Resources,ER-24197,Coal,Washed medium-ash semi-hard coking coal,"Баяжуулсан дунд зэрэг үнстэй, хагас хатуу коксжих нүүрс",CNY,450.0,4.0,25600.0,https://mse.mn/uploads/auction_schedules/mn-ER-24197.pdf,,,,,reported,,ER-24197
2026-10-05 03:43,2024-08-12,12:00,Эрд гео ХХК,Эрд гео ХХК,EG-01,Fluorspar,CaF2- 55-63% Хайлуур жонш,CaF2- 55-63% Хайлуур жонш,USD,85.0,20.0,1300.0,https://mse.mn/uploads/auction_schedules/mn-EG-01.pdf,,,,,reported,,EG-01
2026-10-05 03:43,2024-08-12,10:00,Энержи Ресурс ХХК,Energy Resources,ER-24196,Coal,Washed coking coal,Баяжуулсан коксжих нүүрс,CNY,1150.0,3.0,19200.0,https://mse.mn/uploads/auction_schedules/mn-ER-24196.pdf,,,,,reported,,ER-24196
2026-10-05 03:43,2024-08-09,11:00,Монголросцветмет ТӨҮГ,Mongolrostsvetmet (ex-Erdenes Critical Minerals),MRTSM-227,Iron ore,Iron ore Fe 52%,Fe-52% Төмрийн хүдэр,USD,70.0,1.0,3300.0,https://mse.mn/uploads/auction_schedules/mn-MRTSM-227.pdf,,,,,reported,,MRTSM-227
2026-10-05 03:43,2024-08-09,10:00,Энержи Ресурс ХХК,Energy Resources,ER-24195,Coal,Washed coking coal,Баяжуулсан коксжих нүүрс,CNY,1150.0,3.0,19200.0,https://mse.mn/uploads/auction_schedules/mn-ER-24195.pdf,,,,,reported,,ER-24195
2026-10-05 03:43,2024-08-08,14:00,Энержи Ресурс ХХК,Energy Resources,ER-24194,Coal,Washed medium-ash semi-hard coking coal,"Баяжуулсан дунд зэрэг үнстэй, хагас хатуу коксжих нүүрс",CNY,450.0,4.0,25600.0,https://mse.mn/uploads/auction_schedules/mn-ER-24194.pdf,,,,,reported,,ER-24194
2026-10-05 03:43,2024-08-08,11:00,Монголросцветмет ТӨҮГ,Mongolrostsvetmet (ex-Erdenes Critical Minerals),MRTSM-226,Iron ore,Iron ore Fe 52%,Fe-52% Төмрийн хүдэр,USD,70.0,1.0,3300.0,https://mse.mn/uploads/auction_schedules/mn-MRTSM-226.pdf,,,,,reported,,MRTSM-226
2026-10-05 03:43,2024-08-07,11:00,Монголросцветмет ТӨҮГ,Mongolrostsvetmet (ex-Erdenes Critical Minerals),MRTSM-225,Iron ore,Iron ore Fe 52%,Fe-52% Төмрийн хүдэр,USD,70.0,1.0,3300.0,https://mse.mn/uploads/auction_schedules/mn-MRTSM-225.pdf,,,,,reported,,MRTSM-225
2026-10-05 03:43,2024-08-07,10:00,Энержи Ресурс ХХК,Energy Resources,ER-24193,Coal,Washed coking coal,Баяжуулсан коксжих нүүрс,CNY,1150.0,3.0,19200.0,https://mse.mn/uploads/auction_schedules/mn-ER-24193.pdf,,,,,reported,,ER-24193
2026-10-05 03:43,2024-08-06,14:00,Энержи Ресурс ХХК,Energy Resources,ER-24192,Coal,Washed medium-ash semi-hard coking coal,"Баяжуулсан дунд зэрэг үнстэй, хагас хатуу коксжих нүүрс",CNY,450.0,4.0,25600.0,https://mse.mn/uploads/auction_schedules/mn-ER-24192.pdf,,,,,reported,,ER-24192
2026-10-05 03:43,2024-08-06,11:00,Монголросцветмет ТӨҮГ,Mongolrostsvetmet (ex-Erdenes Critical Minerals),MRTSM-224,Iron ore,Iron ore Fe 52%,Fe-52% Төмрийн хүдэр,USD,70.0,1.0,3300.0,https://mse.mn/uploads/auction_schedules/mn-MRTSM-224.pdf,,,,,reported,,MRTSM-224
2026-10-05 03:43,2024-08-06,10:00,Тавантолгой ХК,Tavan Tolgoi JSC,TTOA-24-8,Coal,Medium-volatile coking coal,"Дэгдэмхий бодис дунд, коксжих нүүрс",USD,150.0,35.0,224000.0,https://mse.mn/uploads/auction_schedules/mn-TTOA-24-8.pdf,,,,,reported,,TTOA-24-8
2026-10-05 03:43,2024-08-05,15:00,Дарханы Төмөрлөгийн Үйлдвэр ХХК,Дарханы Төмөрлөгийн Үйлдвэр ХХК,DMP-24135,Iron ore,Fe-58% Төмрийн баяжмал,Fe-58% Төмрийн баяжмал,USD,58.0,18.0,59400.0,https://mse.mn/uploads/auction_schedules/mn-DMP-24135.pdf,,,,,reported,,DMP-24135
2026-10-05 03:43,2024-08-05,12:00,Очир мандал хайрхан ХХК,Очир мандал хайрхан ХХК,OMKH-01,Fluorspar,CaF2- <42% Хайлуур жоншны хүдэр,CaF2- <42% Хайлуур жоншны хүдэр,CNY,550.0,100.0,6500.0,https://mse.mn/uploads/auction_schedules/mn-OMKH-01.pdf,,,,,reported,,OMKH-01
2026-10-05 03:43,2024-08-05,11:00,Монголросцветмет ТӨҮГ,Mongolrostsvetmet (ex-Erdenes Critical Minerals),MRTSM-223,Iron ore,Iron ore Fe 52%,Fe-52% Төмрийн хүдэр,USD,70.0,1.0,3300.0,https://mse.mn/uploads/auction_schedules/mn-MRTSM-223.pdf,,,,,reported,,MRTSM-223
2026-10-05 03:43,2024-08-05,10:00,Энержи Ресурс ХХК,Energy Resources,ER-24191,Coal,Washed coking coal,Баяжуулсан коксжих нүүрс,CNY,1150.0,3.0,19200.0,https://mse.mn/uploads/auction_schedules/mn-ER-24191.pdf,,,,,reported,,ER-24191
2026-10-05 03:43,2024-08-02,16:00,Эрдэнэс Тавантолгой ХК,Erdenes Tavan Tolgoi,ETT24-13-OX,Coal,"Thermal coal (bituminous, non-caking)","Эрчим хүчний нүүрс /Битумт, үл барьцалдах нүүрс/",USD,52.2,20.0,128000.0,https://mse.mn/uploads/auction_schedules/mn-ETT24-13-OX.pdf,,,,,reported,,ETT24-13-OX
2026-10-05 03:43,2024-08-02,15:00,Дарханы Төмөрлөгийн Үйлдвэр ХХК,Дарханы Төмөрлөгийн Үйлдвэр ХХК,DMP-24134,Iron ore,Fe-58% Төмрийн баяжмал,Fe-58% Төмрийн баяжмал,USD,58.0,18.0,59400.0,https://mse.mn/uploads/auction_schedules/mn-DMP-24134.pdf,,,,,reported,,DMP-24134
2026-10-05 03:43,2024-08-02,11:00,Монголросцветмет ТӨҮГ,Mongolrostsvetmet (ex-Erdenes Critical Minerals),MRTSM-222,Iron ore,Iron ore Fe 52%,Fe-52% Төмрийн хүдэр,USD,70.0,1.0,3300.0,https://mse.mn/uploads/auction_schedules/mn-MRTSM-222.pdf,,,,,reported,,MRTSM-222
2026-10-05 03:43,2024-08-02,10:00,Энержи Ресурс ХХК,Energy Resources,ER-24190,Coal,Washed coking coal,Баяжуулсан коксжих нүүрс,CNY,1150.0,3.0,19200.0,https://mse.mn/uploads/auction_schedules/mn-ER-24190.pdf,,,,,reported,,ER-24190
2026-10-05 03:43,2024-08-01,14:00,Энержи Ресурс ХХК,Energy Resources,ER-24189,Coal,Washed medium-ash semi-hard coking coal,"Баяжуулсан дунд зэрэг үнстэй, хагас хатуу коксжих нүүрс",CNY,450.0,4.0,25600.0,https://mse.mn/uploads/auction_schedules/mn-ER-24189.pdf,,,,,reported,,ER-24189
2026-10-05 03:43,2024-08-01,11:00,Монголросцветмет ТӨҮГ,Mongolrostsvetmet (ex-Erdenes Critical Minerals),MRTSM-221,Iron ore,Iron ore Fe 52%,Fe-52% Төмрийн хүдэр,USD,70.0,1.0,3300.0,https://mse.mn/uploads/auction_schedules/mn-MRTSM-221.pdf,,,,,reported,,MRTSM-221
2026-10-05 03:43,2024-07-31,16:00,Эрдэнэт Үйлдвэр ТӨҮГ,Erdenet Mining Corporation,№04-2024,Copper,Copper concentrate (22.35% Cu),22.35%-ийн зэсийн агуулгатай баяжмал,USD,2133.73,3.0,2718.0,https://mse.mn/uploads/auction_schedules/mn-№04-2024.pdf,,,,,reported,,№04-2024
2026-10-05 03:43,2024-07-31,11:00,Монголросцветмет ТӨҮГ,Mongolrostsvetmet (ex-Erdenes Critical Minerals),MRTSM-220,Iron ore,Iron ore Fe 52%,Fe-52% Төмрийн хүдэр,USD,70.0,1.0,3300.0,https://mse.mn/uploads/auction_schedules/mn-MRTSM-220.pdf,,,,,reported,,MRTSM-220
2026-10-05 03:43,2024-07-31,10:00,Энержи Ресурс ХХК,Energy Resources,ER-24188,Coal,Washed coking coal,Баяжуулсан коксжих нүүрс,CNY,1150.0,3.0,19200.0,https://mse.mn/uploads/auction_schedules/mn-ER-24188.pdf,,,,,reported,,ER-24188
2026-10-05 03:43,2024-07-30,14:00,Энержи Ресурс ХХК,Energy Resources,ER-24187,Coal,Washed medium-ash semi-hard coking coal,"Баяжуулсан дунд зэрэг үнстэй, хагас хатуу коксжих нүүрс",CNY,450.0,4.0,25600.0,https://mse.mn/uploads/auction_schedules/mn-ER-24187.pdf,,,,,reported,,ER-24187
2026-10-05 03:43,2024-07-30,12:00,Тавантолгой ХК,Tavan Tolgoi JSC,ТТОА-2024-7,Coal,Medium-volatile coking coal,"Дэгдэмхий бодис дунд, коксжих нүүрс",USD,150.0,15.0,96000.0,https://mse.mn/uploads/auction_schedules/mn-ТТОА-2024-7.pdf,,,,,reported,,ТТОА-2024-7
2026-10-05 03:43,2024-07-30,11:00,Монголросцветмет ТӨҮГ,Mongolrostsvetmet (ex-Erdenes Critical Minerals),MRTSM-219,Iron ore,Iron ore Fe 52%,Fe-52% Төмрийн хүдэр,USD,70.0,1.0,3300.0,https://mse.mn/uploads/auction_schedules/mn-MRTSM-219.pdf,,,,,reported,,MRTSM-219
2026-10-05 03:43,2024-07-29,11:00,Монголросцветмет ТӨҮГ,Mongolrostsvetmet (ex-Erdenes Critical Minerals),MRTSM-218,Iron ore,Iron ore Fe 52%,Fe-52% Төмрийн хүдэр,USD,70.0,1.0,3300.0,https://mse.mn/uploads/auction_schedules/mn-MRTSM-218.pdf,,,,,reported,,MRTSM-218
2026-10-05 03:43,2024-07-29,10:00,Энержи Ресурс ХХК,Energy Resources,ER-24186,Coal,Washed coking coal,Баяжуулсан коксжих нүүрс,CNY,1150.0,3.0,19200.0,https://mse.mn/uploads/auction_schedules/mn-ER-24186.pdf,,,,,reported,,ER-24186
2026-10-05 03:43,2024-07-26,11:00,Монголросцветмет ТӨҮГ,Mongolrostsvetmet (ex-Erdenes Critical Minerals),MRTSM-217,Iron ore,Iron ore Fe 52%,Fe-52% Төмрийн хүдэр,USD,70.0,1.0,3300.0,https://mse.mn/uploads/auction_schedules/mn-MRTSM-217.pdf,,,,,reported,,MRTSM-217
2026-10-05 03:43,2024-07-26,10:00,Энержи Ресурс ХХК,Energy Resources,ER-24185,Coal,Washed coking coal,Баяжуулсан коксжих нүүрс,CNY,1150.0,3.0,19200.0,https://mse.mn/uploads/auction_schedules/mn-ER-24185.pdf,,,,,reported,,ER-24185
2026-10-05 03:43,2024-07-25,14:00,Энержи Ресурс ХХК,Energy Resources,ER-24184,Coal,Washed medium-ash semi-hard coking coal,"Баяжуулсан дунд зэрэг үнстэй, хагас хатуу коксжих нүүрс",CNY,450.0,4.0,25600.0,https://mse.mn/uploads/auction_schedules/mn-ER-24184.pdf,,,,,reported,,ER-24184
2026-10-05 03:43,2024-07-25,11:00,Монголросцветмет ТӨҮГ,Mongolrostsvetmet (ex-Erdenes Critical Minerals),MRTSM-216,Iron ore,Iron ore Fe 52%,Fe-52% Төмрийн хүдэр,USD,70.0,1.0,3300.0,https://mse.mn/uploads/auction_schedules/mn-MRTSM-216.pdf,,,,,reported,,MRTSM-216
2026-10-05 03:43,2024-07-24,12:00,Эрдэнэс Тавантолгой ХК,Erdenes Tavan Tolgoi,ETT24-12-OX,Coal,"Thermal coal (bituminous, non-caking)","Эрчим хүчний нүүрс /Битумт, үл барьцалдах нүүрс/",USD,52.2,20.0,128000.0,https://mse.mn/uploads/auction_schedules/mn-ETT24-12-OX.pdf,,,,,reported,,ETT24-12-OX
2026-10-05 03:43,2024-07-24,11:00,Монголросцветмет ТӨҮГ,Mongolrostsvetmet (ex-Erdenes Critical Minerals),MRTSM-215,Iron ore,Iron ore Fe 52%,Fe-52% Төмрийн хүдэр,USD,70.0,1.0,3300.0,https://mse.mn/uploads/auction_schedules/mn-MRTSM-215.pdf,,,,,reported,,MRTSM-215
2026-10-05 03:43,2024-07-24,10:00,Энержи Ресурс ХХК,Energy Resources,ER-24183,Coal,Washed coking coal,Баяжуулсан коксжих нүүрс,CNY,1150.0,3.0,19200.0,https://mse.mn/uploads/auction_schedules/mn-ER-24183.pdf,,,,,reported,,ER-24183
2026-10-05 03:43,2024-07-23,14:00,Энержи Ресурс ХХК,Energy Resources,ER-24182,Coal,Washed medium-ash semi-hard coking coal,"Баяжуулсан дунд зэрэг үнстэй, хагас хатуу коксжих нүүрс",CNY,450.0,4.0,25600.0,https://mse.mn/uploads/auction_schedules/mn-ER-24182.pdf,,,,,reported,,ER-24182
2026-10-05 03:43,2024-07-23,11:00,Монголросцветмет ТӨҮГ,Mongolrostsvetmet (ex-Erdenes Critical Minerals),MRTSM-214,Iron ore,Iron ore Fe 52%,Fe-52% Төмрийн хүдэр,USD,70.0,1.0,3300.0,https://mse.mn/uploads/auction_schedules/mn-MRTSM-214.pdf,,,,,reported,,MRTSM-214
2026-10-05 03:43,2024-07-22,11:00,Монголросцветмет ТӨҮГ,Mongolrostsvetmet (ex-Erdenes Critical Minerals),MRTSM-213,Iron ore,Iron ore Fe 52%,Fe-52% Төмрийн хүдэр,USD,70.0,1.0,3300.0,https://mse.mn/uploads/auction_schedules/mn-MRTSM-213.pdf,,,,,reported,,MRTSM-213
2026-10-05 03:43,2024-07-22,10:00,Энержи Ресурс ХХК,Energy Resources,ER-24181,Coal,Washed coking coal,Баяжуулсан коксжих нүүрс,CNY,1150.0,3.0,19200.0,https://mse.mn/uploads/auction_schedules/mn-ER-24181.pdf,,,,,reported,,ER-24181
2026-10-05 03:43,2024-07-19,16:00,Эрдэнэс Тавантолгой ХК,Erdenes Tavan Tolgoi,24-02-GC,Coal,Дэгдэмхий бодис дундаас их хийн нүүрс,Дэгдэмхий бодис дундаас их хийн нүүрс,USD,80.0,20.0,128000.0,https://mse.mn/uploads/auction_schedules/mn-24-02-GC.pdf,,,,,reported,,24-02-GC
2026-10-05 03:43,2024-07-19,12:00,Тавантолгой ХК,Tavan Tolgoi JSC,TTOA-2024-007,Coal,Medium-volatile coking coal,"Дэгдэмхий бодис дунд, коксжих нүүрс",USD,145.0,80.0,512000.0,https://mse.mn/uploads/auction_schedules/mn-TTOA-2024-007.pdf,,,,,reported,,TTOA-2024-007
2026-10-05 03:43,2024-07-19,11:00,Монголросцветмет ТӨҮГ,Mongolrostsvetmet (ex-Erdenes Critical Minerals),MRTSM-212,Iron ore,Iron ore Fe 52%,Fe-52% Төмрийн хүдэр,USD,70.0,1.0,3300.0,https://mse.mn/uploads/auction_schedules/mn-MRTSM-212.pdf,,,,,reported,,MRTSM-212
2026-10-05 03:43,2024-07-19,10:00,Энержи Ресурс ХХК,Energy Resources,ER-24180,Coal,Washed coking coal,Баяжуулсан коксжих нүүрс,CNY,1150.0,3.0,19200.0,https://mse.mn/uploads/auction_schedules/mn-ER-24180.pdf,,,,,reported,,ER-24180
2026-10-05 03:43,2024-07-18,14:00,Энержи Ресурс ХХК,Energy Resources,ER-24179,Coal,Washed medium-ash semi-hard coking coal,"Баяжуулсан дунд зэрэг үнстэй, хагас хатуу коксжих нүүрс",CNY,450.0,4.0,25600.0,https://mse.mn/uploads/auction_schedules/mn-ER-24179.pdf,,,,,reported,,ER-24179
2026-10-05 03:43,2024-07-18,11:00,Монголросцветмет ТӨҮГ,Mongolrostsvetmet (ex-Erdenes Critical Minerals),MRTSM-211,Iron ore,Iron ore Fe 52%,Fe-52% Төмрийн хүдэр,USD,70.0,1.0,3300.0,https://mse.mn/uploads/auction_schedules/mn-MRTSM-211.pdf,,,,,reported,,MRTSM-211
2026-10-05 03:43,2024-07-17,11:00,Монголросцветмет ТӨҮГ,Mongolrostsvetmet (ex-Erdenes Critical Minerals),MRTSM-210,Iron ore,Iron ore Fe 52%,Fe-52% Төмрийн хүдэр,USD,70.0,1.0,3300.0,https://mse.mn/uploads/auction_schedules/mn-MRTSM-210.pdf,,,,,reported,,MRTSM-210
2026-10-05 03:43,2024-07-17,10:00,Энержи Ресурс ХХК,Energy Resources,ER-24178,Coal,Washed coking coal,Баяжуулсан коксжих нүүрс,CNY,1150.0,3.0,19200.0,https://mse.mn/uploads/auction_schedules/mn-ER-24178.pdf,,,,,reported,,ER-24178
2026-10-05 03:43,2024-07-16,14:00,Энержи Ресурс ХХК,Energy Resources,ER-24177,Coal,Washed medium-ash semi-hard coking coal,"Баяжуулсан дунд зэрэг үнстэй, хагас хатуу коксжих нүүрс",CNY,450.0,4.0,25600.0,https://mse.mn/uploads/auction_schedules/mn-ER-24177.pdf,,,,,reported,,ER-24177
2026-10-05 03:43,2024-07-16,11:00,Монголросцветмет ТӨҮГ,Mongolrostsvetmet (ex-Erdenes Critical Minerals),MRTSM-209,Iron ore,Iron ore Fe 52%,Fe-52% Төмрийн хүдэр,USD,70.0,1.0,3300.0,https://mse.mn/uploads/auction_schedules/mn-MRTSM-209.pdf,,,,,reported,,MRTSM-209
2026-10-05 03:43,2024-07-16,10:00,Хангад Эксплорэйшн ХХК,Khangad Exploration,KH-24005,Coal,Washed semi-soft coking coal,Баяжуулсан сул коксжих нүүрс,CNY,900.0,2.0,12800.0,https://mse.mn/uploads/auction_schedules/mn-KH-24005.pdf,,,,,reported,,KH-24005
2026-10-05 03:43,2024-07-09,14:00,Энержи Ресурс ХХК,Energy Resources,ER-24176,Coal,Washed medium-ash semi-hard coking coal,"Баяжуулсан дунд зэрэг үнстэй, хагас хатуу коксжих нүүрс",CNY,450.0,4.0,25600.0,https://mse.mn/uploads/auction_schedules/mn-ER-24176.pdf,,,,,reported,,ER-24176
2026-10-05 03:43,2024-07-09,11:00,Монголросцветмет ТӨҮГ,Mongolrostsvetmet (ex-Erdenes Critical Minerals),MRTSM-208,Iron ore,Iron ore Fe 52%,Fe-52% Төмрийн хүдэр,USD,70.0,1.0,3300.0,https://mse.mn/uploads/auction_schedules/mn-MRTSM-208.pdf,,,,,reported,,MRTSM-208
2026-10-05 03:43,2024-07-09,10:00,Энержи Ресурс ХХК,Energy Resources,ER-24175,Coal,Washed coking coal,Баяжуулсан коксжих нүүрс,CNY,1150.0,3.0,19200.0,https://mse.mn/uploads/auction_schedules/mn-ER-24175.pdf,,,,,reported,,ER-24175
2026-10-05 03:43,2024-07-08,14:00,Энержи Ресурс ХХК,Energy Resources,ER-24174,Coal,Washed medium-ash semi-hard coking coal,"Баяжуулсан дунд зэрэг үнстэй, хагас хатуу коксжих нүүрс",CNY,450.0,4.0,25600.0,https://mse.mn/uploads/auction_schedules/mn-ER-24174.pdf,,,,,reported,,ER-24174
2026-10-05 03:43,2024-07-08,12:00,Эрдэнэс Тавантолгой ХК,Erdenes Tavan Tolgoi,24-11-OX,Coal,"Thermal coal (bituminous, non-caking)","Эрчим хүчний нүүрс /Битумт, үл барьцалдах нүүрс/",USD,52.2,20.0,128000.0,https://mse.mn/uploads/auction_schedules/mn-24-11-OX.pdf,,,,,reported,,24-11-OX
2026-10-05 03:43,2024-07-08,11:00,Монголросцветмет ТӨҮГ,Mongolrostsvetmet (ex-Erdenes Critical Minerals),MRTSM-207,Iron ore,Iron ore Fe 52%,Fe-52% Төмрийн хүдэр,USD,70.0,1.0,3300.0,https://mse.mn/uploads/auction_schedules/mn-MRTSM-207.pdf,,,,,reported,,MRTSM-207
2026-10-05 03:43,2024-07-08,10:00,Энержи Ресурс ХХК,Energy Resources,ER-24173,Coal,Washed coking coal,Баяжуулсан коксжих нүүрс,CNY,1150.0,3.0,19200.0,https://mse.mn/uploads/auction_schedules/mn-ER-24173.pdf,,,,,reported,,ER-24173
2026-10-05 03:43,2024-07-05,14:00,Тавантолгой ХК,Tavan Tolgoi JSC,TTOA-2024-006,Coal,Medium-volatile coking coal,"Дэгдэмхий бодис дунд, коксжих нүүрс",USD,145.0,35.0,224000.0,https://mse.mn/uploads/auction_schedules/mn-TTOA-2024-006.pdf,,,,,reported,,TTOA-2024-006
2026-10-05 03:43,2024-07-05,11:00,Монголросцветмет ТӨҮГ,Mongolrostsvetmet (ex-Erdenes Critical Minerals),MRTSM-206,Iron ore,Iron ore Fe 52%,Fe-52% Төмрийн хүдэр,USD,70.0,1.0,3300.0,https://mse.mn/uploads/auction_schedules/mn-MRTSM-206.pdf,,,,,reported,,MRTSM-206
2026-10-05 03:43,2024-07-05,10:00,Энержи Ресурс ХХК,Energy Resources,ER-24172,Coal,Washed coking coal,Баяжуулсан коксжих нүүрс,CNY,1150.0,3.0,19200.0,https://mse.mn/uploads/auction_schedules/mn-ER-24172.pdf,,,,,reported,,ER-24172
2026-10-05 03:43,2024-07-04,14:00,Энержи Ресурс ХХК,Energy Resources,ER-24171,Coal,Washed medium-ash semi-hard coking coal,"Баяжуулсан дунд зэрэг үнстэй, хагас хатуу коксжих нүүрс",CNY,450.0,4.0,25600.0,https://mse.mn/uploads/auction_schedules/mn-ER-24171.pdf,,,,,reported,,ER-24171
2026-10-05 03:43,2024-07-04,11:00,Монголросцветмет ТӨҮГ,Mongolrostsvetmet (ex-Erdenes Critical Minerals),MRTSM-205,Iron ore,Iron ore Fe 52%,Fe-52% Төмрийн хүдэр,USD,70.0,1.0,3300.0,https://mse.mn/uploads/auction_schedules/mn-MRTSM-205.pdf,,,,,reported,,MRTSM-205
2026-10-05 03:43,2024-07-04,10:00,Энержи Ресурс ХХК,Energy Resources,ER-24168,Coal,Washed coking coal,Баяжуулсан коксжих нүүрс,CNY,1150.0,3.0,19200.0,https://mse.mn/uploads/auction_schedules/mn-ER-24168.pdf,,,,,reported,,ER-24168
2026-10-05 03:43,2024-07-03,14:00,Энержи Ресурс ХХК,Energy Resources,ER-24169,Coal,Washed medium-ash semi-hard coking coal,"Баяжуулсан дунд зэрэг үнстэй, хагас хатуу коксжих нүүрс",CNY,450.0,4.0,25600.0,https://mse.mn/uploads/auction_schedules/mn-ER-24169.pdf,,,,,reported,,ER-24169
2026-10-05 03:43,2024-07-03,11:00,Монголросцветмет ТӨҮГ,Mongolrostsvetmet (ex-Erdenes Critical Minerals),MRTSM-204,Iron ore,Iron ore Fe 52%,Fe-52% Төмрийн хүдэр,USD,70.0,1.0,3300.0,https://mse.mn/uploads/auction_schedules/mn-MRTSM-204.pdf,,,,,reported,,MRTSM-204
2026-10-05 03:43,2024-07-03,10:00,Энержи Ресурс ХХК,Energy Resources,ER-24170,Coal,Washed coking coal,Баяжуулсан коксжих нүүрс,CNY,1150.0,3.0,19200.0,https://mse.mn/uploads/auction_schedules/mn-ER-24170.pdf,,,,,reported,,ER-24170
2026-10-05 03:43,2024-07-02,11:00,Монголросцветмет ТӨҮГ,Mongolrostsvetmet (ex-Erdenes Critical Minerals),MRTSM-203,Iron ore,Iron ore Fe 52%,Fe-52% Төмрийн хүдэр,USD,70.0,1.0,3300.0,https://mse.mn/uploads/auction_schedules/mn-MRTSM-203.pdf,,,,,reported,,MRTSM-203
2026-10-05 03:43,2024-07-01,11:00,Монголросцветмет ТӨҮГ,Mongolrostsvetmet (ex-Erdenes Critical Minerals),MRTSM-202,Iron ore,Iron ore Fe 52%,Fe-52% Төмрийн хүдэр,USD,70.0,1.0,3300.0,https://mse.mn/uploads/auction_schedules/mn-MRTSM-202.pdf,,,,,reported,,MRTSM-202
2026-10-05 03:43,2024-06-27,16:00,Эрдэнэт Үйлдвэр ТӨҮГ,Erdenet Mining Corporation,№03-2024,Copper,Copper concentrate (22.35% Cu),22.35%-ийн зэсийн агуулгатай баяжмал,USD,2189.81,3.0,2718.0,https://mse.mn/uploads/auction_schedules/mn-№03-2024.pdf,,,,,reported,,№03-2024
2026-10-05 03:43,2024-06-27,15:00,Дарханы Төмөрлөгийн Үйлдвэр ХХК,Дарханы Төмөрлөгийн Үйлдвэр ХХК,DMP-24133,Iron ore,Fe-58% Төмрийн баяжмал,Fe-58% Төмрийн баяжмал,USD,61.0,2.0,6300.0,https://mse.mn/uploads/auction_schedules/mn-DMP-24133.pdf,,,,,reported,,DMP-24133
2026-10-05 03:43,2024-06-27,14:00,Энержи Ресурс ХХК,Energy Resources,ER-24167,Coal,Washed medium-ash semi-hard coking coal,"Баяжуулсан дунд зэрэг үнстэй, хагас хатуу коксжих нүүрс",CNY,420.0,4.0,25600.0,https://www.mse.mn/uploads/auction_schedules/ER-24167%20-%20MASHCC%206.27%20MN.pdf,,,,,reported,,ER-24167
2026-10-05 03:43,2024-06-27,13:00,Дарханы Төмөрлөгийн Үйлдвэр ХХК,Дарханы Төмөрлөгийн Үйлдвэр ХХК,DMP-24132,Iron ore,Fe-58% Төмрийн баяжмал,Fe-58% Төмрийн баяжмал,USD,63.0,2.0,6300.0,https://mse.mn/uploads/auction_schedules/mn-DMP-24132.pdf,,,,,reported,,DMP-24132
2026-10-05 03:43,2024-06-27,12:00,Монголросцветмет ТӨҮГ,Mongolrostsvetmet (ex-Erdenes Critical Minerals),MRTSM-201,Iron ore,Iron ore Fe 52%,Fe-52% Төмрийн хүдэр,USD,70.0,1.0,3300.0,https://www.mse.mn/uploads/auction_schedules/MRTSM-201%20EN.pdf,,,,,reported,,MRTSM-201
2026-10-05 03:43,2024-06-27,11:00,Монголросцветмет ТӨҮГ,Mongolrostsvetmet (ex-Erdenes Critical Minerals),MRTSM-200,Iron ore,Iron ore Fe 52%,Fe-52% Төмрийн хүдэр,USD,70.0,1.0,3300.0,https://www.mse.mn/uploads/auction_schedules/MRTSM-200%20MN.pdf,,,,,reported,,MRTSM-200
2026-10-05 03:43,2024-06-27,10:00,Энержи Ресурс ХХК,Energy Resources,ER-24166,Coal,Washed coking coal,Баяжуулсан коксжих нүүрс,CNY,1100.0,3.0,19200.0,https://www.mse.mn/uploads/auction_schedules/ER-24166%20-%20HCC%206.27%20MN.pdf,,,,,reported,,ER-24166
2026-10-05 03:43,2024-06-26,16:00,Эрдэнэс Тавантолгой ХК,Erdenes Tavan Tolgoi,ETT-24-10,Coal,"Thermal coal (bituminous, non-caking)","Эрчим хүчний нүүрс /Битумт, үл барьцалдах нүүрс/",USD,52.2,20.0,128000.0,https://mse.mn/uploads/auction_schedules/mn-ETT-24-10.pdf,,,,,reported,,ETT-24-10
2026-10-05 03:43,2024-06-26,15:00,Дарханы Төмөрлөгийн Үйлдвэр ХХК,Дарханы Төмөрлөгийн Үйлдвэр ХХК,DMP-24131,Iron ore,Fe-58% Төмрийн баяжмал,Fe-58% Төмрийн баяжмал,USD,61.0,2.0,6300.0,https://mse.mn/uploads/auction_schedules/mn-DMP-24131.pdf,,,,,reported,,DMP-24131
2026-10-05 03:43,2024-06-26,14:00,Энержи Ресурс ХХК,Energy Resources,ER-24165,Coal,Washed medium-ash semi-hard coking coal,"Баяжуулсан дунд зэрэг үнстэй, хагас хатуу коксжих нүүрс",CNY,420.0,4.0,25600.0,https://www.mse.mn/uploads/auction_schedules/ER-24165%20-%20MASHCC%206.26%20MN.pdf,,,,,reported,,ER-24165
2026-10-05 03:43,2024-06-26,12:00,Дарханы Төмөрлөгийн Үйлдвэр ХХК,Дарханы Төмөрлөгийн Үйлдвэр ХХК,DMP-24130,Iron ore,Fe-58% Төмрийн баяжмал,Fe-58% Төмрийн баяжмал,USD,63.0,2.0,6300.0,https://mse.mn/uploads/auction_schedules/mn-DMP-24130.pdf,,,,,reported,,DMP-24130
2026-10-05 03:43,2024-06-26,11:00,Монголросцветмет ТӨҮГ,Mongolrostsvetmet (ex-Erdenes Critical Minerals),MRTSM-199,Iron ore,Iron ore Fe 52%,Fe-52% Төмрийн хүдэр,USD,70.0,1.0,3300.0,https://www.mse.mn/uploads/auction_schedules/MRTSM-199%20MN.pdf,,,,,reported,,MRTSM-199
2026-10-05 03:43,2024-06-25,15:00,Дарханы Төмөрлөгийн Үйлдвэр ХХК,Дарханы Төмөрлөгийн Үйлдвэр ХХК,DMP-24129,Iron ore,Fe-58% Төмрийн баяжмал,Fe-58% Төмрийн баяжмал,USD,61.0,2.0,6300.0,https://mse.mn/uploads/auction_schedules/mn-DMP-24129.pdf,,,,,reported,,DMP-24129
2026-10-05 03:43,2024-06-25,12:00,Дарханы Төмөрлөгийн Үйлдвэр ХХК,Дарханы Төмөрлөгийн Үйлдвэр ХХК,DMP-24128,Iron ore,Fe-58% Төмрийн баяжмал,Fe-58% Төмрийн баяжмал,USD,63.0,2.0,6300.0,https://mse.mn/uploads/auction_schedules/mn-DMP-24128.pdf,,,,,reported,,DMP-24128
2026-10-05 03:43,2024-06-25,11:00,Монголросцветмет ТӨҮГ,Mongolrostsvetmet (ex-Erdenes Critical Minerals),MRTSM-198,Iron ore,Iron ore Fe 52%,Fe-52% Төмрийн хүдэр,USD,70.0,1.0,3300.0,https://www.mse.mn/uploads/auction_schedules/MRTSM-198%20MN.pdf,,,,,reported,,MRTSM-198
2026-10-05 03:43,2024-06-25,10:00,Энержи Ресурс ХХК,Energy Resources,ER-24164,Coal,Washed coking coal,Баяжуулсан коксжих нүүрс,CNY,1100.0,3.0,19200.0,https://www.mse.mn/uploads/auction_schedules/ER-24164%20-%20HCC%206.25%20MN.pdf,,,,,reported,,ER-24164
2026-10-05 03:43,2024-06-24,15:00,Дарханы Төмөрлөгийн Үйлдвэр ХХК,Дарханы Төмөрлөгийн Үйлдвэр ХХК,DMP-24127,Iron ore,Fe-58% Төмрийн баяжмал,Fe-58% Төмрийн баяжмал,USD,61.0,2.0,6300.0,https://mse.mn/uploads/auction_schedules/mn-DMP-24127.pdf,,,,,reported,,DMP-24127
2026-10-05 03:43,2024-06-24,14:00,Энержи Ресурс ХХК,Energy Resources,ER-24163,Coal,Washed medium-ash semi-hard coking coal,"Баяжуулсан дунд зэрэг үнстэй, хагас хатуу коксжих нүүрс",CNY,420.0,4.0,25600.0,https://www.mse.mn/uploads/auction_schedules/ER-24163%20-%20MASHCC%206.24%20MN.pdf,,,,,reported,,ER-24163
2026-10-05 03:43,2024-06-24,12:00,Дарханы Төмөрлөгийн Үйлдвэр ХХК,Дарханы Төмөрлөгийн Үйлдвэр ХХК,DMP-24126,Iron ore,Fe-58% Төмрийн баяжмал,Fe-58% Төмрийн баяжмал,USD,63.0,2.0,6300.0,https://mse.mn/uploads/auction_schedules/mn-DMP-24126.pdf,,,,,reported,,DMP-24126
2026-10-05 03:43,2024-06-24,11:00,Монголросцветмет ТӨҮГ,Mongolrostsvetmet (ex-Erdenes Critical Minerals),MRTSM-197,Iron ore,Iron ore Fe 52%,Fe-52% Төмрийн хүдэр,USD,70.0,1.0,3300.0,https://www.mse.mn/uploads/auction_schedules/MRTSM-197%20MN.pdf,,,,,reported,,MRTSM-197
2026-10-05 03:43,2024-06-24,10:00,Энержи Ресурс ХХК,Energy Resources,ER-24162,Coal,Washed coking coal,Баяжуулсан коксжих нүүрс,CNY,1100.0,3.0,19200.0,https://www.mse.mn/uploads/auction_schedules/ER-24162%20-%20HCC%206.24%20MN.pdf,,,,,reported,,ER-24162
2026-10-05 03:43,2024-06-21,16:00,Эрдэнэс Тавантолгой ХК,Erdenes Tavan Tolgoi,24/09-OX,Coal,"Thermal coal (bituminous, non-caking)","Эрчим хүчний нүүрс /Битумт, үл барьцалдах нүүрс/",USD,52.2,20.0,128000.0,https://www.mse.mn/uploads/auction_schedules/ETT-0621-mn.pdf,,,,,reported,,24/09-OX
2026-10-05 03:43,2024-06-21,14:00,Энержи Ресурс ХХК,Energy Resources,ER-24161,Coal,Washed medium-ash semi-hard coking coal,"Баяжуулсан дунд зэрэг үнстэй, хагас хатуу коксжих нүүрс",CNY,420.0,4.0,25600.0,https://www.mse.mn/uploads/auction_schedules/ER-24161%20-%20MASHCC%206.21%20MN.pdf,,,,,reported,,ER-24161
2026-10-05 03:43,2024-06-21,11:00,Монголросцветмет ТӨҮГ,Mongolrostsvetmet (ex-Erdenes Critical Minerals),MRTSM-196,Iron ore,Iron ore Fe 52%,Fe-52% Төмрийн хүдэр,USD,70.0,1.0,3300.0,https://mse.mn/uploads/auction_schedules/MRTSM-196-MN.pdf,,,,,reported,,MRTSM-196
2026-10-05 03:43,2024-06-20,11:00,Монголросцветмет ТӨҮГ,Mongolrostsvetmet (ex-Erdenes Critical Minerals),MRTSM-195,Iron ore,Iron ore Fe 52%,Fe-52% Төмрийн хүдэр,USD,70.0,1.0,3300.0,https://mse.mn/uploads/auction_schedules/MRTSM%20195-MN.pdf,,,,,reported,,MRTSM-195
2026-10-05 03:43,2024-06-20,10:00,Энержи Ресурс ХХК,Energy Resources,ER-24160,Coal,Washed coking coal,Баяжуулсан коксжих нүүрс,CNY,1100.0,3.0,19200.0,https://www.mse.mn/uploads/auction_schedules/ER-24160%20-%20HCC%206.20%20MN.pdf,,,,,reported,,ER-24160
2026-10-05 03:43,2024-06-19,14:00,Энержи Ресурс ХХК,Energy Resources,ER-24159,Coal,Washed medium-ash semi-hard coking coal,"Баяжуулсан дунд зэрэг үнстэй, хагас хатуу коксжих нүүрс",CNY,420.0,4.0,25600.0,https://www.mse.mn/uploads/auction_schedules/ER-24159%20-%20MASHCC%206.19%20MN.pdf,,,,,reported,,ER-24159
2026-10-05 03:43,2024-06-19,11:00,Монголросцветмет ТӨҮГ,Mongolrostsvetmet (ex-Erdenes Critical Minerals),MRTSM-194,Iron ore,Iron ore Fe 52%,Fe-52% Төмрийн хүдэр,USD,70.0,1.0,3300.0,https://mse.mn/uploads/auction_schedules/MRTSM-194-MN.pdf,,,,,reported,,MRTSM-194
2026-10-05 03:43,2024-06-18,11:00,Монголросцветмет ТӨҮГ,Mongolrostsvetmet (ex-Erdenes Critical Minerals),MRTSM-193,Iron ore,Iron ore Fe 52%,Fe-52% Төмрийн хүдэр,USD,70.0,1.0,3300.0,https://mse.mn/uploads/auction_schedules/MRTSM-193-MN.pdf,,,,,reported,,MRTSM-193
2026-10-05 03:43,2024-06-18,10:00,Энержи Ресурс ХХК,Energy Resources,ER-24158,Coal,Washed coking coal,Баяжуулсан коксжих нүүрс,CNY,1100.0,3.0,19200.0,https://www.mse.mn/uploads/auction_schedules/ER-24158%20HCC%206.18%20MN.pdf,,,,,reported,,ER-24158
2026-10-05 03:43,2024-06-17,14:00,Энержи Ресурс ХХК,Energy Resources,ER-24157,Coal,Washed medium-ash semi-hard coking coal,"Баяжуулсан дунд зэрэг үнстэй, хагас хатуу коксжих нүүрс",CNY,420.0,4.0,25600.0,https://www.mse.mn/uploads/auction_schedules/ER-24157MASHCC%206.17-MN.pdf,,,,,reported,,ER-24157
2026-10-05 03:43,2024-06-17,11:00,Монголросцветмет ТӨҮГ,Mongolrostsvetmet (ex-Erdenes Critical Minerals),MRTSM-192,Iron ore,Iron ore Fe 52%,Fe-52% Төмрийн хүдэр,USD,70.0,1.0,3300.0,https://mse.mn/uploads/auction_schedules/MRTSM-192-MN.pdf,,,,,reported,,MRTSM-192
2026-10-05 03:43,2024-06-17,10:00,Энержи Ресурс ХХК,Energy Resources,ER-24156,Coal,Washed coking coal,Баяжуулсан коксжих нүүрс,CNY,1100.0,3.0,19200.0,https://www.mse.mn/uploads/auction_schedules/ER-24156%20HCC%206.17%20MN.pdf,,,,,reported,,ER-24156
2026-10-05 03:43,2024-06-14,16:00,Эрдэнэс Тавантолгой ХК,Erdenes Tavan Tolgoi,ETT-24/08,Coal,"Thermal coal (bituminous, non-caking)","Эрчим хүчний нүүрс /Битумт, үл барьцалдах нүүрс/",USD,52.2,20.0,128000.0,https://mse.mn/uploads/auction_schedules/ETT-2408-OX-MN.pdf,,,,,reported,,ETT-24/08
2026-10-05 03:43,2024-06-14,14:00,Энержи Ресурс ХХК,Energy Resources,ER-24155,Coal,Washed medium-ash semi-hard coking coal,"Баяжуулсан дунд зэрэг үнстэй, хагас хатуу коксжих нүүрс",CNY,420.0,4.0,25600.0,https://mse.mn/uploads/auction_schedules/ER-24155%20MASHCC%206.14-5-6%20mn.pdf,,,,,reported,,ER-24155
2026-10-05 03:43,2024-06-14,11:00,Монголросцветмет ТӨҮГ,Mongolrostsvetmet (ex-Erdenes Critical Minerals),MRTSM-191,Iron ore,Iron ore Fe 52%,Fe-52% Төмрийн хүдэр,USD,70.0,1.0,3300.0,https://mse.mn/uploads/auction_schedules/MRTSM-191-6-7%20mn.pdf,,,,,reported,,MRTSM-191
2026-10-05 03:43,2024-06-14,10:00,Хангад Эксплорэйшн ХХК,Khangad Exploration,KH-24004,Coal,Washed semi-soft coking coal,Баяжуулсан сул коксжих нүүрс,CNY,850.0,2.0,12800.0,https://mse.mn/uploads/auction_schedules/KH-24004-5-6%20mn.pdf,,,,,reported,,KH-24004
2026-10-05 03:43,2024-06-13,11:00,Монголросцветмет ТӨҮГ,Mongolrostsvetmet (ex-Erdenes Critical Minerals),MRTSM-190,Iron ore,Iron ore Fe 52%,Fe-52% Төмрийн хүдэр,USD,70.0,1.0,3300.0,https://mse.mn/uploads/auction_schedules/MRTSM-190-6-7%20mn.pdf,,,,,reported,,MRTSM-190
2026-10-05 03:43,2024-06-13,10:00,Энержи Ресурс ХХК,Energy Resources,ER-24154,Coal,Washed coking coal,Баяжуулсан коксжих нүүрс,CNY,1100.0,3.0,19200.0,https://mse.mn/uploads/auction_schedules/ER-24154%20HCC%206.13-5-6%20mn.pdf,,,,,reported,,ER-24154
2026-10-05 03:43,2024-06-12,14:00,Энержи Ресурс ХХК,Energy Resources,ER-24153,Coal,Washed medium-ash semi-hard coking coal,"Баяжуулсан дунд зэрэг үнстэй, хагас хатуу коксжих нүүрс",CNY,420.0,4.0,25600.0,https://mse.mn/uploads/auction_schedules/ER-24153%20MASHCC%206.12-5-6%20mn.pdf,,,,,reported,,ER-24153
2026-10-05 03:43,2024-06-12,11:00,Монголросцветмет ТӨҮГ,Mongolrostsvetmet (ex-Erdenes Critical Minerals),MRTSM-189,Iron ore,Iron ore Fe 52%,Fe-52% Төмрийн хүдэр,USD,70.0,1.0,3300.0,https://mse.mn/uploads/auction_schedules/MRTSM-189-6-7%20mn.pdf,,,,,reported,,MRTSM-189
2026-10-05 03:43,2024-06-11,16:00,Тавантолгой ХК,Tavan Tolgoi JSC,TTL-005,Coal,Medium-volatile coking coal,"Дэгдэмхий бодис дунд, коксжих нүүрс",USD,145.0,8.0,51200.0,https://mse.mn/uploads/auction_schedules/TTL-mn.pdf,,,,,reported,,TTL-005
2026-10-05 03:43,2024-06-11,11:00,Монголросцветмет ТӨҮГ,Mongolrostsvetmet (ex-Erdenes Critical Minerals),MRTSM-188,Iron ore,Iron ore Fe 52%,Fe-52% Төмрийн хүдэр,USD,70.0,1.0,3300.0,https://mse.mn/uploads/auction_schedules/MRTSM-188-6-7%20mn.pdf,,,,,reported,,MRTSM-188
2026-10-05 03:43,2024-06-11,10:00,Энержи Ресурс ХХК,Energy Resources,ER-24152,Coal,Washed coking coal,Баяжуулсан коксжих нүүрс,CNY,1100.0,3.0,19200.0,https://mse.mn/uploads/auction_schedules/ER-24152%20HCC%206.11-5-6%20mn.pdf,,,,,reported,,ER-24152
2026-10-05 03:43,2024-06-10,14:00,Энержи Ресурс ХХК,Energy Resources,ER-24151,Coal,Washed medium-ash semi-hard coking coal,"Баяжуулсан дунд зэрэг үнстэй, хагас хатуу коксжих нүүрс",CNY,420.0,4.0,25600.0,https://mse.mn/uploads/auction_schedules/ER-24151%20MASHCC%206.10-5-6%20mn.pdf,,,,,reported,,ER-24151
2026-10-05 03:43,2024-06-10,11:00,Монголросцветмет ТӨҮГ,Mongolrostsvetmet (ex-Erdenes Critical Minerals),MRTSM-187,Iron ore,Iron ore Fe 52%,Fe-52% Төмрийн хүдэр,USD,70.0,1.0,3300.0,https://mse.mn/uploads/auction_schedules/MRTSM-187-6-7%20mn.pdf,,,,,reported,,MRTSM-187
2026-10-05 03:43,2024-06-10,10:00,Энержи Ресурс ХХК,Energy Resources,ER-24150,Coal,Washed coking coal,Баяжуулсан коксжих нүүрс,CNY,1100.0,3.0,19200.0,https://mse.mn/uploads/auction_schedules/ER-24150%20HCC%206.10-5-6%20mn.pdf,,,,,reported,,ER-24150
2026-10-05 03:43,2024-06-07,16:00,Эрдэнэс Тавантолгой ХК,Erdenes Tavan Tolgoi,ETT-24/07,Coal,"Thermal coal (bituminous, non-caking)","Эрчим хүчний нүүрс /Битумт, үл барьцалдах нүүрс/",USD,52.2,20.0,128000.0,https://mse.mn/uploads/auction_schedules/ett%20mn.pdf,,,,,reported,,ETT-24/07
2026-10-05 03:43,2024-06-07,15:00,Дарханы Төмөрлөгийн Үйлдвэр ХХК,Дарханы Төмөрлөгийн Үйлдвэр ХХК,DMP-24125,Iron ore,Fe-58% Төмрийн баяжмал,Fe-58% Төмрийн баяжмал,USD,61.0,3.0,9450.0,https://mse.mn/uploads/auction_schedules/DMP-24125-6-7%20mn.pdf,,,,,reported,,DMP-24125
2026-10-05 03:43,2024-06-07,14:00,Энержи Ресурс ХХК,Energy Resources,ER-24149,Coal,Washed medium-ash semi-hard coking coal,"Баяжуулсан дунд зэрэг үнстэй, хагас хатуу коксжих нүүрс",CNY,420.0,4.0,25600.0,https://mse.mn/uploads/auction_schedules/ER-24149%20MASHCC%206.7-5-6%20mn.pdf,,,,,reported,,ER-24149
2026-10-05 03:43,2024-06-07,12:00,Дарханы Төмөрлөгийн Үйлдвэр ХХК,Дарханы Төмөрлөгийн Үйлдвэр ХХК,DMP-24124,Iron ore,Fe-58% Төмрийн баяжмал,Fe-58% Төмрийн баяжмал,USD,63.0,3.0,9450.0,https://mse.mn/uploads/auction_schedules/DMP-24124-6-7%20mn.pdf,,,,,reported,,DMP-24124
2026-10-05 03:43,2024-06-07,11:00,Монголросцветмет ТӨҮГ,Mongolrostsvetmet (ex-Erdenes Critical Minerals),MRTSM-183,Iron ore,Iron ore Fe 52%,Fe-52% Төмрийн хүдэр,USD,70.0,1.0,3300.0,https://mse.mn/uploads/auction_schedules/MRTSM-183-6-7%20mn.pdf,,,,,reported,,MRTSM-183
2026-10-05 03:43,2024-06-06,15:00,Дарханы Төмөрлөгийн Үйлдвэр ХХК,Дарханы Төмөрлөгийн Үйлдвэр ХХК,DMP-24123,Iron ore,Fe-58% Төмрийн баяжмал,Fe-58% Төмрийн баяжмал,USD,61.0,3.0,9450.0,https://mse.mn/uploads/auction_schedules/DMP-24123-6-7%20mn.pdf,,,,,reported,,DMP-24123
2026-10-05 03:43,2024-06-06,14:00,Монголросцветмет ТӨҮГ,Mongolrostsvetmet (ex-Erdenes Critical Minerals),MRTSM-186,Fluorspar,Fluorspar concentrate CaF2 95%,CaF2-95% Хайлуур жоншны баяжмал,USD,360.0,67.0,4355.0,https://mse.mn/uploads/auction_schedules/MRTSM-186%20jonsh-6-7%20mn.pdf,,,,,reported,,MRTSM-186
2026-10-05 03:43,2024-06-06,12:00,Дарханы Төмөрлөгийн Үйлдвэр ХХК,Дарханы Төмөрлөгийн Үйлдвэр ХХК,DMP-24122,Iron ore,Fe-58% Төмрийн баяжмал,Fe-58% Төмрийн баяжмал,USD,63.0,3.0,9450.0,https://mse.mn/uploads/auction_schedules/DMP-24122-6-7%20mn.pdf,,,,,reported,,DMP-24122
2026-10-05 03:43,2024-06-06,11:00,Монголросцветмет ТӨҮГ,Mongolrostsvetmet (ex-Erdenes Critical Minerals),MRTSM-182,Iron ore,Iron ore Fe 52%,Fe-52% Төмрийн хүдэр,USD,70.0,1.0,3300.0,https://mse.mn/uploads/auction_schedules/MRTSM-182-6-7%20mn.pdf,,,,,reported,,MRTSM-182
2026-10-05 03:43,2024-06-06,10:00,Энержи Ресурс ХХК,Energy Resources,ER-24148,Coal,Washed coking coal,Баяжуулсан коксжих нүүрс,CNY,1100.0,3.0,19200.0,https://mse.mn/uploads/auction_schedules/ER-24148%20HCC%206.6-5-6%20mn.pdf,,,,,reported,,ER-24148
2026-10-05 03:43,2024-06-05,15:00,Дарханы Төмөрлөгийн Үйлдвэр ХХК,Дарханы Төмөрлөгийн Үйлдвэр ХХК,DMP-24121,Iron ore,Fe-58% Төмрийн баяжмал,Fe-58% Төмрийн баяжмал,USD,61.0,2.0,6300.0,https://mse.mn/uploads/auction_schedules/DMP-24121-6-7%20mn.pdf,,,,,reported,,DMP-24121
2026-10-05 03:43,2024-06-05,14:00,Энержи Ресурс ХХК,Energy Resources,ER-24147,Coal,Washed medium-ash semi-hard coking coal,"Баяжуулсан дунд зэрэг үнстэй, хагас хатуу коксжих нүүрс",CNY,420.0,4.0,25600.0,https://mse.mn/uploads/auction_schedules/ER-24147%20MASHCC%206.5-5-6%20mn.pdf,,,,,reported,,ER-24147
2026-10-05 03:43,2024-06-05,12:00,Дарханы Төмөрлөгийн Үйлдвэр ХХК,Дарханы Төмөрлөгийн Үйлдвэр ХХК,DMP-24120,Iron ore,Fe-58% Төмрийн баяжмал,Fe-58% Төмрийн баяжмал,USD,63.0,3.0,9450.0,https://mse.mn/uploads/auction_schedules/DMP-24120-6-7%20mn.pdf,,,,,reported,,DMP-24120
2026-10-05 03:43,2024-06-05,11:00,Монголросцветмет ТӨҮГ,Mongolrostsvetmet (ex-Erdenes Critical Minerals),MRTSM-181,Iron ore,Iron ore Fe 52%,Fe-52% Төмрийн хүдэр,USD,70.0,1.0,3300.0,https://mse.mn/uploads/auction_schedules/MRTSM-181-6-7%20mn.pdf,,,,,reported,,MRTSM-181
2026-10-05 03:43,2024-06-04,15:00,Дарханы Төмөрлөгийн Үйлдвэр ХХК,Дарханы Төмөрлөгийн Үйлдвэр ХХК,DMP-24119,Iron ore,Fe-58% Төмрийн баяжмал,Fe-58% Төмрийн баяжмал,USD,61.0,2.0,6300.0,https://mse.mn/uploads/auction_schedules/DMP-24119-6-7%20mn.pdf,,,,,reported,,DMP-24119
2026-10-05 03:43,2024-06-04,12:00,Дарханы Төмөрлөгийн Үйлдвэр ХХК,Дарханы Төмөрлөгийн Үйлдвэр ХХК,DMP-24118,Iron ore,Fe-58% Төмрийн баяжмал,Fe-58% Төмрийн баяжмал,USD,63.0,3.0,9450.0,https://mse.mn/uploads/auction_schedules/DMP-24118-6-7%20mn.pdf,,,,,reported,,DMP-24118
2026-10-05 03:43,2024-06-04,11:00,Монголросцветмет ТӨҮГ,Mongolrostsvetmet (ex-Erdenes Critical Minerals),MRTSM-180,Iron ore,Iron ore Fe 52%,Fe-52% Төмрийн хүдэр,USD,70.0,1.0,3300.0,https://mse.mn/uploads/auction_schedules/MRTSM-180-6-7%20mn.pdf,,,,,reported,,MRTSM-180
2026-10-05 03:43,2024-06-04,10:00,Энержи Ресурс ХХК,Energy Resources,ER-24146,Coal,Washed coking coal,Баяжуулсан коксжих нүүрс,CNY,1100.0,3.0,19200.0,https://mse.mn/uploads/auction_schedules/ER-24146%20HCC%206.4-5-6%20mn.pdf,,,,,reported,,ER-24146
2026-10-05 03:43,2024-06-03,16:00,Тавантолгой ХК,Tavan Tolgoi JSC,TTOA/2024/004,Coal,Хатуу коксжих нүүрс,Хатуу коксжих нүүрс,USD,95.0,17.0,108800.0,https://mse.mn/uploads/auction_schedules/tt-1-2%20mn.pdf,,,,,reported,,TTOA/2024/004
2026-10-05 03:43,2024-06-03,15:00,Дарханы Төмөрлөгийн Үйлдвэр ХХК,Дарханы Төмөрлөгийн Үйлдвэр ХХК,DMP-24117,Iron ore,Fe-58% Төмрийн баяжмал,Fe-58% Төмрийн баяжмал,USD,61.0,2.0,6300.0,https://mse.mn/uploads/auction_schedules/DMP-24117-6-7%20mn.pdf,,,,,reported,,DMP-24117
2026-10-05 03:43,2024-06-03,14:00,Энержи Ресурс ХХК,Energy Resources,ER-24145,Coal,Washed medium-ash semi-hard coking coal,"Баяжуулсан дунд зэрэг үнстэй, хагас хатуу коксжих нүүрс",CNY,420.0,4.0,25600.0,https://mse.mn/uploads/auction_schedules/ER-24145%20MASHCC%206.3-5-6%20mn.pdf,,,,,reported,,ER-24145
2026-10-05 03:43,2024-06-03,13:00,Монголросцветмет ТӨҮГ,Mongolrostsvetmet (ex-Erdenes Critical Minerals),MRTSM-185,Iron ore,Iron concentrate Fe 65%,Fe-65% Төмрийн баяжмал,USD,90.0,6.0,19800.0,https://mse.mn/uploads/auction_schedules/MRTSM-185%20(1)-6-7%20mn.pdf,,,,,reported,,MRTSM-185
2026-10-05 03:43,2024-06-03,12:00,Дарханы Төмөрлөгийн Үйлдвэр ХХК,Дарханы Төмөрлөгийн Үйлдвэр ХХК,DMP-24116,Iron ore,Fe-58% Төмрийн баяжмал,Fe-58% Төмрийн баяжмал,USD,63.0,3.0,9450.0,https://mse.mn/uploads/auction_schedules/DMP-24116-6-7%20mn.pdf,,,,,reported,,DMP-24116
2026-10-05 03:43,2024-06-03,11:00,Монголросцветмет ТӨҮГ,Mongolrostsvetmet (ex-Erdenes Critical Minerals),MRTSM-179,Iron ore,Iron ore Fe 52%,Fe-52% Төмрийн хүдэр,USD,70.0,1.0,3300.0,https://mse.mn/uploads/auction_schedules/MRTSM-179-6-7%20mn.pdf,,,,,reported,,MRTSM-179
2026-10-05 03:43,2024-06-03,10:00,Энержи Ресурс ХХК,Energy Resources,ER-24144,Coal,Washed coking coal,Баяжуулсан коксжих нүүрс,CNY,1100.0,3.0,19200.0,https://mse.mn/uploads/auction_schedules/ER-24144%20HCC%206.3-5-6%20mn.pdf,,,,,reported,,ER-24144
2026-10-05 03:43,2024-05-31,16:00,Монголросцветмет ТӨҮГ,Mongolrostsvetmet (ex-Erdenes Critical Minerals),MRTSM-184,Iron ore,Iron concentrate Fe 65%,Fe-65% Төмрийн баяжмал,USD,90.0,6.0,19800.0,https://mse.mn/uploads/auction_schedules/MRTSM-184%20(1)-6-7%20mn.pdf,,,,,reported,,MRTSM-184
2026-10-05 03:43,2024-05-31,15:00,Дарханы Төмөрлөгийн Үйлдвэр ХХК,Дарханы Төмөрлөгийн Үйлдвэр ХХК,DMP-24115,Iron ore,Fe-58% Төмрийн баяжмал,Fe-58% Төмрийн баяжмал,USD,61.0,2.0,6300.0,https://mse.mn/uploads/auction_schedules/DMP-24115-6-7%20mn.pdf,,,,,reported,,DMP-24115
2026-10-05 03:43,2024-05-31,14:00,Энержи Ресурс ХХК,Energy Resources,ER-24143,Coal,Washed medium-ash semi-hard coking coal,"Баяжуулсан дунд зэрэг үнстэй, хагас хатуу коксжих нүүрс",CNY,420.0,4.0,25600.0,https://mse.mn/uploads/auction_schedules/24143-5-6%20mn.pdf,,,,,reported,,ER-24143
2026-10-05 03:43,2024-05-31,12:00,Дарханы Төмөрлөгийн Үйлдвэр ХХК,Дарханы Төмөрлөгийн Үйлдвэр ХХК,DMP-24114,Iron ore,Fe-58% Төмрийн баяжмал,Fe-58% Төмрийн баяжмал,USD,61.0,3.0,9450.0,https://mse.mn/uploads/auction_schedules/DMP-24114-6-7%20mn.pdf,,,,,reported,,DMP-24114
2026-10-05 03:43,2024-05-31,11:00,Монголросцветмет ТӨҮГ,Mongolrostsvetmet (ex-Erdenes Critical Minerals),MRTSM-178,Iron ore,Iron ore Fe 52%,Fe-52% Төмрийн хүдэр,USD,70.0,1.0,3300.0,https://mse.mn/uploads/auction_schedules/MRTSM-178-6-7%20mn.pdf,,,,,reported,,MRTSM-178
2026-10-05 03:43,2024-05-31,10:00,Энержи Ресурс ХХК,Energy Resources,ER-24142,Coal,Washed coking coal,Баяжуулсан коксжих нүүрс,CNY,1100.0,3.0,19200.0,https://mse.mn/uploads/auction_schedules/ER-24142%20HCC%205.31-5-6%20mn.pdf,,,,,reported,,ER-24142
2026-10-05 03:43,2024-05-30,15:00,Дарханы Төмөрлөгийн Үйлдвэр ХХК,Дарханы Төмөрлөгийн Үйлдвэр ХХК,DMP-24113,Iron ore,Fe-58% Төмрийн баяжмал,Fe-58% Төмрийн баяжмал,USD,61.0,2.0,6300.0,https://mse.mn/uploads/auction_schedules/DMP-24113-6-7%20mn.pdf,,,,,reported,,DMP-24113
2026-10-05 03:43,2024-05-30,14:00,Энержи Ресурс ХХК,Energy Resources,ER-24141,Coal,Washed medium-ash semi-hard coking coal,"Баяжуулсан дунд зэрэг үнстэй, хагас хатуу коксжих нүүрс",CNY,420.0,4.0,25600.0,https://mse.mn/uploads/auction_schedules/24141-5-6%20mn.pdf,,,,,reported,,ER-24141
2026-10-05 03:43,2024-05-30,12:00,Дарханы Төмөрлөгийн Үйлдвэр ХХК,Дарханы Төмөрлөгийн Үйлдвэр ХХК,DMP-24112,Iron ore,Fe-58% Төмрийн баяжмал,Fe-58% Төмрийн баяжмал,USD,61.0,3.0,9450.0,https://mse.mn/uploads/auction_schedules/DMP-24112-6-7%20mn.pdf,,,,,reported,,DMP-24112
2026-10-05 03:43,2024-05-30,11:00,Монголросцветмет ТӨҮГ,Mongolrostsvetmet (ex-Erdenes Critical Minerals),MRTSM-177,Iron ore,Iron ore Fe 52%,Fe-52% Төмрийн хүдэр,USD,70.0,1.0,3300.0,https://mse.mn/uploads/auction_schedules/MRTSM-177-6-7%20mn.pdf,,,,,reported,,MRTSM-177
2026-10-05 03:43,2024-05-30,10:00,Энержи Ресурс ХХК,Energy Resources,ER-24140,Coal,Washed coking coal,Баяжуулсан коксжих нүүрс,CNY,1100.0,3.0,19200.0,https://mse.mn/uploads/auction_schedules/ER-24140%20HCC%205.30-5-6%20mn.pdf,,,,,reported,,ER-24140
2026-10-05 03:43,2024-05-29,15:00,Дарханы Төмөрлөгийн Үйлдвэр ХХК,Дарханы Төмөрлөгийн Үйлдвэр ХХК,DMP-24111,Iron ore,Fe-58% Төмрийн баяжмал,Fe-58% Төмрийн баяжмал,USD,61.0,2.0,6300.0,https://mse.mn/uploads/auction_schedules/DMP-24111-6-7%20mn.pdf,,,,,reported,,DMP-24111
2026-10-05 03:43,2024-05-29,14:00,Энержи Ресурс ХХК,Energy Resources,ER-24139,Coal,Washed medium-ash semi-hard coking coal,"Баяжуулсан дунд зэрэг үнстэй, хагас хатуу коксжих нүүрс",CNY,420.0,4.0,25600.0,https://mse.mn/uploads/auction_schedules/24139-5-6%20mn.pdf,,,,,reported,,ER-24139
2026-10-05 03:43,2024-05-29,12:00,Дарханы Төмөрлөгийн Үйлдвэр ХХК,Дарханы Төмөрлөгийн Үйлдвэр ХХК,DMP-24110,Iron ore,Fe-58% Төмрийн баяжмал,Fe-58% Төмрийн баяжмал,USD,61.0,3.0,9450.0,https://mse.mn/uploads/auction_schedules/DMP-24110-6-7%20mn.pdf,,,,,reported,,DMP-24110
2026-10-05 03:43,2024-05-29,11:00,Монголросцветмет ТӨҮГ,Mongolrostsvetmet (ex-Erdenes Critical Minerals),MRTSM-176,Iron ore,Iron ore Fe 52%,Fe-52% Төмрийн хүдэр,USD,70.0,1.0,3300.0,https://mse.mn/uploads/auction_schedules/MRTSM-176-6-7%20mn.pdf,,,,,reported,,MRTSM-176
2026-10-05 03:43,2024-05-29,10:00,Энержи Ресурс ХХК,Energy Resources,ER-24138,Coal,Washed coking coal,Баяжуулсан коксжих нүүрс,CNY,1100.0,3.0,19200.0,https://mse.mn/uploads/auction_schedules/ER-24138%20HCC%205.29-5-6%20mn.pdf,,,,,reported,,ER-24138
2026-10-05 03:43,2024-05-28,16:00,Эрдэнэт Үйлдвэр ТӨҮГ,Erdenet Mining Corporation,№ 02/2024,Copper,Iron ore Fe 52%,Fe-52% Төмрийн хүдэр,USD,2267.43,,2718.0,https://mse.mn/uploads/auction_schedules/zes%20-1-2%20mn.pdf,,,3000.0,2718.0,dry,ХМТ,№ 02/2024
2026-10-05 03:43,2024-05-28,15:00,Дарханы Төмөрлөгийн Үйлдвэр ХХК,Дарханы Төмөрлөгийн Үйлдвэр ХХК,DMP-24109,Iron ore,Fe-58% Төмрийн баяжмал,Fe-58% Төмрийн баяжмал,USD,61.0,2.0,6300.0,https://mse.mn/uploads/auction_schedules/DMP-24109-6-7%20mn.pdf,,,,,reported,,DMP-24109
2026-10-05 03:43,2024-05-28,14:00,Энержи Ресурс ХХК,Energy Resources,ER-24137,Coal,Washed medium-ash semi-hard coking coal,"Баяжуулсан дунд зэрэг үнстэй, хагас хатуу коксжих нүүрс",CNY,420.0,4.0,25600.0,https://mse.mn/uploads/auction_schedules/24137-5-6%20mn.pdf,,,,,reported,,ER-24137
2026-10-05 03:43,2024-05-28,13:00,Эрдэнэс Тавантолгой ХК,Erdenes Tavan Tolgoi,ETT-24-06,Coal,"Thermal coal (bituminous, non-caking)","Эрчим хүчний нүүрс /Битумт, үл барьцалдах нүүрс/",USD,52.2,50.0,320000.0,https://mse.mn/uploads/auction_schedules/ett%20mn.pdf,,,,,reported,,ETT-24-06
2026-10-05 03:43,2024-05-28,12:00,Дарханы Төмөрлөгийн Үйлдвэр ХХК,Дарханы Төмөрлөгийн Үйлдвэр ХХК,DMP-24108,Iron ore,Fe-58% Төмрийн баяжмал,Fe-58% Төмрийн баяжмал,USD,61.0,3.0,9450.0,https://mse.mn/uploads/auction_schedules/DMP-24108-8-9%20mn.pdf,,,,,reported,,DMP-24108
2026-10-05 03:43,2024-05-28,11:00,Монголросцветмет ТӨҮГ,Mongolrostsvetmet (ex-Erdenes Critical Minerals),MRTSM-175,Iron ore,Iron ore Fe 52%,Fe-52% Төмрийн хүдэр,USD,70.0,1.0,3300.0,https://mse.mn/uploads/auction_schedules/MRTSM-175-6-7%20mn.pdf,,,,,reported,,MRTSM-175
2026-10-05 03:43,2024-05-28,10:00,Энержи Ресурс ХХК,Energy Resources,ER-24136,Coal,Washed coking coal,Баяжуулсан коксжих нүүрс,CNY,1100.0,3.0,19200.0,https://mse.mn/uploads/auction_schedules/ER-24136%20HCC%205.28-5-6%20mn.pdf,,,,,reported,,ER-24136
2026-10-05 03:43,2024-05-27,15:00,Дарханы Төмөрлөгийн Үйлдвэр ХХК,Дарханы Төмөрлөгийн Үйлдвэр ХХК,DMP-24107,Iron ore,Fe-58% Төмрийн баяжмал,Fe-58% Төмрийн баяжмал,USD,61.0,2.0,6300.0,https://mse.mn/uploads/auction_schedules/DMP-24107%20(1)-6-7%20mn.pdf,,,,,reported,,DMP-24107
2026-10-05 03:43,2024-05-27,14:00,Энержи Ресурс ХХК,Energy Resources,ER-24135,Coal,Washed medium-ash semi-hard coking coal,"Баяжуулсан дунд зэрэг үнстэй, хагас хатуу коксжих нүүрс",CNY,420.0,4.0,25600.0,https://mse.mn/uploads/auction_schedules/24135-5-6%20mn.pdf,,,,,reported,,ER-24135
2026-10-05 03:43,2024-05-27,12:00,Дарханы Төмөрлөгийн Үйлдвэр ХХК,Дарханы Төмөрлөгийн Үйлдвэр ХХК,DMP-24106,Iron ore,Fe-58% Төмрийн баяжмал,Fe-58% Төмрийн баяжмал,USD,61.0,3.0,9450.0,https://mse.mn/uploads/auction_schedules/DMP-24106%20(1)-6-7%20mn.pdf,,,,,reported,,DMP-24106
2026-10-05 03:43,2024-05-27,11:00,Монголросцветмет ТӨҮГ,Mongolrostsvetmet (ex-Erdenes Critical Minerals),MRTSM-174,Iron ore,Iron ore Fe 52%,Fe-52% Төмрийн хүдэр,USD,70.0,1.0,3300.0,https://mse.mn/uploads/auction_schedules/MRTSM-174-6-7%20mn.pdf,,,,,reported,,MRTSM-174
2026-10-05 03:43,2024-05-27,10:00,Энержи Ресурс ХХК,Energy Resources,ER-24134,Coal,Washed coking coal,Баяжуулсан коксжих нүүрс,CNY,1100.0,3.0,19200.0,https://mse.mn/uploads/auction_schedules/ER-24134%20HCC%205.27-5-6%20mn.pdf,,,,,reported,,ER-24134
2026-10-05 03:43,2024-05-24,16:00,Эрдэнэс Тавантолгой ХК,Erdenes Tavan Tolgoi,24/13/1/3/CO,Coal,Хатуу коксжих нүүрс,Хатуу коксжих нүүрс,USD,90.4,235.0,1504000.0,https://mse.mn/uploads/auction_schedules/ETT-2413-1-3-CO.pdf,,,,,reported,,24/13/1/3/CO
2026-10-05 03:43,2024-05-24,15:00,Энержи Ресурс ХХК,Energy Resources,ER-24131,Coal,Washed medium-ash semi-hard coking coal,"Баяжуулсан дунд зэрэг үнстэй, хагас хатуу коксжих нүүрс",CNY,420.0,4.0,25600.0,https://mse.mn/uploads/auction_schedules/24131-5-6%20mn.pdf,,,,,reported,,ER-24131
2026-10-05 03:43,2024-05-24,14:00,Энержи Ресурс ХХК,Energy Resources,ER-24133,Coal,Washed medium-ash semi-hard coking coal,"Баяжуулсан дунд зэрэг үнстэй, хагас хатуу коксжих нүүрс",CNY,420.0,4.0,25600.0,https://mse.mn/uploads/auction_schedules/24133-5-6%20mn.pdf,,,,,reported,,ER-24133
2026-10-05 03:43,2024-05-24,12:00,Дарханы Төмөрлөгийн Үйлдвэр ХХК,Дарханы Төмөрлөгийн Үйлдвэр ХХК,DMP-24105,Iron ore,Fe-58% Төмрийн баяжмал,Fe-58% Төмрийн баяжмал,USD,61.0,2.0,6300.0,https://mse.mn/uploads/auction_schedules/DMP-24105-6-7%20mn.pdf,,,,,reported,,DMP-24105
2026-10-05 03:43,2024-05-24,11:00,Монголросцветмет ТӨҮГ,Mongolrostsvetmet (ex-Erdenes Critical Minerals),MRTSM-173,Iron ore,Iron ore Fe 52%,Fe-52% Төмрийн хүдэр,USD,67.0,1.0,3300.0,https://mse.mn/uploads/auction_schedules/MRTSM-173-6-7%20mn.pdf,,,,,reported,,MRTSM-173
2026-10-05 03:43,2024-05-24,10:00,Энержи Ресурс ХХК,Energy Resources,ER-24132,Coal,Washed coking coal,Баяжуулсан коксжих нүүрс,CNY,1100.0,3.0,19200.0,https://mse.mn/uploads/auction_schedules/ER-24132%20%D0%9DHCC%205.24-5-6%20mn.pdf,,,,,reported,,ER-24132
2026-10-05 03:43,2024-05-22,16:00,Дарханы Төмөрлөгийн Үйлдвэр ХХК,Дарханы Төмөрлөгийн Үйлдвэр ХХК,DMP-24104,Iron ore,Iron ore Fe 52%,Fe-52% Төмрийн хүдэр,USD,56.0,2.0,6300.0,https://mse.mn/uploads/auction_schedules/DMP-24104%20(1)-6-7%20mn.pdf,,,,,reported,,DMP-24104
2026-10-05 03:43,2024-05-22,15:00,Энержи Ресурс ХХК,Energy Resources,ER-24130,Coal,Washed coking coal,Баяжуулсан коксжих нүүрс,CNY,1100.0,3.0,19200.0,https://mse.mn/uploads/auction_schedules/ER-24130%20HCC%205.22%20(1)-5-6%20mn.pdf,,,,,reported,,ER-24130
2026-10-05 03:43,2024-05-22,14:00,Энержи Ресурс ХХК,Energy Resources,ER-24129,Coal,Washed medium-ash semi-hard coking coal,"Баяжуулсан дунд зэрэг үнстэй, хагас хатуу коксжих нүүрс",CNY,420.0,4.0,25600.0,https://mse.mn/uploads/auction_schedules/24129-5-6%20mn.pdf,,,,,reported,,ER-24129
2026-10-05 03:43,2024-05-22,13:00,Тавантолгой ХК,Tavan Tolgoi JSC,TTOA/2024/003,Coal,Medium-volatile coking coal,"Дэгдэмхий бодис дунд, коксжих нүүрс",USD,145.0,35.0,224000.0,https://mse.mn/uploads/auction_schedules/TT%20NEW-1-2%20MN.pdf,,,,,reported,,TTOA/2024/003
2026-10-05 03:43,2024-05-22,12:00,Дарханы Төмөрлөгийн Үйлдвэр ХХК,Дарханы Төмөрлөгийн Үйлдвэр ХХК,DMP-24103,Iron ore,Fe-58% Төмрийн баяжмал,Fe-58% Төмрийн баяжмал,USD,61.0,2.0,6300.0,https://mse.mn/uploads/auction_schedules/DMP-24103-6-7%20mn.pdf,,,,,reported,,DMP-24103
2026-10-05 03:43,2024-05-22,11:00,Монголросцветмет ТӨҮГ,Mongolrostsvetmet (ex-Erdenes Critical Minerals),MRTSM-172,Iron ore,Iron ore Fe 52%,Fe-52% Төмрийн хүдэр,USD,67.0,2.0,6600.0,https://mse.mn/uploads/auction_schedules/MRTSM-172-6-7%20mn.pdf,,,,,reported,,MRTSM-172
2026-10-05 03:43,2024-05-22,10:00,Энержи Ресурс ХХК,Energy Resources,ER-24128,Coal,Washed coking coal,Баяжуулсан коксжих нүүрс,CNY,1100.0,3.0,19200.0,https://mse.mn/uploads/auction_schedules/ER-24128%20HCC%205.22-5-6%20mn.pdf,,,,,reported,,ER-24128
2026-10-05 03:43,2024-05-21,16:00,Дарханы Төмөрлөгийн Үйлдвэр ХХК,Дарханы Төмөрлөгийн Үйлдвэр ХХК,DMP-24102,Iron ore,Fe-58% Төмрийн баяжмал,Fe-58% Төмрийн баяжмал,USD,61.0,2.0,6300.0,https://mse.mn/uploads/auction_schedules/DMP-24102-6-7%20mn.pdf,,,,,reported,,DMP-24102
2026-10-05 03:43,2024-05-21,15:00,Дарханы Төмөрлөгийн Үйлдвэр ХХК,Дарханы Төмөрлөгийн Үйлдвэр ХХК,DMP-24101,Iron ore,Iron ore Fe 52%,Fe-52% Төмрийн хүдэр,USD,56.0,2.0,6300.0,https://mse.mn/uploads/auction_schedules/DMP-24101%20(1)-6-7%20mn.pdf,,,,,reported,,DMP-24101
2026-10-05 03:43,2024-05-21,14:00,Энержи Ресурс ХХК,Energy Resources,ER-24127,Coal,Washed medium-ash semi-hard coking coal,"Баяжуулсан дунд зэрэг үнстэй, хагас хатуу коксжих нүүрс",CNY,420.0,4.0,25600.0,https://mse.mn/uploads/auction_schedules/24127-5-6%20mn.pdf,,,,,reported,,ER-24127
2026-10-05 03:43,2024-05-21,12:00,Дарханы Төмөрлөгийн Үйлдвэр ХХК,Дарханы Төмөрлөгийн Үйлдвэр ХХК,DMP-24100,Iron ore,Fe-58% Төмрийн баяжмал,Fe-58% Төмрийн баяжмал,USD,61.0,2.0,6300.0,https://mse.mn/uploads/auction_schedules/DMP-24100-6-7%20mn.pdf,,,,,reported,,DMP-24100
2026-10-05 03:43,2024-05-21,11:00,Монголросцветмет ТӨҮГ,Mongolrostsvetmet (ex-Erdenes Critical Minerals),MRTSM-171,Iron ore,Iron ore Fe 52%,Fe-52% Төмрийн хүдэр,USD,67.0,1.0,3300.0,https://mse.mn/uploads/auction_schedules/MRTSM-171-6-7%20mn.pdf,,,,,reported,,MRTSM-171
2026-10-05 03:43,2024-05-21,10:00,Энержи Ресурс ХХК,Energy Resources,ER-24126,Coal,Washed coking coal,Баяжуулсан коксжих нүүрс,CNY,1100.0,3.0,19200.0,https://mse.mn/uploads/auction_schedules/ER-24126%20HCC%205.21-5-6%20mn.pdf,,,,,reported,,ER-24126
2026-10-05 03:43,2024-05-20,14:00,Энержи Ресурс ХХК,Energy Resources,ER-24125,Coal,Washed medium-ash semi-hard coking coal,"Баяжуулсан дунд зэрэг үнстэй, хагас хатуу коксжих нүүрс",CNY,420.0,4.0,25600.0,https://mse.mn/uploads/auction_schedules/24125-5-6%20mn.pdf,,,,,reported,,ER-24125
2026-10-05 03:43,2024-05-20,11:00,Монголросцветмет ТӨҮГ,Mongolrostsvetmet (ex-Erdenes Critical Minerals),MRTSM-170,Iron ore,Iron ore Fe 52%,Fe-52% Төмрийн хүдэр,USD,67.0,1.0,3300.0,https://mse.mn/uploads/auction_schedules/MRTSM-170-6-7%20mn.pdf,,,,,reported,,MRTSM-170
2026-10-05 03:43,2024-05-20,10:00,Энержи Ресурс ХХК,Energy Resources,ER-24124,Coal,Washed coking coal,Баяжуулсан коксжих нүүрс,CNY,1100.0,3.0,19200.0,https://mse.mn/uploads/auction_schedules/ER-24124%20HCC%205.20-5-6%20mn.pdf,,,,,reported,,ER-24124
2026-10-05 03:43,2024-05-17,16:00,Эрдэнэс Тавантолгой ХК,Erdenes Tavan Tolgoi,ETT-24-05,Coal,"Thermal coal (bituminous, non-caking)","Эрчим хүчний нүүрс /Битумт, үл барьцалдах нүүрс/",USD,52.2,20.0,128000.0,https://mse.mn/uploads/auction_schedules/mn1.pdf,,,,,reported,,ETT-24-05
2026-10-05 03:43,2024-05-17,15:00,Дарханы Төмөрлөгийн Үйлдвэр ХХК,Дарханы Төмөрлөгийн Үйлдвэр ХХК,DMP-2497,Iron ore,Fe-58% Төмрийн баяжмал,Fe-58% Төмрийн баяжмал,USD,63.0,2.0,6300.0,https://mse.mn/uploads/auction_schedules/DMP-2497%20(1)-6-7.pdf,,,,,reported,,DMP-2497
2026-10-05 03:43,2024-05-17,14:00,Энержи Ресурс ХХК,Energy Resources,ER-24123,Coal,Washed medium-ash semi-hard coking coal,"Баяжуулсан дунд зэрэг үнстэй, хагас хатуу коксжих нүүрс",CNY,420.0,4.0,25600.0,https://mse.mn/uploads/auction_schedules/ER-24123%20MASHCC%205.17-5-6%20mn.pdf,,,,,reported,,ER-24123
2026-10-05 03:43,2024-05-17,12:00,Дарханы Төмөрлөгийн Үйлдвэр ХХК,Дарханы Төмөрлөгийн Үйлдвэр ХХК,DMP-2496,Iron ore,Fe-58% Төмрийн баяжмал,Fe-58% Төмрийн баяжмал,USD,63.0,3.0,9450.0,https://mse.mn/uploads/auction_schedules/DMP-2496%20(1)-6-7.pdf,,,,,reported,,DMP-2496
2026-10-05 03:43,2024-05-17,11:00,Монголросцветмет ТӨҮГ,Mongolrostsvetmet (ex-Erdenes Critical Minerals),MRTSM-169,Iron ore,Iron concentrate Fe 65%,Fe-65% Төмрийн баяжмал,USD,90.0,6.0,19800.0,https://mse.mn/uploads/auction_schedules/MRTSM-169-6-7%20mn.pdf,,,,,reported,,MRTSM-169
2026-10-05 03:43,2024-05-17,10:00,Энержи Ресурс ХХК,Energy Resources,ER-24122,Coal,Washed coking coal,Баяжуулсан коксжих нүүрс,CNY,1100.0,3.0,19200.0,https://mse.mn/uploads/auction_schedules/ER-24122%20%20HCC%205.17-5-6%20mn.pdf,,,,,reported,,ER-24122
2026-10-05 03:43,2024-05-16,15:00,Дарханы Төмөрлөгийн Үйлдвэр ХХК,Дарханы Төмөрлөгийн Үйлдвэр ХХК,DMP-2495,Iron ore,Fe-58% Төмрийн баяжмал,Fe-58% Төмрийн баяжмал,USD,63.0,2.0,6300.0,https://mse.mn/uploads/auction_schedules/DMP-2495%20(1)-6-7.pdf,,,,,reported,,DMP-2495
2026-10-05 03:43,2024-05-16,14:00,Энержи Ресурс ХХК,Energy Resources,ER-24121,Coal,Washed medium-ash semi-hard coking coal,"Баяжуулсан дунд зэрэг үнстэй, хагас хатуу коксжих нүүрс",CNY,420.0,4.0,25600.0,https://mse.mn/uploads/auction_schedules/ER-24121%20MASHCC%205.16-5-6%20mn.pdf,,,,,reported,,ER-24121
2026-10-05 03:43,2024-05-16,12:00,Дарханы Төмөрлөгийн Үйлдвэр ХХК,Дарханы Төмөрлөгийн Үйлдвэр ХХК,DMP-2494,Iron ore,Fe-58% Төмрийн баяжмал,Fe-58% Төмрийн баяжмал,USD,63.0,3.0,9450.0,https://mse.mn/uploads/auction_schedules/DMP-2494%20(1)-6-7.pdf,,,,,reported,,DMP-2494
2026-10-05 03:43,2024-05-16,11:00,Монголросцветмет ТӨҮГ,Mongolrostsvetmet (ex-Erdenes Critical Minerals),MRTSM-168,Iron ore,Iron concentrate Fe 65%,Fe-65% Төмрийн баяжмал,USD,90.0,6.0,19800.0,https://mse.mn/uploads/auction_schedules/MRTSM-168-6-7%20mn.pdf,,,,,reported,,MRTSM-168
2026-10-05 03:43,2024-05-16,10:00,Энержи Ресурс ХХК,Energy Resources,ER-24120,Coal,Washed coking coal,Баяжуулсан коксжих нүүрс,CNY,1100.0,3.0,19200.0,https://mse.mn/uploads/auction_schedules/ER-24120%20HCC%205.16-5-6%20mn.pdf,,,,,reported,,ER-24120
2026-10-05 03:43,2024-05-15,16:00,Монголросцветмет ТӨҮГ,Mongolrostsvetmet (ex-Erdenes Critical Minerals),MRTSM-167,Iron ore,Iron concentrate Fe 65%,Fe-65% Төмрийн баяжмал,USD,90.0,6.0,19800.0,https://mse.mn/uploads/auction_schedules/MRTSM-167-6-7%20mn.pdf,,,,,reported,,MRTSM-167
2026-10-05 03:43,2024-05-15,15:00,Дарханы Төмөрлөгийн Үйлдвэр ХХК,Дарханы Төмөрлөгийн Үйлдвэр ХХК,DMP-2493,Iron ore,Fe-58% Төмрийн баяжмал,Fe-58% Төмрийн баяжмал,USD,63.0,2.0,6300.0,https://mse.mn/uploads/auction_schedules/DMP-2493%20(1)-6-7.pdf,,,,,reported,,DMP-2493
2026-10-05 03:43,2024-05-15,14:00,Энержи Ресурс ХХК,Energy Resources,ER-24119,Coal,Washed medium-ash semi-hard coking coal,"Баяжуулсан дунд зэрэг үнстэй, хагас хатуу коксжих нүүрс",CNY,420.0,4.0,25600.0,https://mse.mn/uploads/auction_schedules/ER-24119%20MASHCC%205.15-5-6%20mn.pdf,,,,,reported,,ER-24119
2026-10-05 03:43,2024-05-15,12:00,Дарханы Төмөрлөгийн Үйлдвэр ХХК,Дарханы Төмөрлөгийн Үйлдвэр ХХК,DMP-2492,Iron ore,Fe-58% Төмрийн баяжмал,Fe-58% Төмрийн баяжмал,USD,63.0,3.0,9450.0,https://mse.mn/uploads/auction_schedules/DMP-2492-6-7%20mn.pdf,,,,,reported,,DMP-2492
2026-10-05 03:43,2024-05-15,11:00,"""Монгол Алт"" (МАК) ХХК","""Монгол Алт"" (МАК) ХХК",MAK-001/2024,Coal,Хатуу коксжих нүүрс,Хатуу коксжих нүүрс,CNY,785.0,5.0,32000.0,https://mse.mn/uploads/auction_schedules/forward-ad%20form-3%20languages-1-2%20mn.pdf,,,,,reported,,MAK-001/2024
2026-10-05 03:43,2024-05-15,10:00,Энержи Ресурс ХХК,Energy Resources,ER-24118,Coal,Washed coking coal,Баяжуулсан коксжих нүүрс,CNY,1100.0,3.0,19200.0,https://mse.mn/uploads/auction_schedules/ER-24118%20HCC%205.15-5-6%20mn.pdf,,,,,reported,,ER-24118
2026-10-05 03:43,2024-05-14,16:00,Тавантолгой ХК,Tavan Tolgoi JSC,TTOA/2024/002,Coal,Medium-volatile coking coal,"Дэгдэмхий бодис дунд, коксжих нүүрс",USD,145.0,8.0,51200.0,https://mse.mn/uploads/auction_schedules/tt%20new-1-2%20mn.pdf,,,,,reported,,TTOA/2024/002
2026-10-05 03:43,2024-05-14,15:00,Дарханы Төмөрлөгийн Үйлдвэр ХХК,Дарханы Төмөрлөгийн Үйлдвэр ХХК,DMP-2491,Iron ore,Fe-58% Төмрийн баяжмал,Fe-58% Төмрийн баяжмал,USD,63.0,2.0,6300.0,https://mse.mn/uploads/auction_schedules/DMP-2491%20(3)-6-7.pdf,,,,,reported,,DMP-2491
2026-10-05 03:43,2024-05-14,14:00,Энержи Ресурс ХХК,Energy Resources,ER-24117,Coal,Washed medium-ash semi-hard coking coal,"Баяжуулсан дунд зэрэг үнстэй, хагас хатуу коксжих нүүрс",CNY,420.0,4.0,25600.0,https://mse.mn/uploads/auction_schedules/ER-24117%20MASHCC%205.14-5-6%20mn.pdf,,,,,reported,,ER-24117
2026-10-05 03:43,2024-05-14,12:00,Дарханы Төмөрлөгийн Үйлдвэр ХХК,Дарханы Төмөрлөгийн Үйлдвэр ХХК,DMP-2490,Iron ore,Fe-58% Төмрийн баяжмал,Fe-58% Төмрийн баяжмал,USD,63.0,3.0,9450.0,https://mse.mn/uploads/auction_schedules/DMP-2490%20(1)-6-7.pdf,,,,,reported,,DMP-2490
2026-10-05 03:43,2024-05-14,11:00,Монголросцветмет ТӨҮГ,Mongolrostsvetmet (ex-Erdenes Critical Minerals),MRTSM-166,Iron ore,Iron concentrate Fe 65%,Fe-65% Төмрийн баяжмал,USD,90.0,1.0,3300.0,https://mse.mn/uploads/auction_schedules/MRTSM-166-6-7%20mn.pdf,,,,,reported,,MRTSM-166
2026-10-05 03:43,2024-05-14,10:00,Энержи Ресурс ХХК,Energy Resources,ER-24116,Coal,Washed coking coal,Баяжуулсан коксжих нүүрс,CNY,1100.0,3.0,19200.0,https://mse.mn/uploads/auction_schedules/ER-24116%20HCC%205.14-5-6%20mn.pdf,,,,,reported,,ER-24116
2026-10-05 03:43,2024-05-13,15:00,Дарханы Төмөрлөгийн Үйлдвэр ХХК,Дарханы Төмөрлөгийн Үйлдвэр ХХК,DMP-2489,Iron ore,Fe-58% Төмрийн баяжмал,Fe-58% Төмрийн баяжмал,USD,63.0,2.0,6300.0,https://mse.mn/uploads/auction_schedules/DMP-2489%20(3)-6-7.pdf,,,,,reported,,DMP-2489
2026-10-05 03:43,2024-05-13,14:00,Энержи Ресурс ХХК,Energy Resources,ER-24115,Coal,Washed medium-ash semi-hard coking coal,"Баяжуулсан дунд зэрэг үнстэй, хагас хатуу коксжих нүүрс",CNY,420.0,4.0,25600.0,https://mse.mn/uploads/auction_schedules/ER-24115%20%20MASHCC%205.13-5-6%20mn.pdf,,,,,reported,,ER-24115
2026-10-05 03:43,2024-05-13,12:00,Дарханы Төмөрлөгийн Үйлдвэр ХХК,Дарханы Төмөрлөгийн Үйлдвэр ХХК,DMP-2488,Iron ore,Fe-58% Төмрийн баяжмал,Fe-58% Төмрийн баяжмал,USD,63.0,3.0,9450.0,https://mse.mn/uploads/auction_schedules/DMP-2488%20(1)-6-7.pdf,,,,,reported,,DMP-2488
2026-10-05 03:43,2024-05-13,11:00,Монголросцветмет ТӨҮГ,Mongolrostsvetmet (ex-Erdenes Critical Minerals),MRTSM-165,Iron ore,Iron concentrate Fe 65%,Fe-65% Төмрийн баяжмал,USD,90.0,1.0,3300.0,https://mse.mn/uploads/auction_schedules/MRTSM-165-6-7%20mn.pdf,,,,,reported,,MRTSM-165
2026-10-05 03:43,2024-05-13,10:00,Хангад Эксплорэйшн ХХК,Khangad Exploration,KH-24003,Coal,Washed semi-soft coking coal,Баяжуулсан сул коксжих нүүрс,CNY,850.0,2.0,12800.0,https://mse.mn/uploads/auction_schedules/KH-24003%205.13%20(2)-5-6%20mn.pdf,,,,,reported,,KH-24003
2026-10-05 03:43,2024-05-10,16:00,Дарханы Төмөрлөгийн Үйлдвэр ХХК,Дарханы Төмөрлөгийн Үйлдвэр ХХК,DMP-2487,Iron ore,Fe-58% Төмрийн баяжмал,Fe-58% Төмрийн баяжмал,USD,61.0,4.0,12600.0,https://mse.mn/uploads/auction_schedules/DMP-2487-7-8%20mn.pdf,,,,,reported,,DMP-2487
2026-10-05 03:43,2024-05-10,14:00,Энержи Ресурс ХХК,Energy Resources,ER-24114,Coal,Washed medium-ash semi-hard coking coal,"Баяжуулсан дунд зэрэг үнстэй, хагас хатуу коксжих нүүрс",CNY,420.0,4.0,25600.0,https://mse.mn/uploads/auction_schedules/ER-24114%20MASHCC%205.10-5-6%20mn.pdf,,,,,reported,,ER-24114
2026-10-05 03:43,2024-05-10,12:00,Эрдэнэс Тавантолгой ХК,Erdenes Tavan Tolgoi,24/04-OX,Coal,"Битумт, үл барьцалдах нүүрс","Битумт, үл барьцалдах нүүрс",USD,52.0,50.0,320000.0,https://mse.mn/uploads/auction_schedules/ett%20mn1-2-3.pdf,,,,,reported,,24/04-OX
2026-10-05 03:43,2024-05-10,11:00,Монголросцветмет ТӨҮГ,Mongolrostsvetmet (ex-Erdenes Critical Minerals),MRTSM-164,Iron ore,Iron concentrate Fe 65%,Fe-65% Төмрийн баяжмал,USD,90.0,6.0,19800.0,https://mse.mn/uploads/auction_schedules/MRTSM%20164%20(2)-6-7%20mn.pdf,,,,,reported,,MRTSM-164
2026-10-05 03:43,2024-05-10,10:00,Энержи Ресурс ХХК,Energy Resources,ER-24113,Coal,Washed coking coal,Баяжуулсан коксжих нүүрс,CNY,1100.0,3.0,19200.0,https://mse.mn/uploads/auction_schedules/ER-24113%20HCC%205.10-5-6%20mn.pdf,,,,,reported,,ER-24113
2026-10-05 03:43,2024-05-09,16:00,Дарханы Төмөрлөгийн Үйлдвэр ХХК,Дарханы Төмөрлөгийн Үйлдвэр ХХК,DMP-2486,Iron ore,Fe-58% Төмрийн баяжмал,Fe-58% Төмрийн баяжмал,USD,61.0,4.0,12600.0,https://mse.mn/uploads/auction_schedules/DMP-2486%20(2)-7-8%20mn.pdf,,,,,reported,,DMP-2486
2026-10-05 03:43,2024-05-09,14:00,Энержи Ресурс ХХК,Energy Resources,ER-24112,Coal,Washed medium-ash semi-hard coking coal,"Баяжуулсан дунд зэрэг үнстэй, хагас хатуу коксжих нүүрс",CNY,420.0,4.0,25600.0,https://mse.mn/uploads/auction_schedules/ER-24112%20MASHCC%205.9-5-6%20mn.pdf,,,,,reported,,ER-24112
2026-10-05 03:43,2024-05-09,11:00,Монголросцветмет ТӨҮГ,Mongolrostsvetmet (ex-Erdenes Critical Minerals),MRTSM-163,Iron ore,Iron concentrate Fe 65%,Fe-65% Төмрийн баяжмал,USD,90.0,6.0,19800.0,https://mse.mn/uploads/auction_schedules/MRTSM%20163%20(2)-6-7%20mn.pdf,,,,,reported,,MRTSM-163
2026-10-05 03:43,2024-05-09,10:00,Энержи Ресурс ХХК,Energy Resources,ER-24111,Coal,Washed coking coal,Баяжуулсан коксжих нүүрс,CNY,1100.0,3.0,19200.0,https://mse.mn/uploads/auction_schedules/ER-24111%20HCC%205.9-5-6%20mn.pdf,,,,,reported,,ER-24111
2026-10-05 03:43,2024-05-08,16:00,Дарханы Төмөрлөгийн Үйлдвэр ХХК,Дарханы Төмөрлөгийн Үйлдвэр ХХК,DMP-2485,Iron ore,Fe-58% Төмрийн баяжмал,Fe-58% Төмрийн баяжмал,USD,61.0,4.0,12600.0,https://mse.mn/uploads/auction_schedules/DMP-2485-7-8%20mn.pdf,,,,,reported,,DMP-2485
2026-10-05 03:43,2024-05-08,15:00,Дарханы Төмөрлөгийн Үйлдвэр ХХК,Дарханы Төмөрлөгийн Үйлдвэр ХХК,DMP-2484,Iron ore,Fe-58% Төмрийн баяжмал,Fe-58% Төмрийн баяжмал,USD,61.0,4.0,12600.0,https://mse.mn/uploads/auction_schedules/DMP-2484%20(1)-7-8%20mn.pdf,,,,,reported,,DMP-2484
2026-10-05 03:43,2024-05-08,14:00,Энержи Ресурс ХХК,Energy Resources,ER-24110,Coal,Washed medium-ash semi-hard coking coal,"Баяжуулсан дунд зэрэг үнстэй, хагас хатуу коксжих нүүрс",CNY,420.0,4.0,25600.0,https://mse.mn/uploads/auction_schedules/ER-24110%20%20MASHCC%205.8-5-6%20mn.pdf,,,,,reported,,ER-24110
2026-10-05 03:43,2024-05-08,12:00,Тавантолгой ХК,Tavan Tolgoi JSC,TTOA-2024-001,Coal,Medium-volatile coking coal,"Дэгдэмхий бодис дунд, коксжих нүүрс",USD,145.0,30.0,192000.0,https://mse.mn/uploads/auction_schedules/2024.05.08%2030%20bagts%20zahialga%20(1)-1-2%20mn.pdf,,,,,reported,,TTOA-2024-001
2026-10-05 03:43,2024-05-08,11:00,Монголросцветмет ТӨҮГ,Mongolrostsvetmet (ex-Erdenes Critical Minerals),MRTSM-162,Iron ore,Iron concentrate Fe 65%,Fe-65% Төмрийн баяжмал,USD,90.0,6.0,19800.0,https://mse.mn/uploads/auction_schedules/MRTSM%20162%20(2)-6-7%20mn.pdf,,,,,reported,,MRTSM-162
2026-10-05 03:43,2024-05-08,10:00,Энержи Ресурс ХХК,Energy Resources,ER-24109,Coal,Washed coking coal,Баяжуулсан коксжих нүүрс,CNY,1100.0,3.0,19200.0,https://mse.mn/uploads/auction_schedules/ER-24109%20HCC%205.8-5-6%20mn.pdf,,,,,reported,,ER-24109
2026-10-05 03:43,2024-05-07,16:00,Дарханы Төмөрлөгийн Үйлдвэр ХХК,Дарханы Төмөрлөгийн Үйлдвэр ХХК,DMP-2483,Iron ore,Fe-58% Төмрийн баяжмал,Fe-58% Төмрийн баяжмал,USD,61.0,4.0,12600.0,https://mse.mn/uploads/auction_schedules/DMP-2483-7-8%20mn.pdf,,,,,reported,,DMP-2483
2026-10-05 03:43,2024-05-07,15:00,Дарханы Төмөрлөгийн Үйлдвэр ХХК,Дарханы Төмөрлөгийн Үйлдвэр ХХК,DMP-2482,Iron ore,Fe-58% Төмрийн баяжмал,Fe-58% Төмрийн баяжмал,USD,61.0,4.0,12600.0,https://mse.mn/uploads/auction_schedules/DMP-2482%20(1)-7-8%20mn.pdf,,,,,reported,,DMP-2482
2026-10-05 03:43,2024-05-07,14:00,Энержи Ресурс ХХК,Energy Resources,ER-24108,Coal,Washed medium-ash semi-hard coking coal,"Баяжуулсан дунд зэрэг үнстэй, хагас хатуу коксжих нүүрс",CNY,420.0,4.0,25600.0,https://mse.mn/uploads/auction_schedules/ER-24108%20MASHCC%205.7-5-6%20mn.pdf,,,,,reported,,ER-24108
2026-10-05 03:43,2024-05-07,11:00,Монголросцветмет ТӨҮГ,Mongolrostsvetmet (ex-Erdenes Critical Minerals),MRTSM-161,Iron ore,Iron concentrate Fe 65%,Fe-65% Төмрийн баяжмал,USD,90.0,1.0,3300.0,https://mse.mn/uploads/auction_schedules/MRTSM%20161%20(2)-6-7%20mn.pdf,,,,,reported,,MRTSM-161
2026-10-05 03:43,2024-05-07,10:00,Энержи Ресурс ХХК,Energy Resources,ER-24107,Coal,Washed coking coal,Баяжуулсан коксжих нүүрс,CNY,1100.0,3.0,19200.0,https://mse.mn/uploads/auction_schedules/ER-24107%20HCC%205.7-5-6%20mn.pdf,,,,,reported,,ER-24107
2026-10-05 03:43,2024-05-06,16:00,Дарханы Төмөрлөгийн Үйлдвэр ХХК,Дарханы Төмөрлөгийн Үйлдвэр ХХК,DMP-2481,Iron ore,Fe-58% Төмрийн баяжмал,Fe-58% Төмрийн баяжмал,USD,61.0,4.0,12600.0,https://mse.mn/uploads/auction_schedules/DMP-2481-7-8%20mn.pdf,,,,,reported,,DMP-2481
2026-10-05 03:43,2024-05-06,15:00,Дарханы Төмөрлөгийн Үйлдвэр ХХК,Дарханы Төмөрлөгийн Үйлдвэр ХХК,DMP-2480,Iron ore,Fe-58% Төмрийн баяжмал,Fe-58% Төмрийн баяжмал,USD,61.0,4.0,12600.0,https://mse.mn/uploads/auction_schedules/DMP-2480%20(1)-7-8%20mn.pdf,,,,,reported,,DMP-2480
2026-10-05 03:43,2024-05-06,14:00,Энержи Ресурс ХХК,Energy Resources,ER-24106,Coal,Washed medium-ash semi-hard coking coal,"Баяжуулсан дунд зэрэг үнстэй, хагас хатуу коксжих нүүрс",CNY,420.0,4.0,25600.0,https://mse.mn/uploads/auction_schedules/ER-24106%20MASHCC%205.6-5-6%20mn.pdf,,,,,reported,,ER-24106
2026-10-05 03:43,2024-05-06,11:00,Монголросцветмет ТӨҮГ,Mongolrostsvetmet (ex-Erdenes Critical Minerals),MRTSM-160,Iron ore,Iron concentrate Fe 65%,Fe-65% Төмрийн баяжмал,USD,90.0,1.0,3300.0,https://mse.mn/uploads/auction_schedules/MRTSM%20160%20(2)-6-7%20mn.pdf,,,,,reported,,MRTSM-160
2026-10-05 03:43,2024-05-06,10:00,Энержи Ресурс ХХК,Energy Resources,ER-24105,Coal,Washed coking coal,Баяжуулсан коксжих нүүрс,CNY,1100.0,3.0,19200.0,https://mse.mn/uploads/auction_schedules/ER-24105%20HCC%205.6-5-6%20mn.pdf,,,,,reported,,ER-24105
2026-10-05 03:43,2024-05-03,16:00,Эрдэнэс Тавантолгой ХК,Erdenes Tavan Tolgoi,ETT-2412,Coal,Хатуу коксжих нүүрс,Хатуу коксжих нүүрс,USD,90.6,20.0,128000.0,https://mse.mn/uploads/auction_schedules/20240503%20ett-4-5%20mn.pdf,,,,,reported,,ETT-2412
2026-10-05 03:43,2024-05-03,15:00,Энержи Ресурс ХХК,Energy Resources,ER-24104,Coal,Washed medium-ash semi-hard coking coal,"Баяжуулсан дунд зэрэг үнстэй, хагас хатуу коксжих нүүрс",CNY,420.0,4.0,25600.0,https://mse.mn/uploads/auction_schedules/ER-24104%20%20MASHCC%205.3%20(1)-5-6%20mn.pdf,,,,,reported,,ER-24104
2026-10-05 03:43,2024-05-03,14:00,Дарханы Төмөрлөгийн Үйлдвэр ХХК,Дарханы Төмөрлөгийн Үйлдвэр ХХК,DMP-2479,Iron ore,Fe-58% Төмрийн баяжмал,Fe-58% Төмрийн баяжмал,USD,61.0,4.0,12600.0,https://mse.mn/uploads/auction_schedules/DMP-2479-6-7%20mn.pdf,,,,,reported,,DMP-2479
2026-10-05 03:43,2024-05-03,12:00,Монголросцветмет ТӨҮГ,Mongolrostsvetmet (ex-Erdenes Critical Minerals),MRTSM-159,Iron ore,Iron concentrate Fe 65%,Fe-65% Төмрийн баяжмал,USD,90.0,2.0,6600.0,https://mse.mn/uploads/auction_schedules/MRTSM%20159%202-6-7%20mn.pdf,,,,,reported,,MRTSM-159
2026-10-05 03:43,2024-05-03,10:00,Энержи Ресурс ХХК,Energy Resources,ER-24103,Coal,Washed coking coal,Баяжуулсан коксжих нүүрс,CNY,1100.0,3.0,19200.0,https://mse.mn/uploads/auction_schedules/ER-24103%20%20HCC%205.3-5-6%20mn.pdf,,,,,reported,,ER-24103
2026-10-05 03:43,2024-05-02,15:00,Энержи Ресурс ХХК,Energy Resources,ER-24102,Coal,Washed medium-ash semi-hard coking coal,"Баяжуулсан дунд зэрэг үнстэй, хагас хатуу коксжих нүүрс",CNY,420.0,4.0,25600.0,https://mse.mn/uploads/auction_schedules/ER-24102%20MASHCC%205.2-5-6%20mn.pdf,,,,,reported,,ER-24102
2026-10-05 03:43,2024-05-02,14:00,Дарханы Төмөрлөгийн Үйлдвэр ХХК,Дарханы Төмөрлөгийн Үйлдвэр ХХК,DMP-2478,Iron ore,Fe-58% Төмрийн баяжмал,Fe-58% Төмрийн баяжмал,USD,61.0,4.0,12600.0,https://mse.mn/uploads/auction_schedules/DMP-2478%20(1)-6-7%20mn.pdf,,,,,reported,,DMP-2478
2026-10-05 03:43,2024-05-02,12:00,Монголросцветмет ТӨҮГ,Mongolrostsvetmet (ex-Erdenes Critical Minerals),MRTSM-158,Iron ore,Iron concentrate Fe 65%,Fe-65% Төмрийн баяжмал,USD,90.0,2.0,6600.0,https://mse.mn/uploads/auction_schedules/MRTSM%20158%202-6-7%20mn.pdf,,,,,reported,,MRTSM-158
2026-10-05 03:43,2024-05-02,10:00,Энержи Ресурс ХХК,Energy Resources,ER-24101,Coal,Washed coking coal,Баяжуулсан коксжих нүүрс,CNY,1100.0,3.0,19200.0,https://mse.mn/uploads/auction_schedules/ER-24101%20HCC%205.2-5-6%20mn.pdf,,,,,reported,,ER-24101
2026-10-05 03:43,2024-05-01,15:00,Энержи Ресурс ХХК,Energy Resources,ER-24100,Coal,Washed medium-ash semi-hard coking coal,"Баяжуулсан дунд зэрэг үнстэй, хагас хатуу коксжих нүүрс",CNY,420.0,4.0,25600.0,https://mse.mn/uploads/auction_schedules/ER-24100%20MASHCC%205.1-5-6%20mn.pdf,,,,,reported,,ER-24100
2026-10-05 03:43,2024-05-01,14:00,Дарханы Төмөрлөгийн Үйлдвэр ХХК,Дарханы Төмөрлөгийн Үйлдвэр ХХК,DMP-2477,Iron ore,Fe-58% Төмрийн баяжмал,Fe-58% Төмрийн баяжмал,USD,61.0,4.0,12600.0,https://mse.mn/uploads/auction_schedules/DMP-2477-6-7%20mn.pdf,,,,,reported,,DMP-2477
2026-10-05 03:43,2024-05-01,12:00,Монголросцветмет ТӨҮГ,Mongolrostsvetmet (ex-Erdenes Critical Minerals),MRTSM-157,Iron ore,Iron concentrate Fe 65%,Fe-65% Төмрийн баяжмал,USD,90.0,2.0,6600.0,https://mse.mn/uploads/auction_schedules/MRTSM%20157%202-6-7%20mn.pdf,,,,,reported,,MRTSM-157
2026-10-05 03:43,2024-05-01,10:00,Энержи Ресурс ХХК,Energy Resources,ER-24099,Coal,Washed coking coal,Баяжуулсан коксжих нүүрс,CNY,1100.0,3.0,19200.0,https://mse.mn/uploads/auction_schedules/ER-24099%20HCC%205.1-5-6%20mn.pdf,,,,,reported,,ER-24099
2026-10-05 03:43,2024-04-30,16:00,Дарханы Төмөрлөгийн Үйлдвэр ХХК,Дарханы Төмөрлөгийн Үйлдвэр ХХК,DMP-2476,Iron ore,Fe-58% Төмрийн баяжмал,Fe-58% Төмрийн баяжмал,USD,61.0,4.0,12600.0,https://mse.mn/uploads/auction_schedules/DMP-2476-6-7%20mn.pdf,,,,,reported,,DMP-2476
2026-10-05 03:43,2024-04-30,14:00,Энержи Ресурс ХХК,Energy Resources,ER-24098,Coal,Хатуу коксжих нүүрс,Хатуу коксжих нүүрс,CNY,420.0,4.0,25600.0,https://mse.mn/uploads/auction_schedules/ER-24098%20MASHCC%204.30-5-6%20mn.pdf,,,,,reported,,ER-24098
2026-10-05 03:43,2024-04-30,12:00,Монголросцветмет ТӨҮГ,Mongolrostsvetmet (ex-Erdenes Critical Minerals),MRTSM-156,Iron ore,Iron concentrate Fe 65%,Fe-65% Төмрийн баяжмал,USD,90.0,2.0,6600.0,https://mse.mn/uploads/auction_schedules/MRTSM%20156%202-6-7%20mn.pdf,,,,,reported,,MRTSM-156
2026-10-05 03:43,2024-04-30,10:00,Энержи Ресурс ХХК,Energy Resources,ER-24097,Coal,Washed coking coal,Баяжуулсан коксжих нүүрс,CNY,1100.0,3.0,19200.0,https://mse.mn/uploads/auction_schedules/ER-24097%20%20HCC%204.30-5-6%20mn.pdf,,,,,reported,,ER-24097
2026-10-05 03:43,2024-04-29,16:00,Эрдэнэт Үйлдвэр ТӨҮГ,Erdenet Mining Corporation,№ 01/2024,Copper,Iron ore Fe 52%,Fe-52% Төмрийн хүдэр,USD,2141.83,,2718.0,https://mse.mn/uploads/auction_schedules/zesiin%20bayjmal%20-4-5%20mn.pdf,,,3000.0,2718.0,dry,ХМТ,№ 01/2024
2026-10-05 03:43,2024-04-29,14:00,Энержи Ресурс ХХК,Energy Resources,ER-24096,Coal,Хатуу коксжих нүүрс,Хатуу коксжих нүүрс,CNY,420.0,4.0,25600.0,https://mse.mn/uploads/auction_schedules/ER-24096%20MASHCC%204.29-5-6%20mn.pdf,,,,,reported,,ER-24096
2026-10-05 03:43,2024-04-29,12:00,Монголросцветмет ТӨҮГ,Mongolrostsvetmet (ex-Erdenes Critical Minerals),MRTSM-155,Iron ore,Iron concentrate Fe 65%,Fe-65% Төмрийн баяжмал,USD,90.0,2.0,6600.0,https://mse.mn/uploads/auction_schedules/MRTSM%20155%202-6-7%20mn.pdf,,,,,reported,,MRTSM-155
2026-10-05 03:43,2024-04-29,10:00,Энержи Ресурс ХХК,Energy Resources,ER-24095,Coal,Washed coking coal,Баяжуулсан коксжих нүүрс,CNY,1100.0,3.0,19200.0,https://mse.mn/uploads/auction_schedules/ER-24095%20HCC%204.29-5-6%20mn.pdf,,,,,reported,,ER-24095
2026-10-05 03:43,2024-04-26,16:00,Эрдэнэс Тавантолгой ХК,Erdenes Tavan Tolgoi,ETT-2405,Coal,Medium-volatile coking coal,"Дэгдэмхий бодис дунд, коксжих нүүрс",USD,135.4,125.0,800000.0,https://mse.mn/uploads/auction_schedules/MSE-mayagt-800k%20HCC%202024-04-26%20mn-4-5.pdf,,,,,reported,,ETT-2405
2026-10-05 03:43,2024-04-26,14:00,Энержи Ресурс ХХК,Energy Resources,ER-24094,Coal,Хатуу коксжих нүүрс,Хатуу коксжих нүүрс,CNY,420.0,4.0,25600.0,https://mse.mn/uploads/auction_schedules/ER-24094%20MASHCC%204.26-5-6%20mn.pdf,,,,,reported,,ER-24094
2026-10-05 03:43,2024-04-26,12:00,Монголросцветмет ТӨҮГ,Mongolrostsvetmet (ex-Erdenes Critical Minerals),MRTSM-154,Iron ore,Iron ore Fe 52%,Fe-52% Төмрийн хүдэр,USD,63.0,2.0,6600.0,https://mse.mn/uploads/auction_schedules/MRTSM-154-6-7%20mn.pdf,,,,,reported,,MRTSM-154
2026-10-05 03:43,2024-04-26,10:00,Энержи Ресурс ХХК,Energy Resources,ER-24093,Coal,Washed coking coal,Баяжуулсан коксжих нүүрс,CNY,1100.0,3.0,19200.0,https://mse.mn/uploads/auction_schedules/ER-24093%20HCC%204.26-5-6%20mn.pdf,,,,,reported,,ER-24093
2026-10-05 03:43,2024-04-25,16:00,Эрдэнэс Тавантолгой ХК,Erdenes Tavan Tolgoi,ETT-2404,Coal,Medium-volatile coking coal,"Дэгдэмхий бодис дунд, коксжих нүүрс",USD,135.4,125.0,800000.0,https://mse.mn/uploads/auction_schedules/MSE-mayagt-800k%20HCC%202024-04-25%20mn-4-5.pdf,,,,,reported,,ETT-2404
2026-10-05 03:43,2024-04-25,14:00,Энержи Ресурс ХХК,Energy Resources,ER-24092,Coal,Хатуу коксжих нүүрс,Хатуу коксжих нүүрс,CNY,420.0,4.0,25600.0,https://mse.mn/uploads/auction_schedules/ER-24092%20MASHCC%204.25-5-6%20mn.pdf,,,,,reported,,ER-24092
2026-10-05 03:43,2024-04-25,12:00,Монголросцветмет ТӨҮГ,Mongolrostsvetmet (ex-Erdenes Critical Minerals),MRTSM-150,Fluorspar,Fluorspar concentrate CaF2 95%,CaF2-95% Хайлуур жоншны баяжмал,USD,360.0,67.0,4355.0,https://mse.mn/uploads/auction_schedules/MRTSM-150%20CaF2-6-7mn.pdf,,,,,reported,,MRTSM-150
2026-10-05 03:43,2024-04-25,10:00,Энержи Ресурс ХХК,Energy Resources,ER-24091,Coal,Washed coking coal,Баяжуулсан коксжих нүүрс,CNY,1100.0,3.0,19200.0,https://mse.mn/uploads/auction_schedules/ER-24091%20HCC%204.25-5-6%20mn.pdf,,,,,reported,,ER-24091
2026-10-05 03:43,2024-04-24,16:00,Дарханы Төмөрлөгийн Үйлдвэр ХХК,Дарханы Төмөрлөгийн Үйлдвэр ХХК,DMP-2475,Iron ore,Fe-58% Төмрийн баяжмал,Fe-58% Төмрийн баяжмал,USD,61.0,2.0,6300.0,https://mse.mn/uploads/auction_schedules/DMP-2475-6-7%20mn.pdf,,,,,reported,,DMP-2475
2026-10-05 03:43,2024-04-24,14:00,Энержи Ресурс ХХК,Energy Resources,ER-24090,Coal,"Баяжуулсан дунд зэрэг үнслэгтэй, хагас хатуу коксжсон нүүрс","Баяжуулсан дунд зэрэг үнслэгтэй, хагас хатуу коксжсон нүүрс",CNY,420.0,4.0,25600.0,https://mse.mn/uploads/auction_schedules/ER-24090%20MASHCC%204.24-5-6%20mn.pdf,,,,,reported,,ER-24090
2026-10-05 03:43,2024-04-24,12:00,Монголросцветмет ТӨҮГ,Mongolrostsvetmet (ex-Erdenes Critical Minerals),MRTSM-153,Iron ore,Iron ore Fe 52%,Fe-52% Төмрийн хүдэр,USD,63.0,2.0,6600.0,https://mse.mn/uploads/auction_schedules/MRTSM-153-6-7%20mn.pdf,,,,,reported,,MRTSM-153
2026-10-05 03:43,2024-04-24,10:00,Энержи Ресурс ХХК,Energy Resources,ER-24089,Coal,Washed coking coal,Баяжуулсан коксжих нүүрс,CNY,1100.0,3.0,19200.0,https://mse.mn/uploads/auction_schedules/ER-24089%20%20HCC%204.24-5-6%20mn.pdf,,,,,reported,,ER-24089
2026-10-05 03:43,2024-04-23,16:00,Дарханы Төмөрлөгийн Үйлдвэр ХХК,Дарханы Төмөрлөгийн Үйлдвэр ХХК,DMP-2474,Iron ore,Fe-58% Төмрийн баяжмал,Fe-58% Төмрийн баяжмал,USD,61.0,2.0,6300.0,https://mse.mn/uploads/auction_schedules/DMP-2474-6-7%20mn.pdf,,,,,reported,,DMP-2474
2026-10-05 03:43,2024-04-23,14:00,Энержи Ресурс ХХК,Energy Resources,ER-24088,Coal,"Баяжуулсан дунд зэрэг үнслэгтэй, хагас хатуу коксжсон нүүрс","Баяжуулсан дунд зэрэг үнслэгтэй, хагас хатуу коксжсон нүүрс",CNY,420.0,4.0,25600.0,https://mse.mn/uploads/auction_schedules/ER-24088%20MASHCC%204.23-5-6%20mn.pdf,,,,,reported,,ER-24088
2026-10-05 03:43,2024-04-23,12:00,Монголросцветмет ТӨҮГ,Mongolrostsvetmet (ex-Erdenes Critical Minerals),MRTSM-152,Iron ore,Iron ore Fe 52%,Fe-52% Төмрийн хүдэр,USD,63.0,1.0,3300.0,https://mse.mn/uploads/auction_schedules/MRTSM-152-5-7%20mn-2-3.pdf,,,,,reported,,MRTSM-152
2026-10-05 03:43,2024-04-23,10:00,Энержи Ресурс ХХК,Energy Resources,ER-24087,Coal,Washed coking coal,Баяжуулсан коксжих нүүрс,CNY,1100.0,3.0,19200.0,https://mse.mn/uploads/auction_schedules/ER-24087%20HCC%204.23-5-6%20mn.pdf,,,,,reported,,ER-24087
2026-10-05 03:43,2024-04-22,16:00,Дарханы Төмөрлөгийн Үйлдвэр ХХК,Дарханы Төмөрлөгийн Үйлдвэр ХХК,DMP-2473,Iron ore,Fe-58% Төмрийн баяжмал,Fe-58% Төмрийн баяжмал,USD,61.0,2.0,6300.0,https://mse.mn/uploads/auction_schedules/DMP-2473%20(1)-6-7%20mn.pdf,,,,,reported,,DMP-2473
2026-10-05 03:43,2024-04-22,14:00,Энержи Ресурс ХХК,Energy Resources,ER-24086,Coal,"Баяжуулсан дунд зэрэг үнслэгтэй, хагас хатуу коксжсон нүүрс","Баяжуулсан дунд зэрэг үнслэгтэй, хагас хатуу коксжсон нүүрс",CNY,420.0,4.0,25600.0,https://mse.mn/uploads/auction_schedules/ER-24086%20MASHCC%204.22-5-6%20mn.pdf,,,,,reported,,ER-24086
2026-10-05 03:43,2024-04-22,12:00,Монголросцветмет ТӨҮГ,Mongolrostsvetmet (ex-Erdenes Critical Minerals),MRTSM-151,Iron ore,Iron ore Fe 52%,Fe-52% Төмрийн хүдэр,USD,63.0,1.0,3300.0,https://mse.mn/uploads/auction_schedules/MRTSM-151-6-7%20mn.pdf,,,,,reported,,MRTSM-151
2026-10-05 03:43,2024-04-22,10:00,Энержи Ресурс ХХК,Energy Resources,ER-24085,Coal,Washed coking coal,Баяжуулсан коксжих нүүрс,CNY,1100.0,3.0,19200.0,https://mse.mn/uploads/auction_schedules/ER-24085%20%20HCC%204.22-5-6%20mn.pdf,,,,,reported,,ER-24085
2026-10-05 03:43,2024-04-19,16:00,Эрдэнэс Тавантолгой ХК,Erdenes Tavan Tolgoi,ЭТТ 24/11-1/3 CO,Coal,Хатуу коксжих нүүрс,Хатуу коксжих нүүрс,USD,89.9,20.0,128000.0,https://mse.mn/uploads/auction_schedules/ETT%204.19%2016.00%20mn.pdf,,,,,reported,,ЭТТ 24/11-1/3 CO
2026-10-05 03:43,2024-04-19,14:00,Энержи Ресурс ХХК,Energy Resources,ER-24084,Coal,"Баяжуулсан дунд зэрэг үнслэгтэй, хагас хатуу коксжсон нүүрс","Баяжуулсан дунд зэрэг үнслэгтэй, хагас хатуу коксжсон нүүрс",CNY,420.0,4.0,25600.0,https://mse.mn/uploads/auction_schedules/ER-24084%20MASHCC%204.19-5-6%20mn.pdf,,,,,reported,,ER-24084
2026-10-05 03:43,2024-04-19,12:00,Монголросцветмет ТӨҮГ,Mongolrostsvetmet (ex-Erdenes Critical Minerals),MRTSM-149,Iron ore,Iron ore Fe 52%,Fe-52% Төмрийн хүдэр,USD,60.0,6.0,19800.0,https://mse.mn/uploads/auction_schedules/MRTSM-149-6-7%20mn.pdf,,,,,reported,,MRTSM-149
2026-10-05 03:43,2024-04-19,10:00,Энержи Ресурс ХХК,Energy Resources,ER-24083,Coal,Washed coking coal,Баяжуулсан коксжих нүүрс,CNY,1100.0,3.0,19200.0,https://mse.mn/uploads/auction_schedules/ER-24083%20HCC%204.19-5-6%20mn.pdf,,,,,reported,,ER-24083
2026-10-05 03:43,2024-04-18,14:00,Энержи Ресурс ХХК,Energy Resources,ER-24082,Coal,"Баяжуулсан дунд зэрэг үнслэгтэй, хагас хатуу коксжсон нүүрс","Баяжуулсан дунд зэрэг үнслэгтэй, хагас хатуу коксжсон нүүрс",CNY,420.0,4.0,25600.0,https://mse.mn/uploads/auction_schedules/ER-24082%20MASHCC%204.18-5-6%20mn.pdf,,,,,reported,,ER-24082
2026-10-05 03:43,2024-04-18,12:00,Монголросцветмет ТӨҮГ,Mongolrostsvetmet (ex-Erdenes Critical Minerals),MRTSM-148,Iron ore,Iron ore Fe 52%,Fe-52% Төмрийн хүдэр,USD,60.0,6.0,19800.0,https://mse.mn/uploads/auction_schedules/MRTSM-148-6-7%20mn.pdf,,,,,reported,,MRTSM-148
2026-10-05 03:43,2024-04-18,10:00,Энержи Ресурс ХХК,Energy Resources,ER-24081,Coal,Washed coking coal,Баяжуулсан коксжих нүүрс,CNY,1100.0,3.0,19200.0,https://mse.mn/uploads/auction_schedules/ER-24081%20HCC%204.18-5-6%20mn.pdf,,,,,reported,,ER-24081
2026-10-05 03:43,2024-04-17,16:00,Дарханы Төмөрлөгийн Үйлдвэр ХХК,Дарханы Төмөрлөгийн Үйлдвэр ХХК,DMP-2472,Iron ore,Fe-58% Төмрийн баяжмал,Fe-58% Төмрийн баяжмал,USD,63.0,2.0,6300.0,https://members.mse.mn/uploads/auction_schedules/DMP-2472-6-7%20mn.pdf,,,,,reported,,DMP-2472
2026-10-05 03:43,2024-04-17,14:00,Энержи Ресурс ХХК,Energy Resources,ER-24080,Coal,"Баяжуулсан дунд зэрэг үнслэгтэй, хагас хатуу коксжсон нүүрс","Баяжуулсан дунд зэрэг үнслэгтэй, хагас хатуу коксжсон нүүрс",CNY,420.0,4.0,25600.0,https://mse.mn/uploads/auction_schedules/ER-24080%20MASHCC%204.17-5-6%20mn.pdf,,,,,reported,,ER-24080
2026-10-05 03:43,2024-04-17,12:00,Монголросцветмет ТӨҮГ,Mongolrostsvetmet (ex-Erdenes Critical Minerals),MRTSM-147,Iron ore,Iron ore Fe 52%,Fe-52% Төмрийн хүдэр,USD,60.0,6.0,19800.0,https://mse.mn/uploads/auction_schedules/MRTSM-147-6-7%20mn.pdf,,,,,reported,,MRTSM-147
2026-10-05 03:43,2024-04-17,10:00,Энержи Ресурс ХХК,Energy Resources,ER-24079,Coal,Washed coking coal,Баяжуулсан коксжих нүүрс,CNY,1100.0,3.0,19200.0,https://mse.mn/uploads/auction_schedules/ER-24079%20%20HCC%204.17-5-6%20mn.pdf,,,,,reported,,ER-24079
2026-10-05 03:43,2024-04-16,16:00,Дарханы Төмөрлөгийн Үйлдвэр ХХК,Дарханы Төмөрлөгийн Үйлдвэр ХХК,DMP-2471,Iron ore,Fe-58% Төмрийн баяжмал,Fe-58% Төмрийн баяжмал,USD,63.0,2.0,6300.0,https://members.mse.mn/uploads/auction_schedules/DMP-2471-6-7%20mn.pdf,,,,,reported,,DMP-2471
2026-10-05 03:43,2024-04-16,14:00,Энержи Ресурс ХХК,Energy Resources,ER-24078,Coal,"Баяжуулсан дунд зэрэг үнслэгтэй, хагас хатуу коксжсон нүүрс","Баяжуулсан дунд зэрэг үнслэгтэй, хагас хатуу коксжсон нүүрс",CNY,420.0,4.0,25600.0,https://mse.mn/uploads/auction_schedules/ER-24078%20MASHCC%204.16-5-6%20mn.pdf,,,,,reported,,ER-24078
2026-10-05 03:43,2024-04-16,12:00,Монголросцветмет ТӨҮГ,Mongolrostsvetmet (ex-Erdenes Critical Minerals),MRTSM-146,Iron ore,Iron ore Fe 52%,Fe-52% Төмрийн хүдэр,USD,60.0,6.0,19800.0,https://mse.mn/uploads/auction_schedules/MRTSM-146-6-7mn.pdf,,,,,reported,,MRTSM-146
2026-10-05 03:43,2024-04-16,10:00,Энержи Ресурс ХХК,Energy Resources,ER-24077,Coal,Washed coking coal,Баяжуулсан коксжих нүүрс,CNY,1100.0,3.0,19200.0,https://mse.mn/uploads/auction_schedules/ER-24077%20%20HCC%204.16-5-6%20mn.pdf,,,,,reported,,ER-24077
2026-10-05 03:43,2024-04-15,16:00,Дарханы Төмөрлөгийн Үйлдвэр ХХК,Дарханы Төмөрлөгийн Үйлдвэр ХХК,DMP-2470,Iron ore,Fe-58% Төмрийн баяжмал,Fe-58% Төмрийн баяжмал,USD,63.0,2.0,6300.0,https://members.mse.mn/uploads/auction_schedules/DMP-2470-6-7%20mn.pdf,,,,,reported,,DMP-2470
2026-10-05 03:43,2024-04-15,14:00,Энержи Ресурс ХХК,Energy Resources,ER-24076,Coal,"Баяжуулсан дунд зэрэг үнслэгтэй, хагас хатуу коксжсон нүүрс","Баяжуулсан дунд зэрэг үнслэгтэй, хагас хатуу коксжсон нүүрс",CNY,420.0,4.0,25600.0,https://mse.mn/uploads/auction_schedules/ER-24076%20MASHCC%204.15-5-6%20mn.pdf,,,,,reported,,ER-24076
2026-10-05 03:43,2024-04-15,12:00,Монголросцветмет ТӨҮГ,Mongolrostsvetmet (ex-Erdenes Critical Minerals),MRTSM-145,Iron ore,Iron ore Fe 52%,Fe-52% Төмрийн хүдэр,USD,63.0,1.0,3300.0,https://mse.mn/uploads/auction_schedules/MRTSM-145-6-7%20mn.pdf,,,,,reported,,MRTSM-145
2026-10-05 03:43,2024-04-15,10:00,Энержи Ресурс ХХК,Energy Resources,ER-24075,Coal,Washed coking coal,Баяжуулсан коксжих нүүрс,CNY,1100.0,3.0,19200.0,https://mse.mn/uploads/auction_schedules/ER-24075%20HCC%204.15-5-6%20MN.pdf,,,,,reported,,ER-24075
2026-10-05 03:43,2024-04-12,16:00,Дарханы Төмөрлөгийн Үйлдвэр ХХК,Дарханы Төмөрлөгийн Үйлдвэр ХХК,DMP-2468,Iron ore,Fe-58% Төмрийн баяжмал,Fe-58% Төмрийн баяжмал,USD,63.0,2.0,6300.0,https://mse.mn/uploads/auction_schedules/DMP-2468-MGL.pdf,,,,,reported,,DMP-2468
2026-10-05 03:43,2024-04-12,14:00,Дарханы Төмөрлөгийн Үйлдвэр ХХК,Дарханы Төмөрлөгийн Үйлдвэр ХХК,DMP-2469,Iron ore,Iron ore Fe 52%,Fe-52% Төмрийн хүдэр,USD,50.0,2.0,6300.0,https://members.mse.mn/uploads/auction_schedules/DMP-2469-6-7%20mn.pdf,,,,,reported,,DMP-2469
2026-10-05 03:43,2024-04-12,12:00,Монголросцветмет ТӨҮГ,Mongolrostsvetmet (ex-Erdenes Critical Minerals),MRTSM-144,Iron ore,Iron ore Fe 52%,Fe-52% Төмрийн хүдэр,USD,63.0,1.0,3300.0,https://mse.mn/uploads/auction_schedules/MRTSM-144-MGL.pdf,,,,,reported,,MRTSM-144
2026-10-05 03:43,2024-04-12,10:00,Энержи Ресурс ХХК,Energy Resources,ER-24074,Coal,Washed coking coal,Баяжуулсан коксжих нүүрс,CNY,1100.0,3.0,19200.0,https://mse.mn/uploads/auction_schedules/ER-24074%20HCC%204.12-5-6%20mn.pdf,,,,,reported,,ER-24074
2026-10-05 03:43,2024-04-11,16:00,Дарханы Төмөрлөгийн Үйлдвэр ХХК,Дарханы Төмөрлөгийн Үйлдвэр ХХК,DMP-2467,Iron ore,Fe-58% Төмрийн баяжмал,Fe-58% Төмрийн баяжмал,USD,63.0,2.0,6300.0,https://mse.mn/uploads/auction_schedules/DMP-2467-MGL.pdf,,,,,reported,,DMP-2467
2026-10-05 03:43,2024-04-11,14:00,Эрдэнэс Тавантолгой ХК,Erdenes Tavan Tolgoi,ETT-2410 1/3CO,Coal,Хатуу коксжих нүүрс,Хатуу коксжих нүүрс,USD,89.9,265.0,1696000.0,https://mse.mn/uploads/auction_schedules/MSE-mayagt-1696k%20SSCC%2020240411%20FV%20Price%20changed%20mn-4-5.pdf,,,,,reported,,ETT-2410 1/3CO
2026-10-05 03:43,2024-04-11,12:00,Монголросцветмет ТӨҮГ,Mongolrostsvetmet (ex-Erdenes Critical Minerals),MRTSM-143,Iron ore,Iron ore Fe 52%,Fe-52% Төмрийн хүдэр,USD,63.0,1.0,3300.0,https://mse.mn/uploads/auction_schedules/MRTSM-143-MGL.pdf,,,,,reported,,MRTSM-143
2026-10-05 03:43,2024-04-11,10:00,Энержи Ресурс ХХК,Energy Resources,ER-24073,Coal,Washed coking coal,Баяжуулсан коксжих нүүрс,CNY,1100.0,3.0,19200.0,https://mse.mn/uploads/auction_schedules/ER-24073%20%20HCC%204.11-5-6%20mn.pdf,,,,,reported,,ER-24073
2026-10-05 03:43,2024-04-10,16:00,Дарханы Төмөрлөгийн Үйлдвэр ХХК,Дарханы Төмөрлөгийн Үйлдвэр ХХК,DMP-2466,Iron ore,Fe-58% Төмрийн баяжмал,Fe-58% Төмрийн баяжмал,USD,63.0,2.0,6300.0,https://mse.mn/uploads/auction_schedules/DMP-2466-MGL.pdf,,,,,reported,,DMP-2466
2026-10-05 03:43,2024-04-10,14:00,Энержи Ресурс ХХК,Energy Resources,ER-24072,Coal,"Баяжуулсан дунд зэрэг үнслэгтэй, хагас хатуу коксжсон нүүрс","Баяжуулсан дунд зэрэг үнслэгтэй, хагас хатуу коксжсон нүүрс",CNY,420.0,4.0,25600.0,https://mse.mn/uploads/auction_schedules/ER-24072%20%20MASHCC%204.10-5-6%20mn.pdf,,,,,reported,,ER-24072
2026-10-05 03:43,2024-04-10,12:00,Монголросцветмет ТӨҮГ,Mongolrostsvetmet (ex-Erdenes Critical Minerals),MRTSM-142,Iron ore,Iron ore Fe 52%,Fe-52% Төмрийн хүдэр,USD,63.0,1.0,3300.0,https://mse.mn/uploads/auction_schedules/MRTSM-142-MGL.pdf,,,,,reported,,MRTSM-142
2026-10-05 03:43,2024-04-10,10:00,Энержи Ресурс ХХК,Energy Resources,ER-24071,Coal,Washed coking coal,Баяжуулсан коксжих нүүрс,CNY,1100.0,3.0,19200.0,https://mse.mn/uploads/auction_schedules/ER-24071%20%20HCC%204.10-5-6%20mn.pdf,,,,,reported,,ER-24071
2026-10-05 03:43,2024-04-09,16:00,Дарханы Төмөрлөгийн Үйлдвэр ХХК,Дарханы Төмөрлөгийн Үйлдвэр ХХК,DMP-2465,Iron ore,Fe-58% Төмрийн баяжмал,Fe-58% Төмрийн баяжмал,USD,63.0,2.0,6300.0,https://mse.mn/uploads/auction_schedules/DMP-2465-MGL.pdf,,,,,reported,,DMP-2465
2026-10-05 03:43,2024-04-09,14:00,Хангад Эксплорэйшн ХХК,Khangad Exploration,KH-24002,Coal,Washed semi-soft coking coal,Баяжуулсан сул коксжих нүүрс,CNY,850.0,2.0,12800.0,https://mse.mn/uploads/auction_schedules/KH-24002%204.9-5-6%20mn.pdf,,,,,reported,,KH-24002
2026-10-05 03:43,2024-04-09,12:00,Монголросцветмет ТӨҮГ,Mongolrostsvetmet (ex-Erdenes Critical Minerals),MRTSM-141,Iron ore,Iron ore Fe 52%,Fe-52% Төмрийн хүдэр,USD,63.0,1.0,3300.0,https://mse.mn/uploads/auction_schedules/MRTSM-141-MGL.pdf,,,,,reported,,MRTSM-141
2026-10-05 03:43,2024-04-09,10:00,Энержи Ресурс ХХК,Energy Resources,ER-24070,Coal,Washed coking coal,Баяжуулсан коксжих нүүрс,CNY,1100.0,3.0,19200.0,https://mse.mn/uploads/auction_schedules/ER-24070%20%20HCC%204.9-5-6%20mn.pdf,,,,,reported,,ER-24070
2026-10-05 03:43,2024-04-08,16:00,Дарханы Төмөрлөгийн Үйлдвэр ХХК,Дарханы Төмөрлөгийн Үйлдвэр ХХК,DMP-2464,Iron ore,Fe-58% Төмрийн баяжмал,Fe-58% Төмрийн баяжмал,USD,63.0,2.0,6300.0,https://mse.mn/uploads/auction_schedules/DMP-2464-MGL.pdf,,,,,reported,,DMP-2464
2026-10-05 03:43,2024-04-08,14:00,Тавантолгой ХК,Tavan Tolgoi JSC,TTOA/2024/001,Coal,Medium-volatile coking coal,"Дэгдэмхий бодис дунд, коксжих нүүрс",USD,149.0,30.0,192000.0,https://mse.mn/uploads/auction_schedules/2024.04.08%2030%20bagts%20zahialga%204-1-2.pdf,,,,,reported,,TTOA/2024/001
2026-10-05 03:43,2024-04-08,12:00,Монголросцветмет ТӨҮГ,Mongolrostsvetmet (ex-Erdenes Critical Minerals),MRTSM-140,Iron ore,Iron ore Fe 52%,Fe-52% Төмрийн хүдэр,USD,63.0,1.0,3300.0,https://mse.mn/uploads/auction_schedules/MRTSM-140-MGL.pdf,,,,,reported,,MRTSM-140
2026-10-05 03:43,2024-04-08,10:00,Энержи Ресурс ХХК,Energy Resources,ER-24069,Coal,Washed coking coal,Баяжуулсан коксжих нүүрс,CNY,1100.0,3.0,19200.0,https://mse.mn/uploads/auction_schedules/ER-24069%20%20HCC%204.8-5-6%20mn.pdf,,,,,reported,,ER-24069
2026-10-05 03:43,2024-04-05,16:00,Дарханы Төмөрлөгийн Үйлдвэр ХХК,Дарханы Төмөрлөгийн Үйлдвэр ХХК,DMP-2463,Iron ore,Fe-58% Төмрийн баяжмал,Fe-58% Төмрийн баяжмал,USD,72.0,3.0,9450.0,https://mse.mn/uploads/auction_schedules/DMP-2463-7-8%20mn.pdf,,,,,reported,,DMP-2463
2026-10-05 03:43,2024-04-05,14:00,Эрдэнэс Тавантолгой ХК,Erdenes Tavan Tolgoi,ETT-2409 1/3CO,Coal,Хатуу коксжих нүүрс,Хатуу коксжих нүүрс,USD,93.6,20.0,128000.0,https://mse.mn/uploads/auction_schedules/MSE-mayagt-128k%20SSCC%2020240405%20ett%20mn.pdf,,,,,reported,,ETT-2409 1/3CO
2026-10-05 03:43,2024-04-05,12:00,Монголросцветмет ТӨҮГ,Mongolrostsvetmet (ex-Erdenes Critical Minerals),MRTSM-137,Iron ore,Iron ore Fe 52%,Fe-52% Төмрийн хүдэр,USD,65.0,1.0,3300.0,https://mse.mn/uploads/auction_schedules/MRTSM-137-6-7%20mn.pdf,,,,,reported,,MRTSM-137
2026-10-05 03:43,2024-04-04,16:00,Дарханы Төмөрлөгийн Үйлдвэр ХХК,Дарханы Төмөрлөгийн Үйлдвэр ХХК,DMP-2462,Iron ore,Fe-58% Төмрийн баяжмал,Fe-58% Төмрийн баяжмал,USD,72.0,3.0,9450.0,https://mse.mn/uploads/auction_schedules/DMP-2462-6-7%20mn.pdf,,,,,reported,,DMP-2462
2026-10-05 03:43,2024-04-04,12:00,Монголросцветмет ТӨҮГ,Mongolrostsvetmet (ex-Erdenes Critical Minerals),MRTSM-136,Iron ore,Iron ore Fe 52%,Fe-52% Төмрийн хүдэр,USD,65.0,1.0,3300.0,https://mse.mn/uploads/auction_schedules/MRTSM-136-6-7%20mn.pdf,,,,,reported,,MRTSM-136
2026-10-05 03:43,2024-04-03,16:00,Дарханы Төмөрлөгийн Үйлдвэр ХХК,Дарханы Төмөрлөгийн Үйлдвэр ХХК,DMP-2461,Iron ore,Fe-58% Төмрийн баяжмал,Fe-58% Төмрийн баяжмал,USD,72.0,3.0,9450.0,https://mse.mn/uploads/auction_schedules/DMP-2461-7-8%20mn.pdf,,,,,reported,,DMP-2461
2026-10-05 03:43,2024-04-03,14:00,Энержи Ресурс ХХК,Energy Resources,ER-24068,Coal,Washed coking coal,Баяжуулсан коксжих нүүрс,CNY,1200.0,3.0,19200.0,https://mse.mn/uploads/auction_schedules/ER-24068%20HCC%204.5%20bsniig%204.3nd%2014%20tsagt-5-6%20MN.pdf,,,,,reported,,ER-24068
2026-10-05 03:43,2024-04-03,12:00,Монголросцветмет ТӨҮГ,Mongolrostsvetmet (ex-Erdenes Critical Minerals),MRTSM-135,Iron ore,Iron ore Fe 52%,Fe-52% Төмрийн хүдэр,USD,65.0,1.0,3300.0,https://mse.mn/uploads/auction_schedules/MRTSM-135-6-7%20mn.pdf,,,,,reported,,MRTSM-135
2026-10-05 03:43,2024-04-03,10:00,Энержи Ресурс ХХК,Energy Resources,ER-24066,Coal,Washed coking coal,Баяжуулсан коксжих нүүрс,CNY,1200.0,3.0,19200.0,https://mse.mn/uploads/auction_schedules/ER-24066%20HCC%204.3-5-6%20MN.pdf,,,,,reported,,ER-24066
2026-10-05 03:43,2024-04-02,16:00,Дарханы Төмөрлөгийн Үйлдвэр ХХК,Дарханы Төмөрлөгийн Үйлдвэр ХХК,DMP-2460,Iron ore,Fe-58% Төмрийн баяжмал,Fe-58% Төмрийн баяжмал,USD,72.0,3.0,9450.0,https://mse.mn/uploads/auction_schedules/DMP-2460-7-8%20mn.pdf,,,,,reported,,DMP-2460
2026-10-05 03:43,2024-04-02,14:00,Энержи Ресурс ХХК,Energy Resources,ER-24067,Coal,Washed coking coal,Баяжуулсан коксжих нүүрс,CNY,1200.0,3.0,19200.0,https://mse.mn/uploads/auction_schedules/ER-24067%20HCC%204.4bsniig%20%204.2nd%2014%20tsagt-5-6%20MN.pdf,,,,,reported,,ER-24067
2026-10-05 03:43,2024-04-02,12:00,Монголросцветмет ТӨҮГ,Mongolrostsvetmet (ex-Erdenes Critical Minerals),MRTSM-139,Iron ore,Iron ore Fe 52%,Fe-52% Төмрийн хүдэр,USD,65.0,2.0,6600.0,https://mse.mn/uploads/auction_schedules/139%20mnrs-6-7%20mn.pdf,,,,,reported,,MRTSM-139
2026-10-05 03:43,2024-04-02,10:00,Энержи Ресурс ХХК,Energy Resources,ER-24065,Coal,"Баяжуулсан дунд зэрэг үнслэгтэй, хагас хатуу коксжсон нүүрс","Баяжуулсан дунд зэрэг үнслэгтэй, хагас хатуу коксжсон нүүрс",CNY,500.0,4.0,25600.0,https://mse.mn/uploads/auction_schedules/ER-24065%20%20MASHCC%204.2-5-6%20mn.pdf,,,,,reported,,ER-24065
2026-10-05 03:43,2024-04-01,16:00,Дарханы Төмөрлөгийн Үйлдвэр ХХК,Дарханы Төмөрлөгийн Үйлдвэр ХХК,DMP-2459,Iron ore,Fe-58% Төмрийн баяжмал,Fe-58% Төмрийн баяжмал,USD,72.0,3.0,9450.0,https://mse.mn/uploads/auction_schedules/DMP-2459-7-8%20mn.pdf,,,,,reported,,DMP-2459
2026-10-05 03:43,2024-04-01,12:00,Монголросцветмет ТӨҮГ,Mongolrostsvetmet (ex-Erdenes Critical Minerals),MRTSM-138,Iron ore,Iron ore Fe 52%,Fe-52% Төмрийн хүдэр,USD,65.0,7.0,23100.0,https://mse.mn/uploads/auction_schedules/138%20mnrs-6-7%20mn.pdf,,,,,reported,,MRTSM-138
2026-10-05 03:43,2024-04-01,10:00,Энержи Ресурс ХХК,Energy Resources,ER-24064,Coal,Washed coking coal,Баяжуулсан коксжих нүүрс,CNY,1250.0,3.0,19200.0,https://mse.mn/uploads/auction_schedules/ER-24064%20%20HCC%204.1-5-6%20mn.pdf,,,,,reported,,ER-24064
2026-10-05 03:43,2024-03-29,16:00,Дарханы Төмөрлөгийн Үйлдвэр ХХК,Дарханы Төмөрлөгийн Үйлдвэр ХХК,DMP-2453,Iron ore,Fe-58% Төмрийн баяжмал,Fe-58% Төмрийн баяжмал,USD,72.0,3.0,9450.0,https://mse.mn/uploads/auction_schedules/dmp-53%20(2)-6-7%20mn.pdf,,,,,reported,,DMP-2453
2026-10-05 03:43,2024-03-29,14:00,Монголросцветмет ТӨҮГ,Mongolrostsvetmet (ex-Erdenes Critical Minerals),MRTSM-134,Iron ore,Iron ore Fe 52%,Fe-52% Төмрийн хүдэр,USD,65.0,8.0,26400.0,https://mse.mn/uploads/auction_schedules/MRTSM-134-6-7%20mn.pdf,,,,,reported,,MRTSM-134
2026-10-05 03:43,2024-03-29,12:00,Монголросцветмет ТӨҮГ,Mongolrostsvetmet (ex-Erdenes Critical Minerals),MRTSM-132,Iron ore,Iron ore Fe 52%,Fe-52% Төмрийн хүдэр,USD,65.0,1.0,3300.0,https://mse.mn/uploads/auction_schedules/MRTSM-132%206-7%20mn.pdf,,,,,reported,,MRTSM-132
2026-10-05 03:43,2024-03-29,10:00,Энержи Ресурс ХХК,Energy Resources,ER-24063,Coal,Washed coking coal,Баяжуулсан коксжих нүүрс,CNY,1250.0,3.0,19200.0,https://mse.mn/uploads/auction_schedules/ER-24063%20%20HCC%203.29-5-6%20mn.pdf,,,,,reported,,ER-24063
2026-10-05 03:43,2024-03-28,16:00,Монголросцветмет ТӨҮГ,Mongolrostsvetmet (ex-Erdenes Critical Minerals),MRTSM-133,Iron ore,Iron ore Fe 52%,Fe-52% Төмрийн хүдэр,USD,65.0,8.0,26400.0,https://mse.mn/uploads/auction_schedules/MRTSM-133-6-7%20mn.pdf,,,,,reported,,MRTSM-133
2026-10-05 03:43,2024-03-28,14:00,Эрдэнэс Тавантолгой ХК,Erdenes Tavan Tolgoi,ETT-2408,Coal,Хатуу коксжих нүүрс,Хатуу коксжих нүүрс,USD,93.6,20.0,128000.0,https://mse.mn/uploads/auction_schedules/ett-zar-2408-4-5%20mn.pdf,,,,,reported,,ETT-2408
2026-10-05 03:43,2024-03-28,12:00,Монголросцветмет ТӨҮГ,Mongolrostsvetmet (ex-Erdenes Critical Minerals),MRTSM-131,Iron ore,Iron ore Fe 52%,Fe-52% Төмрийн хүдэр,USD,65.0,1.0,3300.0,https://mse.mn/uploads/auction_schedules/MRTSM-131%20-6-7%20mn.pdf,,,,,reported,,MRTSM-131
2026-10-05 03:43,2024-03-28,10:00,Энержи Ресурс ХХК,Energy Resources,ER-24062,Coal,"Баяжуулсан дунд зэрэг үнслэгтэй, хагас хатуу коксжсон нүүрс","Баяжуулсан дунд зэрэг үнслэгтэй, хагас хатуу коксжсон нүүрс",CNY,500.0,4.0,25600.0,https://mse.mn/uploads/auction_schedules/ER-24062%20%20MASHCC%203.28-5-6%20mn.pdf,,,,,reported,,ER-24062
2026-10-05 03:43,2024-03-27,16:00,Дарханы Төмөрлөгийн Үйлдвэр ХХК,Дарханы Төмөрлөгийн Үйлдвэр ХХК,DMP-2458,Iron ore,Iron ore Fe 52%,Fe-52% Төмрийн хүдэр,USD,55.5,3.0,9450.0,https://mse.mn/uploads/auction_schedules/dmp-58%20(1)-6-7%20mn.pdf,,,,,reported,,DMP-2458
2026-10-05 03:43,2024-03-27,14:00,Дарханы Төмөрлөгийн Үйлдвэр ХХК,Дарханы Төмөрлөгийн Үйлдвэр ХХК,DMP-2457,Iron ore,Fe-58% Төмрийн баяжмал,Fe-58% Төмрийн баяжмал,USD,68.0,3.0,9450.0,https://mse.mn/uploads/auction_schedules/dmp-57%20(1)-6-7%20mn.pdf,,,,,reported,,DMP-2457
2026-10-05 03:43,2024-03-27,12:00,Монголросцветмет ТӨҮГ,Mongolrostsvetmet (ex-Erdenes Critical Minerals),MRTSM-130,Iron ore,Iron ore Fe 52%,Fe-52% Төмрийн хүдэр,USD,65.0,1.0,3300.0,https://mse.mn/uploads/auction_schedules/MRTSM-130%20-6-7%20mn.pdf,,,,,reported,,MRTSM-130
2026-10-05 03:43,2024-03-27,10:00,Энержи Ресурс ХХК,Energy Resources,ER-24061,Coal,Washed coking coal,Баяжуулсан коксжих нүүрс,CNY,1250.0,3.0,19200.0,https://mse.mn/uploads/auction_schedules/ER-24061%20%20HCC%203.27-5-6%20mn.pdf,,,,,reported,,ER-24061
2026-10-05 03:43,2024-03-26,16:00,Дарханы Төмөрлөгийн Үйлдвэр ХХК,Дарханы Төмөрлөгийн Үйлдвэр ХХК,DMP-2456,Iron ore,Fe-58% Төмрийн баяжмал,Fe-58% Төмрийн баяжмал,USD,68.0,3.0,9450.0,https://mse.mn/uploads/auction_schedules/dmp-56-6-7%20mn.pdf,,,,,reported,,DMP-2456
2026-10-05 03:43,2024-03-26,14:00,Дарханы Төмөрлөгийн Үйлдвэр ХХК,Дарханы Төмөрлөгийн Үйлдвэр ХХК,DMP-2455,Iron ore,Fe-58% Төмрийн баяжмал,Fe-58% Төмрийн баяжмал,USD,72.0,3.0,9450.0,https://mse.mn/uploads/auction_schedules/dmp-55%20(1)-6-7%20mn.pdf,,,,,reported,,DMP-2455
2026-10-05 03:43,2024-03-26,12:00,Монголросцветмет ТӨҮГ,Mongolrostsvetmet (ex-Erdenes Critical Minerals),MRTSM-129,Iron ore,Iron ore Fe 52%,Fe-52% Төмрийн хүдэр,USD,65.0,1.0,3300.0,https://mse.mn/uploads/auction_schedules/MRTSM-129%20-6-7%20mn.pdf,,,,,reported,,MRTSM-129
2026-10-05 03:43,2024-03-26,10:00,Энержи Ресурс ХХК,Energy Resources,ER-24060,Coal,"Баяжуулсан дунд зэрэг үнслэгтэй, хагас хатуу коксжсон нүүрс","Баяжуулсан дунд зэрэг үнслэгтэй, хагас хатуу коксжсон нүүрс",CNY,500.0,4.0,25600.0,https://mse.mn/uploads/auction_schedules/ER-24060%20%20MASHCC%203.26-5-6%20mn.pdf,,,,,reported,,ER-24060
2026-10-05 03:43,2024-03-25,14:00,Энержи Ресурс ХХК,Energy Resources,ER-24059,Coal,"Баяжуулсан дунд зэрэг үнслэгтэй, хагас хатуу коксжсон нүүрс","Баяжуулсан дунд зэрэг үнслэгтэй, хагас хатуу коксжсон нүүрс",CNY,500.0,4.0,25600.0,https://mse.mn/uploads/auction_schedules/ER-24059%20%20MASHCC%203.25-5-6%20mn.pdf,,,,,reported,,ER-24059
2026-10-05 03:43,2024-03-25,12:00,Монголросцветмет ТӨҮГ,Mongolrostsvetmet (ex-Erdenes Critical Minerals),MRTSM-128,Iron ore,Iron ore Fe 52%,Fe-52% Төмрийн хүдэр,USD,65.0,1.0,3300.0,https://mse.mn/uploads/auction_schedules/MRTSM-128%20-6-7%20mn.pdf,,,,,reported,,MRTSM-128
2026-10-05 03:43,2024-03-25,10:00,Энержи Ресурс ХХК,Energy Resources,ER-24058,Coal,Washed coking coal,Баяжуулсан коксжих нүүрс,CNY,1250.0,3.0,19200.0,https://mse.mn/uploads/auction_schedules/ER-24058%20HCC%203.25-5-6%20mn.pdf,,,,,reported,,ER-24058
2026-10-05 03:43,2024-03-22,16:00,Дарханы Төмөрлөгийн Үйлдвэр ХХК,Дарханы Төмөрлөгийн Үйлдвэр ХХК,DMP-2452,Iron ore,Fe-58% Төмрийн баяжмал,Fe-58% Төмрийн баяжмал,USD,72.0,2.0,6300.0,https://mse.mn/uploads/auction_schedules/DMP-2452%20(1)-6-7%20mn.pdf,,,,,reported,,DMP-2452
2026-10-05 03:43,2024-03-22,14:00,Эрдэнэс Тавантолгой ХК,Erdenes Tavan Tolgoi,ETT-2403-OX,Coal,Эрчим хүчний нүүрс,Эрчим хүчний нүүрс,USD,52.4,75.0,480000.0,https://mse.mn/uploads/auction_schedules/MSE-mayagt-480k%20Oxi%2020240322-4-5%203.22%2014tsag%20mn.pdf,,,,,reported,,ETT-2403-OX
2026-10-05 03:43,2024-03-22,12:00,Эрдэнэс Тавантолгой ХК,Erdenes Tavan Tolgoi,ETT-2407,Coal,Хатуу коксжих нүүрс,Хатуу коксжих нүүрс,USD,93.6,20.0,128000.0,https://mse.mn/uploads/auction_schedules/MSE-mayagt-128k%20SSCC%2020240322-4-5%203.22%2012tsag%20mn.pdf,,,,,reported,,ETT-2407
2026-10-05 03:43,2024-03-22,10:00,Энержи Ресурс ХХК,Energy Resources,ER-24057,Coal,Washed coking coal,Баяжуулсан коксжих нүүрс,CNY,1250.0,3.0,19200.0,https://mse.mn/uploads/auction_schedules/ER-24057%20%20HCC%203.22-5-6%20mn.pdf,,,,,reported,,ER-24057
2026-10-05 03:43,2024-03-21,16:00,Энержи Ресурс ХХК,Energy Resources,ER-24056,Coal,"Баяжуулсан дунд зэрэг үнслэгтэй, хагас хатуу коксжсон нүүрс","Баяжуулсан дунд зэрэг үнслэгтэй, хагас хатуу коксжсон нүүрс",CNY,500.0,4.0,25600.0,https://mse.mn/uploads/auction_schedules/ER-24056%20%20MASHCC%203.21-5-6%20mn.pdf,,,,,reported,,ER-24056
2026-10-05 03:43,2024-03-21,14:00,Дарханы Төмөрлөгийн Үйлдвэр ХХК,Дарханы Төмөрлөгийн Үйлдвэр ХХК,DMP-2451,Iron ore,Iron ore Fe 52%,Fe-52% Төмрийн хүдэр,USD,56.0,2.0,6300.0,https://mse.mn/uploads/auction_schedules/%D0%A5%D0%91-51%20(1)%20(1)-6-7%20mn.pdf,,,,,reported,,DMP-2451
2026-10-05 03:43,2024-03-21,12:00,Монголросцветмет ТӨҮГ,Mongolrostsvetmet (ex-Erdenes Critical Minerals),MRTSM-127,Iron ore,Iron ore Fe 52%,Fe-52% Төмрийн хүдэр,USD,70.0,1.0,3300.0,https://mse.mn/uploads/auction_schedules/MRTSM-127-6-7%20mn.pdf,,,,,reported,,MRTSM-127
2026-10-05 03:43,2024-03-21,10:00,Энержи Ресурс ХХК,Energy Resources,ER-24055,Coal,Washed coking coal,Баяжуулсан коксжих нүүрс,CNY,1250.0,3.0,19200.0,https://mse.mn/uploads/auction_schedules/ER-24055%20%20HCC%203.21-5-6%20mn.pdf,,,,,reported,,ER-24055
2026-10-05 03:43,2024-03-20,12:00,Монголросцветмет ТӨҮГ,Mongolrostsvetmet (ex-Erdenes Critical Minerals),MRTSM-126,Iron ore,Iron ore Fe 52%,Fe-52% Төмрийн хүдэр,USD,70.0,1.0,3300.0,https://mse.mn/uploads/auction_schedules/MRTSM-126-6-7%20mn.pdf,,,,,reported,,MRTSM-126
2026-10-05 03:43,2024-03-20,10:00,Энержи Ресурс ХХК,Energy Resources,ER-24054,Coal,"Баяжуулсан дунд зэрэг үнслэгтэй, хагас хатуу коксжсон нүүрс","Баяжуулсан дунд зэрэг үнслэгтэй, хагас хатуу коксжсон нүүрс",CNY,500.0,4.0,25600.0,https://mse.mn/uploads/auction_schedules/ER-24054%20MASHCC%203.20-5-6%20mn.pdf,,,,,reported,,ER-24054
2026-10-05 03:43,2024-03-19,16:00,Эрдэнэс Тавантолгой ХК,Erdenes Tavan Tolgoi,ETT-2403,Coal,Medium-volatile coking coal,"Дэгдэмхий бодис дунд, коксжих нүүрс",USD,143.7,20.0,128000.0,https://mse.mn/uploads/auction_schedules/ETT-2403-EDITED%20mn%20(3).pdf,,,,,reported,,ETT-2403
2026-10-05 03:43,2024-03-19,12:00,Монголросцветмет ТӨҮГ,Mongolrostsvetmet (ex-Erdenes Critical Minerals),MRTSM-125,Iron ore,Iron ore Fe 52%,Fe-52% Төмрийн хүдэр,USD,70.0,1.0,3300.0,https://mse.mn/uploads/auction_schedules/MRTSM-125-6-7%20mn.pdf,,,,,reported,,MRTSM-125
2026-10-05 03:43,2024-03-19,10:00,Энержи Ресурс ХХК,Energy Resources,ER-24053,Coal,"Баяжуулсан дунд зэрэг үнслэгтэй, хагас хатуу коксжсон нүүрс","Баяжуулсан дунд зэрэг үнслэгтэй, хагас хатуу коксжсон нүүрс",CNY,500.0,4.0,25600.0,https://mse.mn/uploads/auction_schedules/ER-24053%20MASHCC%203.19-5-6%20mn.pdf,,,,,reported,,ER-24053
2026-10-05 03:43,2024-03-18,16:00,Энержи Ресурс ХХК,Energy Resources,ER-24051,Coal,"Баяжуулсан дунд зэрэг үнслэгтэй, хагас хатуу коксжсон нүүрс","Баяжуулсан дунд зэрэг үнслэгтэй, хагас хатуу коксжсон нүүрс",CNY,500.0,4.0,25600.0,https://mse.mn/uploads/auction_schedules/ER-24051%20MASHCC%203.18-5-6%20mn.pdf,,,,,reported,,ER-24051
2026-10-05 03:43,2024-03-18,12:00,Монголросцветмет ТӨҮГ,Mongolrostsvetmet (ex-Erdenes Critical Minerals),MRTSM-124,Iron ore,Iron ore Fe 52%,Fe-52% Төмрийн хүдэр,USD,70.0,5.0,16500.0,https://mse.mn/uploads/auction_schedules/mrtsm-124.pdf,,,,,reported,,MRTSM-124
2026-10-05 03:43,2024-03-18,10:00,Энержи Ресурс ХХК,Energy Resources,ER-24052,Coal,Washed coking coal,Баяжуулсан коксжих нүүрс,CNY,1250.0,3.0,19200.0,https://mse.mn/uploads/auction_schedules/ER-24052%20%20HCC%203.18-5-6%20mn.pdf,,,,,reported,,ER-24052
2026-10-05 03:43,2024-03-15,16:00,Дарханы Төмөрлөгийн Үйлдвэр ХХК,Дарханы Төмөрлөгийн Үйлдвэр ХХК,DMP-2447,Iron ore,Fe-58% Төмрийн баяжмал,Fe-58% Төмрийн баяжмал,USD,72.0,6.0,18900.0,https://mse.mn/uploads/auction_schedules/dmp%2047-8-9%20mn.pdf,,,,,reported,,DMP-2447
2026-10-05 03:43,2024-03-15,14:00,Эрдэнэс Тавантолгой ХК,Erdenes Tavan Tolgoi,ETT-2406,Coal,Хатуу коксжих нүүрс,Хатуу коксжих нүүрс,USD,89.1,50.0,320000.0,https://mse.mn/uploads/auction_schedules/Ett%20mgl.pdf,,,,,reported,,ETT-2406
2026-10-05 03:43,2024-03-15,12:00,Монголросцветмет ТӨҮГ,Mongolrostsvetmet (ex-Erdenes Critical Minerals),MRTSM-123,Iron ore,Iron ore Fe 52%,Fe-52% Төмрийн хүдэр,USD,70.0,1.0,3300.0,https://mse.mn/uploads/auction_schedules/MRTSM-123%20%D0%97%D0%B0%D1%81%D1%81%D0%B0%D0%BD-6-7%20mn.pdf,,,,,reported,,MRTSM-123
2026-10-05 03:43,2024-03-15,10:00,Энержи Ресурс ХХК,Energy Resources,ER-24050,Coal,Washed coking coal,Баяжуулсан коксжих нүүрс,CNY,1250.0,3.0,19200.0,https://mse.mn/uploads/auction_schedules/ER-24050_mng.pdf,,,,,reported,,ER-24050
2026-10-05 03:43,2024-03-14,16:00,Дарханы Төмөрлөгийн Үйлдвэр ХХК,Дарханы Төмөрлөгийн Үйлдвэр ХХК,DMP-2446,Iron ore,Fe-58% Төмрийн баяжмал,Fe-58% Төмрийн баяжмал,USD,72.0,6.0,18900.0,https://mse.mn/uploads/auction_schedules/dmp%2046-8-9%20mn.pdf,,,,,reported,,DMP-2446
2026-10-05 03:43,2024-03-14,12:00,Монголросцветмет ТӨҮГ,Mongolrostsvetmet (ex-Erdenes Critical Minerals),MRTSM-122,Iron ore,Iron ore Fe 52%,Fe-52% Төмрийн хүдэр,USD,70.0,1.0,3300.0,https://mse.mn/uploads/auction_schedules/MRTSM-122%20%D0%97%D0%B0%D1%81%D1%81%D0%B0%D0%BD-6-7%20mn.pdf,,,,,reported,,MRTSM-122
2026-10-05 03:43,2024-03-14,10:00,Энержи Ресурс ХХК,Energy Resources,ER-24049,Coal,Washed coking coal,Баяжуулсан коксжих нүүрс,CNY,1250.0,3.0,19200.0,https://mse.mn/uploads/auction_schedules/ER-24049_mng.pdf,,,,,reported,,ER-24049
2026-10-05 03:43,2024-03-13,12:00,Монголросцветмет ТӨҮГ,Mongolrostsvetmet (ex-Erdenes Critical Minerals),MRTSM-121,Iron ore,Iron ore Fe 52%,Fe-52% Төмрийн хүдэр,USD,70.0,1.0,3300.0,https://mse.mn/uploads/auction_schedules/MRTSM-121%20%D0%97%D0%B0%D1%81%D1%81%D0%B0%D0%BD-6-7%20mn.pdf,,,,,reported,,MRTSM-121
2026-10-05 03:43,2024-03-13,10:00,Энержи Ресурс ХХК,Energy Resources,ER-24048,Coal,Washed coking coal,Баяжуулсан коксжих нүүрс,CNY,1250.0,3.0,19200.0,https://mse.mn/uploads/auction_schedules/ER-24048_mng.pdf,,,,,reported,,ER-24048
2026-10-05 03:43,2024-03-12,12:00,Монголросцветмет ТӨҮГ,Mongolrostsvetmet (ex-Erdenes Critical Minerals),MRTSM-120,Iron ore,Iron ore Fe 52%,Fe-52% Төмрийн хүдэр,USD,70.0,1.0,3300.0,https://mse.mn/uploads/auction_schedules/MRTSM-120%20%D0%97%D0%B0%D1%81%D1%81%D0%B0%D0%BD-6-7%20mn.pdf,,,,,reported,,MRTSM-120
2026-10-05 03:43,2024-03-12,10:00,Энержи Ресурс ХХК,Energy Resources,ER-24047,Coal,Washed coking coal,Баяжуулсан коксжих нүүрс,CNY,1250.0,3.0,19200.0,https://mse.mn/uploads/auction_schedules/ER-24047_mn.pdf,,,,,reported,,ER-24047
2026-10-05 03:43,2024-03-11,14:00,Энержи Ресурс ХХК,Energy Resources,ER-24046,Coal,"Баяжуулсан дунд зэрэг үнслэгтэй, хагас хатуу коксжсон нүүрс","Баяжуулсан дунд зэрэг үнслэгтэй, хагас хатуу коксжсон нүүрс",CNY,500.0,4.0,25600.0,https://mse.mn/uploads/auction_schedules/ER-24046_mng.pdf,,,,,reported,,ER-24046
2026-10-05 03:43,2024-03-11,12:00,Монголросцветмет ТӨҮГ,Mongolrostsvetmet (ex-Erdenes Critical Minerals),MRTSM-119,Iron ore,Iron ore Fe 52%,Fe-52% Төмрийн хүдэр,USD,70.0,1.0,3300.0,https://mse.mn/uploads/auction_schedules/MRTSM-119%20%D0%97%D0%B0%D1%81%D1%81%D0%B0%D0%BD-10-11%20en.pdf,,,,,reported,,MRTSM-119
2026-10-05 03:43,2024-03-11,10:00,Энержи Ресурс ХХК,Energy Resources,ER-24045,Coal,Washed coking coal,Баяжуулсан коксжих нүүрс,CNY,1250.0,3.0,19200.0,https://mse.mn/uploads/auction_schedules/ER-24045_mng.pdf,,,,,reported,,ER-24045
2026-10-05 03:43,2024-03-07,16:00,Дарханы Төмөрлөгийн Үйлдвэр ХХК,Дарханы Төмөрлөгийн Үйлдвэр ХХК,DMP-2440,Iron ore,Fe-58% Төмрийн баяжмал,Fe-58% Төмрийн баяжмал,USD,72.0,6.0,18900.0,https://mse.mn/uploads/auction_schedules/DMP-2436-2440-MGL-9-10.pdf,,,,,reported,,DMP-2440
2026-10-05 03:43,2024-03-07,14:00,Эрдэнэс Тавантолгой ХК,Erdenes Tavan Tolgoi,ETT 24/05-1/3 CO,Coal,Хатуу коксжих нүүрс,Хатуу коксжих нүүрс,USD,89.1,20.0,128000.0,"https://mse.mn/uploads/auction_schedules/MSE-mayagt-128k%20SSCC,%2020240307%20(2).pdf",,,,,reported,,ETT 24/05-1/3 CO
2026-10-05 03:43,2024-03-07,12:00,Монголросцветмет ТӨҮГ,Mongolrostsvetmet (ex-Erdenes Critical Minerals),MRTSM-118,Iron ore,Iron concentrate Fe 65%,Fe-65% Төмрийн баяжмал,USD,90.0,7.0,23100.0,https://mse.mn/uploads/auction_schedules/MRTSM-118%20%D0%B7%D0%B0%D1%81%D1%81%D0%B0%D0%BD_mn.pdf,,,,,reported,,MRTSM-118
2026-10-05 03:43,2024-03-07,10:00,Энержи Ресурс ХХК,Energy Resources,ER-24043,Coal,Washed coking coal,Баяжуулсан коксжих нүүрс,CNY,1250.0,3.0,19200.0,https://mse.mn/uploads/auction_schedules/ER-24043%203.7-5-6%20mn.pdf,,,,,reported,,ER-24043
2026-10-05 03:43,2024-03-06,16:00,Дарханы Төмөрлөгийн Үйлдвэр ХХК,Дарханы Төмөрлөгийн Үйлдвэр ХХК,DMP-2439,Iron ore,Iron ore Fe 52%,Fe-52% Төмрийн хүдэр,USD,56.0,6.0,18900.0,https://mse.mn/uploads/auction_schedules/DMP-2436-2440-MGL-7-8.pdf,,,,,reported,,DMP-2439
2026-10-05 03:43,2024-03-06,14:00,Дарханы Төмөрлөгийн Үйлдвэр ХХК,Дарханы Төмөрлөгийн Үйлдвэр ХХК,DMP-2438,Iron ore,Fe-58% Төмрийн баяжмал,Fe-58% Төмрийн баяжмал,USD,72.0,6.0,18900.0,https://mse.mn/uploads/auction_schedules/DMP-2436-2440-MGL-5-6.pdf,,,,,reported,,DMP-2438
2026-10-05 03:43,2024-03-06,12:00,Монголросцветмет ТӨҮГ,Mongolrostsvetmet (ex-Erdenes Critical Minerals),MRTSM-117,Iron ore,Iron ore Fe 52%,Fe-52% Төмрийн хүдэр,USD,75.0,2.0,6600.0,https://mse.mn/uploads/auction_schedules/MRTSM%20115-117%2052%20-28-29%20mn.pdf,,,,,reported,,MRTSM-117
2026-10-05 03:43,2024-03-06,10:00,Энержи Ресурс ХХК,Energy Resources,ER-24042,Coal,Washed coking coal,Баяжуулсан коксжих нүүрс,CNY,1250.0,3.0,19200.0,https://mse.mn/uploads/auction_schedules/ER-24042%20%203.6-5-6%20mn.pdf,,,,,reported,,ER-24042
2026-10-05 03:43,2024-03-05,16:00,Дарханы Төмөрлөгийн Үйлдвэр ХХК,Дарханы Төмөрлөгийн Үйлдвэр ХХК,DMP-2437,Iron ore,Fe-58% Төмрийн баяжмал,Fe-58% Төмрийн баяжмал,USD,72.0,6.0,18900.0,https://mse.mn/uploads/auction_schedules/DMP-2436-2440-MGL-3-4.pdf,,,,,reported,,DMP-2437
2026-10-05 03:43,2024-03-05,14:00,Энержи Ресурс ХХК,Energy Resources,ER-24044,Coal,"Баяжуулсан дунд зэрэг үнслэгтэй, хагас хатуу коксжсон нүүрс","Баяжуулсан дунд зэрэг үнслэгтэй, хагас хатуу коксжсон нүүрс",CNY,500.0,4.0,25600.0,https://mse.mn/uploads/auction_schedules/ER-24044_mng.pdf,,,,,reported,,ER-24044
2026-10-05 03:43,2024-03-05,12:00,Монголросцветмет ТӨҮГ,Mongolrostsvetmet (ex-Erdenes Critical Minerals),MRTSM-116,Iron ore,Iron ore Fe 52%,Fe-52% Төмрийн хүдэр,USD,75.0,2.0,6600.0,https://mse.mn/uploads/auction_schedules/MRTSM%20115-117%2052%20-17-18%20mn.pdf,,,,,reported,,MRTSM-116
2026-10-05 03:43,2024-03-05,10:00,Энержи Ресурс ХХК,Energy Resources,ER-24041,Coal,Washed coking coal,Баяжуулсан коксжих нүүрс,CNY,1250.0,3.0,19200.0,https://mse.mn/uploads/auction_schedules/ER-24041%20%203.5-5-6%20mn.pdf,,,,,reported,,ER-24041
2026-10-05 03:43,2024-03-04,16:00,Дарханы Төмөрлөгийн Үйлдвэр ХХК,Дарханы Төмөрлөгийн Үйлдвэр ХХК,DMP-2436,Iron ore,Fe-58% Төмрийн баяжмал,Fe-58% Төмрийн баяжмал,USD,72.0,6.0,18900.0,https://mse.mn/uploads/auction_schedules/DMP-2436-2440-MGL-1-2.pdf,,,,,reported,,DMP-2436
2026-10-05 03:43,2024-03-04,12:00,Монголросцветмет ТӨҮГ,Mongolrostsvetmet (ex-Erdenes Critical Minerals),MRTSM-115,Iron ore,Iron ore Fe 52%,Fe-52% Төмрийн хүдэр,USD,75.0,1.0,3300.0,https://mse.mn/uploads/auction_schedules/MRTSM%20115-117%2052%20-6-7%20mn.pdf,,,,,reported,,MRTSM-115
2026-10-05 03:43,2024-03-04,10:00,Энержи Ресурс ХХК,Energy Resources,ER-24040,Coal,Washed coking coal,Баяжуулсан коксжих нүүрс,CNY,1250.0,3.0,19200.0,https://mse.mn/uploads/auction_schedules/ER-24040%203.4-5-6%20mn.pdf,,,,,reported,,ER-24040
2026-10-05 03:43,2024-03-01,16:00,Эрдэнэс Тавантолгой ХК,Erdenes Tavan Tolgoi,ETT-2402,Coal,Эрчим хүчний нүүрс,Эрчим хүчний нүүрс,USD,53.9,20.0,128000.0,https://mse.mn/uploads/auction_schedules/ETT%20mn.pdf,,,,,reported,,ETT-2402
2026-10-05 03:43,2024-03-01,14:00,Дарханы Төмөрлөгийн Үйлдвэр ХХК,Дарханы Төмөрлөгийн Үйлдвэр ХХК,DMP-2435,Iron ore,Fe-58% Төмрийн баяжмал,Fe-58% Төмрийн баяжмал,USD,72.0,4.0,12600.0,https://mse.mn/uploads/auction_schedules/DMP-2435-1-2%20mn.pdf,,,,,reported,,DMP-2435
2026-10-05 03:43,2024-03-01,12:00,Монголросцветмет ТӨҮГ,Mongolrostsvetmet (ex-Erdenes Critical Minerals),MRTSM-114,Iron ore,Iron concentrate Fe 65%,Fe-65% Төмрийн баяжмал,USD,95.0,1.0,3300.0,https://mse.mn/uploads/auction_schedules/MRTSM-114-6-7%20mn.pdf,,,,,reported,,MRTSM-114
2026-10-05 03:43,2024-03-01,10:00,Энержи Ресурс ХХК,Energy Resources,ER-24039,Coal,Washed coking coal,Баяжуулсан коксжих нүүрс,CNY,1250.0,3.0,19200.0,https://mse.mn/uploads/auction_schedules/ER-24039%20%203.1-5-6%20mn.pdf,,,,,reported,,ER-24039
2026-10-05 03:43,2024-02-29,16:00,Дарханы Төмөрлөгийн Үйлдвэр ХХК,Дарханы Төмөрлөгийн Үйлдвэр ХХК,DMP-2434,Iron ore,Fe-58% Төмрийн баяжмал,Fe-58% Төмрийн баяжмал,USD,72.0,2.0,6300.0,https://mse.mn/uploads/auction_schedules/DMP-2434-1-2%20mn.pdf,,,,,reported,,DMP-2434
2026-10-05 03:43,2024-02-29,14:00,Дарханы Төмөрлөгийн Үйлдвэр ХХК,Дарханы Төмөрлөгийн Үйлдвэр ХХК,DMP-2433,Iron ore,Iron ore Fe 52%,Fe-52% Төмрийн хүдэр,USD,56.0,2.0,6300.0,https://mse.mn/uploads/auction_schedules/DMP-2433-1-2%20mn.pdf,,,,,reported,,DMP-2433
2026-10-05 03:43,2024-02-29,12:00,Монголросцветмет ТӨҮГ,Mongolrostsvetmet (ex-Erdenes Critical Minerals),MRTSM-113,Iron ore,Iron concentrate Fe 65%,Fe-65% Төмрийн баяжмал,USD,95.0,1.0,3300.0,https://mse.mn/uploads/auction_schedules/MRTSM-113-6-7%20mn.pdf,,,,,reported,,MRTSM-113
2026-10-05 03:43,2024-02-29,10:00,Энержи Ресурс ХХК,Energy Resources,ER-24038,Coal,Washed coking coal,Баяжуулсан коксжих нүүрс,CNY,1250.0,3.0,19200.0,https://mse.mn/uploads/auction_schedules/ER-24038%202.29-5-6%20mn.pdf,,,,,reported,,ER-24038
2026-10-05 03:43,2024-02-28,16:00,Дарханы Төмөрлөгийн Үйлдвэр ХХК,Дарханы Төмөрлөгийн Үйлдвэр ХХК,DMP-2432,Iron ore,Fe-58% Төмрийн баяжмал,Fe-58% Төмрийн баяжмал,USD,72.0,2.0,6300.0,https://mse.mn/uploads/auction_schedules/DMP-2432-1-2%20mn.pdf,,,,,reported,,DMP-2432
2026-10-05 03:43,2024-02-28,14:00,Дарханы Төмөрлөгийн Үйлдвэр ХХК,Дарханы Төмөрлөгийн Үйлдвэр ХХК,DMP-2431,Iron ore,Iron ore Fe 52%,Fe-52% Төмрийн хүдэр,USD,56.0,2.0,6300.0,https://mse.mn/uploads/auction_schedules/DMP-2431-1-2%20mn.pdf,,,,,reported,,DMP-2431
2026-10-05 03:43,2024-02-28,12:00,Монголросцветмет ТӨҮГ,Mongolrostsvetmet (ex-Erdenes Critical Minerals),MRTSM-112,Iron ore,Iron concentrate Fe 65%,Fe-65% Төмрийн баяжмал,USD,95.0,1.0,3300.0,https://mse.mn/uploads/auction_schedules/MRTSM-112-6-7%20mn.pdf,,,,,reported,,MRTSM-112
2026-10-05 03:43,2024-02-28,10:00,Энержи Ресурс ХХК,Energy Resources,ER-24037,Coal,Washed coking coal,Баяжуулсан коксжих нүүрс,CNY,1250.0,3.0,19200.0,https://mse.mn/uploads/auction_schedules/ER-24037%202.28-5-6%20mn.pdf,,,,,reported,,ER-24037
2026-10-05 03:43,2024-02-27,16:00,Дарханы Төмөрлөгийн Үйлдвэр ХХК,Дарханы Төмөрлөгийн Үйлдвэр ХХК,DMP-2428,Iron ore,Fe-58% Төмрийн баяжмал,Fe-58% Төмрийн баяжмал,USD,72.0,2.0,6300.0,https://mse.mn/uploads/auction_schedules/dmp-2428-2024.02.27-1600-1-2%20mn.pdf,,,,,reported,,DMP-2428
2026-10-05 03:43,2024-02-27,14:00,Дарханы Төмөрлөгийн Үйлдвэр ХХК,Дарханы Төмөрлөгийн Үйлдвэр ХХК,DMP-2430,Iron ore,Iron ore Fe 52%,Fe-52% Төмрийн хүдэр,USD,56.0,2.0,6300.0,https://mse.mn/uploads/auction_schedules/DMP-2430-2024.02.27-1400-1-2%20mn.pdf,,,,,reported,,DMP-2430
2026-10-05 03:43,2024-02-27,12:00,Монголросцветмет ТӨҮГ,Mongolrostsvetmet (ex-Erdenes Critical Minerals),MRTSM-111,Iron ore,Iron concentrate Fe 65%,Fe-65% Төмрийн баяжмал,USD,95.0,1.0,3300.0,https://mse.mn/uploads/auction_schedules/MRTSM-111-6-7%20mn.pdf,,,,,reported,,MRTSM-111
2026-10-05 03:43,2024-02-27,10:00,Энержи Ресурс ХХК,Energy Resources,ER-24036,Coal,Washed coking coal,Баяжуулсан коксжих нүүрс,CNY,1250.0,3.0,19200.0,https://mse.mn/uploads/auction_schedules/ER-24036%202.27-5-6%20mn.pdf,,,,,reported,,ER-24036
2026-10-05 03:43,2024-02-26,16:00,Дарханы Төмөрлөгийн Үйлдвэр ХХК,Дарханы Төмөрлөгийн Үйлдвэр ХХК,DMP-2429,Iron ore,Fe-58% Төмрийн баяжмал,Fe-58% Төмрийн баяжмал,USD,72.0,2.0,6300.0,https://mse.mn/uploads/auction_schedules/dmp-2429-2024.02.26-1600-1-2%20mn.pdf,,,,,reported,,DMP-2429
2026-10-05 03:43,2024-02-26,14:00,Дарханы Төмөрлөгийн Үйлдвэр ХХК,Дарханы Төмөрлөгийн Үйлдвэр ХХК,DMP-2427,Iron ore,Iron ore Fe 52%,Fe-52% Төмрийн хүдэр,USD,56.0,2.0,6300.0,https://mse.mn/uploads/auction_schedules/dmp-2327-1-2%20mn.pdf,,,,,reported,,DMP-2427
2026-10-05 03:43,2024-02-26,12:00,Монголросцветмет ТӨҮГ,Mongolrostsvetmet (ex-Erdenes Critical Minerals),MRTSM-110,Iron ore,Iron concentrate Fe 65%,Fe-65% Төмрийн баяжмал,USD,95.0,1.0,3300.0,https://mse.mn/uploads/auction_schedules/MRTSM-110-6-7%20mn.pdf,,,,,reported,,MRTSM-110
2026-10-05 03:43,2024-02-26,10:00,Энержи Ресурс ХХК,Energy Resources,ER-24035,Coal,Washed coking coal,Баяжуулсан коксжих нүүрс,CNY,1250.0,3.0,19200.0,https://mse.mn/uploads/auction_schedules/ER-24035%202.26-5-6%20mn.pdf,,,,,reported,,ER-24035
2026-10-05 03:43,2024-02-23,16:00,Дарханы Төмөрлөгийн Үйлдвэр ХХК,Дарханы Төмөрлөгийн Үйлдвэр ХХК,DMP-2422,Iron ore,Fe-58% Төмрийн баяжмал,Fe-58% Төмрийн баяжмал,USD,72.0,2.0,6300.0,https://mse.mn/uploads/auction_schedules/DMP%20forward%20zar-mgl%20(002)-1-2%2023%2016tsag.pdf,,,,,reported,,DMP-2422
2026-10-05 03:43,2024-02-23,14:00,Эрдэнэс Тавантолгой ХК,Erdenes Tavan Tolgoi,ETT-2337,Coal,Medium-volatile coking coal,"Дэгдэмхий бодис дунд, коксжих нүүрс",USD,157.5,20.0,128000.0,https://mse.mn/uploads/auction_schedules/ETT-2337%20mn.pdf,,,,,reported,,ETT-2337
2026-10-05 03:43,2024-02-23,12:00,Монголросцветмет ТӨҮГ,Mongolrostsvetmet (ex-Erdenes Critical Minerals),MRTSM-109,Iron ore,Iron concentrate Fe 65%,Fe-65% Төмрийн баяжмал,USD,95.0,1.0,3300.0,https://mse.mn/uploads/auction_schedules/MRTSM-109-6-7%20mn.pdf,,,,,reported,,MRTSM-109
2026-10-05 03:43,2024-02-23,10:00,Энержи Ресурс ХХК,Energy Resources,ER-24034,Coal,Washed coking coal,Баяжуулсан коксжих нүүрс,CNY,1250.0,3.0,19200.0,https://mse.mn/uploads/auction_schedules/ER-24034%20%202.23-5-6%20mn.pdf,,,,,reported,,ER-24034
2026-10-05 03:43,2024-02-22,16:00,Дарханы Төмөрлөгийн Үйлдвэр ХХК,Дарханы Төмөрлөгийн Үйлдвэр ХХК,DMP-2421,Iron ore,Fe-58% Төмрийн баяжмал,Fe-58% Төмрийн баяжмал,USD,72.0,2.0,6300.0,https://mse.mn/uploads/auction_schedules/DMP%20forward%20zar-mgl%20(002)-3-4%2022%2016tsag.pdf,,,,,reported,,DMP-2421
2026-10-05 03:43,2024-02-22,14:00,Дарханы Төмөрлөгийн Үйлдвэр ХХК,Дарханы Төмөрлөгийн Үйлдвэр ХХК,DMP-2426,Iron ore,Iron ore Fe 52%,Fe-52% Төмрийн хүдэр,USD,56.0,2.0,6300.0,https://mse.mn/uploads/auction_schedules/DMP%20forward%20zar-mgl%20(002)-11-12%2022%2014tsag.pdf,,,,,reported,,DMP-2426
2026-10-05 03:43,2024-02-22,12:00,Монголросцветмет ТӨҮГ,Mongolrostsvetmet (ex-Erdenes Critical Minerals),MRTSM-108,Iron ore,Iron concentrate Fe 65%,Fe-65% Төмрийн баяжмал,USD,95.0,1.0,3300.0,https://mse.mn/uploads/auction_schedules/MRTSM-108-6-7%20mn.pdf,,,,,reported,,MRTSM-108
2026-10-05 03:43,2024-02-22,10:00,Энержи Ресурс ХХК,Energy Resources,ER-24033,Coal,Washed coking coal,Баяжуулсан коксжих нүүрс,CNY,1250.0,3.0,19200.0,https://mse.mn/uploads/auction_schedules/ER-24033%20%202.22-5-6%20mn.pdf,,,,,reported,,ER-24033
2026-10-05 03:43,2024-02-21,16:00,Дарханы Төмөрлөгийн Үйлдвэр ХХК,Дарханы Төмөрлөгийн Үйлдвэр ХХК,DMP-2420,Iron ore,Fe-58% Төмрийн баяжмал,Fe-58% Төмрийн баяжмал,USD,72.0,2.0,6300.0,https://mse.mn/uploads/auction_schedules/DMP%20forward%20zar-mgl%20(002)-5-6%2021%2016tsag.pdf,,,,,reported,,DMP-2420
2026-10-05 03:43,2024-02-21,14:00,Дарханы Төмөрлөгийн Үйлдвэр ХХК,Дарханы Төмөрлөгийн Үйлдвэр ХХК,DMP-2425,Iron ore,Iron ore Fe 52%,Fe-52% Төмрийн хүдэр,USD,56.0,2.0,6300.0,https://mse.mn/uploads/auction_schedules/DMP%20forward%20zar-mgl%20(002)-13-14%2021%2014%20tsag.pdf,,,,,reported,,DMP-2425
2026-10-05 03:43,2024-02-21,12:00,Монголросцветмет ТӨҮГ,Mongolrostsvetmet (ex-Erdenes Critical Minerals),MRTSM-107,Iron ore,Iron concentrate Fe 65%,Fe-65% Төмрийн баяжмал,USD,95.0,1.0,3300.0,https://mse.mn/uploads/auction_schedules/MRTSM-107-6-7%20mn.pdf,,,,,reported,,MRTSM-107
2026-10-05 03:43,2024-02-21,10:00,Энержи Ресурс ХХК,Energy Resources,ER-24032,Coal,Washed coking coal,Баяжуулсан коксжих нүүрс,CNY,1250.0,3.0,19200.0,https://mse.mn/uploads/auction_schedules/ER-24032%20%202.21-5-6%20mn.pdf,,,,,reported,,ER-24032
2026-10-05 03:43,2024-02-20,16:00,Дарханы Төмөрлөгийн Үйлдвэр ХХК,Дарханы Төмөрлөгийн Үйлдвэр ХХК,DMP-2419,Iron ore,Fe-58% Төмрийн баяжмал,Fe-58% Төмрийн баяжмал,USD,72.0,2.0,6300.0,https://mse.mn/uploads/auction_schedules/DMP-2419-zahialga-mn.pdf,,,,,reported,,DMP-2419
2026-10-05 03:43,2024-02-20,14:00,Дарханы Төмөрлөгийн Үйлдвэр ХХК,Дарханы Төмөрлөгийн Үйлдвэр ХХК,DMP-2424,Iron ore,Iron ore Fe 52%,Fe-52% Төмрийн хүдэр,USD,56.0,2.0,6300.0,https://mse.mn/uploads/auction_schedules/DMP-2424%20zahialga%20-mn.pdf,,,,,reported,,DMP-2424
2026-10-05 03:43,2024-02-20,12:00,Монголросцветмет ТӨҮГ,Mongolrostsvetmet (ex-Erdenes Critical Minerals),MRTSM-106,Iron ore,Iron concentrate Fe 65%,Fe-65% Төмрийн баяжмал,USD,95.0,1.0,3300.0,https://mse.mn/uploads/auction_schedules/MRTSM-106-6-7.pdf,,,,,reported,,MRTSM-106
2026-10-05 03:43,2024-02-20,10:00,Энержи Ресурс ХХК,Energy Resources,ER-24031,Coal,"Баяжуулсан дунд зэрэг үнслэгтэй, хагас хатуу коксжсон нүүрс","Баяжуулсан дунд зэрэг үнслэгтэй, хагас хатуу коксжсон нүүрс",CNY,500.0,2.0,12800.0,https://mse.mn/uploads/auction_schedules/ER-24031%20%202.20-5-6%20mn.pdf,,,,,reported,,ER-24031
2026-10-05 03:43,2024-02-19,16:00,Дарханы Төмөрлөгийн Үйлдвэр ХХК,Дарханы Төмөрлөгийн Үйлдвэр ХХК,DMP-2418,Iron ore,Fe-58% Төмрийн баяжмал,Fe-58% Төмрийн баяжмал,USD,72.0,2.0,6300.0,https://mse.mn/uploads/auction_schedules/DMP-2418%20zahialga-mn.pdf,,,,,reported,,DMP-2418
2026-10-05 03:43,2024-02-19,14:00,Дарханы Төмөрлөгийн Үйлдвэр ХХК,Дарханы Төмөрлөгийн Үйлдвэр ХХК,DMP-2423,Iron ore,Iron ore Fe 52%,Fe-52% Төмрийн хүдэр,USD,56.0,2.0,6300.0,https://mse.mn/uploads/auction_schedules/DMP-2423%20zahialga-mn.pdf,,,,,reported,,DMP-2423
2026-10-05 03:43,2024-02-19,12:00,Монголросцветмет ТӨҮГ,Mongolrostsvetmet (ex-Erdenes Critical Minerals),MRTSM-105,Iron ore,Iron concentrate Fe 65%,Fe-65% Төмрийн баяжмал,USD,95.0,1.0,3300.0,https://mse.mn/uploads/auction_schedules/MRTSM-105-6-7.pdf,,,,,reported,,MRTSM-105
2026-10-05 03:43,2024-02-16,16:00,Дарханы Төмөрлөгийн Үйлдвэр ХХК,Дарханы Төмөрлөгийн Үйлдвэр ХХК,DMP-2417,Iron ore,Iron ore Fe 52%,Fe-52% Төмрийн хүдэр,USD,56.0,8.0,25200.0,https://mse.mn/uploads/auction_schedules/DMP%20forward%20zar-mgl%20(002)-3-4.pdf,,,,,reported,,DMP-2417
2026-10-05 03:43,2024-02-16,14:00,Дарханы Төмөрлөгийн Үйлдвэр ХХК,Дарханы Төмөрлөгийн Үйлдвэр ХХК,DMP-2416,Iron ore,Fe-58% Төмрийн баяжмал,Fe-58% Төмрийн баяжмал,USD,72.0,4.0,12600.0,https://mse.mn/uploads/auction_schedules/DMP%20forward%20zar-mgl%20(002)-1-2.pdf,,,,,reported,,DMP-2416
2026-10-05 03:43,2024-02-16,12:00,Монголросцветмет ТӨҮГ,Mongolrostsvetmet (ex-Erdenes Critical Minerals),MRTSM-103,Iron ore,Iron concentrate Fe 65%,Fe-65% Төмрийн баяжмал,USD,100.0,1.0,3300.0,https://mse.mn/uploads/auction_schedules/MRTSM-103%20-6-7%20mn.pdf,,,,,reported,,MRTSM-103
2026-10-05 03:43,2024-02-16,10:00,Энержи Ресурс ХХК,Energy Resources,ER-24030,Coal,Washed coking coal,Баяжуулсан коксжих нүүрс,CNY,1250.0,3.0,19200.0,https://mse.mn/uploads/auction_schedules/ER-24030%20%202.16-5-6%20mn.pdf,,,,,reported,,ER-24030
2026-10-05 03:43,2024-02-15,14:00,Эрдэнэс Тавантолгой ХК,Erdenes Tavan Tolgoi,ETT-2325,Coal,Хатуу коксжих нүүрс,Хатуу коксжих нүүрс,USD,89.1,100.0,640000.0,https://mse.mn/uploads/auction_schedules/MSE-mayagt-640k%20SSCC%2020240207%20-4-5.pdf,,,,,reported,,ETT-2325
2026-10-05 03:43,2024-02-15,12:00,Монголросцветмет ТӨҮГ,Mongolrostsvetmet (ex-Erdenes Critical Minerals),MRTSM-102,Iron ore,Iron concentrate Fe 65%,Fe-65% Төмрийн баяжмал,USD,100.0,1.0,3300.0,https://mse.mn/uploads/auction_schedules/MRTSM-102%206-7%20mn.pdf,,,,,reported,,MRTSM-102
2026-10-05 03:43,2024-02-15,10:00,Энержи Ресурс ХХК,Energy Resources,ER-24029,Coal,Washed coking coal,Баяжуулсан коксжих нүүрс,CNY,1250.0,3.0,19200.0,https://mse.mn/uploads/auction_schedules/ER-24029%202.15-5-6%20mn.pdf,,,,,reported,,ER-24029
2026-10-05 03:43,2024-02-14,16:00,"""Андын Илч"" ХХК","""Андын Илч"" ХХК",3,Coal,Чийг багатай хүрэн нүүрс,Чийг багатай хүрэн нүүрс,CNY,220.0,2.0,12800.0,https://mse.mn/uploads/auction_schedules/andiin%20elch%203%20mn.pdf,,,,,reported,,3
2026-10-05 03:43,2024-02-14,14:00,Монголросцветмет ТӨҮГ,Mongolrostsvetmet (ex-Erdenes Critical Minerals),MRTSM-104,Iron ore,Iron concentrate Fe 65%,Fe-65% Төмрийн баяжмал,USD,95.0,7.0,23100.0,https://mse.mn/uploads/auction_schedules/MRTSM-104%206-7%20mn.pdf,,,,,reported,,MRTSM-104
2026-10-05 03:43,2024-02-14,12:00,Монголросцветмет ТӨҮГ,Mongolrostsvetmet (ex-Erdenes Critical Minerals),MRTSM-101,Iron ore,Iron concentrate Fe 65%,Fe-65% Төмрийн баяжмал,USD,100.0,1.0,3300.0,https://mse.mn/uploads/auction_schedules/MRTSM-101%206-7%20mn.pdf,,,,,reported,,MRTSM-101
2026-10-05 03:43,2024-02-14,10:00,Энержи Ресурс ХХК,Energy Resources,ER-24028,Coal,Washed coking coal,Баяжуулсан коксжих нүүрс,CNY,1250.0,3.0,19200.0,https://mse.mn/uploads/auction_schedules/ER-24028%202.14-5-6%20mn.pdf,,,,,reported,,ER-24028
2026-10-05 03:43,2024-02-13,12:00,Монголросцветмет ТӨҮГ,Mongolrostsvetmet (ex-Erdenes Critical Minerals),MRTSM-100,Iron ore,Iron concentrate Fe 65%,Fe-65% Төмрийн баяжмал,USD,100.0,1.0,3300.0,https://mse.mn/uploads/auction_schedules/MRTSM-100%206-7%20mn.pdf,,,,,reported,,MRTSM-100
2026-10-05 03:43,2024-02-13,10:00,Энержи Ресурс ХХК,Energy Resources,ER-24027,Coal,Washed coking coal,Баяжуулсан коксжих нүүрс,CNY,1250.0,3.0,19200.0,https://mse.mn/uploads/auction_schedules/ER-24027%202.13-5-6%20mn.pdf,,,,,reported,,ER-24027
2026-10-05 03:43,2024-02-09,14:00,Эрдэнэс Тавантолгой ХК,Erdenes Tavan Tolgoi,23/24-1/3CO,Coal,Хатуу коксжих нүүрс,Хатуу коксжих нүүрс,USD,89.1,50.0,320000.0,https://mse.mn/uploads/auction_schedules/ETT-2324-1.3CO%20320k%20mn.pdf,,,,,reported,,23/24-1/3CO
2026-10-05 03:43,2024-02-09,12:00,Дарханы Төмөрлөгийн Үйлдвэр ХХК,Дарханы Төмөрлөгийн Үйлдвэр ХХК,DMP-2413,Iron ore,Fe-58% Төмрийн баяжмал,Fe-58% Төмрийн баяжмал,USD,72.0,1.0,3150.0,https://mse.mn/uploads/auction_schedules/DMP-2413-MN.pdf,,,,,reported,,DMP-2413
2026-10-05 03:43,2024-02-09,10:00,Энержи Ресурс ХХК,Energy Resources,ER-24026,Coal,Washed coking coal,Баяжуулсан коксжих нүүрс,CNY,1250.0,3.0,19200.0,https://www.mse.mn/uploads/auction_schedules/ER-24026%202.9-5-6mn.pdf,,,,,reported,,ER-24026
2026-10-05 03:43,2024-02-08,16:00,Дарханы Төмөрлөгийн Үйлдвэр ХХК,Дарханы Төмөрлөгийн Үйлдвэр ХХК,DMP-2415,Iron ore,Fe-58% Төмрийн баяжмал,Fe-58% Төмрийн баяжмал,USD,72.0,1.0,3150.0,https://mse.mn/uploads/auction_schedules/dmp-2415-mn.pdf,,,,,reported,,DMP-2415
2026-10-05 03:43,2024-02-08,14:00,Дарханы Төмөрлөгийн Үйлдвэр ХХК,Дарханы Төмөрлөгийн Үйлдвэр ХХК,DMP-2412,Iron ore,Iron ore Fe 52%,Fe-52% Төмрийн хүдэр,USD,65.0,1.0,3150.0,https://mse.mn/uploads/auction_schedules/DMP-2412-MN.pdf,,,,,reported,,DMP-2412
2026-10-05 03:43,2024-02-08,12:00,Монголросцветмет ТӨҮГ,Mongolrostsvetmet (ex-Erdenes Critical Minerals),MRTSM-99,Iron ore,Iron concentrate Fe 65%,Fe-65% Төмрийн баяжмал,USD,105.0,1.0,3300.0,https://www.mse.mn/uploads/auction_schedules/mrtsm-99-1-2%20mn.pdf,,,,,reported,,MRTSM-99
2026-10-05 03:43,2024-02-08,10:00,Энержи Ресурс ХХК,Energy Resources,ER-24023,Coal,Washed coking coal,Баяжуулсан коксжих нүүрс,CNY,1250.0,2.0,12800.0,https://mse.mn/uploads/auction_schedules/ER-24023%20mn%202.8-5-6.pdf,,,,,reported,,ER-24023
2026-10-05 03:43,2024-02-07,16:00,Дарханы Төмөрлөгийн Үйлдвэр ХХК,Дарханы Төмөрлөгийн Үйлдвэр ХХК,DMP-2414,Iron ore,Fe-58% Төмрийн баяжмал,Fe-58% Төмрийн баяжмал,USD,72.0,1.0,3150.0,https://mse.mn/uploads/auction_schedules/DMP-2414-MN.pdf,,,,,reported,,DMP-2414
2026-10-05 03:43,2024-02-07,14:00,Дарханы Төмөрлөгийн Үйлдвэр ХХК,Дарханы Төмөрлөгийн Үйлдвэр ХХК,DMP-2411,Iron ore,Iron ore Fe 52%,Fe-52% Төмрийн хүдэр,USD,65.0,1.0,3150.0,https://mse.mn/uploads/auction_schedules/DMP-2411-MN.pdf,,,,,reported,,DMP-2411
2026-10-05 03:43,2024-02-07,12:00,Монголросцветмет ТӨҮГ,Mongolrostsvetmet (ex-Erdenes Critical Minerals),MRTSM-98,Iron ore,Iron concentrate Fe 65%,Fe-65% Төмрийн баяжмал,USD,105.0,1.0,3300.0,https://www.mse.mn/uploads/auction_schedules/mrtsm-98-1-2%20mn.pdf,,,,,reported,,MRTSM-98
2026-10-05 03:43,2024-02-07,10:00,Энержи Ресурс ХХК,Energy Resources,ER-24022,Coal,Washed coking coal,Баяжуулсан коксжих нүүрс,CNY,1250.0,2.0,12800.0,https://mse.mn/uploads/auction_schedules/ER-24022%20mn%202.7-5-6.pdf,,,,,reported,,ER-24022
2026-10-05 03:43,2024-02-06,14:00,Дарханы Төмөрлөгийн Үйлдвэр ХХК,Дарханы Төмөрлөгийн Үйлдвэр ХХК,DMP-2410,Iron ore,Iron ore Fe 52%,Fe-52% Төмрийн хүдэр,USD,65.0,1.0,3150.0,https://mse.mn/uploads/auction_schedules/DMP-2410-MN.pdf,,,,,reported,,DMP-2410
2026-10-05 03:43,2024-02-06,12:00,Монголросцветмет ТӨҮГ,Mongolrostsvetmet (ex-Erdenes Critical Minerals),MRTSM-97,Iron ore,Iron concentrate Fe 65%,Fe-65% Төмрийн баяжмал,USD,105.0,1.0,3300.0,https://www.mse.mn/uploads/auction_schedules/mrtsm-97-1-2%20mn.pdf,,,,,reported,,MRTSM-97
2026-10-05 03:43,2024-02-06,10:00,Энержи Ресурс ХХК,Energy Resources,ER-24021,Coal,Washed coking coal,Баяжуулсан коксжих нүүрс,CNY,1250.0,2.0,12800.0,https://mse.mn/uploads/auction_schedules/ER-24021%20mn%202.6-5-6.pdf,,,,,reported,,ER-24021
2026-10-05 03:43,2024-02-05,14:00,Энержи Ресурс ХХК,Energy Resources,ER-24025,Coal,Washed coking coal,Баяжуулсан коксжих нүүрс,CNY,1250.0,3.0,19200.0,https://www.mse.mn/uploads/auction_schedules/ER-24025%202.5-5-6mn.pdf,,,,,reported,,ER-24025
2026-10-05 03:43,2024-02-05,12:00,Монголросцветмет ТӨҮГ,Mongolrostsvetmet (ex-Erdenes Critical Minerals),MRTSM-96,Iron ore,Iron concentrate Fe 65%,Fe-65% Төмрийн баяжмал,USD,105.0,1.0,3300.0,https://www.mse.mn/uploads/auction_schedules/mrtsm-96-1-2%20mn.pdf,,,,,reported,,MRTSM-96
2026-10-05 03:43,2024-02-05,10:00,Энержи Ресурс ХХК,Energy Resources,ER-24024,Coal,Washed coking coal,Баяжуулсан коксжих нүүрс,CNY,1250.0,3.0,19200.0,https://www.mse.mn/uploads/auction_schedules/ER-24024%202.5-5-6%20mn.pdf,,,,,reported,,ER-24024
2026-10-05 03:43,2024-02-02,16:00,Эрдэнэс Тавантолгой ХК,Erdenes Tavan Tolgoi,ETT-23/36-CO,Coal,Medium-volatile coking coal,"Дэгдэмхий бодис дунд, коксжих нүүрс",USD,163.3,157.0,1004800.0,https://mse.mn/uploads/auction_schedules/ETT-2336-CO%20mn.pdf,,,,,reported,,ETT-23/36-CO
2026-10-05 03:43,2024-02-02,14:00,Дарханы Төмөрлөгийн Үйлдвэр ХХК,Дарханы Төмөрлөгийн Үйлдвэр ХХК,DMP-2409,Iron ore,Fe-58% Төмрийн баяжмал,Fe-58% Төмрийн баяжмал,USD,73.0,2.0,6300.0,https://mse.mn/uploads/auction_schedules/DMP-2409%20mn.pdf,,,,,reported,,DMP-2409
2026-10-05 03:43,2024-02-02,12:00,Монголросцветмет ТӨҮГ,Mongolrostsvetmet (ex-Erdenes Critical Minerals),MRTSM-95,Iron ore,Iron concentrate Fe 65%,Fe-65% Төмрийн баяжмал,USD,105.0,1.0,3300.0,https://mse.mn/uploads/auction_schedules/MRTSM-95-6-7%20mn.pdf,,,,,reported,,MRTSM-95
2026-10-05 03:43,2024-02-02,10:00,Энержи Ресурс ХХК,Energy Resources,ER-24020,Coal,"Баяжуулсан дунд зэрэг үнслэгтэй, хагас хатуу коксжсон нүүрс","Баяжуулсан дунд зэрэг үнслэгтэй, хагас хатуу коксжсон нүүрс",CNY,500.0,2.0,12800.0,https://mse.mn/uploads/auction_schedules/ER-24020%202.2-5-6%20mn.pdf,,,,,reported,,ER-24020
2026-10-05 03:43,2024-02-01,14:00,Дарханы Төмөрлөгийн Үйлдвэр ХХК,Дарханы Төмөрлөгийн Үйлдвэр ХХК,DMP-2408,Iron ore,Fe-58% Төмрийн баяжмал,Fe-58% Төмрийн баяжмал,USD,73.0,2.0,6300.0,https://mse.mn/uploads/auction_schedules/DMP-2408%20mn.pdf,,,,,reported,,DMP-2408
2026-10-05 03:43,2024-02-01,12:00,Монголросцветмет ТӨҮГ,Mongolrostsvetmet (ex-Erdenes Critical Minerals),MRTSM-94,Iron ore,Iron concentrate Fe 65%,Fe-65% Төмрийн баяжмал,USD,105.0,1.0,3300.0,https://mse.mn/uploads/auction_schedules/MRTSM-94-6-7%20mn.pdf,,,,,reported,,MRTSM-94
2026-10-05 03:43,2024-02-01,10:00,Энержи Ресурс ХХК,Energy Resources,ER-24019,Coal,Washed coking coal,Баяжуулсан коксжих нүүрс,CNY,1250.0,2.0,12800.0,https://mse.mn/uploads/auction_schedules/ER-24019%202.1-5-6%20mn.pdf,,,,,reported,,ER-24019
2026-10-05 03:43,2024-01-31,14:00,Дарханы Төмөрлөгийн Үйлдвэр ХХК,Дарханы Төмөрлөгийн Үйлдвэр ХХК,DMP-2407,Iron ore,Fe-58% Төмрийн баяжмал,Fe-58% Төмрийн баяжмал,USD,73.0,2.0,6300.0,https://mse.mn/uploads/auction_schedules/DMP%20forward%20zar-mgl-1-2.pdf,,,,,reported,,DMP-2407
2026-10-05 03:43,2024-01-31,12:00,Монголросцветмет ТӨҮГ,Mongolrostsvetmet (ex-Erdenes Critical Minerals),MRTSM-93,Iron ore,Iron concentrate Fe 65%,Fe-65% Төмрийн баяжмал,USD,105.0,1.0,3300.0,https://mse.mn/uploads/auction_schedules/MRTSM-93%2031-6-7%20mn.pdf,,,,,reported,,MRTSM-93
2026-10-05 03:43,2024-01-31,10:00,Энержи Ресурс ХХК,Energy Resources,ER-24018,Coal,Washed coking coal,Баяжуулсан коксжих нүүрс,CNY,1250.0,2.0,12800.0,https://mse.mn/uploads/auction_schedules/ER-2401%201.31-5-6%20mn.pdf,,,,,reported,,ER-24018
2026-10-05 03:43,2024-01-30,12:00,Монголросцветмет ТӨҮГ,Mongolrostsvetmet (ex-Erdenes Critical Minerals),MRTSM-92,Iron ore,Iron concentrate Fe 65%,Fe-65% Төмрийн баяжмал,USD,105.0,1.0,3300.0,https://mse.mn/uploads/auction_schedules/MRTSM-92-6-7%20mn.pdf,,,,,reported,,MRTSM-92
2026-10-05 03:43,2024-01-30,10:00,Энержи Ресурс ХХК,Energy Resources,ER-24017,Coal,Washed coking coal,Баяжуулсан коксжих нүүрс,CNY,1250.0,2.0,12800.0,https://mse.mn/uploads/auction_schedules/ER-24017%201.30-5-6%20mn.pdf,,,,,reported,,ER-24017
2026-10-05 03:43,2024-01-29,12:00,Монголросцветмет ТӨҮГ,Mongolrostsvetmet (ex-Erdenes Critical Minerals),MRTSM-91,Iron ore,Iron concentrate Fe 65%,Fe-65% Төмрийн баяжмал,USD,105.0,1.0,3300.0,https://mse.mn/uploads/auction_schedules/MRTSM-91-6-7%20mn.pdf,,,,,reported,,MRTSM-91
2026-10-05 03:43,2024-01-29,10:00,Энержи Ресурс ХХК,Energy Resources,ER-24016,Coal,Washed coking coal,Баяжуулсан коксжих нүүрс,CNY,1250.0,2.0,12800.0,https://mse.mn/uploads/auction_schedules/ER-24016%201.29-5-6%20mn.pdf,,,,,reported,,ER-24016
2026-10-05 03:43,2024-01-26,16:00,Дарханы Төмөрлөгийн Үйлдвэр ХХК,Дарханы Төмөрлөгийн Үйлдвэр ХХК,DMP-2405,Iron ore,Fe-58% Төмрийн баяжмал,Fe-58% Төмрийн баяжмал,USD,78.0,3.0,9450.0,https://mse.mn/uploads/auction_schedules/DMP-2405-6-7%20mn.pdf,,,,,reported,,DMP-2405
2026-10-05 03:43,2024-01-26,14:00,Эрдэнэс Тавантолгой ХК,Erdenes Tavan Tolgoi,23/23/-1/3 CO,Coal,Хатуу коксжих нүүрс,Хатуу коксжих нүүрс,USD,89.1,157.0,1.0048,https://mse.mn/uploads/auction_schedules/SSCC%202323-13%20CO%20ETT%20mn.pdf,,,,,reported,,23/23/-1/3 CO
2026-10-05 03:43,2024-01-26,12:00,Монголросцветмет ТӨҮГ,Mongolrostsvetmet (ex-Erdenes Critical Minerals),MRTSM-90,Iron ore,Iron ore Fe 52%,Fe-52% Төмрийн хүдэр,USD,75.0,1.0,3300.0,https://mse.mn/uploads/auction_schedules/MRTSM-90-6-7%20mn.pdf,,,,,reported,,MRTSM-90
2026-10-05 03:43,2024-01-26,10:00,Энержи Ресурс ХХК,Energy Resources,ER-24015,Coal,"Баяжуулсан дунд зэрэг үнслэгтэй, хагас хатуу коксжсон нүүрс","Баяжуулсан дунд зэрэг үнслэгтэй, хагас хатуу коксжсон нүүрс",CNY,500.0,2.0,12800.0,https://mse.mn/uploads/auction_schedules/ER-24015%201.26-5-6%20mn.pdf,,,,,reported,,ER-24015
2026-10-05 03:43,2024-01-25,16:00,Дарханы Төмөрлөгийн Үйлдвэр ХХК,Дарханы Төмөрлөгийн Үйлдвэр ХХК,DMP-2406,Iron ore,Fe-58% Төмрийн баяжмал,Fe-58% Төмрийн баяжмал,USD,78.0,3.0,9450.0,https://mse.mn/uploads/auction_schedules/DMP-2406-6-7%20mn.pdf,,,,,reported,,DMP-2406
2026-10-05 03:43,2024-01-25,14:00,Монголросцветмет ТӨҮГ,Mongolrostsvetmet (ex-Erdenes Critical Minerals),MRTSM-85,Iron ore,Iron concentrate Fe 65%,Fe-65% Төмрийн баяжмал,USD,105.0,1.0,3300.0,https://mse.mn/uploads/auction_schedules/MRTSM-85-6-7%20mn.pdf,,,,,reported,,MRTSM-85
2026-10-05 03:43,2024-01-25,12:00,Монголросцветмет ТӨҮГ,Mongolrostsvetmet (ex-Erdenes Critical Minerals),MRTSM-89,Iron ore,Iron ore Fe 52%,Fe-52% Төмрийн хүдэр,USD,75.0,1.0,3300.0,https://mse.mn/uploads/auction_schedules/MRTSM-89-6-7%20mn.pdf,,,,,reported,,MRTSM-89
2026-10-05 03:43,2024-01-25,10:00,Энержи Ресурс ХХК,Energy Resources,ER-24012,Coal,Washed coking coal,Баяжуулсан коксжих нүүрс,CNY,1250.0,2.0,12800.0,https://mse.mn/uploads/auction_schedules/ER-24012_Нүүрсний_арилжаа_захиалга_1.25-5-6[1].pdf,,,,,reported,,ER-24012
2026-10-05 03:43,2024-01-24,16:00,Дарханы Төмөрлөгийн Үйлдвэр ХХК,Дарханы Төмөрлөгийн Үйлдвэр ХХК,DMP-2404,Iron ore,Fe-58% Төмрийн баяжмал,Fe-58% Төмрийн баяжмал,USD,78.0,3.0,9450.0,https://mse.mn/uploads/auction_schedules/DMP-2404-6-7%20mn.pdf,,,,,reported,,DMP-2404
2026-10-05 03:43,2024-01-24,14:00,Монголросцветмет ТӨҮГ,Mongolrostsvetmet (ex-Erdenes Critical Minerals),MRTSM-84,Iron ore,Iron concentrate Fe 65%,Fe-65% Төмрийн баяжмал,USD,105.0,1.0,3300.0,https://mse.mn/uploads/auction_schedules/MRTSM-84-6-7%20mn.pdf,,,,,reported,,MRTSM-84
2026-10-05 03:43,2024-01-24,12:00,Монголросцветмет ТӨҮГ,Mongolrostsvetmet (ex-Erdenes Critical Minerals),MRTSM-88,Iron ore,Iron ore Fe 52%,Fe-52% Төмрийн хүдэр,USD,75.0,1.0,3300.0,https://mse.mn/uploads/auction_schedules/MRTSM-88-6-7%20mn.pdf,,,,,reported,,MRTSM-88
2026-10-05 03:43,2024-01-24,10:00,Энержи Ресурс ХХК,Energy Resources,ER-24011,Coal,Washed coking coal,Баяжуулсан коксжих нүүрс,CNY,1250.0,2.0,12800.0,https://mse.mn/uploads/auction_schedules/ER-24011_Нүүрсний_арилжаа_захиалга_1.24-5-6[1].pdf,,,,,reported,,ER-24011
2026-10-05 03:43,2024-01-23,16:00,Монголросцветмет ТӨҮГ,Mongolrostsvetmet (ex-Erdenes Critical Minerals),MRTSM-83,Iron ore,Iron concentrate Fe 65%,Fe-65% Төмрийн баяжмал,USD,105.0,1.0,3300.0,https://mse.mn/uploads/auction_schedules/MRTSM-83-6-7%20mn.pdf,,,,,reported,,MRTSM-83
2026-10-05 03:43,2024-01-23,14:00,Монголросцветмет ТӨҮГ,Mongolrostsvetmet (ex-Erdenes Critical Minerals),MRTSM-87,Iron ore,Iron ore Fe 52%,Fe-52% Төмрийн хүдэр,USD,75.0,1.0,3300.0,https://mse.mn/uploads/auction_schedules/MRTSM-87-6-7%20mn.pdf,,,,,reported,,MRTSM-87
2026-10-05 03:43,2024-01-23,12:00,Энержи Ресурс ХХК,Energy Resources,ER-24014,Coal,"Баяжуулсан дунд зэрэг үнслэгтэй, хагас хатуу коксжсон нүүрс","Баяжуулсан дунд зэрэг үнслэгтэй, хагас хатуу коксжсон нүүрс",CNY,500.0,2.0,12800.0,https://mse.mn/uploads/auction_schedules/ER-24014%20mn.pdf,,,,,reported,,ER-24014
2026-10-05 03:43,2024-01-23,10:00,Энержи Ресурс ХХК,Energy Resources,ER-24010,Coal,Washed coking coal,Баяжуулсан коксжих нүүрс,CNY,1250.0,2.0,12800.0,https://mse.mn/uploads/auction_schedules/ER-24010_Нүүрсний_арилжаа_захиалга_1.23-5-6[1].pdf,,,,,reported,,ER-24010
2026-10-05 03:43,2024-01-22,16:00,Монголросцветмет ТӨҮГ,Mongolrostsvetmet (ex-Erdenes Critical Minerals),MRTSM-82,Iron ore,Iron concentrate Fe 65%,Fe-65% Төмрийн баяжмал,USD,105.0,1.0,3300.0,https://mse.mn/uploads/auction_schedules/MRTSM-82-6-7%20mn.pdf,,,,,reported,,MRTSM-82
2026-10-05 03:43,2024-01-22,14:00,Монголросцветмет ТӨҮГ,Mongolrostsvetmet (ex-Erdenes Critical Minerals),MRTSM-86,Iron ore,Iron ore Fe 52%,Fe-52% Төмрийн хүдэр,USD,75.0,1.0,3300.0,https://mse.mn/uploads/auction_schedules/MRTSM-86-6-7%20mn.pdf,,,,,reported,,MRTSM-86
2026-10-05 03:43,2024-01-22,12:00,Энержи Ресурс ХХК,Energy Resources,ER-24013,Coal,"Баяжуулсан дунд зэрэг үнслэгтэй, хагас хатуу коксжсон нүүрс","Баяжуулсан дунд зэрэг үнслэгтэй, хагас хатуу коксжсон нүүрс",CNY,500.0,2.0,12800.0,https://mse.mn/uploads/auction_schedules/ER-24013%20mn%201.22%2012pm.pdf,,,,,reported,,ER-24013
2026-10-05 03:43,2024-01-22,10:00,Энержи Ресурс ХХК,Energy Resources,ER-24009,Coal,Washed coking coal,Баяжуулсан коксжих нүүрс,CNY,1250.0,2.0,12800.0,https://mse.mn/uploads/auction_schedules/ER-24009_Нүүрсний_арилжаа_захиалга_1.22-5-6[1].pdf,,,,,reported,,ER-24009
2026-10-05 03:43,2024-01-19,16:00,Эрдэнэс Тавантолгой ХК,Erdenes Tavan Tolgoi,23/22-1/3CO,Coal,Хатуу коксжих нүүрс,Хатуу коксжих нүүрс,USD,93.1,20.0,128000.0,https://mse.mn/uploads/auction_schedules/2322-1.3-mn.pdf,,,,,reported,,23/22-1/3CO
2026-10-05 03:43,2024-01-19,14:00,Монголросцветмет ТӨҮГ,Mongolrostsvetmet (ex-Erdenes Critical Minerals),MRTSM-80,Iron ore,Iron concentrate Fe 65%,Fe-65% Төмрийн баяжмал,USD,115.0,1.0,3300.0,https://mse.mn/uploads/auction_schedules/MRTSM-80%20mn.pdf,,,,,reported,,MRTSM-80
2026-10-05 03:43,2024-01-19,12:00,Дарханы Төмөрлөгийн Үйлдвэр ХХК,Дарханы Төмөрлөгийн Үйлдвэр ХХК,DMP-2403,Iron ore,Fe-58% Төмрийн баяжмал,Fe-58% Төмрийн баяжмал,USD,78.0,2.0,3300.0,https://mse.mn/uploads/auction_schedules/DMP-2403%20mn%2019%2012%20am.pdf,,,,,reported,,DMP-2403
2026-10-05 03:43,2024-01-18,16:00,Монголросцветмет ТӨҮГ,Mongolrostsvetmet (ex-Erdenes Critical Minerals),MRTSM-81,Iron ore,Iron concentrate Fe 65%,Fe-65% Төмрийн баяжмал,USD,110.0,10.0,33000.0,https://mse.mn/uploads/auction_schedules/MRTSM-81-MN%2018%2016pm.pdf,,,,,reported,,MRTSM-81
2026-10-05 03:43,2024-01-18,14:00,Хангад Эксплорэйшн ХХК,Khangad Exploration,KH-24001,Coal,Washed semi-soft coking coal,Баяжуулсан сул коксжих нүүрс,CNY,930.0,2.0,12800.0,https://mse.mn/uploads/auction_schedules/KH-24001%20mn%2018%2014pm.pdf,,,,,reported,,KH-24001
2026-10-05 03:43,2024-01-18,12:00,Монголросцветмет ТӨҮГ,Mongolrostsvetmet (ex-Erdenes Critical Minerals),MRTSM-79,Iron ore,Iron concentrate Fe 65%,Fe-65% Төмрийн баяжмал,USD,115.0,1.0,3300.0,https://mse.mn/uploads/auction_schedules/MRTSM-79%20mn.pdf,,,,,reported,,MRTSM-79
2026-10-05 03:43,2024-01-18,10:00,Энержи Ресурс ХХК,Energy Resources,ER-24008,Coal,Washed coking coal,Баяжуулсан коксжих нүүрс,CNY,1300.0,2.0,12800.0,https://mse.mn/uploads/images/nuursnii_zar/er-24008_mn.pdf,,,,,reported,,ER-24008
2026-10-05 03:43,2024-01-17,16:00,Монголросцветмет ТӨҮГ,Mongolrostsvetmet (ex-Erdenes Critical Minerals),MRTSM-78,Iron ore,Iron concentrate Fe 65%,Fe-65% Төмрийн баяжмал,USD,115.0,1.0,3300.0,https://mse.mn/uploads/auction_schedules/MRTSM-78%20mn.pdf,,,,,reported,,MRTSM-78
2026-10-05 03:43,2024-01-17,14:00,Монголросцветмет ТӨҮГ,Mongolrostsvetmet (ex-Erdenes Critical Minerals),MRTSM-77,Iron ore,Iron concentrate Fe 65%,Fe-65% Төмрийн баяжмал,USD,115.0,1.0,3300.0,https://mse.mn/uploads/auction_schedules/MRTSM-77%20mn.pdf,,,,,reported,,MRTSM-77
2026-10-05 03:43,2024-01-17,12:00,Дарханы Төмөрлөгийн Үйлдвэр ХХК,Дарханы Төмөрлөгийн Үйлдвэр ХХК,DMP-2401,Iron ore,Fe-58% Төмрийн баяжмал,Fe-58% Төмрийн баяжмал,USD,78.0,2.0,6300.0,https://mse.mn/uploads/auction_schedules/dmp-2401%20mn.pdf,,,,,reported,,DMP-2401
2026-10-05 03:43,2024-01-17,10:00,Энержи Ресурс ХХК,Energy Resources,ER-24007,Coal,Washed coking coal,Баяжуулсан коксжих нүүрс,CNY,1300.0,2.0,12800.0,https://mse.mn/uploads/images/nuursnii_zar/er-24007_mn.pdf,,,,,reported,,ER-24007
2026-10-05 03:43,2024-01-16,14:00,Монголросцветмет ТӨҮГ,Mongolrostsvetmet (ex-Erdenes Critical Minerals),MRTSM-76,Iron ore,Iron ore Fe 52%,Fe-52% Төмрийн хүдэр,USD,80.0,6.0,19800.0,https://mse.mn/uploads/images/nuursnii_zar/mrtsm-76.pdf,,,,,reported,,MRTSM-76
2026-10-05 03:43,2024-01-16,12:00,Монголросцветмет ТӨҮГ,Mongolrostsvetmet (ex-Erdenes Critical Minerals),MRTSM-75,Iron ore,Iron ore Fe 52%,Fe-52% Төмрийн хүдэр,USD,80.0,10.0,33000.0,https://mse.mn/uploads/images/nuursnii_zar/mrtsm-75.pdf,,,,,reported,,MRTSM-75
2026-10-05 03:43,2024-01-16,10:00,Энержи Ресурс ХХК,Energy Resources,ER-24006,Coal,Washed coking coal,Баяжуулсан коксжих нүүрс,CNY,1300.0,2.0,12800.0,https://mse.mn/uploads/images/nuursnii_zar/er-24006_mn.pdf,,,,,reported,,ER-24006
2026-10-05 03:43,2024-01-15,12:00,Дарханы Төмөрлөгийн Үйлдвэр ХХК,Дарханы Төмөрлөгийн Үйлдвэр ХХК,DMP-2402,Iron ore,Fe-58% Төмрийн баяжмал,Fe-58% Төмрийн баяжмал,USD,78.0,2.0,6300.0,https://mse.mn/uploads/images/nuursnii_zar/dmp-2340_mn.pdf,,,,,reported,,DMP-2402
2026-10-05 03:43,2024-01-15,10:00,Энержи Ресурс ХХК,Energy Resources,ER-24005,Coal,Washed coking coal,Баяжуулсан коксжих нүүрс,CNY,1300.0,2.0,12800.0,https://mse.mn/uploads/images/nuursnii_zar/er-24005_mn.pdf,,,,,reported,,ER-24005
2026-10-05 03:43,2024-01-12,16:00,Эрдэнэс Тавантолгой ХК,Erdenes Tavan Tolgoi,23/15-OX,Coal,Эрчим хүчний нүүрс,Эрчим хүчний нүүрс,USD,58.1,25.0,160000.0,https://mse.mn/uploads/images/ett-2315-ox-mn.pdf,,,,,reported,,23/15-OX
2026-10-05 03:43,2024-01-12,14:00,Дарханы Төмөрлөгийн Үйлдвэр ХХК,Дарханы Төмөрлөгийн Үйлдвэр ХХК,DMP-2339,Iron ore,Fe-58% Төмрийн баяжмал,Fe-58% Төмрийн баяжмал,USD,78.0,2.0,6300.0,https://mse.mn/uploads/images/dmp-2339-mn.pdf,,,,,reported,,DMP-2339
2026-10-05 03:43,2024-01-12,12:00,Монголросцветмет ТӨҮГ,Mongolrostsvetmet (ex-Erdenes Critical Minerals),MRTSM-74,Iron ore,Iron concentrate Fe 65%,Fe-65% Төмрийн баяжмал,USD,116.0,1.0,3300.0,https://mse.mn/uploads/images/mrtsm-74-mn.pdf,,,,,reported,,MRTSM-74
2026-10-05 03:43,2024-01-12,10:00,Энержи Ресурс ХХК,Energy Resources,ER-24004,Coal,Washed coking coal,Баяжуулсан коксжих нүүрс,CNY,1300.0,2.0,12800.0,https://mse.mn/uploads/images/er-24004-mn.pdf,,,,,reported,,ER-24004
2026-10-05 03:43,2024-01-11,14:00,Дарханы Төмөрлөгийн Үйлдвэр ХХК,Дарханы Төмөрлөгийн Үйлдвэр ХХК,DMP-2338,Iron ore,Fe-58% Төмрийн баяжмал,Fe-58% Төмрийн баяжмал,USD,78.0,2.0,6300.0,https://mse.mn/uploads/images/dmp-2338-mn.pdf,,,,,reported,,DMP-2338
2026-10-05 03:43,2024-01-11,12:00,Монголросцветмет ТӨҮГ,Mongolrostsvetmet (ex-Erdenes Critical Minerals),MRTSM-73,Iron ore,Iron concentrate Fe 65%,Fe-65% Төмрийн баяжмал,USD,116.0,1.0,3300.0,https://mse.mn/uploads/images/mrtsm-73-mn_1.pdf,,,,,reported,,MRTSM-73
2026-10-05 03:43,2024-01-11,10:00,Энержи Ресурс ХХК,Energy Resources,ER-24003,Coal,Washed coking coal,Баяжуулсан коксжих нүүрс,CNY,1300.0,2.0,12800.0,https://mse.mn/uploads/images/er-24003-mn.pdf,,,,,reported,,ER-24003
2026-10-05 03:43,2024-01-10,16:00,Монголросцветмет ТӨҮГ,Mongolrostsvetmet (ex-Erdenes Critical Minerals),MRTSM-72,Iron ore,Iron concentrate Fe 65%,Fe-65% Төмрийн баяжмал,USD,116.0,1.0,3300.0,https://mse.mn/uploads/images/mrtsm-72-mn_1.pdf,,,,,reported,,MRTSM-72
2026-10-05 03:43,2024-01-10,14:00,Дарханы Төмөрлөгийн Үйлдвэр ХХК,Дарханы Төмөрлөгийн Үйлдвэр ХХК,DMP-2340,Iron ore,Fe-58% Төмрийн баяжмал,Fe-58% Төмрийн баяжмал,USD,78.0,2.0,6300.0,https://mse.mn/uploads/images/dmp-2340-mn.pdf,,,,,reported,,DMP-2340
2026-10-05 03:43,2024-01-10,12:00,Монголросцветмет ТӨҮГ,Mongolrostsvetmet (ex-Erdenes Critical Minerals),MRTSM-71,Iron ore,Iron concentrate Fe 65%,Fe-65% Төмрийн баяжмал,USD,116.0,1.0,3300.0,https://mse.mn/uploads/images/mrtsm-71-mn.pdf,,,,,reported,,MRTSM-71
2026-10-05 03:43,2024-01-10,10:00,Энержи Ресурс ХХК,Energy Resources,ER-24002,Coal,Washed coking coal,Баяжуулсан коксжих нүүрс,CNY,1300.0,2.0,12800.0,https://mse.mn/uploads/images/er-24002-mn.pdf,,,,,reported,,ER-24002
2026-10-05 03:43,2024-01-09,10:00,Энержи Ресурс ХХК,Energy Resources,ER-24001,Coal,"Баяжуулсан дунд зэрэг үнслэгтэй, хагас хатуу коксжсон нүүрс","Баяжуулсан дунд зэрэг үнслэгтэй, хагас хатуу коксжсон нүүрс",CNY,510.0,2.0,12800.0,https://mse.mn/uploads/images/er-24001-mn.pdf,,,,,reported,,ER-24001
2026-10-05 03:43,2024-01-08,12:00,Монголросцветмет ТӨҮГ,Mongolrostsvetmet (ex-Erdenes Critical Minerals),MRTSM-70,Iron ore,Iron ore Fe 52%,Fe-52% Төмрийн хүдэр,USD,85.0,16.0,52000.0,https://mse.mn/uploads/images/mrtsm-70-mn.pdf,,,,,reported,,MRTSM-70
2026-10-05 03:43,2024-01-05,12:00,Эрдэнэс Тавантолгой ХК,Erdenes Tavan Tolgoi,23/02-Gas coal,Coal,Дэгдэмхий бодис дундаас их хийн нүүрс,Дэгдэмхий бодис дундаас их хийн нүүрс,USD,86.4,20.0,128000.0,https://mse.mn/uploads/images/coal_auction_schedule/ett-2336.pdf,,,,,reported,,23/02-Gas coal
2026-10-05 03:44,2023-12-28,12:00,Дарханы Төмөрлөгийн Үйлдвэр ХХК,Дарханы Төмөрлөгийн Үйлдвэр ХХК,DMP-2336,Iron ore,Fe-58% Төмрийн баяжмал,Fe-58% Төмрийн баяжмал,USD,80.0,2.0,6300.0,https://mse.mn/uploads/images/202312/dmp-2336_mn.pdf,,,,,reported,,DMP-2336
2026-10-05 03:44,2023-12-28,10:00,Тавантолгой ХК,Tavan Tolgoi JSC,TTOA/2023/018,Coal,Medium-volatile coking coal,"Дэгдэмхий бодис дунд, коксжих нүүрс",USD,158.87,150.0,960000.0,https://mse.mn/uploads/images/202312/ttoa2023018-mn.pdf,,,,,reported,,TTOA/2023/018
2026-10-05 03:44,2023-12-27,12:00,Дарханы Төмөрлөгийн Үйлдвэр ХХК,Дарханы Төмөрлөгийн Үйлдвэр ХХК,DMP-2335,Iron ore,Fe-58% Төмрийн баяжмал,Fe-58% Төмрийн баяжмал,USD,80.0,2.0,6300.0,https://mse.mn/uploads/images/202312/dmp-2335_mn.pdf,,,,,reported,,DMP-2335
2026-10-05 03:44,2023-12-27,10:00,Энержи Ресурс ХХК,Energy Resources,ER-23130,Coal,Washed coking coal,Баяжуулсан коксжих нүүрс,CNY,1330.0,2.0,12800.0,https://mse.mn/uploads/images/202312/er-23130_mn.pdf,,,,,reported,,ER-23130
2026-10-05 03:44,2023-12-26,14:00,Монголросцветмет ТӨҮГ,Mongolrostsvetmet (ex-Erdenes Critical Minerals),MRTSM-69,Iron ore,Iron ore Fe 52%,Fe-52% Төмрийн хүдэр,USD,85.0,16.0,52800.0,https://mse.mn/uploads/images/202312/mrtsm-69_mn.pdf,,,,,reported,,MRTSM-69
2026-10-05 03:44,2023-12-26,12:00,Дарханы Төмөрлөгийн Үйлдвэр ХХК,Дарханы Төмөрлөгийн Үйлдвэр ХХК,DMP-2334,Iron ore,Fe-58% Төмрийн баяжмал,Fe-58% Төмрийн баяжмал,USD,80.0,2.0,6300.0,https://mse.mn/uploads/images/202312/dmp-2334_mn.pdf,,,,,reported,,DMP-2334
2026-10-05 03:44,2023-12-26,10:00,Энержи Ресурс ХХК,Energy Resources,ER-23129,Coal,Washed coking coal,Баяжуулсан коксжих нүүрс,CNY,1330.0,2.0,12800.0,https://mse.mn/uploads/images/202312/er-23129_mn.pdf,,,,,reported,,ER-23129
2026-10-05 03:44,2023-12-25,14:00,Дарханы Төмөрлөгийн Үйлдвэр ХХК,Дарханы Төмөрлөгийн Үйлдвэр ХХК,DMP-2337,Iron ore,Fe-58% Төмрийн баяжмал,Fe-58% Төмрийн баяжмал,USD,80.0,2.0,6300.0,https://mse.mn/uploads/images/202312/dmp-2337_mn.pdf,,,,,reported,,DMP-2337
2026-10-05 03:44,2023-12-25,12:00,Дарханы Төмөрлөгийн Үйлдвэр ХХК,Дарханы Төмөрлөгийн Үйлдвэр ХХК,DMP-2333,Iron ore,Fe-58% Төмрийн баяжмал,Fe-58% Төмрийн баяжмал,USD,80.0,2.0,6300.0,https://mse.mn/uploads/images/202312/dmp-2333_mn.pdf,,,,,reported,,DMP-2333
2026-10-05 03:44,2023-12-25,10:00,Энержи Ресурс ХХК,Energy Resources,ER-23128,Coal,Washed coking coal,Баяжуулсан коксжих нүүрс,CNY,1330.0,2.0,12800.0,https://mse.mn/uploads/images/202312/er-23128_mn.pdf,,,,,reported,,ER-23128
2026-10-05 03:44,2023-12-22,16:00,Эрдэнэс Тавантолгой ХК,Erdenes Tavan Tolgoi,23/35-CO,Coal,Medium-volatile coking coal,"Дэгдэмхий бодис дунд, коксжих нүүрс",USD,172.3,175.0,1120000.0,https://mse.mn/uploads/images/ett-2335-mn.pdf,,,,,reported,,23/35-CO
2026-10-05 03:44,2023-12-22,14:00,Дарханы Төмөрлөгийн Үйлдвэр ХХК,Дарханы Төмөрлөгийн Үйлдвэр ХХК,DMP-2332,Iron ore,Fe-58% Төмрийн баяжмал,Fe-58% Төмрийн баяжмал,USD,80.0,2.0,6300.0,https://mse.mn/uploads/images/dmp-2332-mn_1.pdf,,,,,reported,,DMP-2332
2026-10-05 03:44,2023-12-22,12:00,Дарханы Төмөрлөгийн Үйлдвэр ХХК,Дарханы Төмөрлөгийн Үйлдвэр ХХК,DMP-2331,Iron ore,Fe-58% Төмрийн баяжмал,Fe-58% Төмрийн баяжмал,USD,80.0,1.0,3150.0,https://mse.mn/uploads/images/dmp-2331-mn.pdf,,,,,reported,,DMP-2331
2026-10-05 03:44,2023-12-22,10:00,Энержи Ресурс ХХК,Energy Resources,ER-23127,Coal,Washed coking coal,Баяжуулсан коксжих нүүрс,CNY,1330.0,2.0,12800.0,https://mse.mn/uploads/images/202312/er-23127_mn.pdf,,,,,reported,,ER-23127
2026-10-05 03:44,2023-12-21,16:00,Эрдэнэс Тавантолгой ХК,Erdenes Tavan Tolgoi,23/14-OX,Coal,Эрчим хүчний нүүрс,Эрчим хүчний нүүрс,USD,61.9,25.0,160000.0,https://mse.mn/uploads/images/ett-2314ox-mn.pdf,,,,,reported,,23/14-OX
2026-10-05 03:44,2023-12-21,14:00,Дарханы Төмөрлөгийн Үйлдвэр ХХК,Дарханы Төмөрлөгийн Үйлдвэр ХХК,DMP-2329,Iron ore,Fe-58% Төмрийн баяжмал,Fe-58% Төмрийн баяжмал,USD,78.0,7.0,22050.0,https://mse.mn/uploads/images/dmp-2329-mn.pdf,,,,,reported,,DMP-2329
2026-10-05 03:44,2023-12-21,12:00,Дарханы Төмөрлөгийн Үйлдвэр ХХК,Дарханы Төмөрлөгийн Үйлдвэр ХХК,DMP-2330,Iron ore,Fe-58% Төмрийн баяжмал,Fe-58% Төмрийн баяжмал,USD,80.0,1.0,3150.0,https://mse.mn/uploads/images/202312/dmp-2330_mn.pdf,,,,,reported,,DMP-2330
2026-10-05 03:44,2023-12-21,10:00,Энержи Ресурс ХХК,Energy Resources,ER-23126,Coal,Washed coking coal,Баяжуулсан коксжих нүүрс,CNY,1330.0,2.0,12800.0,https://mse.mn/uploads/images/202312/er-23126_mn.pdf,,,,,reported,,ER-23126
2026-10-05 03:44,2023-12-20,14:00,Дарханы Төмөрлөгийн Үйлдвэр ХХК,Дарханы Төмөрлөгийн Үйлдвэр ХХК,DMP-2328,Iron ore,Fe-58% Төмрийн баяжмал,Fe-58% Төмрийн баяжмал,USD,80.0,2.0,6300.0,https://mse.mn/uploads/images/202312/dmp-2328_mn.pdf,,,,,reported,,DMP-2328
2026-10-05 03:44,2023-12-20,10:00,Энержи Ресурс ХХК,Energy Resources,ER-23125,Coal,Washed coking coal,Баяжуулсан коксжих нүүрс,CNY,1330.0,2.0,12800.0,https://mse.mn/uploads/images/202312/er-23125_mn.pdf,,,,,reported,,ER-23125
2026-10-05 03:44,2023-12-19,12:00,"""Андын Илч"" ХХК","""Андын Илч"" ХХК",archive-73821add223910cfa095,Coal,Чийг багатай хүрэн нүүрс,Чийг багатай хүрэн нүүрс,CNY,220.0,2.0,12800.0,https://mse.mn/uploads/images/202312/andiinilch-mn.pdf,,,,,reported,,0
2026-10-05 03:44,2023-12-19,10:00,Энержи Ресурс ХХК,Energy Resources,archive-dcb15fc3c299178699a2,Coal,Washed coking coal,Баяжуулсан коксжих нүүрс,CNY,1330.0,2.0,12800.0,https://mse.mn/uploads/images/202312/er-23124_m.pdf,,,,,reported,,0
2026-10-05 03:44,2023-12-18,16:00,Монголросцветмет ТӨҮГ,Mongolrostsvetmet (ex-Erdenes Critical Minerals),archive-4c150a45075d77b864cd,Iron ore,Iron ore Fe 52%,Fe-52% Төмрийн хүдэр,USD,85.0,16.0,52800.0,https://mse.mn/uploads/images/202312/mrtsm-68_mn.pdf,,,,,reported,,0
2026-10-05 03:44,2023-12-18,14:00,Энержи Ресурс ХХК,Energy Resources,archive-f77ef247bf6b504ec5a0,Coal,"Баяжуулсан дунд зэрэг үнслэгтэй, хагас хатуу коксжсон нүүрс","Баяжуулсан дунд зэрэг үнслэгтэй, хагас хатуу коксжсон нүүрс",CNY,530.0,2.0,12800.0,https://mse.mn/uploads/images/202312/er-23123_m.pdf,,,,,reported,,0
2026-10-05 03:44,2023-12-18,10:00,Энержи Ресурс ХХК,Energy Resources,archive-bf51a0e57f5767bf9118,Coal,Washed coking coal,Баяжуулсан коксжих нүүрс,CNY,1330.0,2.0,12800.0,https://mse.mn/uploads/images/202312/er-23122_m.pdf,,,,,reported,,0
2026-10-05 03:44,2023-12-15,16:00,Тавантолгой ХК,Tavan Tolgoi JSC,archive-090d0b615a0e5080655b,Coal,Medium-volatile coking coal,"Дэгдэмхий бодис дунд, коксжих нүүрс",USD,149.0,98.0,627200.0,https://mse.mn/uploads/images/ttl-12.15-mn_1.pdf,,,,,reported,,0
2026-10-05 03:44,2023-12-15,14:00,Дарханы Төмөрлөгийн Үйлдвэр ХХК,Дарханы Төмөрлөгийн Үйлдвэр ХХК,archive-ae215fa14335f6666f32,Iron ore,Fe-58% Төмрийн баяжмал,Fe-58% Төмрийн баяжмал,USD,84.0,4.0,13200.0,https://mse.mn/uploads/images/dmp-2327-mn.pdf,,,,,reported,,0
2026-10-05 03:44,2023-12-15,12:00,Монголросцветмет ТӨҮГ,Mongolrostsvetmet (ex-Erdenes Critical Minerals),archive-373126fdd01427fb5a0d,Iron ore,Iron ore Fe 52%,Fe-52% Төмрийн хүдэр,USD,85.0,1.0,3300.0,https://mse.mn/uploads/images/mrtsm-67.pdf,,,,,reported,,0
2026-10-05 03:44,2023-12-15,10:00,Энержи Ресурс ХХК,Energy Resources,archive-a9f75a85777b778b4719,Coal,Washed coking coal,Баяжуулсан коксжих нүүрс,CNY,1330.0,2.0,12800.0,https://mse.mn/uploads/images/er-23121_нүүрсний_арилжаа_захиалга_12.15-1-2.pdf,,,,,reported,,0
2026-10-05 03:44,2023-12-14,14:00,Эрдэнэс Тавантолгой ХК,Erdenes Tavan Tolgoi,archive-00119f6035e269013efc,Coal,Эрчим хүчний нүүрс,Эрчим хүчний нүүрс,USD,61.8,20.0,128000.0,https://mse.mn/uploads/images/2313-%D0%BE%D1%85-%D0%BC%D0%BD.pdf,,,,,reported,,0
2026-10-05 03:44,2023-12-14,12:00,Монголросцветмет ТӨҮГ,Mongolrostsvetmet (ex-Erdenes Critical Minerals),archive-e952e3621709560e4095,Iron ore,Iron ore Fe 52%,Fe-52% Төмрийн хүдэр,USD,85.0,1.0,3300.0,https://mse.mn/uploads/images/mrtsm-66-mn.pdf,,,,,reported,,0
2026-10-05 03:44,2023-12-14,10:00,Энержи Ресурс ХХК,Energy Resources,archive-05482a50e4d725ed0311,Coal,Washed coking coal,Баяжуулсан коксжих нүүрс,CNY,1330.0,2.0,12800.0,https://mse.mn/uploads/images/er-23120_нүүрсний_арилжаа_захиалга_12.14-1-2.pdf,,,,,reported,,0
2026-10-05 03:44,2023-12-13,14:00,Дарханы Төмөрлөгийн Үйлдвэр ХХК,Дарханы Төмөрлөгийн Үйлдвэр ХХК,archive-679703d838d8d0e3d12c,Iron ore,Fe-58% Төмрийн баяжмал,Fe-58% Төмрийн баяжмал,USD,85.0,2.0,6600.0,https://mse.mn/uploads/images/dmp-2326-mn_1.pdf,,,,,reported,,0
2026-10-05 03:44,2023-12-13,12:00,Монголросцветмет ТӨҮГ,Mongolrostsvetmet (ex-Erdenes Critical Minerals),archive-1ce2406c30a14ddf7f28,Iron ore,Iron ore Fe 52%,Fe-52% Төмрийн хүдэр,USD,85.0,1.0,3300.0,https://mse.mn/uploads/images/mrtsm-65.pdf,,,,,reported,,0
2026-10-05 03:44,2023-12-13,10:00,Энержи Ресурс ХХК,Energy Resources,archive-447cd162069d4ddda61a,Coal,Washed coking coal,Баяжуулсан коксжих нүүрс,CNY,1330.0,2.0,12800.0,https://mse.mn/uploads/images/er-23119_нүүрсний_арилжаа_захиалга_12.13-1-2.pdf,,,,,reported,,0
2026-10-05 03:44,2023-12-12,12:00,Монголросцветмет ТӨҮГ,Mongolrostsvetmet (ex-Erdenes Critical Minerals),archive-ba3cfc12d2e092723319,Iron ore,Iron ore Fe 52%,Fe-52% Төмрийн хүдэр,USD,85.0,1.0,3300.0,https://mse.mn/uploads/images/mrtsm-64-mn.pdf,,,,,reported,,0
2026-10-05 03:44,2023-12-12,10:00,Энержи Ресурс ХХК,Energy Resources,archive-b8c9df8378cf4e187da7,Coal,Washed coking coal,Баяжуулсан коксжих нүүрс,CNY,1330.0,2.0,12800.0,https://mse.mn/uploads/images/er-23118_нүүрсний_арилжаа_захиалга_12.12-1-2.pdf,,,,,reported,,0
2026-10-05 03:44,2023-12-11,16:00,Дарханы Төмөрлөгийн Үйлдвэр ХХК,Дарханы Төмөрлөгийн Үйлдвэр ХХК,archive-2949aa5f01e15437de5e,Iron ore,Fe-58% Төмрийн баяжмал,Fe-58% Төмрийн баяжмал,USD,84.0,4.0,13200.0,https://mse.mn/uploads/images/dmp-2325-mn.pdf,,,,,reported,,0
2026-10-05 03:44,2023-12-11,14:00,"""Андын Илч"" ХХК","""Андын Илч"" ХХК",archive-c3f02d338fb631e90a13,Coal,Чийг багатай хүрэн нүүрс,Чийг багатай хүрэн нүүрс,CNY,220.0,2.0,12800.0,https://mse.mn/uploads/images/andiinilch-mn.pdf,,,,,reported,,0
2026-10-05 03:44,2023-12-11,12:00,Монголросцветмет ТӨҮГ,Mongolrostsvetmet (ex-Erdenes Critical Minerals),archive-5234314dccdf72319a1f,Iron ore,Iron ore Fe 52%,Fe-52% Төмрийн хүдэр,USD,85.0,1.0,3300.0,https://mse.mn/uploads/images/mrtsm-63-mn.pdf,,,,,reported,,0
2026-10-05 03:44,2023-12-11,10:00,Энержи Ресурс ХХК,Energy Resources,archive-44d9ec7ac1c3d65484bf,Coal,Washed coking coal,Баяжуулсан коксжих нүүрс,CNY,1330.0,2.0,12800.0,https://mse.mn/uploads/images/er-23117_нүүрсний_арилжаа_захиалга_12.11-1-2.pdf,,,,,reported,,0
2026-10-05 03:44,2023-12-08,16:00,Дарханы Төмөрлөгийн Үйлдвэр ХХК,Дарханы Төмөрлөгийн Үйлдвэр ХХК,archive-d070815f4d2c2901e7f1,Iron ore,Fe-58% Төмрийн баяжмал,Fe-58% Төмрийн баяжмал,USD,76.0,2.0,6600.0,https://mse.mn/uploads/images/dmp-2324-mn.pdf,,,,,reported,,0
2026-10-05 03:44,2023-12-08,14:00,Энержи Ресурс ХХК,Energy Resources,archive-3ee7d50601d7deb3f9f8,Coal,Washed coking coal,Баяжуулсан коксжих нүүрс,CNY,1330.0,2.0,12800.0,https://mse.mn/uploads/images/er-23116_нүүрсний_арилжаа_захиалга_12.8-1-2.pdf,,,,,reported,,0
2026-10-05 03:44,2023-12-08,12:00,Монголросцветмет ТӨҮГ,Mongolrostsvetmet (ex-Erdenes Critical Minerals),archive-d89cda75867a6669d9e9,Iron ore,Iron ore Fe 52%,Fe-52% Төмрийн хүдэр,USD,85.0,1.0,3300.0,https://mse.mn/uploads/images/mrtsm-12.08-mn.pdf,,,,,reported,,0
2026-10-05 03:44,2023-12-08,10:00,Энержи Ресурс ХХК,Energy Resources,archive-a5cd200b4619d41200c7,Coal,Washed coking coal,Баяжуулсан коксжих нүүрс,CNY,1330.0,2.0,12800.0,https://mse.mn/uploads/images/er-23115_нүүрсний_арилжаа_захиалга_12.8-1-2.pdf,,,,,reported,,0
2026-10-05 03:44,2023-12-07,16:00,Эрдэнэс Тавантолгой ХК,Erdenes Tavan Tolgoi,archive-bdf582b214329ab48f05,Coal,Хатуу коксжих нүүрс,Хатуу коксжих нүүрс,USD,101.0,14.0,89600.0,https://mse.mn/uploads/images/ett-2321-3.1_co-mn.pdf,,,,,reported,,0
2026-10-05 03:44,2023-12-07,14:00,Энержи Ресурс ХХК,Energy Resources,archive-950b87742bad629c8b44,Coal,Washed coking coal,Баяжуулсан коксжих нүүрс,CNY,1330.0,2.0,12800.0,https://mse.mn/uploads/images/er-23114_нүүрсний_арилжаа_захиалга_12.7-1-2.pdf,,,,,reported,,0
2026-10-05 03:44,2023-12-07,12:00,Монголросцветмет ТӨҮГ,Mongolrostsvetmet (ex-Erdenes Critical Minerals),archive-2ef2c87013192244ffc3,Iron ore,Iron ore Fe 52%,Fe-52% Төмрийн хүдэр,USD,85.0,1.0,3300.0,https://mse.mn/uploads/images/mrtsm-61.pdf,,,,,reported,,0
2026-10-05 03:44,2023-12-07,10:00,Энержи Ресурс ХХК,Energy Resources,archive-9c5c0dd177a855551ca6,Coal,Washed coking coal,Баяжуулсан коксжих нүүрс,CNY,1330.0,2.0,12800.0,https://mse.mn/uploads/images/er-23113_нүүрсний_арилжаа_захиалга_12.7-1-2.pdf,,,,,reported,,0
2026-10-05 03:44,2023-12-06,16:00,Дарханы Төмөрлөгийн Үйлдвэр ХХК,Дарханы Төмөрлөгийн Үйлдвэр ХХК,archive-559875f865ca6f70c95e,Iron ore,Fe-58% Төмрийн баяжмал,Fe-58% Төмрийн баяжмал,USD,76.0,2.0,6600.0,https://mse.mn/uploads/images/dmp-2323-mn.pdf,,,,,reported,,0
2026-10-05 03:44,2023-12-06,14:00,Энержи Ресурс ХХК,Energy Resources,archive-0eac9a9cac453fe03224,Coal,Washed coking coal,Баяжуулсан коксжих нүүрс,CNY,1330.0,2.0,12800.0,https://mse.mn/uploads/images/er-23112_нүүрсний_арилжаа_захиалга_12.6-1-2.pdf,,,,,reported,,0
2026-10-05 03:44,2023-12-06,12:00,Монголросцветмет ТӨҮГ,Mongolrostsvetmet (ex-Erdenes Critical Minerals),archive-7a414d8763cf5d984c6c,Iron ore,Iron ore Fe 52%,Fe-52% Төмрийн хүдэр,USD,85.0,1.0,3300.0,https://mse.mn/uploads/images/mrtsm-60-mn.pdf,,,,,reported,,0
2026-10-05 03:44,2023-12-06,10:00,Энержи Ресурс ХХК,Energy Resources,archive-7de564e934a7f07d8b9f,Coal,Washed coking coal,Баяжуулсан коксжих нүүрс,CNY,1330.0,2.0,12800.0,https://mse.mn/uploads/images/er-23111_нүүрсний_арилжаа_захиалга_12.6-1-2.pdf,,,,,reported,,0
2026-10-05 03:44,2023-12-05,16:00,Дарханы Төмөрлөгийн Үйлдвэр ХХК,Дарханы Төмөрлөгийн Үйлдвэр ХХК,archive-e09db866d4bb84cc7e5c,Iron ore,Fe-58% Төмрийн баяжмал,Fe-58% Төмрийн баяжмал,USD,76.0,2.0,6600.0,https://mse.mn/uploads/images/dmp-2322-mn.pdf,,,,,reported,,0
2026-10-05 03:44,2023-12-05,14:00,Энержи Ресурс ХХК,Energy Resources,archive-7a58823a8938416040c8,Coal,Washed coking coal,Баяжуулсан коксжих нүүрс,CNY,1330.0,2.0,12800.0,https://mse.mn/uploads/images/er-23110_нүүрсний_арилжаа_захиалга_12.5-1-2.pdf,,,,,reported,,0
2026-10-05 03:44,2023-12-05,12:00,Монголросцветмет ТӨҮГ,Mongolrostsvetmet (ex-Erdenes Critical Minerals),archive-67cc3053a8875201a043,Iron ore,Iron ore Fe 52%,Fe-52% Төмрийн хүдэр,USD,85.0,1.0,3300.0,https://mse.mn/uploads/images/mrtsm-59-mn.pdf,,,,,reported,,0
2026-10-05 03:44,2023-12-05,10:00,Энержи Ресурс ХХК,Energy Resources,archive-c7a046b18f0db7c45a11,Coal,Washed coking coal,Баяжуулсан коксжих нүүрс,CNY,1330.0,2.0,12800.0,https://mse.mn/uploads/images/er-23109_нүүрсний_арилжаа_захиалга_12.5-1-2.pdf,,,,,reported,,0
2026-10-05 03:44,2023-12-04,14:00,Энержи Ресурс ХХК,Energy Resources,archive-bdb7f80de2cfb7016342,Coal,Washed coking coal,Баяжуулсан коксжих нүүрс,CNY,1330.0,2.0,12800.0,https://mse.mn/uploads/images/er-23108_нүүрсний_арилжаа_захиалга_12.4-1-2.pdf,,,,,reported,,0
2026-10-05 03:44,2023-12-04,12:00,Монголросцветмет ТӨҮГ,Mongolrostsvetmet (ex-Erdenes Critical Minerals),archive-ae24fcd733a86dbe7b7f,Iron ore,Iron ore Fe 52%,Fe-52% Төмрийн хүдэр,USD,85.0,1.0,3300.0,https://mse.mn/uploads/images/mrtsm-58-mn.pdf,,,,,reported,,0
2026-10-05 03:44,2023-12-04,10:00,Энержи Ресурс ХХК,Energy Resources,archive-86d5ffa04e67a1ffa9f4,Coal,Washed coking coal,Баяжуулсан коксжих нүүрс,CNY,1330.0,2.0,12800.0,https://mse.mn/uploads/images/er-23107_нүүрсний_арилжаа_захиалга_12.4-1-2.pdf,,,,,reported,,0
2026-10-05 03:44,2023-12-01,14:00,Хангад Эксплорэйшн ХХК,Khangad Exploration,archive-0275e38b6eef6db62096,Coal,Washed semi-soft coking coal,Баяжуулсан сул коксжих нүүрс,CNY,930.0,2.0,12800.0,https://mse.mn/uploads/images/kh-23014-mn.pdf,,,,,reported,,0
2026-10-05 03:44,2023-12-01,12:00,Монголросцветмет ТӨҮГ,Mongolrostsvetmet (ex-Erdenes Critical Minerals),archive-65e08d4de9056fddb380,Iron ore,Iron ore Fe 52%,Fe-52% Төмрийн хүдэр,USD,75.0,1.0,3300.0,https://mse.mn/uploads/images/mrtsm-57-mn.pdf,,,,,reported,,0
2026-10-05 03:44,2023-12-01,10:00,Энержи Ресурс ХХК,Energy Resources,archive-c2d2716ce16828fbddad,Coal,Washed coking coal,Баяжуулсан коксжих нүүрс,CNY,1330.0,2.0,12800.0,https://mse.mn/uploads/images/er-23106_нүүрсний_арилжаа_захиалга_12.1-m.pdf,,,,,reported,,0
2026-10-05 03:44,2023-11-30,14:00,Хангад Эксплорэйшн ХХК,Khangad Exploration,archive-98a5cc5f43c123225670,Coal,Washed semi-soft coking coal,Баяжуулсан сул коксжих нүүрс,CNY,930.0,2.0,12800.0,https://mse.mn/uploads/images/kh-23013-mn.pdf,,,,,reported,,0
2026-10-05 03:44,2023-11-30,12:00,Монголросцветмет ТӨҮГ,Mongolrostsvetmet (ex-Erdenes Critical Minerals),archive-a69fba57b7d87355abd3,Iron ore,Iron ore Fe 52%,Fe-52% Төмрийн хүдэр,USD,75.0,1.0,3300.0,https://mse.mn/uploads/images/mrtsm-56-mn.pdf,,,,,reported,,0
2026-10-05 03:44,2023-11-30,10:00,Энержи Ресурс ХХК,Energy Resources,archive-9d12de49c04682957e15,Coal,Washed coking coal,Баяжуулсан коксжих нүүрс,CNY,1330.0,2.0,12800.0,https://mse.mn/uploads/images/er-23105_нүүрсний_арилжаа_захиалга_11.30-mn.pdf,,,,,reported,,0
2026-10-05 03:44,2023-11-29,14:00,Эрдэнэс Тавантолгой ХК,Erdenes Tavan Tolgoi,archive-b6826dc1bd80ed130c1d,Coal,Medium-volatile coking coal,"Дэгдэмхий бодис дунд, коксжих нүүрс",USD,151.6,20.0,128000.0,https://mse.mn/uploads/images/ett-2334-co-mn.pdf,,,,,reported,,0
2026-10-05 03:44,2023-11-29,12:00,Монголросцветмет ТӨҮГ,Mongolrostsvetmet (ex-Erdenes Critical Minerals),archive-43082ee6b45aed21575d,Iron ore,Iron ore Fe 52%,Fe-52% Төмрийн хүдэр,USD,75.0,1.0,3300.0,https://mse.mn/uploads/images/mrtsm-55-mn.pdf,,,,,reported,,0
2026-10-05 03:44,2023-11-29,10:00,Энержи Ресурс ХХК,Energy Resources,archive-d7ccca93c281b1ac627d,Coal,Washed coking coal,Баяжуулсан коксжих нүүрс,CNY,1330.0,2.0,12800.0,https://mse.mn/uploads/images/er-23104_нүүрсний_арилжаа_захиалга_11.29-mn.pdf,,,,,reported,,0
2026-10-05 03:44,2023-11-28,14:00,Хангад Эксплорэйшн ХХК,Khangad Exploration,archive-be967f2bd3b271559b96,Coal,Washed semi-soft coking coal,Баяжуулсан сул коксжих нүүрс,CNY,930.0,2.0,12800.0,https://mse.mn/uploads/images/kh-23012-mn.pdf,,,,,reported,,0
2026-10-05 03:44,2023-11-28,12:00,Монголросцветмет ТӨҮГ,Mongolrostsvetmet (ex-Erdenes Critical Minerals),archive-a2d22dc2098cd02514db,Iron ore,Iron ore Fe 52%,Fe-52% Төмрийн хүдэр,USD,75.0,1.0,3300.0,https://mse.mn/uploads/images/mrtsm-11.28-mn.pdf,,,,,reported,,0
2026-10-05 03:44,2023-11-28,10:00,Энержи Ресурс ХХК,Energy Resources,archive-e6e5ebd550a2da3a34b6,Coal,Washed coking coal,Баяжуулсан коксжих нүүрс,CNY,1330.0,2.0,12800.0,https://mse.mn/uploads/images/er-23103_нүүрсний_арилжаа_захиалга_11.28-mn.pdf,,,,,reported,,0
2026-10-05 03:44,2023-11-27,12:00,Монголросцветмет ТӨҮГ,Mongolrostsvetmet (ex-Erdenes Critical Minerals),archive-587840e4c9069d9a2968,Iron ore,Iron ore Fe 52%,Fe-52% Төмрийн хүдэр,USD,75.0,1.0,3300.0,https://mse.mn/uploads/images/mrtsm-53-mn.pdf,,,,,reported,,0
2026-10-05 03:44,2023-11-27,10:00,Энержи Ресурс ХХК,Energy Resources,archive-b68ecc3131825e7f3ef6,Coal,Washed coking coal,Баяжуулсан коксжих нүүрс,CNY,1330.0,2.0,12800.0,https://mse.mn/uploads/images/er-23102_нүүрсний_арилжаа_захиалга_11.27-mn.pdf,,,,,reported,,0
2026-10-05 03:44,2023-11-24,12:00,Монголросцветмет ТӨҮГ,Mongolrostsvetmet (ex-Erdenes Critical Minerals),archive-e5404784e454f52ace29,Iron ore,Iron ore Fe 52%,Fe-52% Төмрийн хүдэр,USD,75.0,1.0,3300.0,https://mse.mn/uploads/images/mrs-11.24-mn.pdf,,,,,reported,,0
2026-10-05 03:44,2023-11-24,10:00,Энержи Ресурс ХХК,Energy Resources,archive-ab9ae367b125f517e9ef,Coal,Washed coking coal,Баяжуулсан коксжих нүүрс,CNY,1330.0,2.0,12800.0,https://mse.mn/uploads/images/er-101-mn.pdf,,,,,reported,,0
2026-10-05 03:44,2023-11-23,14:00,Эрдэнэс Тавантолгой ХК,Erdenes Tavan Tolgoi,archive-c00d31dbde2950efe35e,Coal,Medium-volatile coking coal,"Дэгдэмхий бодис дунд, коксжих нүүрс",USD,141.4,20.0,128000.0,https://mse.mn/uploads/images/ett-2333-co-mn.pdf,,,,,reported,,0
2026-10-05 03:44,2023-11-23,12:00,Монголросцветмет ТӨҮГ,Mongolrostsvetmet (ex-Erdenes Critical Minerals),archive-3dab07eea6ed81afed03,Iron ore,Iron ore Fe 52%,Fe-52% Төмрийн хүдэр,USD,75.0,1.0,3300.0,https://mse.mn/uploads/images/mrs-11.23-mn.pdf,,,,,reported,,0
2026-10-05 03:44,2023-11-23,10:00,Энержи Ресурс ХХК,Energy Resources,archive-6b3e0a8ee7549f104a8f,Coal,Washed coking coal,Баяжуулсан коксжих нүүрс,CNY,1330.0,2.0,12800.0,https://mse.mn/uploads/images/er-23100-mn.pdf,,,,,reported,,0
2026-10-05 03:44,2023-11-22,12:00,Монголросцветмет ТӨҮГ,Mongolrostsvetmet (ex-Erdenes Critical Minerals),archive-23a30b6fb7c767da87f1,Iron ore,Iron ore Fe 52%,Fe-52% Төмрийн хүдэр,USD,75.0,1.0,3300.0,https://mse.mn/uploads/images/mrs-11.22-mn.pdf,,,,,reported,,0
2026-10-05 03:44,2023-11-22,10:00,Энержи Ресурс ХХК,Energy Resources,archive-db3c2c70226ffd7394d4,Coal,Washed coking coal,Баяжуулсан коксжих нүүрс,CNY,1330.0,2.0,12800.0,https://mse.mn/uploads/images/er-23099-mn.pdf,,,,,reported,,0
2026-10-05 03:44,2023-11-21,12:00,Монголросцветмет ТӨҮГ,Mongolrostsvetmet (ex-Erdenes Critical Minerals),archive-703fa7ef4cccb35ca8ec,Iron ore,Iron ore Fe 52%,Fe-52% Төмрийн хүдэр,USD,75.0,1.0,3300.0,https://mse.mn/uploads/images/mrs-11.21-mn.pdf,,,,,reported,,0
2026-10-05 03:44,2023-11-21,10:00,Энержи Ресурс ХХК,Energy Resources,archive-2a093fdd9836cceff7cb,Coal,Washed coking coal,Баяжуулсан коксжих нүүрс,CNY,1330.0,2.0,12800.0,https://mse.mn/uploads/images/er-23098-mn.pdf,,,,,reported,,0
2026-10-05 03:44,2023-11-20,14:00,Энержи Ресурс ХХК,Energy Resources,archive-efd420f147bb1a586101,Coal,Washed coking coal,Баяжуулсан коксжих нүүрс,CNY,1330.0,2.0,12800.0,https://mse.mn/uploads/images/er-23097-mn.pdf,,,,,reported,,0
2026-10-05 03:44,2023-11-20,12:00,Монголросцветмет ТӨҮГ,Mongolrostsvetmet (ex-Erdenes Critical Minerals),archive-605a9f31d963a2eff9fa,Iron ore,Iron ore Fe 52%,Fe-52% Төмрийн хүдэр,USD,75.0,1.0,3300.0,https://mse.mn/uploads/images/mrs-11.20-mn.pdf,,,,,reported,,0
2026-10-05 03:44,2023-11-20,10:00,Энержи Ресурс ХХК,Energy Resources,archive-6c0537bf4642b73b5dca,Coal,"Баяжуулсан дунд зэрэг үнслэгтэй, хагас хатуу коксжсон нүүрс","Баяжуулсан дунд зэрэг үнслэгтэй, хагас хатуу коксжсон нүүрс",CNY,530.0,2.0,12800.0,https://mse.mn/uploads/images/er-23096-mn.pdf,,,,,reported,,0
2026-10-05 03:44,2023-11-17,14:00,Дарханы Төмөрлөгийн Үйлдвэр ХХК,Дарханы Төмөрлөгийн Үйлдвэр ХХК,archive-733a6e8e71dfe1422d53,Iron ore,Fe-58% Төмрийн баяжмал,Fe-58% Төмрийн баяжмал,USD,74.0,2.0,6800.0,https://mse.mn/uploads/images/dmp-2321-mn.pdf,,,,,reported,,0
2026-10-05 03:44,2023-11-17,12:00,Монголросцветмет ТӨҮГ,Mongolrostsvetmet (ex-Erdenes Critical Minerals),archive-339d151d4e6854c39b72,Iron ore,Iron ore Fe 52%,Fe-52% Төмрийн хүдэр,USD,72.0,1.0,3300.0,https://mse.mn/uploads/images/mrtsm-47-mn.pdf,,,,,reported,,0
2026-10-05 03:44,2023-11-17,10:00,Энержи Ресурс ХХК,Energy Resources,archive-d4341ae54053524ee7d2,Coal,Washed coking coal,Баяжуулсан коксжих нүүрс,CNY,1330.0,2.0,12800.0,https://mse.mn/uploads/images/er-23095-mn.pdf,,,,,reported,,0
2026-10-05 03:44,2023-11-16,14:00,Эрдэнэс Тавантолгой ХК,Erdenes Tavan Tolgoi,archive-b0680c5a099f7ebe7ece,Coal,Medium-volatile coking coal,"Дэгдэмхий бодис дунд, коксжих нүүрс",USD,138.0,25.0,160000.0,https://mse.mn/uploads/images/ett-2332-mn.pdf,,,,,reported,,0
2026-10-05 03:44,2023-11-16,12:00,Монголросцветмет ТӨҮГ,Mongolrostsvetmet (ex-Erdenes Critical Minerals),archive-61b5932bbdeace867b25,Iron ore,Iron ore Fe 52%,Fe-52% Төмрийн хүдэр,USD,72.0,1.0,3300.0,https://mse.mn/uploads/images/mrstm-46-mn.pdf,,,,,reported,,0
2026-10-05 03:44,2023-11-16,10:00,Энержи Ресурс ХХК,Energy Resources,archive-731d3911d1468ce6a1cb,Coal,Washed coking coal,Баяжуулсан коксжих нүүрс,CNY,1330.0,2.0,12800.0,https://mse.mn/uploads/images/er-23094-mn.pdf,,,,,reported,,0
2026-10-05 03:44,2023-11-15,16:00,Дарханы Төмөрлөгийн Үйлдвэр ХХК,Дарханы Төмөрлөгийн Үйлдвэр ХХК,archive-a3c6e43005584d0775ac,Iron ore,Fe-58% Төмрийн баяжмал,Fe-58% Төмрийн баяжмал,USD,72.0,2.0,6800.0,https://mse.mn/uploads/images/dmp-2320-mn.pdf,,,,,reported,,0
2026-10-05 03:44,2023-11-15,14:00,Энержи Ресурс ХХК,Energy Resources,archive-4f4ddb2971249962f36d,Coal,Washed coking coal,Баяжуулсан коксжих нүүрс,CNY,1330.0,2.0,12800.0,https://mse.mn/uploads/images/er-23093-mn.pdf,,,,,reported,,0
2026-10-05 03:44,2023-11-15,12:00,Монголросцветмет ТӨҮГ,Mongolrostsvetmet (ex-Erdenes Critical Minerals),archive-f16f6e30f8cd76772e97,Iron ore,Iron ore Fe 52%,Fe-52% Төмрийн хүдэр,USD,72.0,1.0,3300.0,https://mse.mn/uploads/images/mrtsm-45-mn.pdf,,,,,reported,,0
2026-10-05 03:44,2023-11-15,10:00,Энержи Ресурс ХХК,Energy Resources,archive-204b6cfec437a1971901,Coal,Washed coking coal,Баяжуулсан коксжих нүүрс,CNY,1330.0,2.0,12800.0,https://mse.mn/uploads/images/er-23092-mn.pdf,,,,,reported,,0
2026-10-05 03:44,2023-11-14,16:00,Дарханы Төмөрлөгийн Үйлдвэр ХХК,Дарханы Төмөрлөгийн Үйлдвэр ХХК,archive-2c0eb1a60b8975e20725,Iron ore,Fe-58% Төмрийн баяжмал,Fe-58% Төмрийн баяжмал,USD,74.0,2.0,6800.0,https://mse.mn/uploads/images/dmp-11.14-mn.pdf,,,,,reported,,0
2026-10-05 03:44,2023-11-14,14:00,Монголросцветмет ТӨҮГ,Mongolrostsvetmet (ex-Erdenes Critical Minerals),archive-9f8eaf8bdd211402f554,Iron ore,Iron ore Fe 52%,Fe-52% Төмрийн хүдэр,USD,72.0,1.0,3300.0,https://mse.mn/uploads/images/mrs-11.14-14.pdf,,,,,reported,,0
2026-10-05 03:44,2023-11-14,12:00,Монголросцветмет ТӨҮГ,Mongolrostsvetmet (ex-Erdenes Critical Minerals),archive-145a0f784b25f1948ff7,Iron ore,Iron ore Fe 52%,Fe-52% Төмрийн хүдэр,USD,72.0,1.0,3300.0,https://mse.mn/uploads/images/mrs-11.14-12.pdf,,,,,reported,,0
2026-10-05 03:44,2023-11-14,10:00,Энержи Ресурс ХХК,Energy Resources,archive-dad2b9c648a9c2eef473,Coal,Washed coking coal,Баяжуулсан коксжих нүүрс,CNY,1330.0,2.0,12800.0,https://mse.mn/uploads/images/er-11.14.pdf,,,,,reported,,0
2026-10-05 03:44,2023-11-10,16:00,Дарханы Төмөрлөгийн Үйлдвэр ХХК,Дарханы Төмөрлөгийн Үйлдвэр ХХК,archive-b6c650cc9a24b34616e5,Iron ore,Fe-58% Төмрийн баяжмал,Fe-58% Төмрийн баяжмал,USD,70.0,2.0,6800.0,https://mse.mn/uploads/images/dmp-11.10-mn.pdf,,,,,reported,,0
2026-10-05 03:44,2023-11-10,14:00,Монголросцветмет ТӨҮГ,Mongolrostsvetmet (ex-Erdenes Critical Minerals),archive-00c710bb49c5c41ed227,Iron ore,Iron ore Fe 52%,Fe-52% Төмрийн хүдэр,USD,70.0,16.0,52000.0,https://mse.mn/uploads/images/mrs-11.10-2-mn.pdf,,,,,reported,,0
2026-10-05 03:44,2023-11-10,12:00,Монголросцветмет ТӨҮГ,Mongolrostsvetmet (ex-Erdenes Critical Minerals),archive-dd303cc297e80db243c7,Iron ore,Iron ore Fe 52%,Fe-52% Төмрийн хүдэр,USD,70.0,1.0,3250.0,https://mse.mn/uploads/images/mrs-11.10-mn.pdf,,,,,reported,,0
2026-10-05 03:44,2023-11-10,10:00,Энержи Ресурс ХХК,Energy Resources,archive-6620c15a0584a6a0993e,Coal,Washed coking coal,Баяжуулсан коксжих нүүрс,CNY,1330.0,2.0,12800.0,https://mse.mn/uploads/images/er-23090_%D0%BD%D2%AF%D2%AF%D1%80%D1%81%D0%BD%D0%B8%D0%B9_%D0%B0%D1%80%D0%B8%D0%BB%D0%B6%D0%B0%D0%B0_%D0%B7%D0%B0%D1%80_11.10-mn.pdf,,,,,reported,,0
2026-10-05 03:44,2023-11-09,14:00,Эрдэнэс Таван Толгой ХК,Эрдэнэс Таван Толгой ХК,archive-9d05a0602cbaede480a3,Coal,Medium-volatile coking coal,"Дэгдэмхий бодис дунд, коксжих нүүрс",USD,132.0,25.0,160000.0,https://mse.mn/uploads/images/hcc_%D0%B7%D0%B0%D1%80%D1%8B%D0%BD_%D0%BC%D0%B0%D1%8F%D0%B3%D1%82_mgl__%D1%85%D1%83%D0%B2%D1%8C.pdf,,,,,reported,,0
2026-10-05 03:44,2023-11-09,12:00,Монголросцветмет ТӨҮГ,Mongolrostsvetmet (ex-Erdenes Critical Minerals),archive-fa511778ab0c4c28482a,Iron ore,Iron ore Fe 52%,Fe-52% Төмрийн хүдэр,USD,70.0,1.0,3250.0,https://mse.mn/uploads/images/mrs-11.09-mn.pdf,,,,,reported,,0
2026-10-05 03:44,2023-11-09,10:00,Энержи Ресурс ХХК,Energy Resources,archive-69aa4a8d225e972a7384,Coal,Washed coking coal,Баяжуулсан коксжих нүүрс,CNY,1330.0,2.0,12800.0,https://mse.mn/uploads/images/er-23089_%D0%BD%D2%AF%D2%AF%D1%80%D1%81%D0%BD%D0%B8%D0%B9_%D0%B0%D1%80%D0%B8%D0%BB%D0%B6%D0%B0%D0%B0_%D0%B7%D0%B0%D1%80_11-mn.pdf,,,,,reported,,0
2026-10-05 03:44,2023-11-08,14:00,Дарханы Төмөрлөгийн Үйлдвэр ХХК,Дарханы Төмөрлөгийн Үйлдвэр ХХК,archive-28e8667ac4213c797c69,Iron ore,Fe-58% Төмрийн баяжмал,Fe-58% Төмрийн баяжмал,USD,68.0,4.0,13600.0,https://mse.mn/uploads/images/dmp-11.08-mn.pdf,,,,,reported,,0
2026-10-05 03:44,2023-11-08,12:00,Монголросцветмет ТӨҮГ,Mongolrostsvetmet (ex-Erdenes Critical Minerals),archive-eee7a209ff1350585bf4,Iron ore,Iron ore Fe 52%,Fe-52% Төмрийн хүдэр,USD,70.0,1.0,3250.0,https://mse.mn/uploads/images/mrs-11.08-mn.pdf,,,,,reported,,0
2026-10-05 03:44,2023-11-08,10:00,Энержи Ресурс ХХК,Energy Resources,archive-d737628700bb991d5c67,Coal,Washed coking coal,Баяжуулсан коксжих нүүрс,CNY,1330.0,2.0,12800.0,https://mse.mn/uploads/images/er-23088_%D0%BD%D2%AF%D2%AF%D1%80%D1%81%D0%BD%D0%B8%D0%B9_%D0%B0%D1%80%D0%B8%D0%BB%D0%B6%D0%B0%D0%B0_%D0%B7%D0%B0%D1%80_11.8-mn_1.pdf,,,,,reported,,0
2026-10-05 03:44,2023-11-07,14:00,Таван толгой ХК,Таван толгой ХК,archive-c57475ac4723954723b2,Coal,Medium-volatile coking coal,"Дэгдэмхий бодис дунд, коксжих нүүрс",USD,145.1,98.0,627200.0,https://mse.mn/uploads/images/ttl-11.07-mn.pdf,,,,,reported,,0
2026-10-05 03:44,2023-11-07,12:00,Монголросцветмет ТӨҮГ,Mongolrostsvetmet (ex-Erdenes Critical Minerals),archive-538c8b9ffc7a05d2bf50,Iron ore,Iron ore Fe 52%,Fe-52% Төмрийн хүдэр,USD,70.0,1.0,3250.0,https://mse.mn/uploads/images/mrs-11.07-mn.pdf,,,,,reported,,0
2026-10-05 03:44,2023-11-07,10:00,Энержи Ресурс ХХК,Energy Resources,archive-8f0808c7b1467425f08e,Coal,Washed coking coal,Баяжуулсан коксжих нүүрс,CNY,1330.0,2.0,12800.0,https://mse.mn/uploads/images/er-23087_%D0%BD%D2%AF%D2%AF%D1%80%D1%81%D0%BD%D0%B8%D0%B9_%D0%B0%D1%80%D0%B8%D0%BB%D0%B6%D0%B0%D0%B0_%D0%B7%D0%B0%D1%80_11.7-mn_1.pdf,,,,,reported,,0
2026-10-05 03:44,2023-11-06,14:00,Дарханы Төмөрлөгийн Үйлдвэр ХХК,Дарханы Төмөрлөгийн Үйлдвэр ХХК,archive-054a231dd4d33a675915,Iron ore,Fe-58% Төмрийн баяжмал,Fe-58% Төмрийн баяжмал,USD,70.0,2.0,6800.0,https://mse.mn/uploads/images/dmp-11.06-mn.pdf,,,,,reported,,0
2026-10-05 03:44,2023-11-06,12:00,Монголросцветмет ТӨҮГ,Mongolrostsvetmet (ex-Erdenes Critical Minerals),archive-964c1af332eac762642a,Iron ore,Iron ore Fe 52%,Fe-52% Төмрийн хүдэр,USD,70.0,1.0,3250.0,https://mse.mn/uploads/images/mrs-11.06-mn.pdf,,,,,reported,,0
2026-10-05 03:44,2023-11-06,10:00,Энержи Ресурс ХХК,Energy Resources,archive-df4a2d07eb3875115a48,Coal,Washed coking coal,Баяжуулсан коксжих нүүрс,CNY,1330.0,2.0,12800.0,https://mse.mn/uploads/images/er-23086_%D0%BD%D2%AF%D2%AF%D1%80%D1%81%D0%BD%D0%B8%D0%B9_%D0%B0%D1%80%D0%B8%D0%BB%D0%B6%D0%B0%D0%B0_%D0%B7%D0%B0%D1%80_11.6-mn_1.pdf,,,,,reported,,0
2026-10-05 03:44,2023-11-03,16:00,Эрдэнэс Таван Толгой ХК,Эрдэнэс Таван Толгой ХК,archive-75783f1a54cf9c9c3cdc,Coal,Medium-volatile coking coal,"Дэгдэмхий бодис дунд, коксжих нүүрс",USD,131.7,20.0,128000.0,https://mse.mn/uploads/images/ett-2330-mn.pdf,,,,,reported,,0
2026-10-05 03:44,2023-11-03,14:00,Дарханы Төмөрлөгийн Үйлдвэр ХХК,Дарханы Төмөрлөгийн Үйлдвэр ХХК,archive-4e9f4da12fc5f19b71af,Iron ore,Fe-58% Төмрийн баяжмал,Fe-58% Төмрийн баяжмал,USD,70.0,2.0,6800.0,https://mse.mn/uploads/images/dmp-11.03-mn.pdf,,,,,reported,,0
2026-10-05 03:44,2023-11-03,12:00,Монголросцветмет ТӨҮГ,Mongolrostsvetmet (ex-Erdenes Critical Minerals),archive-39804d0515b5594bcf47,Iron ore,Iron concentrate Fe 65%,Fe-65% Төмрийн баяжмал,USD,96.0,1.0,3000.0,https://mse.mn/uploads/images/monros-11.03-mn.pdf,,,,,reported,,0
2026-10-05 03:44,2023-11-03,10:00,Энержи Ресурс ХХК,Energy Resources,archive-dba5d8cf9605b09d3326,Coal,Washed coking coal,Баяжуулсан коксжих нүүрс,CNY,1330.0,2.0,12800.0,https://mse.mn/uploads/images/er-23085_%D0%BD%D2%AF%D2%AF%D1%80%D1%81%D0%BD%D0%B8%D0%B9_%D0%B0%D1%80%D0%B8%D0%BB%D0%B6%D0%B0%D0%B0_%D0%B7%D0%B0%D1%80_11.3-1-2.pdf,,,,,reported,,0
2026-10-05 03:44,2023-11-02,12:00,Монголросцветмет ТӨҮГ,Mongolrostsvetmet (ex-Erdenes Critical Minerals),archive-f38f1a88ee63d1a83506,Iron ore,Iron concentrate Fe 65%,Fe-65% Төмрийн баяжмал,USD,96.0,1.0,3000.0,https://mse.mn/uploads/images/monros-2023.11.02-mn.pdf,,,,,reported,,0
2026-10-05 03:44,2023-11-02,10:00,Энержи Ресурс ХХК,Energy Resources,archive-1803bed14cfd9bb2555a,Coal,Washed coking coal,Баяжуулсан коксжих нүүрс,CNY,1330.0,2.0,12800.0,https://mse.mn/uploads/images/er-23084_%D0%BD%D2%AF%D2%AF%D1%80%D1%81%D0%BD%D0%B8%D0%B9_%D0%B0%D1%80%D0%B8%D0%BB%D0%B6%D0%B0%D0%B0_%D0%B7%D0%B0%D1%80_11.2-1-2.pdf,,,,,reported,,0
2026-10-05 03:44,2023-11-01,14:00,Дарханы Төмөрлөгийн Үйлдвэр ХХК,Дарханы Төмөрлөгийн Үйлдвэр ХХК,archive-9410157490cc0ba3271d,Iron ore,Fe-58% Төмрийн баяжмал,Fe-58% Төмрийн баяжмал,USD,68.0,2.0,6800.0,https://mse.mn/uploads/images/dmp-11.01-mn.pdf,,,,,reported,,0
2026-10-05 03:44,2023-11-01,12:00,Монголросцветмет ТӨҮГ,Mongolrostsvetmet (ex-Erdenes Critical Minerals),archive-80478419cd9f1fb26760,Iron ore,Iron concentrate Fe 65%,Fe-65% Төмрийн баяжмал,USD,96.0,1.0,3000.0,https://mse.mn/uploads/images/monros-2023.11.01-mn-1.pdf,,,,,reported,,0
2026-10-05 03:44,2023-11-01,10:00,Энержи Ресурс ХХК,Energy Resources,archive-6363f46b8ffa4b63d73d,Coal,Washed coking coal,Баяжуулсан коксжих нүүрс,CNY,1330.0,2.0,12800.0,https://mse.mn/uploads/images/er-23083_%D0%BD%D2%AF%D2%AF%D1%80%D1%81%D0%BD%D0%B8%D0%B9_%D0%B0%D1%80%D0%B8%D0%BB%D0%B6%D0%B0%D0%B0_%D0%B7%D0%B0%D1%80_11.1-1-2.pdf,,,,,reported,,0
2026-10-05 03:44,2023-10-31,14:00,Дарханы Төмөрлөгийн Үйлдвэр ХХК,Дарханы Төмөрлөгийн Үйлдвэр ХХК,archive-bf867ed1de7197c4eb6b,Iron ore,Fe-58% Төмрийн баяжмал,Fe-58% Төмрийн баяжмал,USD,70.0,2.0,6800.0,https://mse.mn/uploads/images/dmp-10.31-mnn.pdf,,,,,reported,,0
2026-10-05 03:44,2023-10-31,12:00,Монголросцветмет ТӨҮГ,Mongolrostsvetmet (ex-Erdenes Critical Minerals),archive-19177052ab08acd226a6,Iron ore,Iron concentrate Fe 65%,Fe-65% Төмрийн баяжмал,USD,96.0,1.0,3000.0,https://mse.mn/uploads/images/monros-2023.10.31-mn.pdf,,,,,reported,,0
2026-10-05 03:44,2023-10-31,10:00,Энержи Ресурс ХХК,Energy Resources,archive-27358c6c18a9eedb81eb,Coal,Washed coking coal,Баяжуулсан коксжих нүүрс,CNY,1330.0,2.0,12800.0,https://mse.mn/uploads/images/er-23082_%D0%BD%D2%AF%D2%AF%D1%80%D1%81%D0%BD%D0%B8%D0%B9_%D0%B0%D1%80%D0%B8%D0%BB%D0%B6%D0%B0%D0%B0_%D0%B7%D0%B0%D1%80_10.31-1-2.pdf,,,,,reported,,0
2026-10-05 03:44,2023-10-30,16:00,Дарханы Төмөрлөгийн Үйлдвэр ХХК,Дарханы Төмөрлөгийн Үйлдвэр ХХК,archive-7bcb706e337a4a7e8982,Iron ore,Fe-58% Төмрийн баяжмал,Fe-58% Төмрийн баяжмал,USD,70.0,2.0,6800.0,https://mse.mn/uploads/images/dmp-10.30.16-mn.pdf,,,,,reported,,0
2026-10-05 03:44,2023-10-30,14:00,Энержи Ресурс ХХК,Energy Resources,archive-5d2eb4da0aa4c10a010e,Coal,Washed coking coal,Баяжуулсан коксжих нүүрс,CNY,1330.0,2.0,12800.0,https://mse.mn/uploads/images/er-23081_%D0%BD%D2%AF%D2%AF%D1%80%D1%81%D0%BD%D0%B8%D0%B9_%D0%B0%D1%80%D0%B8%D0%BB%D0%B6%D0%B0%D0%B0_%D0%B7%D0%B0%D1%80_10.30-1-2.pdf,,,,,reported,,0
2026-10-05 03:44,2023-10-30,12:00,Монголросцветмет ТӨҮГ,Mongolrostsvetmet (ex-Erdenes Critical Minerals),archive-3f96f6b45cee18f82a66,Fluorspar,Fluorspar concentrate CaF2 95%,CaF2-95% Хайлуур жоншны баяжмал,USD,400.0,50.0,3250.0,https://mse.mn/uploads/images/-%D0%B6%D0%BE%D0%BD%D1%88-%D0%BC%D0%BE%D0%BD%D0%B3%D0%BE%D0%BB_1.pdf,,,,,reported,,0
2026-10-05 03:44,2023-10-30,10:00,Хангад Эксплорэйшн ХХК,Khangad Exploration,archive-a74af27a6682ac8975f9,Coal,Washed semi-soft coking coal,Баяжуулсан сул коксжих нүүрс,CNY,930.0,2.0,12800.0,https://mse.mn/uploads/images/kh-23011_mn_10.30-1-2.pdf,,,,,reported,,0
2026-10-05 03:44,2023-10-27,14:00,Эрдэнэс Таван Толгой ХК,Эрдэнэс Таван Толгой ХК,archive-6a8756c20a3a04f9e951,Coal,Хатуу коксжих нүүрс,Хатуу коксжих нүүрс,USD,100.8,32.0,204800.0,https://mse.mn/uploads/images/sscc_%D0%B7%D0%B0%D1%80%D1%8B%D0%BD_%D0%BC%D0%B0%D1%8F%D0%B3%D1%82_mgl_%D1%85%D1%83%D0%B2%D1%8C_1.pdf,,,,,reported,,0
2026-10-05 03:44,2023-10-27,12:00,Монголросцветмет ТӨҮГ,Mongolrostsvetmet (ex-Erdenes Critical Minerals),archive-98ec074c0c9c5ad3b7c7,Iron ore,FE 52%,FE 52%,USD,70.0,2.0,6500.0,https://mse.mn/uploads/images/mrs-10.27-mn.pdf,,,,,reported,,0
2026-10-05 03:44,2023-10-27,10:00,Энержи Ресурс ХХК,Energy Resources,archive-105b64bcb91b83d5e5ba,Coal,Washed coking coal,Баяжуулсан коксжих нүүрс,CNY,1330.0,2.0,12800.0,https://mse.mn/uploads/images/er-23080_mn_10.27-1-2.pdf,,,,,reported,,0
2026-10-05 03:44,2023-10-26,12:00,Монголросцветмет ТӨҮГ,Mongolrostsvetmet (ex-Erdenes Critical Minerals),archive-56924c802410e46abaaa,Iron ore,FE 52%,FE 52%,USD,70.0,2.0,6500.0,https://mse.mn/uploads/images/mrs-10.26-mn.pdf,,,,,reported,,0
2026-10-05 03:44,2023-10-26,10:00,Энержи Ресурс ХХК,Energy Resources,archive-c0ea3df9f36617e5dc1e,Coal,Washed coking coal,Баяжуулсан коксжих нүүрс,CNY,1330.0,2.0,12800.0,https://mse.mn/uploads/images/er-23079_mn_10.26-1-2.pdf,,,,,reported,,0
2026-10-05 03:44,2023-10-25,16:00,"""Дарханы төмөрлөгийн үйлдвэр"" ХХК","""Дарханы төмөрлөгийн үйлдвэр"" ХХК",archive-8a9d2608b662d8092639,Iron ore,FE 58%,FE 58%,USD,68.0,2.0,6800.0,https://mse.mn/uploads/images/dmp-10.25-mn.pdf,,,,,reported,,0
2026-10-05 03:44,2023-10-25,14:00,Эрдэнэс Тавантолгой ХК,Erdenes Tavan Tolgoi,archive-f9da719fd0f5ae271ffb,Coal,Эрчим хүчний нүүрс,Эрчим хүчний нүүрс,USD,64.1,20.0,128000.0,https://mse.mn/uploads/images/ett-10.25-1400-mn.pdf,,,,,reported,,0
2026-10-05 03:44,2023-10-25,12:00,Монголросцветмет ТӨҮГ,Mongolrostsvetmet (ex-Erdenes Critical Minerals),archive-5b0ef12a266ed0909146,Iron ore,FE 52%,FE 52%,USD,70.0,2.0,6500.0,https://mse.mn/uploads/images/mrs-10.25-mn.pdf,,,,,reported,,0
2026-10-05 03:44,2023-10-25,10:00,Энержи Ресурс ХХК,Energy Resources,archive-856b97da49be86a5ddd6,Coal,Washed coking coal,Баяжуулсан коксжих нүүрс,CNY,1330.0,2.0,12800.0,https://mse.mn/uploads/images/er-23078_mn_10.25-1-2.pdf,,,,,reported,,0
2026-10-05 03:44,2023-10-24,16:00,"""Дарханы төмөрлөгийн үйлдвэр"" ХХК","""Дарханы төмөрлөгийн үйлдвэр"" ХХК",archive-8087b3d6f87c78f93abc,Iron ore,FE 58%,FE 58%,USD,70.0,2.0,6800.0,https://mse.mn/uploads/images/dmp-10.24-mn.pdf,,,,,reported,,0
2026-10-05 03:44,2023-10-24,12:00,Монголросцветмет ТӨҮГ,Mongolrostsvetmet (ex-Erdenes Critical Minerals),archive-7cb3f8107bd9cb105bb6,Iron ore,FE 52%,FE 52%,USD,70.0,2.0,6500.0,https://mse.mn/uploads/images/mrs-10.24-mn.pdf,,,,,reported,,0
2026-10-05 03:44,2023-10-24,10:00,Энержи Ресурс ХХК,Energy Resources,archive-a2624df7b94bc97464db,Coal,Washed coking coal,Баяжуулсан коксжих нүүрс,CNY,1330.0,2.0,12800.0,https://mse.mn/uploads/images/er-23077_mn_10.24-1-2.pdf,,,,,reported,,0
2026-10-05 03:44,2023-10-23,16:00,Монголросцветмет ТӨҮГ,Mongolrostsvetmet (ex-Erdenes Critical Minerals),archive-57861cf4450eb6dba1d0,Iron ore,FE 52%,FE 52%,USD,70.0,2.0,6500.0,https://mse.mn/uploads/images/mrs-2023.10.23-mn.pdf,,,,,reported,,0
2026-10-05 03:44,2023-10-23,14:00,Энержи Ресурс ХХК,Energy Resources,archive-3b328baf0ab5cd20c582,Coal,Washed coking coal,Баяжуулсан коксжих нүүрс,CNY,1330.0,2.0,12800.0,https://mse.mn/uploads/images/er-23076_mn_10.23-1-2.pdf,,,,,reported,,0
2026-10-05 03:44,2023-10-23,12:00,Монголросцветмет ТӨҮГ,Mongolrostsvetmet (ex-Erdenes Critical Minerals),archive-5f86e1407d9f1a57744e,Iron ore,FE 52%,FE 52%,USD,68.0,10.0,32500.0,https://mse.mn/uploads/images/mrs-10.23-for-mn.pdf,,,,,reported,,0
2026-10-05 03:44,2023-10-23,10:00,Энержи Ресурс ХХК,Energy Resources,archive-6cd74b87b3c9b0838e72,Coal,Баяжуулсан дунд зэрэг үнстэй хагас хатуу коксжих нүүрс,Баяжуулсан дунд зэрэг үнстэй хагас хатуу коксжих нүүрс,CNY,530.0,2.0,12800.0,https://mse.mn/uploads/images/er-23075_mn10.23-1-6.pdf,,,,,reported,,0
2026-10-05 03:44,2023-10-20,16:00,Энержи Ресурс ХХК,Energy Resources,archive-3c00275e8da7c1f0f79f,Coal,Washed coking coal,Баяжуулсан коксжих нүүрс,CNY,1330.0,2.0,12800.0,https://mse.mn/uploads/images/er-23074_mn_10.20-5-6.pdf,,,,,reported,,0
2026-10-05 03:44,2023-10-20,14:00,"""Дарханы төмөрлөгийн үйлдвэр"" ХХК","""Дарханы төмөрлөгийн үйлдвэр"" ХХК",archive-0b699aa13f73a9a3ff6b,Iron ore,FE 58%,FE 58%,USD,70.0,2.0,6800.0,https://mse.mn/uploads/images/dmp-10.20-mn.pdf,,,,,reported,,0
2026-10-05 03:44,2023-10-20,12:00,Монголросцветмет ТӨҮГ,Mongolrostsvetmet (ex-Erdenes Critical Minerals),archive-de28102a8e20d3ed9f75,Iron ore,FE 65%,FE 65%,USD,97.0,2.0,6000.0,https://mse.mn/uploads/images/monros-10.20-mn.pdf,,,,,reported,,0
2026-10-05 03:44,2023-10-20,10:00,Энержи Ресурс ХХК,Energy Resources,archive-d503e9b0b82c9be8c8ed,Coal,Washed coking coal,Баяжуулсан коксжих нүүрс,CNY,1330.0,2.0,12800.0,https://mse.mn/uploads/images/er-23073_%D0%BD%D2%AF%D2%AF%D1%80%D1%81%D0%BD%D0%B8%D0%B9_%D0%B7%D0%B0%D1%80_10.20-mn.pdf,,,,,reported,,0
2026-10-05 03:44,2023-10-19,14:00,Эрдэнэс Тавантолгой ХК,Erdenes Tavan Tolgoi,archive-a3661f27bd7123a365ca,Coal,"Дэгдэмхий бодис дундаас их, хийн нүүрс","Дэгдэмхий бодис дундаас их, хийн нүүрс",USD,87.3,17.0,108800.0,https://mse.mn/uploads/images/sscc_%D0%B7%D0%B0%D1%80%D1%8B%D0%BD_%D0%BC%D0%B0%D1%8F%D0%B3%D1%82_mgl_%D1%85%D1%83%D0%B2%D1%8C.pdf,,,,,reported,,0
2026-10-05 03:44,2023-10-19,12:00,Монголросцветмет ТӨҮГ,Mongolrostsvetmet (ex-Erdenes Critical Minerals),archive-43791a8b40e5affa9578,Iron ore,FE 65%,FE 65%,USD,97.0,2.0,6000.0,https://mse.mn/uploads/images/monros-10.19-mn.pdf,,,,,reported,,0
2026-10-05 03:44,2023-10-19,10:00,Энержи Ресурс ХХК,Energy Resources,archive-b6630f4f82527bb2b667,Coal,Washed coking coal,Баяжуулсан коксжих нүүрс,CNY,1330.0,2.0,12800.0,https://mse.mn/uploads/images/er-23072_%D0%BD%D2%AF%D2%AF%D1%80%D1%81%D0%BD%D0%B8%D0%B9_%D0%B7%D0%B0%D1%80_10.19-mn_1.pdf,,,,,reported,,0
2026-10-05 03:44,2023-10-18,16:00,"""Дарханы төмөрлөгийн үйлдвэр"" ХХК","""Дарханы төмөрлөгийн үйлдвэр"" ХХК",archive-bf8e9eac4bb3cf2ee76d,Iron ore,FE 58%,FE 58%,USD,68.0,2.0,6800.0,https://mse.mn/uploads/images/dmp-10.18-mgl.pdf,,,,,reported,,0
2026-10-05 03:44,2023-10-18,14:00,Монголросцветмет ТӨҮГ,Mongolrostsvetmet (ex-Erdenes Critical Minerals),archive-18befef5da78b213e49e,Iron ore,FE 65%,FE 65%,USD,97.0,7.0,21000.0,https://mse.mn/uploads/images/monros-10.18-1400-mn.pdf,,,,,reported,,0
2026-10-05 03:44,2023-10-18,12:00,Монголросцветмет ТӨҮГ,Mongolrostsvetmet (ex-Erdenes Critical Minerals),archive-39a2f8b10d8f8ef73eb1,Iron ore,FE 65%,FE 65%,USD,97.0,2.0,6000.0,https://mse.mn/uploads/images/monros-10.18-mn.pdf,,,,,reported,,0
2026-10-05 03:44,2023-10-18,10:00,Энержи Ресурс ХХК,Energy Resources,archive-ffbb3db51ed5c1ab9f6b,Coal,Washed coking coal,Баяжуулсан коксжих нүүрс,CNY,1330.0,2.0,12800.0,https://mse.mn/uploads/images/er-23071_%D0%BD%D2%AF%D2%AF%D1%80%D1%81%D0%BD%D0%B8%D0%B9_%D0%B7%D0%B0%D1%80_10.18-mn.pdf,,,,,reported,,0
2026-10-05 03:44,2023-10-17,14:00,Монголросцветмет ТӨҮГ,Mongolrostsvetmet (ex-Erdenes Critical Minerals),archive-cc68d1acd95968af741c,Iron ore,FE 65%,FE 65%,USD,93.0,17.0,51000.0,https://mse.mn/uploads/images/monros-10.17-14pm-mn_1.pdf,,,,,reported,,0
2026-10-05 03:44,2023-10-17,12:00,Монголросцветмет ТӨҮГ,Mongolrostsvetmet (ex-Erdenes Critical Minerals),archive-686ab11b58b86214d6cb,Iron ore,FE 65%,FE 65%,USD,97.0,2.0,6000.0,https://mse.mn/uploads/images/monros-10.17-mn.pdf,,,,,reported,,0
2026-10-05 03:44,2023-10-17,10:00,Энержи Ресурс ХХК,Energy Resources,archive-9d987f46a187a4be021b,Coal,Washed coking coal,Баяжуулсан коксжих нүүрс,CNY,1330.0,2.0,12800.0,https://mse.mn/uploads/images/er-23070_%D0%BD%D2%AF%D2%AF%D1%80%D1%81%D0%BD%D0%B8%D0%B9_%D0%B7%D0%B0%D1%80_10.17-mn.pdf,,,,,reported,,0
2026-10-05 03:44,2023-10-16,16:00,"""Дарханы Төмөрлөгийн Үйлдвэр"" ХК","""Дарханы Төмөрлөгийн Үйлдвэр"" ХК",archive-bfa4b16c8735d96db0ea,Iron ore,FE 58%,FE 58%,USD,70.0,2.0,6800.0,https://mse.mn/uploads/images/dmp-2307-mn.pdf,,,,,reported,,0
2026-10-05 03:44,2023-10-16,12:00,Монголросцветмет ТӨҮГ,Mongolrostsvetmet (ex-Erdenes Critical Minerals),archive-9e72327434a1670d309d,Iron ore,FE 65%,FE 65%,USD,97.0,2.0,6000.0,https://mse.mn/uploads/images/monros-10.16-mn.pdf,,,,,reported,,0
2026-10-05 03:44,2023-10-16,10:00,Энержи Ресурс ХХК,Energy Resources,archive-c5d5571fa762f6827c46,Coal,Баяжуулсан дунд зэрэг үнстэй хагас хатуу коксжих нүүрс,Баяжуулсан дунд зэрэг үнстэй хагас хатуу коксжих нүүрс,CNY,530.0,2.0,12800.0,https://mse.mn/uploads/images/er-23069-10.16-mn.pdf,,,,,reported,,0
2026-10-05 03:44,2023-10-13,14:00,"""Дархан Төмөрлөгийн Үйлдвэр"" ХК","""Дархан Төмөрлөгийн Үйлдвэр"" ХК",archive-47eaca319ca0a68fb9ac,Iron ore,FE 58%,FE 58%,USD,70.0,2.0,6800.0,https://mse.mn/uploads/images/dmp-1013-mn.pdf,,,,,reported,,0
2026-10-05 03:44,2023-10-13,12:00,Монголросцветмет ТӨҮГ,Mongolrostsvetmet (ex-Erdenes Critical Minerals),archive-584c95716aae2b6b7e0f,Iron ore,FE 52%,FE 52%,USD,70.0,1.0,3250.0,https://mse.mn/uploads/images/mrs-10.13-m_1.pdf,,,,,reported,,0
2026-10-05 03:44,2023-10-13,10:00,Энержи Ресурс ХХК,Energy Resources,archive-a2fc548d246ee1806eaf,Coal,Washed coking coal,Баяжуулсан коксжих нүүрс,CNY,1330.0,2.0,12800.0,https://mse.mn/uploads/images/er-23068_-mn-1013.pdf,,,,,reported,,0
2026-10-05 03:44,2023-10-12,14:00,Тавантолгой ХК,Tavan Tolgoi JSC,archive-9b5cb0ea3baef330982d,Coal,Medium-volatile coking coal,"Дэгдэмхий бодис дунд, коксжих нүүрс",USD,141.1,74.0,473600.0,https://mse.mn/uploads/images/ttl-10.12-mn_1.pdf,,,,,reported,,0
2026-10-05 03:44,2023-10-12,12:00,Монголросцветмет ТӨҮГ,Mongolrostsvetmet (ex-Erdenes Critical Minerals),archive-e4fb1e9ea5ff1f020205,Iron ore,FE 52%,FE 52%,USD,70.0,1.0,3250.0,https://mse.mn/uploads/images/mrs-10.12-mn.pdf,,,,,reported,,0
2026-10-05 03:44,2023-10-12,10:00,Энержи Ресурс ХХК,Energy Resources,archive-e2764ccc12eab851d9f0,Coal,Washed coking coal,Баяжуулсан коксжих нүүрс,CNY,1330.0,2.0,12800.0,https://mse.mn/uploads/images/er-23067_-mn-1012.pdf,,,,,reported,,0
2026-10-05 03:44,2023-10-11,16:00,Эрдэнэс Тавантолгой ХК,Erdenes Tavan Tolgoi,archive-3a262a54dd6b60572342,Coal,Medium-volatile coking coal,"Дэгдэмхий бодис дунд, коксжих нүүрс",USD,152.9,75.0,480000.0,https://mse.mn/uploads/images/ett-2329-1011-mn.pdf,,,,,reported,,0
2026-10-05 03:44,2023-10-11,14:00,"""Дархан төмөрлөгийн үйлдвэр"" ХХК","""Дархан төмөрлөгийн үйлдвэр"" ХХК",archive-9a8fdcc7a92335b24084,Iron ore,FE 58%,FE 58%,USD,68.0,2.0,6800.0,https://mse.mn/uploads/images/dmp-10.11-mgl.pdf,,,,,reported,,0
2026-10-05 03:44,2023-10-11,12:00,Монголросцветмет ТӨҮГ,Mongolrostsvetmet (ex-Erdenes Critical Minerals),archive-59ce93a20288225f27f5,Iron ore,FE 52%,FE 52%,USD,70.0,1.0,3250.0,https://mse.mn/uploads/images/mrs-10.11-mn.pdf,,,,,reported,,0
2026-10-05 03:44,2023-10-11,10:00,Энержи Ресурс ХХК,Energy Resources,archive-7105bdec458a11a7a9d5,Coal,Washed coking coal,Баяжуулсан коксжих нүүрс,CNY,1330.0,2.0,12800.0,https://mse.mn/uploads/images/er-23066-mn-1011.pdf,,,,,reported,,0
2026-10-05 03:44,2023-10-10,12:00,Монголросцветмет ТӨҮГ,Mongolrostsvetmet (ex-Erdenes Critical Minerals),archive-3434bd57e4ae3890c91f,Iron ore,FE 52%,FE 52%,USD,70.0,1.0,3250.0,https://mse.mn/uploads/images/mrs-10.10-mn.pdf,,,,,reported,,0
2026-10-05 03:44,2023-10-10,10:00,Энержи Ресурс ХХК,Energy Resources,archive-c13cfc1688446afbff8c,Coal,Washed coking coal,Баяжуулсан коксжих нүүрс,CNY,1330.0,2.0,12800.0,https://mse.mn/uploads/images/er-23065_-mn-1010.pdf,,,,,reported,,0
2026-10-05 03:44,2023-10-09,16:00,"""Дарханы төмөрлөгийн үйлдвэр"" ХХК","""Дарханы төмөрлөгийн үйлдвэр"" ХХК",archive-14323b544335f3e8be7e,Iron ore,FE 58%,FE 58%,USD,58.0,2.0,6800.0,https://mse.mn/uploads/images/dmp-10.09.1600-mn.pdf,,,,,reported,,0
2026-10-05 03:44,2023-10-09,14:00,Монголросцветмет ТӨҮГ,Mongolrostsvetmet (ex-Erdenes Critical Minerals),archive-1b1bd436432119b1d5df,Iron ore,FE 65%,FE 65%,USD,97.0,7.0,21000.0,https://mse.mn/uploads/images/mrs_-_10.09-14_mn.pdf,,,,,reported,,0
2026-10-05 03:44,2023-10-09,12:00,Монголросцветмет ТӨҮГ,Mongolrostsvetmet (ex-Erdenes Critical Minerals),archive-d6c5378eb319c987f74c,Iron ore,FE 65%,FE 65%,USD,93.0,17.0,51000.0,https://mse.mn/uploads/images/mr_10.09_mn.pdf,,,,,reported,,0
2026-10-05 03:44,2023-10-09,10:00,Энержи Ресурс ХХК,Energy Resources,archive-bb13097f794ca0e77ecf,Coal,Баяжуулсан дунд зэрэг үнстэй хагас хатуу коксжих нүүрс,Баяжуулсан дунд зэрэг үнстэй хагас хатуу коксжих нүүрс,CNY,530.0,2.0,12800.0,https://mse.mn/uploads/images/er-10.09-mn.pdf,,,,,reported,,0
2026-10-05 03:44,2023-10-06,16:00,Эрдэнэс Тавантолгой ХК,Erdenes Tavan Tolgoi,archive-c2d51ed985a98725dcf0,Coal,Medium-volatile coking coal,"Дэгдэмхий бодис дунд, коксжих нүүрс",USD,152.9,85.0,544000.0,https://mse.mn/uploads/images/ett_10.06_16_pm_mon_2.pdf,,,,,reported,,0
2026-10-05 03:44,2023-10-06,14:00,Эрдэнэс Тавантолгой ХК,Erdenes Tavan Tolgoi,archive-bf5a66600aa094301444,Coal,Эрчим хүчний нүүрс,Эрчим хүчний нүүрс,USD,64.1,20.0,128000.0,https://mse.mn/uploads/images/ett_10.06_mon.pdf,,,,,reported,,0
2026-10-05 03:44,2023-10-06,12:00,Монголросцветмет ТӨҮГ,Mongolrostsvetmet (ex-Erdenes Critical Minerals),archive-5952a47edbff576bf4bd,Iron ore,FE 65%,FE 65%,USD,97.0,1.0,3000.0,https://mse.mn/uploads/images/mr_10.06_mon.pdf,,,,,reported,,0
2026-10-05 03:44,2023-10-06,10:00,Энержи Ресурс ХХК,Energy Resources,archive-2e0e4699aefc1cb3a61e,Coal,Washed coking coal,Баяжуулсан коксжих нүүрс,CNY,1330.0,2.0,12800.0,https://mse.mn/uploads/images/er-10.06-mn.pdf,,,,,reported,,0
2026-10-05 03:44,2023-10-05,14:00,"""Дарханы төмөрлөгийн үйлдвэр"" ХХК","""Дарханы төмөрлөгийн үйлдвэр"" ХХК",archive-fc321386238ca44ef6ac,Iron ore,FE 58%,FE 58%,USD,58.0,2.0,6800.0,https://mse.mn/uploads/images/dmp_10.05_mon.pdf,,,,,reported,,0
2026-10-05 03:44,2023-10-05,12:00,Монголросцветмет ТӨҮГ,Mongolrostsvetmet (ex-Erdenes Critical Minerals),archive-ce2aac334ddc03b1c9c7,Iron ore,FE 65%,FE 65%,USD,97.0,1.0,3000.0,https://mse.mn/uploads/images/mr_10.05_mon.pdf,,,,,reported,,0
2026-10-05 03:44,2023-10-05,10:00,Энержи Ресурс ХХК,Energy Resources,archive-c5ecc8a6cdbf87269696,Coal,Washed coking coal,Баяжуулсан коксжих нүүрс,CNY,1330.0,2.0,12800.0,https://mse.mn/uploads/images/er-10.05-mn.pdf,,,,,reported,,0
2026-10-05 03:44,2023-10-04,14:00,Энержи Ресурс ХХК,Energy Resources,archive-efeab2a2f72898443603,Coal,Washed coking coal,Баяжуулсан коксжих нүүрс,CNY,1330.0,2.0,12800.0,https://mse.mn/uploads/images/er-2023.10.04-mn1400_1.pdf,,,,,reported,,0
2026-10-05 03:44,2023-10-04,12:00,Монголросцветмет ТӨҮГ,Mongolrostsvetmet (ex-Erdenes Critical Minerals),archive-a7c14dab393c4e93ec40,Iron ore,FE 65%,FE 65%,USD,97.0,1.0,3000.0,https://mse.mn/uploads/images/mr_10.04_mon.pdf,,,,,reported,,0
2026-10-05 03:44,2023-10-04,10:00,Энержи Ресурс ХХК,Energy Resources,archive-24082daf3657d6534f50,Coal,Washed coking coal,Баяжуулсан коксжих нүүрс,CNY,1330.0,2.0,12800.0,https://mse.mn/uploads/images/er-23061_нүүрсний_арилжаа_захиалга_10.4-10-mn_1.pdf,,,,,reported,,0
2026-10-05 03:44,2023-10-03,12:00,Монголросцветмет ТӨҮГ,Mongolrostsvetmet (ex-Erdenes Critical Minerals),archive-6884117413c94bbd359b,Iron ore,FE 65%,FE 65%,USD,97.0,1.0,3000.0,https://mse.mn/uploads/images/mr_10.03_mon.pdf,,,,,reported,,0
2026-10-05 03:44,2023-10-02,12:00,Монголросцветмет ТӨҮГ,Mongolrostsvetmet (ex-Erdenes Critical Minerals),archive-48e0d7ea63753ced99d4,Iron ore,FE 65%,FE 65%,USD,97.0,1.0,3000.0,https://mse.mn/uploads/images/mr_10.02_mon.pdf,,,,,reported,,0
2026-10-05 03:44,2023-10-02,10:00,Энержи Ресурс ХХК,Energy Resources,archive-c8d4c8b95c8a17c2f980,Coal,Баяжуулсан дунд зэрэг үнстэй хагас хатуу коксжих нүүрс,Баяжуулсан дунд зэрэг үнстэй хагас хатуу коксжих нүүрс,CNY,450.0,2.0,12800.0,https://mse.mn/uploads/images/er_10.02_mon.pdf,,,,,reported,,0
2026-10-05 03:44,2023-09-29,16:00,Эрдэнэс Тавантолгой ХК,Erdenes Tavan Tolgoi,archive-6166852921e6215acdbb,Coal,Medium-volatile coking coal,"Дэгдэмхий бодис дунд, коксжих нүүрс",USD,148.2,75.0,480000.0,https://mse.mn/uploads/images/ett_09.29_16pm_mon.pdf,,,,,reported,,0
2026-10-05 03:44,2023-09-29,14:00,Эрдэнэс Тавантолгой ХК,Erdenes Tavan Tolgoi,archive-2c1fb3a7d515399fadf0,Coal,Эрчим хүчний нүүрс,Эрчим хүчний нүүрс,USD,62.4,20.0,128000.0,https://mse.mn/uploads/images/ett_09.29_mon.pdf,,,,,reported,,0
2026-10-05 03:44,2023-09-29,12:00,MONGOLROSTSVETMET SOE,MONGOLROSTSVETMET SOE,archive-f6f57220c7f86d1dfddc,Iron ore,FE 65%,FE 65%,USD,97.0,1.0,3000.0,https://mse.mn/uploads/images/mrs-9.29_mon.pdf,,,,,reported,,0
2026-10-05 03:44,2023-09-29,10:00,Энержи Ресурс ХХК,Energy Resources,archive-7a5b82f3fc36d228ec96,Coal,Washed coking coal,Баяжуулсан коксжих нүүрс,CNY,1250.0,2.0,12800.0,https://mse.mn/uploads/images/er-23058_9.29_en.pdf,,,,,reported,,0
2026-10-05 03:44,2023-09-28,16:00,Эрдэнэс Тавантолгой ХК,Erdenes Tavan Tolgoi,archive-9f89685af13d067d57f8,Coal,Medium-volatile coking coal,"Дэгдэмхий бодис дунд, коксжих нүүрс",USD,148.2,25.0,160000.0,https://mse.mn/uploads/images/ett_09.28_16pm_mon.pdf,,,,,reported,,0
2026-10-05 03:44,2023-09-28,14:00,Эрдэнэс Тавантолгой ХК,Erdenes Tavan Tolgoi,archive-f814ad61bdb1ecce8f04,Coal,Medium-volatile coking coal,"Дэгдэмхий бодис дунд, коксжих нүүрс",USD,148.2,20.0,128000.0,https://mse.mn/uploads/images/ett_09.28_mon.pdf,,,,,reported,,0
2026-10-05 03:44,2023-09-28,12:00,Монголросцветмет ТӨҮГ,Mongolrostsvetmet (ex-Erdenes Critical Minerals),archive-e0423acc487643e0d4a5,Iron ore,FE 65%,FE 65%,USD,97.0,1.0,3000.0,https://mse.mn/uploads/images/mrs-9.28_mon.pdf,,,,,reported,,0
2026-10-05 03:44,2023-09-28,10:00,Энержи Ресурс ХХК,Energy Resources,archive-36d4d2235ee509fa9fb1,Coal,Washed coking coal,Баяжуулсан коксжих нүүрс,CNY,1250.0,2.0,12800.0,https://mse.mn/uploads/images/er-23057_9.28_mon.pdf,,,,,reported,,0
2026-10-05 03:44,2023-09-27,16:00,"""Дарханы төмөрлөгийн үйлдвэр"" ХХК","""Дарханы төмөрлөгийн үйлдвэр"" ХХК",archive-1e30fa6a437b8e731871,Iron ore,FE 58%,FE 58%,USD,58.0,2.0,6800.0,https://mse.mn/uploads/images/dmp_09.27_mon.pdf,,,,,reported,,0
2026-10-05 03:44,2023-09-27,14:00,Тавантолгой ХК,Tavan Tolgoi JSC,archive-8eede90068482abd5196,Coal,Medium-volatile coking coal,"Дэгдэмхий бодис дунд, коксжих нүүрс",USD,140.1,75.0,480000.0,https://mse.mn/uploads/images/ttl_09.27_mon_1.pdf,,,,,reported,,0
2026-10-05 03:44,2023-09-27,12:00,Монголросцветмет ТӨҮГ,Mongolrostsvetmet (ex-Erdenes Critical Minerals),archive-4a6b4a4e2a11e6562618,Iron ore,FE 65%,FE 65%,USD,97.0,1.0,3000.0,https://mse.mn/uploads/images/mrs_09.27_mon.pdf,,,,,reported,,0
2026-10-05 03:44,2023-09-27,10:00,Энержи Ресурс ХХК,Energy Resources,archive-2b00c812d3fa19cf60d4,Coal,Washed coking coal,Баяжуулсан коксжих нүүрс,CNY,1250.0,2.0,12800.0,https://mse.mn/uploads/images/er-23056_9.27_mon.pdf,,,,,reported,,0
2026-10-05 03:44,2023-09-26,12:00,Монголросцветмет ТӨҮГ,Mongolrostsvetmet (ex-Erdenes Critical Minerals),archive-4bcda622aee6f548bc64,Iron ore,FE 65%,FE 65%,USD,97.0,1.0,3000.0,https://mse.mn/uploads/images/mrs-9.26_mon.pdf,,,,,reported,,0
2026-10-05 03:44,2023-09-26,10:00,Энержи Ресурс ХХК,Energy Resources,archive-3033bc751f263915ba0c,Coal,Washed coking coal,Баяжуулсан коксжих нүүрс,CNY,1250.0,2.0,12800.0,https://mse.mn/uploads/images/er-23055_9.26-mon.pdf,,,,,reported,,0
2026-10-05 03:44,2023-09-25,12:00,Монголросцветмет ТӨҮГ,Mongolrostsvetmet (ex-Erdenes Critical Minerals),archive-117c8a58b57d01bc3b02,Iron ore,FE 65%,FE 65%,USD,97.0,1.0,3000.0,https://mse.mn/uploads/images/mrs-9.25_mon.pdf,,,,,reported,,0
2026-10-05 03:44,2023-09-25,10:00,Энержи Ресурс ХХК,Energy Resources,archive-47e594da665d7bb7aaef,Coal,Баяжуулсан дунд зэрэг үнстэй хагас хатуу коксжих нүүрс,Баяжуулсан дунд зэрэг үнстэй хагас хатуу коксжих нүүрс,CNY,450.0,2.0,12800.0,https://mse.mn/uploads/images/er-09.25_mon.pdf,,,,,reported,,0
2026-10-05 03:44,2023-09-22,10:00,Энержи Ресурс ХХК,Energy Resources,archive-11ccb7b98d13069411a6,Coal,Washed coking coal,Баяжуулсан коксжих нүүрс,CNY,1100.0,2.0,12800.0,https://mse.mn/uploads/images/er_09.22-mn.pdf,,,,,reported,,0
2026-10-05 03:44,2023-09-21,12:00,Эрдэнэс Тавантолгой ХК,Erdenes Tavan Tolgoi,archive-41ca635818fcc040f01d,Coal,Medium-volatile coking coal,"Дэгдэмхий бодис дунд, коксжих нүүрс",USD,143.1,65.0,416000.0,https://mse.mn/uploads/images/ett_09.21_mon.pdf,,,,,reported,,0
2026-10-05 03:44,2023-09-21,10:00,Хангад Эксплорэйшн ХХК,Khangad Exploration,archive-6a2e06c0a7d84f406488,Coal,Washed semi-soft coking coal,Баяжуулсан сул коксжих нүүрс,CNY,850.0,2.0,12800.0,https://mse.mn/uploads/images/kh_09.21-1-2_mn.pdf,,,,,reported,,0
2026-10-05 03:44,2023-09-20,10:00,Энержи Ресурс ХХК,Energy Resources,archive-2b075c6095ead5366a4a,Coal,Washed coking coal,Баяжуулсан коксжих нүүрс,CNY,1100.0,2.0,12800.0,https://mse.mn/uploads/images/er_09.20-mn.pdf,,,,,reported,,0
2026-10-05 03:44,2023-09-19,12:00,Энержи Ресурс ХХК,Energy Resources,archive-3710f335cd1b7461ef49,Coal,Washed coking coal,Баяжуулсан коксжих нүүрс,CNY,1100.0,2.0,12800.0,https://mse.mn/uploads/images/er_09.19_12pm-mn.pdf,,,,,reported,,0
2026-10-05 03:44,2023-09-19,10:00,Энержи Ресурс ХХК,Energy Resources,archive-fa8f126904b86e91f4e0,Coal,Баяжуулсан дунд зэрэг үнстэй хагас хатуу коксжих нүүрс,Баяжуулсан дунд зэрэг үнстэй хагас хатуу коксжих нүүрс,CNY,400.0,2.0,12800.0,https://mse.mn/uploads/images/er_09.19-10_am-mn.pdf,,,,,reported,,0
2026-10-05 03:44,2023-09-15,16:00,"""Дарханы төмөрлөгийн үйлдвэр"" ХХК","""Дарханы төмөрлөгийн үйлдвэр"" ХХК",archive-3fdd7f87ee9c8e4d3618,Iron ore,FE-58%,FE-58%,USD,56.0,2.0,6800.0,https://mse.mn/uploads/images/_%D0%B7%D0%B0%D1%80%D1%8B%D0%BD_%D0%BC%D0%B0%D1%8F%D0%B3%D1%82_%D1%81%D0%BF%D0%BE%D1%82_1.pdf,,,,,reported,,0
2026-10-05 03:44,2023-09-15,14:00,Монголросцветмет ТӨҮГ,Mongolrostsvetmet (ex-Erdenes Critical Minerals),archive-0ca578c471341d81de33,Iron ore,FE 65%,FE 65%,USD,93.0,7.0,21000.0,https://mse.mn/uploads/images/mr-09.15_14pm_mon.pdf,,,,,reported,,0
2026-10-05 03:44,2023-09-15,12:00,Монголросцветмет ТӨҮГ,Mongolrostsvetmet (ex-Erdenes Critical Minerals),archive-bf78e54e50bea74da9a0,Iron ore,FE 65%,FE 65%,USD,90.0,17.0,51000.0,https://mse.mn/uploads/images/mr_09.15_mon_1.pdf,,,,,reported,,0
2026-10-05 03:44,2023-09-15,10:00,Энержи Ресурс ХХК,Energy Resources,archive-63cc92883ed7e2c3e89c,Coal,Washed coking coal,Баяжуулсан коксжих нүүрс,CNY,1100.0,2.0,12800.0,https://mse.mn/uploads/images/er-09.15_mon.pdf,,,,,reported,,0
2026-10-05 03:44,2023-09-14,12:00,Эрдэнэс Тавантолгой ХК,Erdenes Tavan Tolgoi,archive-9412c879aceb1b6134c9,Coal,Хатуу коксжих нүүрс,Хатуу коксжих нүүрс,USD,97.1,75.0,480000.0,https://mse.mn/uploads/images/ett-09.14.pdf,,,,,reported,,0
2026-10-05 03:44,2023-09-14,10:00,Энержи Ресурс ХХК,Energy Resources,archive-e6106e6c3f732cd19f15,Coal,Washed coking coal,Баяжуулсан коксжих нүүрс,CNY,1100.0,2.0,12800.0,https://mse.mn/uploads/images/er_09.14_mon.pdf,,,,,reported,,0
2026-10-05 03:44,2023-09-13,10:00,Энержи Ресурс ХХК,Energy Resources,archive-fcb19f8d325f5a4faeff,Coal,Washed coking coal,Баяжуулсан коксжих нүүрс,CNY,1100.0,2.0,12800.0,https://mse.mn/uploads/images/er-09.13_mon.pdf,,,,,reported,,0
2026-10-05 03:44,2023-09-12,10:00,Энержи Ресурс ХХК,Energy Resources,archive-ba3c53e38e4f5d99b74b,Coal,Баяжуулсан дунд зэрэг үнстэй хагас хатуу коксжих нүүрс,Баяжуулсан дунд зэрэг үнстэй хагас хатуу коксжих нүүрс,CNY,400.0,2.0,12800.0,https://mse.mn/uploads/images/er_09.12-5-6.pdf,,,,,reported,,0
2026-10-05 03:44,2023-09-08,10:00,Энержи Ресурс ХХК,Energy Resources,archive-06bc3064191e3466bf74,Coal,Washed coking coal,Баяжуулсан коксжих нүүрс,CNY,1050.0,2.0,12800.0,https://mse.mn/uploads/images/2023/er-9.8-5-6.pdf,,,,,reported,,0
2026-10-05 03:44,2023-09-07,10:00,Энержи Ресурс ХХК,Energy Resources,archive-2391bb45f0af67fa3a6e,Coal,Washed coking coal,Баяжуулсан коксжих нүүрс,CNY,1050.0,2.0,12800.0,https://mse.mn/uploads/images/2023/er-9.7-5-6.pdf,,,,,reported,,0
2026-10-05 03:44,2023-09-06,12:00,Эрдэнэс Тавантолгой ХК,Erdenes Tavan Tolgoi,archive-69de5b46965f7cd0c3d6,Coal,Эрчим хүчний нүүрс,Эрчим хүчний нүүрс,USD,59.7,20.0,128000.0,https://mse.mn/uploads/images/thermal-ett-9.6.23-mgl.pdf,,,,,reported,,0
2026-10-05 03:44,2023-09-06,10:00,Энержи Ресурс ХХК,Energy Resources,archive-80ef36cc6bf54fe0c492,Coal,Washed coking coal,Баяжуулсан коксжих нүүрс,CNY,1050.0,2.0,12800.0,https://mse.mn/uploads/images/2023/er-9.6-5-6.pdf,,,,,reported,,0
2026-10-05 03:44,2023-09-05,10:00,Энержи Ресурс ХХК,Energy Resources,archive-5451cad5073af65746d4,Coal,Баяжуулсан дунд зэрэг үнстэй хагас хатуу коксжих нүүрс,Баяжуулсан дунд зэрэг үнстэй хагас хатуу коксжих нүүрс,CNY,400.0,2.0,12800.0,https://mse.mn/uploads/images/2023/er-9.5-5-6.pdf,,,,,reported,,0
2026-10-05 03:44,2023-09-04,10:00,Эрдэнэс Тавантолгой ХК,Erdenes Tavan Tolgoi,archive-8b6cd96c9623d30c5044,Coal,Хатуу коксжих нүүрс,Хатуу коксжих нүүрс,USD,97.1,100.0,640000.0,https://mse.mn/uploads/images/2023/ett-100bagts.pdf,,,,,reported,,0
2026-10-05 03:44,2023-09-01,10:00,Энержи Ресурс ХХК,Energy Resources,archive-fadadb8b787bc9df41fc,Coal,Washed coking coal,Баяжуулсан коксжих нүүрс,CNY,1050.0,2.0,12800.0,https://mse.mn/uploads/images/2023/mng_09.01_1.pdf,,,,,reported,,0
2026-10-05 03:44,2023-08-31,12:00,Энержи Ресурс ХХК,Energy Resources,archive-44dc9c4df2ecfb172c17,Coal,Washed coking coal,Баяжуулсан коксжих нүүрс,CNY,1050.0,2.0,12800.0,https://mse.mn/uploads/images/2023/8.31-12pm_er_mgl.pdf,,,,,reported,,0
2026-10-05 03:44,2023-08-31,10:00,Энержи Ресурс ХХК,Energy Resources,archive-0f3ab4bde5cf7e05d81d,Coal,Баяжуулсан дунд зэрэг үнстэй хагас хатуу коксжих нүүрс,Баяжуулсан дунд зэрэг үнстэй хагас хатуу коксжих нүүрс,CNY,400.0,2.0,12800.0,https://mse.mn/uploads/images/2023/er-8.31.10.pdf,,,,,reported,,0
2026-10-05 03:44,2023-08-25,14:00,Эрдэнэс Тавантолгой ХК,Erdenes Tavan Tolgoi,archive-7644de30f94b60d31e43,Coal,Хатуу коксжих нүүрс,Хатуу коксжих нүүрс,USD,97.1,20.0,128000.0,https://mse.mn/uploads/images/2023/ett_0825_mn.pdf,,,,,reported,,0
2026-10-05 03:44,2023-08-25,12:00,Энержи Ресурс ХХК,Energy Resources,archive-d8cefafcc2fef97471d2,Coal,Washed coking coal,Баяжуулсан коксжих нүүрс,CNY,1050.0,2.0,12800.0,https://mse.mn/uploads/images/2023/er_0825_12-1-2.pdf,,,,,reported,,0
2026-10-05 03:44,2023-08-25,10:00,Энержи Ресурс ХХК,Energy Resources,archive-c0024213726dc2623153,Coal,Washed coking coal,Баяжуулсан коксжих нүүрс,CNY,1050.0,2.0,12800.0,https://mse.mn/uploads/images/2023/er_0825_10-1-2.pdf,,,,,reported,,0
2026-10-05 03:44,2023-08-24,12:00,Энержи Ресурс ХХК,Energy Resources,archive-d31bfd8b48407ff67f3c,Coal,Washed coking coal,Баяжуулсан коксжих нүүрс,CNY,1050.0,2.0,12800.0,https://mse.mn/uploads/images/2023/er_0824_12-1-2.pdf,,,,,reported,,0
2026-10-05 03:44,2023-08-24,10:00,Энержи Ресурс ХХК,Energy Resources,archive-c13e4d1d3480c9c0cb5c,Coal,Washed coking coal,Баяжуулсан коксжих нүүрс,CNY,1050.0,2.0,12800.0,https://mse.mn/uploads/images/2023/er_0824_10-1-2.pdf,,,,,reported,,0
2026-10-05 03:44,2023-08-23,10:00,Энержи Ресурс ХХК,Energy Resources,archive-a44d05134aa0efc5e5e6,Coal,Washed coking coal,Баяжуулсан коксжих нүүрс,CNY,1050.0,2.0,12800.0,https://mse.mn/uploads/images/2023/er_0823_10-1-2.pdf,,,,,reported,,0
2026-10-05 03:44,2023-08-22,10:00,Энержи Ресурс ХХК,Energy Resources,archive-5d8b291d928f92cea0de,Coal,Washed coking coal,Баяжуулсан коксжих нүүрс,CNY,1050.0,2.0,12800.0,https://mse.mn/uploads/images/2023/er_0822_10-1-2.pdf,,,,,reported,,0
2026-10-05 03:44,2023-08-21,10:00,Энержи Ресурс ХХК,Energy Resources,archive-84505bf3eede6e6af148,Coal,Баяжуулсан дунд зэрэг үнстэй хагас хатуу коксжих нүүрс,Баяжуулсан дунд зэрэг үнстэй хагас хатуу коксжих нүүрс,CNY,400.0,2.0,12800.0,https://mse.mn/uploads/images/2023/er-23034_%D0%BD%D2%AF%D2%AF%D1%80%D1%81%D0%BD%D0%B8%D0%B9_%D0%B0%D1%80%D0%B8%D0%BB%D0%B6%D0%B0%D0%B0%D0%BD%D1%8B_%D0%B7%D0%B0%D1%80_8.21-1-2.pdf,,,,,reported,,0
2026-10-05 03:44,2023-08-18,14:00,Эрдэнэс Тавантолгой ХК,Erdenes Tavan Tolgoi,archive-d5d3fb017a1fccb3ec03,Coal,Medium-volatile coking coal,"Дэгдэмхий бодис дунд, коксжих нүүрс",USD,136.0,50.0,320000.0,https://mse.mn/uploads/images/2023/ett-word_%D0%BC%D0%BE%D0%BD%D0%B3%D0%BE%D0%BB.pdf,,,,,reported,,0
2026-10-05 03:44,2023-08-17,10:00,Энержи Ресурс ХХК,Energy Resources,archive-84e66722f86cd429c6a2,Coal,Washed coking coal,Баяжуулсан коксжих нүүрс,CNY,950.0,2.0,12800.0,https://mse.mn/uploads/images/2023/8.17-er-zar-1-2.pdf,,,,,reported,,0
2026-10-05 03:44,2023-08-16,10:00,Энержи Ресурс ХХК,Energy Resources,archive-798fc00c588208ec7625,Coal,Washed coking coal,Баяжуулсан коксжих нүүрс,CNY,950.0,2.0,12800.0,https://mse.mn/uploads/images/2023/zar-er-8.16-1-2.pdf,,,,,reported,,0
2026-10-05 03:44,2023-08-15,10:00,Energy Resources LLC,Energy Resources LLC,archive-c000c8c002ab83f64848,Coal,Washed coking coal,Баяжуулсан коксжих нүүрс,CNY,950.0,2.0,12800.0,https://mse.mn/uploads/images/2023/zar-er-8.15-1-2.pdf,,,,,reported,,0
2026-10-05 03:44,2023-08-11,14:00,Эрдэнэс Тавантолгой ХК,Erdenes Tavan Tolgoi,archive-8bfcabffe333b54acecd,Coal,Хатуу коксжих нүүрс,Хатуу коксжих нүүрс,USD,97.1,50.0,320000.0,https://mse.mn/uploads/images/2023/ett_08.11.pdf,,,,,reported,,0
2026-10-05 03:44,2023-08-11,10:00,Энержи Ресурс ХХК,Energy Resources,archive-96d169614fa038296d63,Coal,Баяжуулсан дунд зэрэг үнстэй хагас хатуу коксжих нүүрс,Баяжуулсан дунд зэрэг үнстэй хагас хатуу коксжих нүүрс,CNY,400.0,2.0,12800.0,https://mse.mn/uploads/images/er_08.11-5-6.pdf,,,,,reported,,0
2026-10-05 03:44,2023-08-10,10:00,Энержи Ресурс ХХК,Energy Resources,archive-ed195e9a87fc7ba99bf6,Coal,Washed coking coal,Баяжуулсан коксжих нүүрс,CNY,950.0,2.0,12800.0,https://mse.mn/uploads/images/er_08.10-5-6.pdf,,,,,reported,,0
2026-10-05 03:44,2023-08-09,10:00,Энержи Ресурс ХХК,Energy Resources,archive-24505f74c2f49fd41630,Coal,Washed coking coal,Баяжуулсан коксжих нүүрс,CNY,950.0,2.0,12800.0,https://mse.mn/uploads/images/er_08.09-5-6.pdf,,,,,reported,,0
2026-10-05 03:44,2023-08-08,10:00,Энержи Ресурс ХХК,Energy Resources,archive-d42ed20a7e8cdac6f465,Coal,Washed coking coal,Баяжуулсан коксжих нүүрс,CNY,950.0,2.0,12800.0,https://mse.mn/uploads/images/er_08.08-5-6.pdf,,,,,reported,,0
2026-10-05 03:44,2023-08-04,14:00,Эрдэнэс Тавантолгой ХК,Erdenes Tavan Tolgoi,archive-07bcf3d6f9ef5468a32d,Coal,Хатуу коксжих нүүрс,Хатуу коксжих нүүрс,USD,97.1,5.0,32000.0,https://mse.mn/uploads/images/2023/ett_08.04_2.pdf,,,,,reported,,0
2026-10-05 03:44,2023-08-04,12:00,Эрдэнэс Тавантолгой ХК,Erdenes Tavan Tolgoi,archive-4de1b9557e6ab542c573,Coal,Medium-volatile coking coal,"Дэгдэмхий бодис дунд, коксжих нүүрс",USD,135.4,5.0,32000.0,https://mse.mn/uploads/images/2023/ett_08.04_12.pdf,,,,,reported,,0
2026-10-05 03:44,2023-08-04,10:00,Энержи Ресурс ХХК,Energy Resources,archive-ec0dd68b0902e3c21c37,Coal,Баяжуулсан дунд зэрэг үнстэй хагас хатуу коксжих нүүрс,Баяжуулсан дунд зэрэг үнстэй хагас хатуу коксжих нүүрс,CNY,400.0,2.0,12800.0,https://mse.mn/uploads/images/2023/er_8.04_mn.pdf,,,,,reported,,0
2026-10-05 03:44,2023-08-03,10:00,Энержи Ресурс ХХК,Energy Resources,archive-bc99d6614e70dc2eedb5,Coal,Washed coking coal,Баяжуулсан коксжих нүүрс,CNY,950.0,2.0,12800.0,https://mse.mn/uploads/images/2023/er_8.03_mn.pdf,,,,,reported,,0
2026-10-05 03:44,2023-08-02,10:00,Энержи Ресурс ХХК,Energy Resources,archive-8dfba4cc6ee5f75fc52f,Coal,Washed coking coal,Баяжуулсан коксжих нүүрс,CNY,950.0,2.0,12800.0,https://mse.mn/uploads/images/2023/er_8.02_mn.pdf,,,,,reported,,0
2026-10-05 03:44,2023-08-01,10:00,Энержи Ресурс ХХК,Energy Resources,archive-a7e1d96edd6d693d65f5,Coal,Washed coking coal,Баяжуулсан коксжих нүүрс,CNY,950.0,2.0,12800.0,https://mse.mn/uploads/images/2023/er_08.01_mn.pdf,,,,,reported,,0
2026-10-05 03:44,2023-07-28,16:00,Эрдэнэс Тавантолгой ХК,Erdenes Tavan Tolgoi,archive-40c8209470a9adfecabf,Coal,Эрчим хүчний нүүрс,Эрчим хүчний нүүрс,USD,58.7,5.0,32000.0,https://mse.mn/uploads/images/2023/mse-maygat-32k_16.00.pdf,,,,,reported,,0
2026-10-05 03:44,2023-07-28,13:00,Эрдэнэс Тавантолгой ХК,Erdenes Tavan Tolgoi,archive-da0a570b7e2419b8bd57,Coal,Medium-volatile coking coal,"Дэгдэмхий бодис дунд, коксжих нүүрс",USD,119.1,10.0,64000.0,https://mse.mn/uploads/images/2023/mse-mayagt-64k_13.00.pdf,,,,,reported,,0
2026-10-05 03:44,2023-07-28,11:00,Эрдэнэс Тавантолгой ХК,Erdenes Tavan Tolgoi,archive-045393aa554a1e564f49,Coal,Medium-volatile coking coal,"Дэгдэмхий бодис дунд, коксжих нүүрс",USD,119.1,5.0,32000.0,https://mse.mn/uploads/images/2023/mse-mayagt-32k-11.00.pdf,,,,,reported,,0
2026-10-05 03:44,2023-07-27,10:00,Хангад Эксплорэйшн ХХК,Khangad Exploration,archive-3d4a4f601ea8ba07749d,Coal,Washed semi-soft coking coal,Баяжуулсан сул коксжих нүүрс,CNY,800.0,2.0,12800.0,https://mse.mn/uploads/images/2023/kh-23009_7.27_%D0%B0%D1%80%D0%B8%D0%BB%D0%B6%D0%B0%D0%B0%D0%BD%D1%8B_%D0%B7%D0%B0%D1%80%D1%8B%D0%BD_%D0%BC%D0%B0%D1%8F%D0%B3%D1%82_new.pdf,,,,,reported,,0
2026-10-05 03:44,2023-07-26,10:00,Энержи Ресурс ХХК,Energy Resources,archive-593cb839a43bca3fc926,Coal,Washed coking coal,Баяжуулсан коксжих нүүрс,CNY,950.0,2.0,12800.0,https://mse.mn/uploads/images/2023/er-23020_7.26_%D0%B0%D1%80%D0%B8%D0%BB%D0%B6%D0%B0%D0%B0%D0%BD%D1%8B_%D0%B7%D0%B0%D1%80%D1%8B%D0%BD_%D0%BC%D0%B0%D1%8F%D0%B3%D1%82_new_1.pdf,,,,,reported,,0
2026-10-05 03:44,2023-06-29,16:00,Эрдэнэс Тавантолгой ХК,Erdenes Tavan Tolgoi,archive-0d3cc6e07cf476498aab,Coal,Medium-volatile coking coal,"Дэгдэмхий бодис дунд, коксжих нүүрс",USD,119.1,5.0,32000.0,https://mse.mn/uploads/images/coal_auction_schedule/ett_0629_16.pdf,,,,,reported,,0
2026-10-05 03:44,2023-06-29,14:00,Эрдэнэс Тавантолгой ХК,Erdenes Tavan Tolgoi,archive-26b9c3bed7f493b9be17,Coal,Хатуу коксжих нүүрс,Хатуу коксжих нүүрс,USD,74.4,10.0,64000.0,https://mse.mn/uploads/images/coal_auction_schedule/ett_0629_14.pdf,,,,,reported,,0
2026-10-05 03:44,2023-06-29,12:00,Энержи Ресурс ХХК,Energy Resources,archive-79947789c5569fa65723,Coal,Washed coking coal,Баяжуулсан коксжих нүүрс,CNY,950.0,5.0,32000.0,https://mse.mn/uploads/images/coal_auction_schedule/er-23018_nuurs_ariljih_zariin_huudas_6-1-2.pdf,,,,,reported,,0
2026-10-05 03:44,2023-06-29,10:00,Хангад Эксплорэйшн ХХК,Khangad Exploration,archive-abf173815b17e7a0d8a7,Coal,Washed semi-soft coking coal,Баяжуулсан сул коксжих нүүрс,CNY,800.0,2.0,12800.0,https://mse.mn/uploads/images/energy_resourse/kh_0629_1-2.pdf,,,,,reported,,0
2026-10-05 03:44,2023-06-28,16:00,Эрдэнэс Тавантолгой ХК,Erdenes Tavan Tolgoi,archive-7edd4d7ae01cb3596c9d,Coal,Эрчим хүчний нүүрс,Эрчим хүчний нүүрс,USD,58.7,3.0,19200.0,https://mse.mn/uploads/images/coal_auction_schedule/ett_0628_16.pdf,,,,,reported,,0
2026-10-05 03:44,2023-06-28,14:00,Эрдэнэс Тавантолгой ХК,Erdenes Tavan Tolgoi,archive-a0db3d4b3267a5df6ac8,Coal,Medium-volatile coking coal,"Дэгдэмхий бодис дунд, коксжих нүүрс",USD,119.1,25.0,160000.0,https://mse.mn/uploads/images/coal_auction_schedule/ett_0628_14.pdf,,,,,reported,,0
2026-10-05 03:44,2023-06-28,12:00,Эрдэнэс Тавантолгой ХК,Erdenes Tavan Tolgoi,archive-4bc2b8fc0558fd1f09fd,Coal,Medium-volatile coking coal,"Дэгдэмхий бодис дунд, коксжих нүүрс",USD,119.1,10.0,64000.0,https://mse.mn/uploads/images/coal_auction_schedule/ett_0628_12.pdf,,,,,reported,,0
2026-10-05 03:44,2023-06-28,10:00,Энержи Ресурс ХХК,Energy Resources,archive-17874ac63cdf03624fa4,Coal,Washed coking coal,Баяжуулсан коксжих нүүрс,CNY,950.0,5.0,32000.0,https://mse.mn/uploads/images/energy_resourse/0628_1-2.pdf,,,,,reported,,0
2026-10-05 03:44,2023-06-27,16:00,Эрдэнэс Тавантолгой ХК,Erdenes Tavan Tolgoi,archive-dca74a0b04dac2ba89ca,Coal,Эрчим хүчний нүүрс,Эрчим хүчний нүүрс,USD,58.7,5.0,32000.0,https://mse.mn/uploads/images/coal_auction_schedule/ett_0627_16.pdf,,,,,reported,,0
2026-10-05 03:44,2023-06-27,14:00,Эрдэнэс Тавантолгой ХК,Erdenes Tavan Tolgoi,archive-2050b61ec2066d379563,Coal,Хатуу коксжих нүүрс,Хатуу коксжих нүүрс,USD,74.4,25.0,160000.0,https://mse.mn/uploads/images/coal_auction_schedule/ett_0627_14.pdf,,,,,reported,,0
2026-10-05 03:44,2023-06-27,12:00,Эрдэнэс Тавантолгой ХК,Erdenes Tavan Tolgoi,archive-d550950a26f8c5e5fe6a,Coal,Хатуу коксжих нүүрс,Хатуу коксжих нүүрс,USD,74.4,10.0,64000.0,https://mse.mn/uploads/images/coal_auction_schedule/ett_0627_12.pdf,,,,,reported,,0
2026-10-05 03:44,2023-06-27,10:00,Энержи Ресурс ХХК,Energy Resources,archive-b0011fd65b0a189d690d,Coal,Washed coking coal,Баяжуулсан коксжих нүүрс,CNY,950.0,5.0,32000.0,https://mse.mn/uploads/images/energy_resourse/0627_1-2.pdf,,,,,reported,,0
2026-10-05 03:44,2023-06-26,10:00,Энержи Ресурс ХХК,Energy Resources,archive-b120797e5ea46715effb,Coal,Washed coking coal,Баяжуулсан коксжих нүүрс,CNY,950.0,5.0,32000.0,https://mse.mn/uploads/images/energy_resourse/0626_1-2.pdf,,,,,reported,,0
2026-10-05 03:44,2023-06-23,14:00,Эрдэнэс Тавантолгой ХК,Erdenes Tavan Tolgoi,archive-12cbe48ffad943ca9b9b,Coal,Хатуу коксжих нүүрс,Хатуу коксжих нүүрс,USD,74.4,25.0,160000.0,https://mse.mn/uploads/images/coal_auction_schedule/ett_0623_14.pdf,,,,,reported,,0
2026-10-05 03:44,2023-06-23,11:00,Эрдэнэс Тавантолгой ХК,Erdenes Tavan Tolgoi,archive-ea8437c08c3f63c522bb,Coal,Medium-volatile coking coal,"Дэгдэмхий бодис дунд, коксжих нүүрс",USD,119.1,25.0,160000.0,https://mse.mn/uploads/images/coal_auction_schedule/ett_0623.pdf,,,,,reported,,0
2026-10-05 03:44,2023-06-22,15:00,Эрдэнэс Тавантолгой ХК,Erdenes Tavan Tolgoi,archive-2a480bf2d0536474e949,Coal,Хатуу коксжих нүүрс,Хатуу коксжих нүүрс,USD,74.4,10.0,64000.0,https://mse.mn/uploads/images/coal_auction_schedule/ett_0622_15.pdf,,,,,reported,,0
2026-10-05 03:44,2023-06-22,12:00,Эрдэнэс Тавантолгой ХК,Erdenes Tavan Tolgoi,archive-a494e6f09f7c82db1988,Coal,Medium-volatile coking coal,"Дэгдэмхий бодис дунд, коксжих нүүрс",USD,119.1,10.0,64000.0,https://mse.mn/uploads/images/coal_auction_schedule/ett_0622_12.pdf,,,,,reported,,0
2026-10-05 03:44,2023-06-22,10:00,Хангад Эксплорэйшн ХХК,Khangad Exploration,archive-aa41bdcab698a10a6078,Coal,Washed semi-soft coking coal,Баяжуулсан сул коксжих нүүрс,CNY,800.0,2.0,12800.0,https://mse.mn/uploads/images/energy_resourse/kh_6.22_mn.pdf,,,,,reported,,0
2026-10-05 03:44,2023-06-21,10:00,Энержи Ресурс ХХК,Energy Resources,archive-6fcae8647906d76d4810,Coal,Washed coking coal,Баяжуулсан коксжих нүүрс,CNY,900.0,2.0,12800.0,https://mse.mn/uploads/images/energy_resourse/er_6.21_mn.pdf,,,,,reported,,0
2026-10-05 03:44,2023-06-20,13:00,Эрдэнэс Тавантолгой ХК,Erdenes Tavan Tolgoi,archive-f4aeff21fd6a979e16f4,Coal,Medium-volatile coking coal,"Дэгдэмхий бодис дунд, коксжих нүүрс",USD,119.1,5.0,32000.0,https://mse.mn/uploads/images/nuursnii_zar/ett_zar_6.20_mn.pdf,,,,,reported,,0
2026-10-05 03:44,2023-06-20,11:00,Эрдэнэс Тавантолгой ХК,Erdenes Tavan Tolgoi,archive-02b82801150883ce6fe5,Coal,Хатуу коксжих нүүрс,Хатуу коксжих нүүрс,USD,74.4,13.0,83200.0,https://mse.mn/uploads/images/nuursnii_zar/ett_zar_6.20_83.2k_mn.pdf,,,,,reported,,0
2026-10-05 03:44,2023-06-19,13:00,Эрдэнэс Тавантолгой ХК,Erdenes Tavan Tolgoi,archive-e103c8271ed2dd60b412,Coal,Хатуу коксжих нүүрс,Хатуу коксжих нүүрс,USD,74.4,25.0,160000.0,https://mse.mn/uploads/images/nuursnii_zar/ett_zar_6.19-13-mn_sscc.pdf,,,,,reported,,0
2026-10-05 03:44,2023-06-19,11:00,Эрдэнэс Тавантолгой ХК,Erdenes Tavan Tolgoi,archive-20ba4dd3b25f0aaaf64f,Coal,Medium-volatile coking coal,"Дэгдэмхий бодис дунд, коксжих нүүрс",USD,119.1,10.0,64000.0,https://mse.mn/uploads/images/nuursnii_zar/ett_zar_6.19-11-mn.pdf,,,,,reported,,0
2026-10-05 03:44,2023-06-15,10:00,Хангад Эксплорэйшн ХХК,Khangad Exploration,archive-a1df4f7b35c53fefe228,Coal,Washed semi-soft coking coal,Баяжуулсан сул коксжих нүүрс,CNY,800.0,2.0,12800.0,https://mse.mn/uploads/images/coal_auction_schedule/kh-23006_nuursnii_ariljaanii_zar_6.15-1-2.pdf,,,,,reported,,0
2026-10-05 03:44,2023-06-14,12:00,Тавантолгой ХК,Tavan Tolgoi JSC,archive-56f9684f8c25884eaea5,Coal,Medium-volatile coking coal,"Дэгдэмхий бодис дунд, коксжих нүүрс",USD,122.0,5.0,32000.0,https://mse.mn/uploads/images/coal_auction_schedule/ttl06.14.pdf,,,,,reported,,0
2026-10-05 03:44,2023-06-14,10:00,Энержи Ресурс ХХК,Energy Resources,archive-dc942aee445f0a0e96c8,Coal,Washed coking coal,Баяжуулсан коксжих нүүрс,CNY,900.0,2.0,12800.0,https://mse.mn/uploads/images/coal_auction_schedule/er0614.pdf,,,,,reported,,0
2026-10-05 03:44,2023-06-13,11:00,Эрдэнэс Тавантолгой ХК,Erdenes Tavan Tolgoi,archive-59feb402f56743b4e4b2,Coal,Хатуу коксжих нүүрс,Хатуу коксжих нүүрс,USD,74.3,5.0,32000.0,https://mse.mn/uploads/images/coal_auction_schedule/ett_0613.pdf,,,,,reported,,0
2026-10-05 03:44,2023-06-12,11:00,Тавантолгой ХК,Tavan Tolgoi JSC,archive-28c6cdbe8d3754662348,Coal,Medium-volatile coking coal,"Дэгдэмхий бодис дунд, коксжих нүүрс",USD,122.0,5.0,32000.0,https://mse.mn/uploads/images/coal_auction_schedule/ttl06.12.pdf,,,,,reported,,0
2026-10-05 03:44,2023-06-09,10:00,Эрдэнэс Тавантолгой ХК,Erdenes Tavan Tolgoi,archive-8a2ac38ea3f692ab4b59,Coal,Хатуу коксжих нүүрс,Хатуу коксжих нүүрс,USD,74.3,25.0,160000.0,https://mse.mn/uploads/images/coal_auction_schedule/ett_0609.pdf,,,,,reported,,0
2026-10-05 03:44,2023-06-08,10:00,Хангад Эксплорэйшн ХХК,Khangad Exploration,archive-40ba24f69f0c89e1d3cf,Coal,Washed semi-soft coking coal,Баяжуулсан сул коксжих нүүрс,CNY,800.0,2.0,12800.0,https://mse.mn/uploads/images/coal_auction_schedule/kh-23005_nuursnii_ariljaanii_zariin_huudas_6-1-2.pdf,,,,,reported,,0
2026-10-05 03:44,2023-06-07,10:00,Энержи Ресурс ХХК,Energy Resources,archive-7cbde30c5eb5f29cbdb6,Coal,Washed coking coal,Баяжуулсан коксжих нүүрс,CNY,900.0,2.0,12800.0,https://mse.mn/uploads/images/coal_auction_schedule/er-23012_nuurs_ariljih_zariin_huudas_6-1-2.pdf,,,,,reported,,0
2026-10-05 03:44,2023-05-31,14:00,Энержи Ресурс ХХК,Energy Resources,archive-542cec00a6f8d6ee2903,Coal,Washed coking coal,Баяжуулсан коксжих нүүрс,CNY,950.0,5.0,32000.0,https://mse.mn/uploads/images/er-zar_5.31_mn.pdf,,,,,reported,,0
2026-10-05 03:44,2023-05-31,12:00,Эрдэнэс Тавантолгой ХК,Erdenes Tavan Tolgoi,archive-bea7a7a5b37a3e566418,Coal,Medium-volatile coking coal,"Дэгдэмхий бодис дунд, коксжих нүүрс",USD,131.6,5.0,32000.0,https://mse.mn/uploads/images/coal_auction_schedule/ett_5.31_mn.pdf,,,,,reported,,0
2026-10-05 03:44,2023-05-31,10:00,Хангад Эксплорэйшн ХХК,Khangad Exploration,archive-93099132acf4d5b0738d,Coal,Washed semi-soft coking coal,Баяжуулсан сул коксжих нүүрс,CNY,800.0,2.0,12800.0,https://mse.mn/uploads/images/coal_auction_schedule/kh5.31-1-2.pdf,,,,,reported,,0
2026-10-05 03:44,2023-05-26,11:00,Эрдэнэс Тавантолгой ХК,Erdenes Tavan Tolgoi,archive-55fc80fd466c6b971b45,Coal,Эрчим хүчний нүүрс,Эрчим хүчний нүүрс,USD,63.7,25.0,160000.0,https://mse.mn/uploads/images/coal_auction_schedule/ett05.26.pdf,,,,,reported,,0
2026-10-05 03:44,2023-05-25,11:00,Эрдэнэс Тавантолгой ХК,Erdenes Tavan Tolgoi,archive-492497670dcc57aaf799,Coal,Medium-volatile coking coal,"Дэгдэмхий бодис дунд, коксжих нүүрс",USD,131.6,5.0,32000.0,https://mse.mn/uploads/images/coal_auction_schedule/ett05.25.pdf,,,,,reported,,0
2026-10-05 03:44,2023-05-19,11:00,Эрдэнэс Тавантолгой ХК,Erdenes Tavan Tolgoi,archive-c34ad4d65d62c84ddf4c,Coal,Эрчим хүчний нүүрс,Эрчим хүчний нүүрс,USD,63.7,25.0,160000.0,https://mse.mn/uploads/images/coal_auction_schedule/ett05.19.pdf,,,,,reported,,0
2026-10-05 03:44,2023-05-18,10:00,Хангад Эксплорэйшн ХХК,Khangad Exploration,archive-d8579b88263954acee4a,Coal,Washed semi-soft coking coal,Баяжуулсан сул коксжих нүүрс,CNY,800.0,2.0,12800.0,https://mse.mn/uploads/images/coal_auction_schedule/kh-23003_nuursnii_ariljaanii_zariin_huudas_5.18-1-2.pdf,,,,,reported,,0
2026-10-05 03:44,2023-05-12,15:00,Эрдэнэс Тавантолгой ХК,Erdenes Tavan Tolgoi,archive-da2a094ba889f76c4b67,Coal,Хатуу коксжих нүүрс,Хатуу коксжих нүүрс,USD,97.4,5.0,32000.0,https://mse.mn/uploads/images/coal_auction_schedule/ett05.12.pdf,,,,,reported,,0
2026-10-05 03:44,2023-05-12,11:00,Эрдэнэс Тавантолгой ХК,Erdenes Tavan Tolgoi,archive-2450f98b2208d93c8cbd,Coal,Medium-volatile coking coal,"Дэгдэмхий бодис дунд, коксжих нүүрс",USD,140.3,5.0,32000.0,https://mse.mn/uploads/images/coal_auction_schedule/ett05.12.11.pdf,,,,,reported,,0
2026-10-05 03:44,2023-05-11,11:00,Тавантолгой ХК,Tavan Tolgoi JSC,archive-559dabba8d43d545d0f1,Coal,Medium-volatile coking coal,"Дэгдэмхий бодис дунд, коксжих нүүрс",USD,136.0,5.0,32000.0,https://mse.mn/uploads/images/coal_auction_schedule/ttl05.11.pdf,,,,,reported,,0
2026-10-05 03:44,2023-05-10,11:00,Тавантолгой ХК,Tavan Tolgoi JSC,archive-f416c0474d00c129e667,Coal,Medium-volatile coking coal,"Дэгдэмхий бодис дунд, коксжих нүүрс",USD,136.0,5.0,32000.0,https://mse.mn/uploads/images/coal_auction_schedule/ttl05.10.pdf,,,,,reported,,0
2026-10-05 03:44,2023-05-09,11:00,Тавантолгой ХК,Tavan Tolgoi JSC,archive-f086a87225a5656af3b2,Coal,Хатуу коксжих нүүрс,Хатуу коксжих нүүрс,USD,95.4,2.0,12800.0,https://mse.mn/uploads/images/coal_auction_schedule/ttl05.09.pdf,,,,,reported,,0
2026-10-05 03:44,2023-05-08,11:00,Тавантолгой ХК,Tavan Tolgoi JSC,archive-177486b65972640259f6,Coal,Хатуу коксжих нүүрс,Хатуу коксжих нүүрс,USD,95.4,2.0,12800.0,https://mse.mn/uploads/images/coal_auction_schedule/ttl05.08.pdf,,,,,reported,,0
2026-10-05 03:44,2023-05-05,11:00,Эрдэнэс Тавантолгой ХК,Erdenes Tavan Tolgoi,archive-9e38586f64267a71c013,Coal,Хатуу коксжих нүүрс,Хатуу коксжих нүүрс,USD,97.4,5.0,32000.0,https://mse.mn/uploads/images/coal_auction_schedule/ett05.05.pdf,,,,,reported,,0
2026-10-05 03:44,2023-05-04,16:00,Эрдэнэс Тавантолгой ХК,Erdenes Tavan Tolgoi,archive-7500a92509a9d9ffb579,Coal,Medium-volatile coking coal,"Дэгдэмхий бодис дунд, коксжих нүүрс",USD,140.3,5.0,32000.0,https://mse.mn/uploads/images/coal_auction_schedule/ett05.04.pdf,,,,,reported,,0
2026-10-05 03:44,2023-05-04,14:00,Энержи Ресурс ХХК,Energy Resources,archive-6b6d8d38ce20fe0efd5f,Coal,Washed coking coal,Баяжуулсан коксжих нүүрс,CNY,1100.0,2.0,12800.0,https://mse.mn/uploads/images/2023/er-23010_nuurs_ariljih_zariin_huudas_5.4-1-2.pdf,,,,,reported,,0
2026-10-05 03:44,2023-05-04,12:00,Тавантолгой ХК,Tavan Tolgoi JSC,archive-649cb679c5b4c73a016c,Coal,Medium-volatile coking coal,"Дэгдэмхий бодис дунд, коксжих нүүрс",USD,139.2,5.0,32000.0,https://mse.mn/uploads/images/coal_auction_schedule/ttl05.04.pdf,,,,,reported,,0
2026-10-05 03:44,2023-05-04,10:00,Хангад Эксплорэйшн ХХК,Khangad Exploration,archive-cd282fbf3a3f54791e78,Coal,Washed semi-soft coking coal,Баяжуулсан сул коксжих нүүрс,CNY,850.0,2.0,12800.0,https://mse.mn/uploads/images/2023/kh-23002_nuursnii_ariljaanii_zariin_huudas_5.4-1-2.pdf,,,,,reported,,0
2026-10-05 03:44,2023-05-03,11:00,Тавантолгой ХК,Tavan Tolgoi JSC,archive-bfca6a194c5b379906f7,Coal,Medium-volatile coking coal,"Дэгдэмхий бодис дунд, коксжих нүүрс",USD,139.2,5.0,32000.0,https://mse.mn/uploads/images/coal_auction_schedule/ttl05.03.pdf,,,,,reported,,0
2026-10-05 03:44,2023-04-28,13:00,Тавантолгой ХК,Tavan Tolgoi JSC,archive-be2a88b1232b3ce5742b,Coal,Хатуу коксжих нүүрс,Хатуу коксжих нүүрс,USD,110.0,2.0,12800.0,https://mse.mn/uploads/images/2023/ttl04.28.pdf,,,,,reported,,0
2026-10-05 03:44,2023-04-28,11:00,Эрдэнэс Тавантолгой ХК,Erdenes Tavan Tolgoi,archive-b0e4af9944053a6375b0,Coal,Эрчим хүчний нүүрс,Эрчим хүчний нүүрс,USD,68.3,5.0,32000.0,https://mse.mn/uploads/images/2023/_%D0%B7%D0%B0%D1%80_20230428_32k_mn.pdf,,,,,reported,,0
2026-10-05 03:44,2023-04-27,11:00,Тавантолгой ХК,Tavan Tolgoi JSC,archive-03fe8e96b954ca992cc1,Coal,Хатуу коксжих нүүрс,Хатуу коксжих нүүрс,USD,110.0,2.0,12800.0,https://mse.mn/uploads/images/2023/ttl04.27.docx.pdf,,,,,reported,,0
2026-10-05 03:44,2023-04-26,10:00,Энержи Ресурс ХХК,Energy Resources,archive-938da89b0a53f5966c13,Coal,Washed coking coal,Баяжуулсан коксжих нүүрс,CNY,1150.0,2.0,12800.0,https://mse.mn/uploads/images/2023/er-23009_nuurs_ariljih_zariin_huudas_4.26-1-2.pdf,,,,,reported,,0
2026-10-05 03:44,2023-04-21,13:00,Эрдэнэс Тавантолгой ХК,Erdenes Tavan Tolgoi,archive-b6ef17f14101fe6fdc15,Coal,Хатуу коксжих нүүрс,Хатуу коксжих нүүрс,USD,109.5,5.0,32000.0,https://mse.mn/uploads/images/2023/ett_4.21_13.pdf,,,,,reported,,0
2026-10-05 03:44,2023-04-21,11:00,Эрдэнэс Тавантолгой ХК,Erdenes Tavan Tolgoi,archive-b92b73aaa25937b7e7d0,Coal,Medium-volatile coking coal,"Дэгдэмхий бодис дунд, коксжих нүүрс",USD,153.9,5.0,32000.0,https://mse.mn/uploads/images/2023/ett_4.21_11.pdf,,,,,reported,,0
2026-10-05 03:44,2023-04-20,10:00,Хангад Эксплорэйшн ХХК,Khangad Exploration,archive-31c714e0edc9e3d42bc1,Coal,Washed semi-soft coking coal,Баяжуулсан сул коксжих нүүрс,CNY,850.0,2.0,12800.0,https://mse.mn/uploads/images/2023/kh-23001._nuursnii_ariljaanii_zariin_huudas_4.20-1-2.pdf,,,,,reported,,0
2026-10-05 03:44,2023-04-19,10:00,Энержи Ресурс ХХК,Energy Resources,archive-7fd2537ba8bfc492a8ba,Coal,Washed coking coal,Баяжуулсан коксжих нүүрс,CNY,1150.0,2.0,12800.0,https://mse.mn/uploads/images/2023/er-23008_nuurs_ariljih_zariin_huudas_4.19-1-2.pdf,,,,,reported,,0
2026-10-05 03:44,2023-04-14,14:00,Эрдэнэс Тавантолгой ХК,Erdenes Tavan Tolgoi,archive-e69ce3dcf80c9d559b0e,Coal,Medium-volatile coking coal,"Дэгдэмхий бодис дунд, коксжих нүүрс",USD,153.9,25.0,160000.0,https://mse.mn/uploads/images/2023/ett_zar_4.14_mn_14__tsag.pdf,,,,,reported,,0
2026-10-05 03:44,2023-04-14,12:00,Эрдэнэс Тавантолгой ХК,Erdenes Tavan Tolgoi,archive-6c6cb9cbe40f1f2f0423,Coal,Хатуу коксжих нүүрс,Хатуу коксжих нүүрс,USD,109.5,5.0,32000.0,https://mse.mn/uploads/images/2023/04.14.12.pdf,,,,,reported,,0
2026-10-05 03:44,2023-04-14,10:00,Эрдэнэс Тавантолгой ХК,Erdenes Tavan Tolgoi,archive-6ee5c55f08e5e80247ab,Coal,Medium-volatile coking coal,"Дэгдэмхий бодис дунд, коксжих нүүрс",USD,153.9,5.0,32000.0,https://mse.mn/uploads/images/2023/04.1410.pdf,,,,,reported,,0
2026-10-05 03:44,2023-04-13,11:00,Тавантолгой ХК,Tavan Tolgoi JSC,archive-234c99ccce2c10684ff5,Coal,Medium-volatile coking coal,"Дэгдэмхий бодис дунд, коксжих нүүрс",USD,152.9,10.0,64000.0,https://mse.mn/uploads/images/2023/ttl04.13.pdf,,,,,reported,,0
2026-10-05 03:44,2023-04-12,14:00,Энержи Ресурс ХХК,Energy Resources,archive-cf48963b1daef8d9c40c,Coal,Washed coking coal,Баяжуулсан коксжих нүүрс,CNY,1250.0,5.0,32000.0,https://mse.mn/uploads/images/2023/er0412.pdf,,,,,reported,,0
2026-10-05 03:44,2023-04-12,11:00,Тавантолгой ХК,Tavan Tolgoi JSC,archive-b03090945277bd2d74b6,Coal,Medium-volatile coking coal,"Дэгдэмхий бодис дунд, коксжих нүүрс",USD,152.9,10.0,64000.0,https://mse.mn/uploads/images/2023/ttl04.12.pdf,,,,,reported,,0
2026-10-05 03:44,2023-04-11,11:00,Тавантолгой ХК,Tavan Tolgoi JSC,archive-9475b0b536e70a29fec4,Coal,Medium-volatile coking coal,"Дэгдэмхий бодис дунд, коксжих нүүрс",USD,152.9,5.0,32000.0,https://mse.mn/uploads/images/2023/ttl04.11.pdf,,,,,reported,,0
2026-10-05 03:44,2023-04-10,11:00,Тавантолгой ХК,Tavan Tolgoi JSC,archive-961024da903f6c692c57,Coal,Medium-volatile coking coal,"Дэгдэмхий бодис дунд, коксжих нүүрс",USD,175.2,5.0,32000.0,https://mse.mn/uploads/images/2023/ttl04.10.pdf,,,,,reported,,0
2026-10-05 03:44,2023-04-07,11:00,Эрдэнэс Тавантолгой ХК,Erdenes Tavan Tolgoi,archive-f4e84566a612e9eebb68,Coal,Medium-volatile coking coal,"Дэгдэмхий бодис дунд, коксжих нүүрс",USD,176.7,5.0,32000.0,https://mse.mn/uploads/images/2023/ett04.17.pdf,,,,,reported,,0
2026-10-05 03:44,2023-04-05,10:00,Энержи Ресурс ХХК,Energy Resources,archive-2cccc5853b8cd3816847,Coal,Washed coking coal,Баяжуулсан коксжих нүүрс,CNY,1250.0,5.0,32000.0,https://mse.mn/uploads/images/2023/er04.05.pdf,,,,,reported,,0
2026-10-05 03:44,2023-03-31,11:00,Эрдэнэс Тавантолгой ХК,Erdenes Tavan Tolgoi,archive-1b5b059d56ce935c8636,Coal,Эрчим хүчний нүүрс,Эрчим хүчний нүүрс,USD,68.3,15.0,96000.0,https://mse.mn/uploads/images/2023/ett0331_mn.pdf,,,,,reported,,0
2026-10-05 03:44,2023-03-29,13:00,Эрдэнэс Тавантолгой ХК,Erdenes Tavan Tolgoi,archive-efa4b8a1589545a81a40,Coal,Хатуу коксжих,Хатуу коксжих,USD,178.6,5.0,32000.0,https://mse.mn/uploads/images/2023/ett3.29.pdf,,,,,reported,,0
2026-10-05 03:44,2023-03-29,10:00,Энержи Ресурс ХХК,Energy Resources,archive-3ac0f3a1cff38ccaeb5f,Coal,Washed coking coal,Баяжуулсан коксжих нүүрс,CNY,1250.0,5.0,32000.0,https://mse.mn/uploads/images/2023/er329.pdf,,,,,reported,,0
2026-10-05 03:44,2023-03-28,11:00,Тавантолгой ХК,Tavan Tolgoi JSC,archive-1e65cc4d2f2fcf42294a,Coal,Medium-volatile coking coal,"Дэгдэмхий бодис дунд, коксжих нүүрс",USD,175.2,25.0,160000.0,https://mse.mn/uploads/images/2023/ttl_%D0%BC%D0%BE%D0%BD_03%2C28.pdf,,,,,reported,,0
2026-10-05 03:44,2023-03-27,11:00,Тавантолгой ХК,Tavan Tolgoi JSC,archive-fd9662e67c7e9149c09b,Coal,Medium-volatile coking coal,"Дэгдэмхий бодис дунд, коксжих нүүрс",USD,175.2,5.0,32000.0,https://mse.mn/uploads/images/2023/ttl_%D0%B7%D0%B0%D1%80.pdf,,,,,reported,,0
2026-10-05 03:44,2023-03-24,11:00,Эрдэнэс Тавантолгой ХК,Erdenes Tavan Tolgoi,archive-840999ddfd676e6a0885,Coal,Эрчим хүчний нүүрс,Эрчим хүчний нүүрс,USD,68.3,15.0,96000.0,https://mse.mn/uploads/images/2023/ett96.pdf,,,,,reported,,0
2026-10-05 03:44,2023-03-22,10:00,Энержи Ресурс ХХК,Energy Resources,archive-d1c361534b7b868af240,Coal,Washed coking coal,Баяжуулсан коксжих нүүрс,CNY,1250.0,5.0,32000.0,https://mse.mn/uploads/images/2023/er_1-2.pdf,,,,,reported,,0
2026-10-05 03:44,2023-03-20,11:00,Тавантолгой ХК,Tavan Tolgoi JSC,archive-23004be2651d6b862ed6,Coal,Medium-volatile coking coal,"Дэгдэмхий бодис дунд, коксжих нүүрс",USD,175.2,5.0,32000.0,https://mse.mn/uploads/images/2023/_%D0%B7%D0%B0%D1%80_5_%D0%B1%D0%B0%D0%B3%D1%86_%D0%BB%D0%B0%D1%81%D1%82-1-2.pdf,,,,,reported,,0
2026-10-05 03:44,2023-03-17,13:00,Эрдэнэс Тавантолгой ХК,Erdenes Tavan Tolgoi,archive-f8c558f7e4d14909b505,Coal,Хатуу коксжих,Хатуу коксжих,USD,178.6,5.0,32000.0,https://mse.mn/uploads/images/2023/ett5lot03.17.pdf,,,,,reported,,0
2026-10-05 03:44,2023-03-17,11:00,Тавантолгой ХК,Tavan Tolgoi JSC,archive-774acf59ebc0077df339,Coal,Medium-volatile coking coal,"Дэгдэмхий бодис дунд, коксжих нүүрс",USD,175.2,2.0,12800.0,https://mse.mn/uploads/images/2023/_%D0%B7%D0%B0%D1%80_2_%D0%B1%D0%B0%D0%B3%D1%86_%D0%BB%D0%B0%D1%81%D1%82-1-2.pdf,,,,,reported,,0
2026-10-05 03:44,2023-03-15,10:00,Энержи Ресурс ХХК,Energy Resources,archive-3f6f325a9d01fd4be469,Coal,Washed coking coal,Баяжуулсан коксжих нүүрс,CNY,1250.0,5.0,32000.0,https://mse.mn/uploads/images/2023/er3.15mn.pdf,,,,,reported,,0
2026-10-05 03:44,2023-03-10,11:00,Эрдэнэс Тавантолгой ХК,Erdenes Tavan Tolgoi,archive-62bae188493ff1bc79a1,Coal,Хатуу коксжих,Хатуу коксжих,USD,193.8,5.0,32000.0,https://mse.mn/uploads/images/2023/ett_3.10_mn.pdf,,,,,reported,,0
2026-10-05 03:44,2023-02-17,13:00,Эрдэнэс Тавантолгой ХК,Erdenes Tavan Tolgoi,archive-96eab79c7fb3bb9abb73,Coal,Хатуу коксжих,Хатуу коксжих,USD,178.6,5.0,32000.0,https://mse.mn/uploads/images/2023/ett_5_lot_2.17.pdf,,,,,reported,,0
2026-10-05 03:44,2023-02-17,11:00,Эрдэнэс Тавантолгой ХК,Erdenes Tavan Tolgoi,archive-dd215c01ae6d2c71b87d,Coal,Хатуу коксжих,Хатуу коксжих,USD,178.6,10.0,64000.0,https://mse.mn/uploads/images/2023/ett_10_lot_2.17.pdf,,,,,reported,,0
2026-10-05 03:44,2023-02-15,11:00,Энержи Ресурс ХХК,Energy Resources,archive-6a76c195340b40a6ebbb,Coal,Баяжуулсан коксжсон нүүрс,Баяжуулсан коксжсон нүүрс,CNY,1200.0,5.0,32000.0,https://mse.mn/uploads/images/2023/er_2.15_mn.pdf,,,,,reported,,0
