trade_id,trade_time,date,company,company_en,company_raw,commodity,commodity_mn,grade,grade_mn,currency,start_price,final_price,change,change_pct,status
2977,2026-09-25 15:00,2026-09-25,Эрдэнэт Үйлдвэр ТӨҮГ,Erdenet Mining Corporation,Эрдэнэт Үйлдвэр ТӨҮГ,Copper,Зэс,Copper concentrate (22.35% Cu),22.35%-ийн зэсийн агуулгатай баяжмал,USD,3318.59,3613.59,295.0,8.89,sold
2976,2026-09-25 11:00,2026-09-25,Монголросцветмет ТӨҮГ,Mongolrostsvetmet (ex-Erdenes Critical Minerals),Монголросцветмет ТӨҮГ /Эрдэнэс критикал минералс ТӨҮГ/,Iron ore,Төмөр,Iron ore Fe 52%,Fe-52% Төмрийн хүдэр,USD,65.0,68.5,3.5,5.38,sold
2975,2026-09-25 10:00,2026-09-25,Энержи Ресурс ХХК,Energy Resources,Энержи Ресурс ХХК,Coal,Нүүрс,Washed coking coal,Баяжуулсан коксжих нүүрс,CNY,1150.0,1285.0,135.0,11.74,sold
2974,2026-09-24 15:00,2026-09-24,Эрдэнэт Үйлдвэр ТӨҮГ,Erdenet Mining Corporation,Эрдэнэт Үйлдвэр ТӨҮГ,Molybdenum,Молибден,Molybdenum concentrate (>=44% Mo),44%-c багагүй молибдены агуулгатай баяжмал,USD,28504.17,34754.17,6250.0,21.93,sold
2973,2026-09-24 14:00,2026-09-24,Энержи Ресурс ХХК,Energy Resources,Энержи Ресурс ХХК,Coal,Нүүрс,Washed non-coking-quality coal,Баяжуулсан коксжих чанаргүй нүүрс,CNY,500.0,545.0,45.0,9.0,sold
2972,2026-09-23 14:00,2026-09-23,Эрдэнэс Тавантолгой ХК,Erdenes Tavan Tolgoi,Эрдэнэс Тавантолгой ХК,Coal,Нүүрс,Medium-volatile coking coal,"Дэгдэмхий бодис дунд, коксжих нүүрс",USD,,,,,no_bid
2971,2026-09-23 11:00,2026-09-23,Монголросцветмет ТӨҮГ,Mongolrostsvetmet (ex-Erdenes Critical Minerals),Монголросцветмет ТӨҮГ /Эрдэнэс критикал минералс ТӨҮГ/,Iron ore,Төмөр,Iron ore Fe 52%,Fe-52% Төмрийн хүдэр,USD,65.0,68.0,3.0,4.62,sold
2970,2026-09-23 10:00,2026-09-23,Энержи Ресурс ХХК,Energy Resources,Энержи Ресурс ХХК,Coal,Нүүрс,Washed coking coal,Баяжуулсан коксжих нүүрс,CNY,1150.0,1290.0,140.0,12.17,sold
2969,2026-09-23 10:00,2026-09-23,Эрдэнэс Тавантолгой ХК,Erdenes Tavan Tolgoi,Эрдэнэс Тавантолгой ХК,Coal,Нүүрс,Medium-volatile coking coal,"Дэгдэмхий бодис дунд, коксжих нүүрс",USD,,,,,no_bid
2968,2026-09-22 14:00,2026-09-22,Эрдэнэс Тавантолгой ХК,Erdenes Tavan Tolgoi,Эрдэнэс Тавантолгой ХК,Coal,Нүүрс,Medium-volatile coking coal,"Дэгдэмхий бодис дунд, коксжих нүүрс",USD,,,,,no_bid
2967,2026-09-22 11:00,2026-09-22,Монголросцветмет ТӨҮГ,Mongolrostsvetmet (ex-Erdenes Critical Minerals),Монголросцветмет ТӨҮГ /Эрдэнэс критикал минералс ТӨҮГ/,Iron ore,Төмөр,Iron ore Fe 52%,Fe-52% Төмрийн хүдэр,USD,72.0,75.5,3.5,4.86,sold
2966,2026-09-22 10:00,2026-09-22,Эрдэнэс Тавантолгой ХК,Erdenes Tavan Tolgoi,Эрдэнэс Тавантолгой ХК,Coal,Нүүрс,Medium-volatile coking coal,"Дэгдэмхий бодис дунд, коксжих нүүрс",USD,,,,,no_bid
2965,2026-09-21 14:00,2026-09-21,Эрдэнэс Тавантолгой ХК,Erdenes Tavan Tolgoi,Эрдэнэс Тавантолгой ХК,Coal,Нүүрс,Medium-volatile coking coal,"Дэгдэмхий бодис дунд, коксжих нүүрс",USD,,,,,no_bid
2964,2026-09-21 11:00,2026-09-21,Монголросцветмет ТӨҮГ,Mongolrostsvetmet (ex-Erdenes Critical Minerals),Монголросцветмет ТӨҮГ /Эрдэнэс критикал минералс ТӨҮГ/,Iron ore,Төмөр,Iron ore Fe 52%,Fe-52% Төмрийн хүдэр,USD,72.0,74.0,2.0,2.78,sold
2963,2026-09-21 10:00,2026-09-21,Энержи Ресурс ХХК,Energy Resources,Энержи Ресурс ХХК,Coal,Нүүрс,Washed coking coal,Баяжуулсан коксжих нүүрс,CNY,1150.0,1295.0,145.0,12.61,sold
2962,2026-09-21 10:00,2026-09-21,Эрдэнэс Тавантолгой ХК,Erdenes Tavan Tolgoi,Эрдэнэс Тавантолгой ХК,Coal,Нүүрс,Medium-volatile coking coal,"Дэгдэмхий бодис дунд, коксжих нүүрс",USD,,,,,no_bid
2961,2026-09-18 14:00,2026-09-18,Эрдэнэс Тавантолгой ХК,Erdenes Tavan Tolgoi,Эрдэнэс Тавантолгой ХК,Coal,Нүүрс,Medium-volatile coking coal,"Дэгдэмхий бодис дунд, коксжих нүүрс",USD,,,,,no_bid
2960,2026-09-18 11:00,2026-09-18,Монголросцветмет ТӨҮГ,Mongolrostsvetmet (ex-Erdenes Critical Minerals),Монголросцветмет ТӨҮГ /Эрдэнэс критикал минералс ТӨҮГ/,Iron ore,Төмөр,Iron ore Fe 52%,Fe-52% Төмрийн хүдэр,USD,65.0,68.0,3.0,4.62,sold
2959,2026-09-18 10:00,2026-09-18,Эрдэнэс Тавантолгой ХК,Erdenes Tavan Tolgoi,Эрдэнэс Тавантолгой ХК,Coal,Нүүрс,Medium-volatile coking coal,"Дэгдэмхий бодис дунд, коксжих нүүрс",USD,,,,,no_bid
2958,2026-09-18 10:00,2026-09-18,Энержи Ресурс ХХК,Energy Resources,Энержи Ресурс ХХК,Coal,Нүүрс,Washed coking coal,Баяжуулсан коксжих нүүрс,CNY,1150.0,1255.0,105.0,9.13,sold
2957,2026-09-17 14:00,2026-09-17,Эрдэнэс Тавантолгой ХК,Erdenes Tavan Tolgoi,Эрдэнэс Тавантолгой ХК,Coal,Нүүрс,Medium-volatile coking coal,"Дэгдэмхий бодис дунд, коксжих нүүрс",USD,,,,,no_bid
2956,2026-09-17 14:00,2026-09-17,Энержи Ресурс ХХК,Energy Resources,Энержи Ресурс ХХК,Coal,Нүүрс,Washed non-coking-quality coal,Баяжуулсан коксжих чанаргүй нүүрс,CNY,500.0,555.0,55.0,11.0,sold
2955,2026-09-17 10:00,2026-09-17,Эрдэнэс Тавантолгой ХК,Erdenes Tavan Tolgoi,Эрдэнэс Тавантолгой ХК,Coal,Нүүрс,Medium-volatile coking coal,"Дэгдэмхий бодис дунд, коксжих нүүрс",USD,,,,,no_bid
2954,2026-09-16 14:00,2026-09-16,Эрдэнэс Тавантолгой ХК,Erdenes Tavan Tolgoi,Эрдэнэс Тавантолгой ХК,Coal,Нүүрс,Washed semi-soft coking coal,Баяжуулсан сул коксжих нүүрс,USD,,,,,no_bid
2953,2026-09-16 11:00,2026-09-16,Монголросцветмет ТӨҮГ,Mongolrostsvetmet (ex-Erdenes Critical Minerals),Монголросцветмет ТӨҮГ /Эрдэнэс критикал минералс ТӨҮГ/,Iron ore,Төмөр,Iron ore Fe 52%,Fe-52% Төмрийн хүдэр,USD,65.0,68.5,3.5,5.38,sold
2952,2026-09-16 10:00,2026-09-16,Эрдэнэс Тавантолгой ХК,Erdenes Tavan Tolgoi,Эрдэнэс Тавантолгой ХК,Coal,Нүүрс,Medium-volatile coking coal,"Дэгдэмхий бодис дунд, коксжих нүүрс",USD,,,,,no_bid
2951,2026-09-16 10:00,2026-09-16,Энержи Ресурс ХХК,Energy Resources,Энержи Ресурс ХХК,Coal,Нүүрс,Washed coking coal,Баяжуулсан коксжих нүүрс,CNY,1150.0,1405.0,255.0,22.17,sold
2950,2026-09-15 15:00,2026-09-15,Эрдэнэс Тавантолгой ХК,Erdenes Tavan Tolgoi,Эрдэнэс Тавантолгой ХК,Coal,Нүүрс,"Thermal coal (bituminous, non-caking)","Эрчим хүчний нүүрс /Битумт, үл барьцалдах нүүрс/",USD,79.7,79.7,0.0,0.0,sold
2949,2026-09-15 14:00,2026-09-15,Эрдэнэс Тавантолгой ХК,Erdenes Tavan Tolgoi,Эрдэнэс Тавантолгой ХК,Coal,Нүүрс,Washed semi-soft coking coal,Баяжуулсан сул коксжих нүүрс,USD,,,,,no_bid
2948,2026-09-15 11:00,2026-09-15,Эрдэнэс Тавантолгой ХК,Erdenes Tavan Tolgoi,Эрдэнэс Тавантолгой ХК,Coal,Нүүрс,"Thermal coal (bituminous, non-caking)","Эрчим хүчний нүүрс /Битумт, үл барьцалдах нүүрс/",USD,,,,,no_bid
2947,2026-09-15 10:00,2026-09-15,Эрдэнэс Тавантолгой ХК,Erdenes Tavan Tolgoi,Эрдэнэс Тавантолгой ХК,Coal,Нүүрс,Medium-volatile coking coal,"Дэгдэмхий бодис дунд, коксжих нүүрс",USD,,,,,no_bid
2946,2026-09-14 15:00,2026-09-14,Эрдэнэс Тавантолгой ХК,Erdenes Tavan Tolgoi,Эрдэнэс Тавантолгой ХК,Coal,Нүүрс,1/3 coking coal,1/3 коксжих нүүрс,USD,,,,,no_bid
2945,2026-09-14 14:00,2026-09-14,Эрдэнэс Тавантолгой ХК,Erdenes Tavan Tolgoi,Эрдэнэс Тавантолгой ХК,Coal,Нүүрс,1/3 coking coal,1/3 коксжих нүүрс,USD,,,,,no_bid
2944,2026-09-14 11:00,2026-09-14,Эрдэнэс Тавантолгой ХК,Erdenes Tavan Tolgoi,Эрдэнэс Тавантолгой ХК,Coal,Нүүрс,1/3 coking coal,1/3 коксжих нүүрс,USD,,,,,no_bid
2943,2026-09-14 11:00,2026-09-14,Монголросцветмет ТӨҮГ,Mongolrostsvetmet (ex-Erdenes Critical Minerals),Монголросцветмет ТӨҮГ /Эрдэнэс критикал минералс ТӨҮГ/,Iron ore,Төмөр,Iron ore Fe 52%,Fe-52% Төмрийн хүдэр,USD,65.0,67.0,2.0,3.08,sold
2942,2026-09-14 10:00,2026-09-14,Эрдэнэс Тавантолгой ХК,Erdenes Tavan Tolgoi,Эрдэнэс Тавантолгой ХК,Coal,Нүүрс,1/3 coking coal,1/3 коксжих нүүрс,USD,,,,,no_bid
2941,2026-09-14 10:00,2026-09-14,Энержи Ресурс ХХК,Energy Resources,Энержи Ресурс ХХК,Coal,Нүүрс,Washed coking coal,Баяжуулсан коксжих нүүрс,CNY,1150.0,1420.0,270.0,23.48,sold
2940,2026-09-11 15:00,2026-09-11,Тавантолгой ХК,Tavan Tolgoi JSC,Тавантолгой ХК,Coal,Нүүрс,1/3 coking coal,1/3 коксжих нүүрс,USD,,,,,no_bid
2939,2026-09-11 14:00,2026-09-11,Тавантолгой ХК,Tavan Tolgoi JSC,Тавантолгой ХК,Coal,Нүүрс,1/3 coking coal,1/3 коксжих нүүрс,USD,160.0,160.0,0.0,0.0,sold
2938,2026-09-11 11:00,2026-09-11,Тавантолгой ХК,Tavan Tolgoi JSC,Тавантолгой ХК,Coal,Нүүрс,Medium-volatile coking coal,"Дэгдэмхий бодис дунд, коксжих нүүрс",USD,180.0,191.0,11.0,6.11,sold
2937,2026-09-11 10:00,2026-09-11,Тавантолгой ХК,Tavan Tolgoi JSC,Тавантолгой ХК,Coal,Нүүрс,Medium-volatile coking coal,"Дэгдэмхий бодис дунд, коксжих нүүрс",USD,180.0,191.0,11.0,6.11,sold
2936,2026-09-11 10:00,2026-09-11,Энержи Ресурс ХХК,Energy Resources,Энержи Ресурс ХХК,Coal,Нүүрс,Washed coking coal,Баяжуулсан коксжих нүүрс,CNY,1150.0,1445.0,295.0,25.65,sold
2935,2026-09-10 15:00,2026-09-10,Эрдэнэт Үйлдвэр ТӨҮГ,Erdenet Mining Corporation,Эрдэнэт Үйлдвэр ТӨҮГ,Molybdenum,Молибден,Molybdenum concentrate (>=44% Mo),44%-c багагүй молибдены агуулгатай баяжмал,USD,28317.9,33767.9,5450.0,19.25,sold
2934,2026-09-10 14:00,2026-09-10,Тавантолгой ХК,Tavan Tolgoi JSC,Тавантолгой ХК,Coal,Нүүрс,Washed non-coking-quality coal,Баяжуулсан коксжих чанаргүй нүүрс,USD,63.0,70.0,7.0,11.11,sold
2933,2026-09-10 11:00,2026-09-10,Тавантолгой ХК,Tavan Tolgoi JSC,Тавантолгой ХК,Coal,Нүүрс,Washed semi-soft coking coal,Баяжуулсан сул коксжих нүүрс,USD,120.0,120.5,0.5,0.42,sold
2932,2026-09-10 11:00,2026-09-10,Монголросцветмет ТӨҮГ,Mongolrostsvetmet (ex-Erdenes Critical Minerals),Монголросцветмет ТӨҮГ /Эрдэнэс критикал минералс ТӨҮГ/,Iron ore,Төмөр,Iron ore Fe 52%,Fe-52% Төмрийн хүдэр,USD,65.0,66.5,1.5,2.31,sold
2931,2026-09-10 10:00,2026-09-10,Эрдэнэс Тавантолгой ХК,Erdenes Tavan Tolgoi,Эрдэнэс Тавантолгой ХК,Coal,Нүүрс,"Thermal coal (bituminous, non-caking)","Эрчим хүчний нүүрс /Битумт, үл барьцалдах нүүрс/",USD,,,,,no_bid
2930,2026-09-09 16:00,2026-09-09,Эрдэнэс Тавантолгой ХК,Erdenes Tavan Tolgoi,Эрдэнэс Тавантолгой ХК,Coal,Нүүрс,Medium-volatile coking coal,"Дэгдэмхий бодис дунд, коксжих нүүрс",USD,187.5,187.5,0.0,0.0,sold
2929,2026-09-09 14:00,2026-09-09,Эрдэнэс Тавантолгой ХК,Erdenes Tavan Tolgoi,Эрдэнэс Тавантолгой ХК,Coal,Нүүрс,"Thermal coal (bituminous, non-caking)","Эрчим хүчний нүүрс /Битумт, үл барьцалдах нүүрс/",USD,69.7,84.7,15.0,21.52,sold
2928,2026-09-09 12:00,2026-09-09,Эрдэнэс Тавантолгой ХК,Erdenes Tavan Tolgoi,Эрдэнэс Тавантолгой ХК,Coal,Нүүрс,"Thermal coal (bituminous, non-caking)","Эрчим хүчний нүүрс /Битумт, үл барьцалдах нүүрс/",USD,73.6,73.6,0.0,0.0,sold
2927,2026-09-09 10:00,2026-09-09,Эрдэнэс Тавантолгой ХК,Erdenes Tavan Tolgoi,Эрдэнэс Тавантолгой ХК,Coal,Нүүрс,Medium-volatile coking coal,"Дэгдэмхий бодис дунд, коксжих нүүрс",USD,187.5,192.0,4.5,2.4,sold
2926,2026-09-09 10:00,2026-09-09,Энержи Ресурс ХХК,Energy Resources,Энержи Ресурс ХХК,Coal,Нүүрс,Washed coking coal,Баяжуулсан коксжих нүүрс,CNY,1150.0,1435.0,285.0,24.78,sold
2925,2026-09-08 12:00,2026-09-08,Эрдэнэс Тавантолгой ХК,Erdenes Tavan Tolgoi,Эрдэнэс Тавантолгой ХК,Coal,Нүүрс,"Thermal coal (bituminous, non-caking)","Эрчим хүчний нүүрс /Битумт, үл барьцалдах нүүрс/",USD,69.7,69.7,0.0,0.0,sold
2924,2026-09-08 11:00,2026-09-08,Тавантолгой ХК,Tavan Tolgoi JSC,Тавантолгой ХК,Coal,Нүүрс,"Thermal coal (sub-bituminous, weakly caking)","Эрчим хүчний нүүрс /Саб-битумт, сул барьцалдах нүүрс/",USD,36.0,75.5,39.5,109.72,sold
2923,2026-09-08 11:00,2026-09-08,Монголросцветмет ТӨҮГ,Mongolrostsvetmet (ex-Erdenes Critical Minerals),Монголросцветмет ТӨҮГ /Эрдэнэс критикал минералс ТӨҮГ/,Iron ore,Төмөр,Iron concentrate Fe 65%,Fe-65% Төмрийн баяжмал,USD,85.0,85.0,0.0,0.0,sold
2922,2026-09-08 10:00,2026-09-08,Эрдэнэс Тавантолгой ХК,Erdenes Tavan Tolgoi,Эрдэнэс Тавантолгой ХК,Coal,Нүүрс,Medium-volatile coking coal,"Дэгдэмхий бодис дунд, коксжих нүүрс",USD,187.5,193.5,6.0,3.2,sold
2910,2026-09-07 15:00,2026-09-07,Эрдэнэс Тавантолгой ХК,Erdenes Tavan Tolgoi,Эрдэнэс Тавантолгой ХК,Coal,Нүүрс,Medium-volatile coking coal,"Дэгдэмхий бодис дунд, коксжих нүүрс",USD,187.5,200.5,13.0,6.93,sold
2921,2026-09-07 14:00,2026-09-07,Эрдэнэс Тавантолгой ХК,Erdenes Tavan Tolgoi,Эрдэнэс Тавантолгой ХК,Coal,Нүүрс,"Thermal coal (bituminous, non-caking)","Эрчим хүчний нүүрс /Битумт, үл барьцалдах нүүрс/",USD,69.7,73.9,4.2,6.03,sold
2920,2026-09-07 12:00,2026-09-07,Эрдэнэс Тавантолгой ХК,Erdenes Tavan Tolgoi,Эрдэнэс Тавантолгой ХК,Coal,Нүүрс,Washed semi-soft coking coal,Баяжуулсан сул коксжих нүүрс,USD,,,,,no_bid
2919,2026-09-07 11:00,2026-09-07,Монголросцветмет ТӨҮГ,Mongolrostsvetmet (ex-Erdenes Critical Minerals),Монголросцветмет ТӨҮГ /Эрдэнэс критикал минералс ТӨҮГ/,Iron ore,Төмөр,Iron ore Fe 52%,Fe-52% Төмрийн хүдэр,USD,65.0,66.0,1.0,1.54,sold
2918,2026-09-07 10:00,2026-09-07,Эрдэнэс Тавантолгой ХК,Erdenes Tavan Tolgoi,Эрдэнэс Тавантолгой ХК,Coal,Нүүрс,Medium-volatile coking coal,"Дэгдэмхий бодис дунд, коксжих нүүрс",USD,187.5,197.0,9.5,5.07,sold
2917,2026-09-07 10:00,2026-09-07,Энержи Ресурс ХХК,Energy Resources,Энержи Ресурс ХХК,Coal,Нүүрс,Washed coking coal,Баяжуулсан коксжих нүүрс,CNY,1150.0,1455.0,305.0,26.52,sold
2916,2026-09-04 14:00,2026-09-04,Тавантолгой ХК,Tavan Tolgoi JSC,Тавантолгой ХК,Coal,Нүүрс,Medium-volatile coking coal,"Дэгдэмхий бодис дунд, коксжих нүүрс",USD,160.0,208.5,48.5,30.31,sold
2915,2026-09-04 14:00,2026-09-04,Эрдэнэс Тавантолгой ХК,Erdenes Tavan Tolgoi,Эрдэнэс Тавантолгой ХК,Coal,Нүүрс,"Thermal coal (bituminous, non-caking)","Эрчим хүчний нүүрс /Битумт, үл барьцалдах нүүрс/",USD,63.9,66.3,2.4,3.76,sold
2914,2026-09-04 12:00,2026-09-04,Эрдэнэс Тавантолгой ХК,Erdenes Tavan Tolgoi,Эрдэнэс Тавантолгой ХК,Coal,Нүүрс,"Thermal coal (bituminous, non-caking)","Эрчим хүчний нүүрс /Битумт, үл барьцалдах нүүрс/",USD,73.6,73.6,0.0,0.0,sold
2913,2026-09-04 11:00,2026-09-04,Монголросцветмет ТӨҮГ,Mongolrostsvetmet (ex-Erdenes Critical Minerals),Монголросцветмет ТӨҮГ /Эрдэнэс критикал минералс ТӨҮГ/,Iron ore,Төмөр,Iron concentrate Fe 65%,Fe-65% Төмрийн баяжмал,USD,85.0,85.0,0.0,0.0,sold
2912,2026-09-04 11:00,2026-09-04,Андын Илч ХХК,Андын Илч ХХК,Андын Илч ХХК,Coal,Нүүрс,Чийг багатай хүрэн нүүрс,Чийг багатай хүрэн нүүрс,CNY,180.0,210.0,30.0,16.67,sold
2911,2026-09-04 10:00,2026-09-04,Тавантолгой ХК,Tavan Tolgoi JSC,Тавантолгой ХК,Coal,Нүүрс,Medium-volatile coking coal,"Дэгдэмхий бодис дунд, коксжих нүүрс",USD,160.0,210.5,50.5,31.56,sold
2909,2026-09-04 10:00,2026-09-04,Энержи Ресурс ХХК,Energy Resources,Энержи Ресурс ХХК,Coal,Нүүрс,Washed coking coal,Баяжуулсан коксжих нүүрс,CNY,1150.0,1445.0,295.0,25.65,sold
2908,2026-09-03 14:00,2026-09-03,Энержи Ресурс ХХК,Energy Resources,Энержи Ресурс ХХК,Coal,Нүүрс,Washed non-coking-quality coal,Баяжуулсан коксжих чанаргүй нүүрс,CNY,480.0,590.0,110.0,22.92,sold
2907,2026-09-03 12:00,2026-09-03,Эрдэнэс Тавантолгой ХК,Erdenes Tavan Tolgoi,Эрдэнэс Тавантолгой ХК,Coal,Нүүрс,"Thermal coal (bituminous, non-caking)","Эрчим хүчний нүүрс /Битумт, үл барьцалдах нүүрс/",USD,69.7,74.8,5.1,7.32,sold
2906,2026-09-03 10:00,2026-09-03,Эрдэнэс Тавантолгой ХК,Erdenes Tavan Tolgoi,Эрдэнэс Тавантолгой ХК,Coal,Нүүрс,Washed semi-soft coking coal,Баяжуулсан сул коксжих нүүрс,USD,171.4,171.4,0.0,0.0,sold
2905,2026-09-02 14:00,2026-09-02,Тавантолгой ХК,Tavan Tolgoi JSC,Тавантолгой ХК,Coal,Нүүрс,Medium-volatile coking coal,"Дэгдэмхий бодис дунд, коксжих нүүрс",USD,160.0,212.5,52.5,32.81,sold
2904,2026-09-02 11:00,2026-09-02,Монголросцветмет ТӨҮГ,Mongolrostsvetmet (ex-Erdenes Critical Minerals),Монголросцветмет ТӨҮГ /Эрдэнэс критикал минералс ТӨҮГ/,Iron ore,Төмөр,Iron ore Fe 52%,Fe-52% Төмрийн хүдэр,USD,65.0,70.0,5.0,7.69,sold
2903,2026-09-02 11:00,2026-09-02,Тавантолгой ХК,Tavan Tolgoi JSC,Тавантолгой ХК,Coal,Нүүрс,Medium-volatile coking coal,"Дэгдэмхий бодис дунд, коксжих нүүрс",USD,160.0,211.5,51.5,32.19,sold
2902,2026-09-02 10:00,2026-09-02,Энержи Ресурс ХХК,Energy Resources,Энержи Ресурс ХХК,Coal,Нүүрс,Washed coking coal,Баяжуулсан коксжих нүүрс,CNY,1150.0,1405.0,255.0,22.17,sold
2901,2026-09-01 10:00,2026-09-01,Хангад Эксплорэйшн ХХК,Khangad Exploration,Хангад Эксплорэйшн ХХК,Coal,Нүүрс,Washed semi-soft coking coal,Баяжуулсан сул коксжих нүүрс,CNY,950.0,1205.0,255.0,26.84,sold
2900,2026-08-31 10:00,2026-08-31,Энержи Ресурс ХХК,Energy Resources,Энержи Ресурс ХХК,Coal,Нүүрс,Washed coking coal,Баяжуулсан коксжих нүүрс,CNY,1150.0,1515.0,365.0,31.74,sold
2899,2026-08-28 12:00,2026-08-28,Эрдэнэс Тавантолгой ХК,Erdenes Tavan Tolgoi,Эрдэнэс Тавантолгой ХК,Coal,Нүүрс,Medium-volatile coking coal,"Дэгдэмхий бодис дунд, коксжих нүүрс",USD,138.0,194.5,56.5,40.94,sold
2898,2026-08-28 11:00,2026-08-28,Монголросцветмет ТӨҮГ,Mongolrostsvetmet (ex-Erdenes Critical Minerals),Монголросцветмет ТӨҮГ /Эрдэнэс критикал минералс ТӨҮГ/,Iron ore,Төмөр,Iron ore Fe 52%,Fe-52% Төмрийн хүдэр,USD,65.0,70.5,5.5,8.46,sold
2897,2026-08-28 10:00,2026-08-28,Энержи Ресурс ХХК,Energy Resources,Энержи Ресурс ХХК,Coal,Нүүрс,Washed coking coal,Баяжуулсан коксжих нүүрс,CNY,1000.0,1405.0,405.0,40.5,sold
2896,2026-08-28 10:00,2026-08-28,Эрдэнэс Тавантолгой ХК,Erdenes Tavan Tolgoi,Эрдэнэс Тавантолгой ХК,Coal,Нүүрс,Medium-volatile coking coal,"Дэгдэмхий бодис дунд, коксжих нүүрс",USD,138.0,198.5,60.5,43.84,sold
2895,2026-08-27 12:00,2026-08-27,Дарханы Төмөрлөгийн Үйлдвэр ХХК,Дарханы Төмөрлөгийн Үйлдвэр ХХК,Дарханы Төмөрлөгийн Үйлдвэр ХХК,Iron ore,Төмөр,Fe-58% Төмрийн баяжмал,Fe-58% Төмрийн баяжмал,USD,58.0,58.0,0.0,0.0,sold
2894,2026-08-27 12:00,2026-08-27,Эрдэнэс Тавантолгой ХК,Erdenes Tavan Tolgoi,Эрдэнэс Тавантолгой ХК,Coal,Нүүрс,Washed non-coking-quality coal,Баяжуулсан коксжих чанаргүй нүүрс,USD,63.9,71.1,7.2,11.27,sold
2893,2026-08-27 10:00,2026-08-27,Дарханы Төмөрлөгийн Үйлдвэр ХХК,Дарханы Төмөрлөгийн Үйлдвэр ХХК,Дарханы Төмөрлөгийн Үйлдвэр ХХК,Iron ore,Төмөр,Fe-58% Төмрийн баяжмал,Fe-58% Төмрийн баяжмал,USD,58.0,60.0,2.0,3.45,sold
2892,2026-08-27 10:00,2026-08-27,Энержи Ресурс ХХК,Energy Resources,Энержи Ресурс ХХК,Coal,Нүүрс,Washed coking coal,Баяжуулсан коксжих нүүрс,CNY,1000.0,1340.0,340.0,34.0,sold
2891,2026-08-27 10:00,2026-08-27,Эрдэнэс Тавантолгой ХК,Erdenes Tavan Tolgoi,Эрдэнэс Тавантолгой ХК,Coal,Нүүрс,Medium-volatile coking coal,"Дэгдэмхий бодис дунд, коксжих нүүрс",USD,138.0,190.5,52.5,38.04,sold
2890,2026-08-26 15:00,2026-08-26,Эрдэнэт Үйлдвэр ТӨҮГ,Erdenet Mining Corporation,Эрдэнэт Үйлдвэр ТӨҮГ,Copper,Зэс,Copper concentrate (22.35% Cu),22.35%-ийн зэсийн агуулгатай баяжмал,USD,3288.81,3448.81,160.0,4.86,sold
2889,2026-08-26 14:00,2026-08-26,Дарханы Төмөрлөгийн Үйлдвэр ХХК,Дарханы Төмөрлөгийн Үйлдвэр ХХК,Дарханы Төмөрлөгийн Үйлдвэр ХХК,Iron ore,Төмөр,Fe-58% Төмрийн баяжмал,Fe-58% Төмрийн баяжмал,USD,58.0,58.5,0.5,0.86,sold
2888,2026-08-26 12:00,2026-08-26,Дарханы Төмөрлөгийн Үйлдвэр ХХК,Дарханы Төмөрлөгийн Үйлдвэр ХХК,Дарханы Төмөрлөгийн Үйлдвэр ХХК,Iron ore,Төмөр,Fe-58% Төмрийн баяжмал,Fe-58% Төмрийн баяжмал,USD,58.0,58.0,0.0,0.0,sold
2887,2026-08-26 12:00,2026-08-26,Эрдэнэс Тавантолгой ХК,Erdenes Tavan Tolgoi,Эрдэнэс Тавантолгой ХК,Coal,Нүүрс,Washed semi-soft coking coal,Баяжуулсан сул коксжих нүүрс,USD,121.4,166.4,45.0,37.07,sold
2886,2026-08-26 11:00,2026-08-26,Монголросцветмет ТӨҮГ,Mongolrostsvetmet (ex-Erdenes Critical Minerals),Монголросцветмет ТӨҮГ /Эрдэнэс критикал минералс ТӨҮГ/,Iron ore,Төмөр,Iron ore Fe 52%,Fe-52% Төмрийн хүдэр,USD,65.0,71.5,6.5,10.0,sold
2885,2026-08-26 10:00,2026-08-26,Дарханы Төмөрлөгийн Үйлдвэр ХХК,Дарханы Төмөрлөгийн Үйлдвэр ХХК,Дарханы Төмөрлөгийн Үйлдвэр ХХК,Iron ore,Төмөр,Fe-58% Төмрийн баяжмал,Fe-58% Төмрийн баяжмал,USD,58.0,58.0,0.0,0.0,sold
2884,2026-08-26 10:00,2026-08-26,Энержи Ресурс ХХК,Energy Resources,Энержи Ресурс ХХК,Coal,Нүүрс,Washed coking coal,Баяжуулсан коксжих нүүрс,CNY,1000.0,1285.0,285.0,28.5,sold
2883,2026-08-26 10:00,2026-08-26,Эрдэнэс Тавантолгой ХК,Erdenes Tavan Tolgoi,Эрдэнэс Тавантолгой ХК,Coal,Нүүрс,Medium-volatile coking coal,"Дэгдэмхий бодис дунд, коксжих нүүрс",USD,138.0,186.5,48.5,35.14,sold
2882,2026-08-25 12:00,2026-08-25,Эрдэнэс Тавантолгой ХК,Erdenes Tavan Tolgoi,Эрдэнэс Тавантолгой ХК,Coal,Нүүрс,Washed non-coking-quality coal,Баяжуулсан коксжих чанаргүй нүүрс,USD,63.9,70.5,6.6,10.33,sold
2881,2026-08-25 10:00,2026-08-25,Хангад Эксплорэйшн ХХК,Khangad Exploration,Хангад Эксплорэйшн ХХК,Coal,Нүүрс,Washed semi-soft coking coal,Баяжуулсан сул коксжих нүүрс,CNY,850.0,1210.0,360.0,42.35,sold
2880,2026-08-25 10:00,2026-08-25,Эрдэнэс Тавантолгой ХК,Erdenes Tavan Tolgoi,Эрдэнэс Тавантолгой ХК,Coal,Нүүрс,Medium-volatile coking coal,"Дэгдэмхий бодис дунд, коксжих нүүрс",USD,138.0,185.0,47.0,34.06,sold
2879,2026-08-24 14:00,2026-08-24,Энержи Ресурс ХХК,Energy Resources,Энержи Ресурс ХХК,Coal,Нүүрс,Washed non-coking-quality coal,Баяжуулсан коксжих чанаргүй нүүрс,CNY,480.0,525.0,45.0,9.38,sold
2878,2026-08-24 14:00,2026-08-24,Эрдэнэс Тавантолгой ХК,Erdenes Tavan Tolgoi,Эрдэнэс Тавантолгой ХК,Coal,Нүүрс,1/3 coking coal,1/3 коксжих нүүрс,USD,97.7,122.7,25.0,25.59,sold
2877,2026-08-24 12:00,2026-08-24,Эрдэнэс Тавантолгой ХК,Erdenes Tavan Tolgoi,Эрдэнэс Тавантолгой ХК,Coal,Нүүрс,Washed semi-soft coking coal,Баяжуулсан сул коксжих нүүрс,USD,121.4,161.4,40.0,32.95,sold
2876,2026-08-24 11:00,2026-08-24,Монголросцветмет ТӨҮГ,Mongolrostsvetmet (ex-Erdenes Critical Minerals),Монголросцветмет ТӨҮГ /Эрдэнэс критикал минералс ТӨҮГ/,Iron ore,Төмөр,Iron ore Fe 52%,Fe-52% Төмрийн хүдэр,USD,65.0,71.5,6.5,10.0,sold
2875,2026-08-24 10:00,2026-08-24,Эрдэнэс Тавантолгой ХК,Erdenes Tavan Tolgoi,Эрдэнэс Тавантолгой ХК,Coal,Нүүрс,Medium-volatile coking coal,"Дэгдэмхий бодис дунд, коксжих нүүрс",USD,138.0,193.0,55.0,39.86,sold
2874,2026-08-21 12:00,2026-08-21,Эрдэнэс Тавантолгой ХК,Erdenes Tavan Tolgoi,Эрдэнэс Тавантолгой ХК,Coal,Нүүрс,Medium-volatile coking coal,"Дэгдэмхий бодис дунд, коксжих нүүрс",USD,138.0,185.0,47.0,34.06,sold
2873,2026-08-21 10:00,2026-08-21,Эрдэнэс Тавантолгой ХК,Erdenes Tavan Tolgoi,Эрдэнэс Тавантолгой ХК,Coal,Нүүрс,Medium-volatile coking coal,"Дэгдэмхий бодис дунд, коксжих нүүрс",USD,138.0,182.5,44.5,32.25,sold
2872,2026-08-21 10:00,2026-08-21,Энержи Ресурс ХХК,Energy Resources,Энержи Ресурс ХХК,Coal,Нүүрс,Washed coking coal,Баяжуулсан коксжих нүүрс,CNY,950.0,1275.0,325.0,34.21,sold
2871,2026-08-20 12:00,2026-08-20,Эрдэнэс Тавантолгой ХК,Erdenes Tavan Tolgoi,Эрдэнэс Тавантолгой ХК,Coal,Нүүрс,Washed non-coking-quality coal,Баяжуулсан коксжих чанаргүй нүүрс,USD,63.9,71.4,7.5,11.74,sold
2870,2026-08-20 11:00,2026-08-20,Монголросцветмет ТӨҮГ,Mongolrostsvetmet (ex-Erdenes Critical Minerals),Монголросцветмет ТӨҮГ /Эрдэнэс критикал минералс ТӨҮГ/,Iron ore,Төмөр,Iron ore Fe 52%,Fe-52% Төмрийн хүдэр,USD,65.0,70.5,5.5,8.46,sold
2869,2026-08-20 10:00,2026-08-20,Эрдэнэс Тавантолгой ХК,Erdenes Tavan Tolgoi,Эрдэнэс Тавантолгой ХК,Coal,Нүүрс,Medium-volatile coking coal,"Дэгдэмхий бодис дунд, коксжих нүүрс",USD,138.0,178.5,40.5,29.35,sold
2868,2026-08-19 14:00,2026-08-19,Тавантолгой ХК,Tavan Tolgoi JSC,Тавантолгой ХК,Coal,Нүүрс,1/3 coking coal,1/3 коксжих нүүрс,USD,93.0,131.5,38.5,41.4,sold
2867,2026-08-19 12:00,2026-08-19,Тавантолгой ХК,Tavan Tolgoi JSC,Тавантолгой ХК,Coal,Нүүрс,1/3 coking coal,1/3 коксжих нүүрс,USD,93.0,142.5,49.5,53.23,sold
2866,2026-08-19 12:00,2026-08-19,Эрдэнэс Тавантолгой ХК,Erdenes Tavan Tolgoi,Эрдэнэс Тавантолгой ХК,Coal,Нүүрс,Washed semi-soft coking coal,Баяжуулсан сул коксжих нүүрс,USD,121.4,156.4,35.0,28.83,sold
2865,2026-08-19 11:00,2026-08-19,Тавантолгой ХК,Tavan Tolgoi JSC,Тавантолгой ХК,Coal,Нүүрс,1/3 coking coal,1/3 коксжих нүүрс,USD,93.0,134.0,41.0,44.09,sold
2864,2026-08-19 11:00,2026-08-19,Монголросцветмет ТӨҮГ,Mongolrostsvetmet (ex-Erdenes Critical Minerals),Монголросцветмет ТӨҮГ /Эрдэнэс критикал минералс ТӨҮГ/,Iron ore,Төмөр,Iron ore Fe 52%,Fe-52% Төмрийн хүдэр,USD,65.0,71.5,6.5,10.0,sold
2863,2026-08-19 10:00,2026-08-19,Эрдэнэс Тавантолгой ХК,Erdenes Tavan Tolgoi,Эрдэнэс Тавантолгой ХК,Coal,Нүүрс,Medium-volatile coking coal,"Дэгдэмхий бодис дунд, коксжих нүүрс",USD,138.0,175.5,37.5,27.17,sold
2862,2026-08-19 10:00,2026-08-19,Энержи Ресурс ХХК,Energy Resources,Энержи Ресурс ХХК,Coal,Нүүрс,Washed coking coal,Баяжуулсан коксжих нүүрс,CNY,950.0,1200.0,250.0,26.32,sold
2861,2026-08-18 12:00,2026-08-18,Эрдэнэс Тавантолгой ХК,Erdenes Tavan Tolgoi,Эрдэнэс Тавантолгой ХК,Coal,Нүүрс,Washed non-coking-quality coal,Баяжуулсан коксжих чанаргүй нүүрс,USD,63.9,68.4,4.5,7.04,sold
2860,2026-08-18 11:00,2026-08-18,Монголросцветмет ТӨҮГ,Mongolrostsvetmet (ex-Erdenes Critical Minerals),Монголросцветмет ТӨҮГ /Эрдэнэс критикал минералс ТӨҮГ/,Iron ore,Төмөр,Iron ore Fe 52%,Fe-52% Төмрийн хүдэр,USD,72.0,80.0,8.0,11.11,sold
2859,2026-08-18 10:00,2026-08-18,Эрдэнэс Тавантолгой ХК,Erdenes Tavan Tolgoi,Эрдэнэс Тавантолгой ХК,Coal,Нүүрс,Medium-volatile coking coal,"Дэгдэмхий бодис дунд, коксжих нүүрс",USD,138.0,174.0,36.0,26.09,sold
2858,2026-08-17 12:00,2026-08-17,Эрдэнэс Тавантолгой ХК,Erdenes Tavan Tolgoi,Эрдэнэс Тавантолгой ХК,Coal,Нүүрс,Washed semi-soft coking coal,Баяжуулсан сул коксжих нүүрс,USD,121.4,151.4,30.0,24.71,sold
2857,2026-08-17 11:00,2026-08-17,Монголросцветмет ТӨҮГ,Mongolrostsvetmet (ex-Erdenes Critical Minerals),Монголросцветмет ТӨҮГ /Эрдэнэс критикал минералс ТӨҮГ/,Iron ore,Төмөр,Iron ore Fe 52%,Fe-52% Төмрийн хүдэр,USD,72.0,77.0,5.0,6.94,sold
2856,2026-08-17 10:00,2026-08-17,Эрдэнэс Тавантолгой ХК,Erdenes Tavan Tolgoi,Эрдэнэс Тавантолгой ХК,Coal,Нүүрс,Medium-volatile coking coal,"Дэгдэмхий бодис дунд, коксжих нүүрс",USD,138.0,172.0,34.0,24.64,sold
2855,2026-08-17 10:00,2026-08-17,Андын Илч ХХК,Андын Илч ХХК,Андын Илч ХХК,Coal,Нүүрс,Чийг багатай хүрэн нүүрс,Чийг багатай хүрэн нүүрс,CNY,180.0,180.0,0.0,0.0,sold
2854,2026-08-17 10:00,2026-08-17,Энержи Ресурс ХХК,Energy Resources,Энержи Ресурс ХХК,Coal,Нүүрс,Washed coking coal,Баяжуулсан коксжих нүүрс,CNY,950.0,1175.0,225.0,23.68,sold
2853,2026-08-14 11:00,2026-08-14,Монголросцветмет ТӨҮГ,Mongolrostsvetmet (ex-Erdenes Critical Minerals),Монголросцветмет ТӨҮГ /Эрдэнэс критикал минералс ТӨҮГ/,Iron ore,Төмөр,Iron ore Fe 52%,Fe-52% Төмрийн хүдэр,USD,65.0,69.0,4.0,6.15,sold
2852,2026-08-14 10:00,2026-08-14,Эрдэнэс Тавантолгой ХК,Erdenes Tavan Tolgoi,Эрдэнэс Тавантолгой ХК,Coal,Нүүрс,Medium-volatile coking coal,"Дэгдэмхий бодис дунд, коксжих нүүрс",USD,141.1,171.1,30.0,21.26,sold
2851,2026-08-14 10:00,2026-08-14,Энержи Ресурс ХХК,Energy Resources,Энержи Ресурс ХХК,Coal,Нүүрс,Washed coking coal,Баяжуулсан коксжих нүүрс,CNY,950.0,1155.0,205.0,21.58,sold
2850,2026-08-13 14:00,2026-08-13,Энержи Ресурс ХХК,Energy Resources,Энержи Ресурс ХХК,Coal,Нүүрс,Washed medium-ash semi-hard coking coal,"Баяжуулсан дунд зэрэг үнстэй, хагас хатуу коксжих нүүрс",CNY,450.0,500.0,50.0,11.11,sold
2849,2026-08-13 12:00,2026-08-13,Эрдэнэс Тавантолгой ХК,Erdenes Tavan Tolgoi,Эрдэнэс Тавантолгой ХК,Coal,Нүүрс,"Thermal coal (bituminous, non-caking)","Эрчим хүчний нүүрс /Битумт, үл барьцалдах нүүрс/",USD,,,,,no_bid
2848,2026-08-13 10:00,2026-08-13,Эрдэнэс Тавантолгой ХК,Erdenes Tavan Tolgoi,Эрдэнэс Тавантолгой ХК,Coal,Нүүрс,Washed non-coking-quality coal,Баяжуулсан коксжих чанаргүй нүүрс,USD,63.7,70.6,6.9,10.83,sold
2847,2026-08-12 11:00,2026-08-12,Монголросцветмет ТӨҮГ,Mongolrostsvetmet (ex-Erdenes Critical Minerals),Монголросцветмет ТӨҮГ /Эрдэнэс критикал минералс ТӨҮГ/,Iron ore,Төмөр,Iron ore Fe 52%,Fe-52% Төмрийн хүдэр,USD,65.0,71.0,6.0,9.23,sold
2846,2026-08-12 10:00,2026-08-12,Монголын Алт (МАК) ХХК,Монголын Алт (МАК) ХХК,Монголын Алт (МАК) ХХК,Coal,Нүүрс,1/3 coking coal,1/3 коксжих нүүрс,CNY,520.0,520.0,0.0,0.0,sold
2845,2026-08-12 10:00,2026-08-12,Эрдэнэс Тавантолгой ХК,Erdenes Tavan Tolgoi,Эрдэнэс Тавантолгой ХК,Coal,Нүүрс,Washed semi-soft coking coal,Баяжуулсан сул коксжих нүүрс,USD,121.0,143.5,22.5,18.6,sold
2844,2026-08-12 10:00,2026-08-12,Энержи Ресурс ХХК,Energy Resources,Энержи Ресурс ХХК,Coal,Нүүрс,Washed coking coal,Баяжуулсан коксжих нүүрс,CNY,950.0,1100.0,150.0,15.79,sold
2843,2026-08-11 14:00,2026-08-11,Энержи Ресурс ХХК,Energy Resources,Энержи Ресурс ХХК,Coal,Нүүрс,Washed medium-ash semi-hard coking coal,"Баяжуулсан дунд зэрэг үнстэй, хагас хатуу коксжих нүүрс",CNY,450.0,505.0,55.0,12.22,sold
2842,2026-08-11 12:00,2026-08-11,Эрдэнэс Тавантолгой ХК,Erdenes Tavan Tolgoi,Эрдэнэс Тавантолгой ХК,Coal,Нүүрс,"Thermal coal (bituminous, non-caking)","Эрчим хүчний нүүрс /Битумт, үл барьцалдах нүүрс/",USD,58.4,58.4,0.0,0.0,sold
2841,2026-08-11 11:00,2026-08-11,Монголросцветмет ТӨҮГ,Mongolrostsvetmet (ex-Erdenes Critical Minerals),Монголросцветмет ТӨҮГ /Эрдэнэс критикал минералс ТӨҮГ/,Iron ore,Төмөр,Iron concentrate Fe 65%,Fe-65% Төмрийн баяжмал,USD,85.0,88.5,3.5,4.12,sold
2840,2026-08-11 10:00,2026-08-11,Эрдэнэс Тавантолгой ХК,Erdenes Tavan Tolgoi,Эрдэнэс Тавантолгой ХК,Coal,Нүүрс,Washed non-coking-quality coal,Баяжуулсан коксжих чанаргүй нүүрс,USD,63.7,69.4,5.7,8.95,sold
2839,2026-08-11 10:00,2026-08-11,Энержи Ресурс ХХК,Energy Resources,Энержи Ресурс ХХК,Coal,Нүүрс,Washed coking coal,Баяжуулсан коксжих нүүрс,CNY,950.0,1060.0,110.0,11.58,sold
2838,2026-08-10 14:00,2026-08-10,Энержи Ресурс ХХК,Energy Resources,Энержи Ресурс ХХК,Coal,Нүүрс,Washed medium-ash semi-hard coking coal,"Баяжуулсан дунд зэрэг үнстэй, хагас хатуу коксжих нүүрс",CNY,450.0,470.0,20.0,4.44,sold
2837,2026-08-10 12:00,2026-08-10,Эрдэнэс Тавантолгой ХК,Erdenes Tavan Tolgoi,Эрдэнэс Тавантолгой ХК,Coal,Нүүрс,Washed semi-soft coking coal,Баяжуулсан сул коксжих нүүрс,USD,121.0,142.5,21.5,17.77,sold
2836,2026-08-10 11:00,2026-08-10,Монголросцветмет ТӨҮГ,Mongolrostsvetmet (ex-Erdenes Critical Minerals),Монголросцветмет ТӨҮГ /Эрдэнэс критикал минералс ТӨҮГ/,Iron ore,Төмөр,Iron ore Fe 52%,Fe-52% Төмрийн хүдэр,USD,65.0,71.0,6.0,9.23,sold
2835,2026-08-07 14:00,2026-08-07,Эрдэнэс Тавантолгой ХК,Erdenes Tavan Tolgoi,Эрдэнэс Тавантолгой ХК,Coal,Нүүрс,Washed semi-soft coking coal,Баяжуулсан сул коксжих нүүрс,USD,121.0,138.5,17.5,14.46,sold
2834,2026-08-07 12:00,2026-08-07,Эрдэнэс Тавантолгой ХК,Erdenes Tavan Tolgoi,Эрдэнэс Тавантолгой ХК,Coal,Нүүрс,"Thermal coal (bituminous, non-caking)","Эрчим хүчний нүүрс /Битумт, үл барьцалдах нүүрс/",USD,63.7,68.5,4.8,7.54,sold
2833,2026-08-07 11:00,2026-08-07,Монголросцветмет ТӨҮГ,Mongolrostsvetmet (ex-Erdenes Critical Minerals),Монголросцветмет ТӨҮГ /Эрдэнэс критикал минералс ТӨҮГ/,Iron ore,Төмөр,Iron ore Fe 52%,Fe-52% Төмрийн хүдэр,USD,65.0,71.0,6.0,9.23,sold
2832,2026-08-07 10:00,2026-08-07,Монголросцветмет ТӨҮГ,Mongolrostsvetmet (ex-Erdenes Critical Minerals),Монголросцветмет ТӨҮГ /Эрдэнэс критикал минералс ТӨҮГ/,Iron ore,Төмөр,Iron concentrate Fe 65%,Fe-65% Төмрийн баяжмал,USD,85.0,85.5,0.5,0.59,sold
2831,2026-08-07 10:00,2026-08-07,Эрдэнэс Тавантолгой ХК,Erdenes Tavan Tolgoi,Эрдэнэс Тавантолгой ХК,Coal,Нүүрс,Medium-volatile coking coal,"Дэгдэмхий бодис дунд, коксжих нүүрс",USD,141.1,160.6,19.5,13.82,sold
2830,2026-08-07 10:00,2026-08-07,Энержи Ресурс ХХК,Energy Resources,Энержи Ресурс ХХК,Coal,Нүүрс,Washed coking coal,Баяжуулсан коксжих нүүрс,CNY,950.0,1045.0,95.0,10.0,sold
2829,2026-08-06 16:00,2026-08-06,Эрдэнэс Тавантолгой ХК,Erdenes Tavan Tolgoi,Эрдэнэс Тавантолгой ХК,Coal,Нүүрс,1/3 coking coal,1/3 коксжих нүүрс,USD,81.9,98.4,16.5,20.15,sold
2828,2026-08-06 14:00,2026-08-06,Эрдэнэс Тавантолгой ХК,Erdenes Tavan Tolgoi,Эрдэнэс Тавантолгой ХК,Coal,Нүүрс,"Thermal coal (bituminous, non-caking)","Эрчим хүчний нүүрс /Битумт, үл барьцалдах нүүрс/",USD,63.7,65.8,2.1,3.3,sold
2827,2026-08-06 14:00,2026-08-06,Энержи Ресурс ХХК,Energy Resources,Энержи Ресурс ХХК,Coal,Нүүрс,Washed medium-ash semi-hard coking coal,"Баяжуулсан дунд зэрэг үнстэй, хагас хатуу коксжих нүүрс",CNY,450.0,460.0,10.0,2.22,sold
2826,2026-08-06 12:00,2026-08-06,Эрдэнэс Тавантолгой ХК,Erdenes Tavan Tolgoi,Эрдэнэс Тавантолгой ХК,Coal,Нүүрс,Washed non-coking-quality coal,Баяжуулсан коксжих чанаргүй нүүрс,USD,63.7,70.0,6.3,9.89,sold
2825,2026-08-06 11:00,2026-08-06,Монголросцветмет ТӨҮГ,Mongolrostsvetmet (ex-Erdenes Critical Minerals),Монголросцветмет ТӨҮГ /Эрдэнэс критикал минералс ТӨҮГ/,Iron ore,Төмөр,Iron ore Fe 52%,Fe-52% Төмрийн хүдэр,USD,65.0,67.5,2.5,3.85,sold
2824,2026-08-06 10:00,2026-08-06,Эрдэнэс Тавантолгой ХК,Erdenes Tavan Tolgoi,Эрдэнэс Тавантолгой ХК,Coal,Нүүрс,1/3 coking coal,1/3 коксжих нүүрс,USD,90.5,120.5,30.0,33.15,sold
2823,2026-08-05 16:00,2026-08-05,Эрдэнэс Тавантолгой ХК,Erdenes Tavan Tolgoi,Эрдэнэс Тавантолгой ХК,Coal,Нүүрс,Washed non-coking-quality coal,Баяжуулсан коксжих чанаргүй нүүрс,USD,63.7,71.5,7.8,12.24,sold
2822,2026-08-05 14:00,2026-08-05,Эрдэнэс Тавантолгой ХК,Erdenes Tavan Tolgoi,Эрдэнэс Тавантолгой ХК,Coal,Нүүрс,1/3 coking coal,1/3 коксжих нүүрс,USD,90.5,122.5,32.0,35.36,sold
2821,2026-08-05 12:00,2026-08-05,Эрдэнэс Тавантолгой ХК,Erdenes Tavan Tolgoi,Эрдэнэс Тавантолгой ХК,Coal,Нүүрс,Washed semi-soft coking coal,Баяжуулсан сул коксжих нүүрс,USD,121.0,132.0,11.0,9.09,sold
2820,2026-08-05 11:00,2026-08-05,Монголросцветмет ТӨҮГ,Mongolrostsvetmet (ex-Erdenes Critical Minerals),Монголросцветмет ТӨҮГ /Эрдэнэс критикал минералс ТӨҮГ/,Iron ore,Төмөр,Iron concentrate Fe 65%,Fe-65% Төмрийн баяжмал,USD,85.0,87.0,2.0,2.35,sold
2819,2026-08-05 10:00,2026-08-05,Эрдэнэс Тавантолгой ХК,Erdenes Tavan Tolgoi,Эрдэнэс Тавантолгой ХК,Coal,Нүүрс,1/3 coking coal,1/3 коксжих нүүрс,USD,72.8,86.8,14.0,19.23,sold
2818,2026-08-05 10:00,2026-08-05,Энержи Ресурс ХХК,Energy Resources,Энержи Ресурс ХХК,Coal,Нүүрс,Washed coking coal,Баяжуулсан коксжих нүүрс,CNY,950.0,1025.0,75.0,7.89,sold
2817,2026-08-04 14:00,2026-08-04,Энержи Ресурс ХХК,Energy Resources,Энержи Ресурс ХХК,Coal,Нүүрс,Washed medium-ash semi-hard coking coal,"Баяжуулсан дунд зэрэг үнстэй, хагас хатуу коксжих нүүрс",CNY,450.0,460.0,10.0,2.22,sold
2816,2026-08-04 11:00,2026-08-04,Монголросцветмет ТӨҮГ,Mongolrostsvetmet (ex-Erdenes Critical Minerals),Монголросцветмет ТӨҮГ /Эрдэнэс критикал минералс ТӨҮГ/,Iron ore,Төмөр,Iron ore Fe 52%,Fe-52% Төмрийн хүдэр,USD,65.0,67.0,2.0,3.08,sold
2815,2026-08-04 10:00,2026-08-04,Энержи Ресурс ХХК,Energy Resources,Энержи Ресурс ХХК,Coal,Нүүрс,Washed coking coal,Баяжуулсан коксжих нүүрс,CNY,950.0,1020.0,70.0,7.37,sold
2814,2026-08-03 14:00,2026-08-03,Энержи Ресурс ХХК,Energy Resources,Энержи Ресурс ХХК,Coal,Нүүрс,Washed medium-ash semi-hard coking coal,"Баяжуулсан дунд зэрэг үнстэй, хагас хатуу коксжих нүүрс",CNY,450.0,455.0,5.0,1.11,sold
2813,2026-08-03 10:00,2026-08-03,Хангад Эксплорэйшн ХХК,Khangad Exploration,Хангад Эксплорэйшн ХХК,Coal,Нүүрс,Washed semi-soft coking coal,Баяжуулсан сул коксжих нүүрс,CNY,800.0,915.0,115.0,14.38,sold
2812,2026-07-31 15:00,2026-07-31,Эрдэнэт Үйлдвэр ТӨҮГ,Erdenet Mining Corporation,Эрдэнэт Үйлдвэр ТӨҮГ,Copper,Зэс,Copper concentrate (22.35% Cu),22.35%-ийн зэсийн агуулгатай баяжмал,USD,3097.93,3302.93,205.0,6.62,sold
2811,2026-07-31 14:00,2026-07-31,Энержи Ресурс ХХК,Energy Resources,Энержи Ресурс ХХК,Coal,Нүүрс,Washed medium-ash semi-hard coking coal,"Баяжуулсан дунд зэрэг үнстэй, хагас хатуу коксжих нүүрс",CNY,450.0,460.0,10.0,2.22,sold
2810,2026-07-31 12:00,2026-07-31,Эрдэнэс Тавантолгой ХК,Erdenes Tavan Tolgoi,Эрдэнэс Тавантолгой ХК,Coal,Нүүрс,Washed semi-soft coking coal,Баяжуулсан сул коксжих нүүрс,USD,124.9,135.9,11.0,8.81,sold
2809,2026-07-31 10:00,2026-07-31,Эрдэнэс Тавантолгой ХК,Erdenes Tavan Tolgoi,Эрдэнэс Тавантолгой ХК,Coal,Нүүрс,Medium-volatile coking coal,"Дэгдэмхий бодис дунд, коксжих нүүрс",USD,136.9,155.9,19.0,13.88,sold
2808,2026-07-30 12:00,2026-07-30,Эрдэнэс Тавантолгой ХК,Erdenes Tavan Tolgoi,Эрдэнэс Тавантолгой ХК,Coal,Нүүрс,1/3 coking coal,1/3 коксжих нүүрс,USD,72.6,87.1,14.5,19.97,sold
2807,2026-07-30 10:00,2026-07-30,Энержи Ресурс ХХК,Energy Resources,Энержи Ресурс ХХК,Coal,Нүүрс,Washed coking coal,Баяжуулсан коксжих нүүрс,CNY,950.0,1010.0,60.0,6.32,sold
2806,2026-07-30 10:00,2026-07-30,Эрдэнэс Тавантолгой ХК,Erdenes Tavan Tolgoi,Эрдэнэс Тавантолгой ХК,Coal,Нүүрс,Washed non-coking-quality coal,Баяжуулсан коксжих чанаргүй нүүрс,USD,64.6,69.7,5.1,7.89,sold
2805,2026-07-29 15:00,2026-07-29,Эрдэнэт Үйлдвэр ТӨҮГ,Erdenet Mining Corporation,Эрдэнэт Үйлдвэр ТӨҮГ,Copper,Зэс,Copper concentrate (22.35% Cu),22.35%-ийн зэсийн агуулгатай баяжмал,USD,3077.05,3297.05,220.0,7.15,sold
2804,2026-07-29 14:00,2026-07-29,Энержи Ресурс ХХК,Energy Resources,Энержи Ресурс ХХК,Coal,Нүүрс,Washed medium-ash semi-hard coking coal,"Баяжуулсан дунд зэрэг үнстэй, хагас хатуу коксжих нүүрс",CNY,450.0,455.0,5.0,1.11,sold
2803,2026-07-29 12:00,2026-07-29,Эрдэнэс Тавантолгой ХК,Erdenes Tavan Tolgoi,Эрдэнэс Тавантолгой ХК,Coal,Нүүрс,Washed semi-soft coking coal,Баяжуулсан сул коксжих нүүрс,USD,122.9,135.4,12.5,10.17,sold
2802,2026-07-29 10:00,2026-07-29,Энержи Ресурс ХХК,Energy Resources,Энержи Ресурс ХХК,Coal,Нүүрс,Washed coking coal,Баяжуулсан коксжих нүүрс,CNY,950.0,995.0,45.0,4.74,sold
2801,2026-07-29 10:00,2026-07-29,Эрдэнэс Тавантолгой ХК,Erdenes Tavan Tolgoi,Эрдэнэс Тавантолгой ХК,Coal,Нүүрс,"Thermal coal (bituminous, non-caking)","Эрчим хүчний нүүрс /Битумт, үл барьцалдах нүүрс/",USD,63.5,67.4,3.9,6.14,sold
2800,2026-07-28 14:00,2026-07-28,Энержи Ресурс ХХК,Energy Resources,Энержи Ресурс ХХК,Coal,Нүүрс,Washed medium-ash semi-hard coking coal,"Баяжуулсан дунд зэрэг үнстэй, хагас хатуу коксжих нүүрс",CNY,450.0,460.0,10.0,2.22,sold
2799,2026-07-28 12:00,2026-07-28,Эрдэнэс Тавантолгой ХК,Erdenes Tavan Tolgoi,Эрдэнэс Тавантолгой ХК,Coal,Нүүрс,Washed non-coking-quality coal,Баяжуулсан коксжих чанаргүй нүүрс,USD,63.5,68.3,4.8,7.56,sold
2798,2026-07-28 11:00,2026-07-28,Монголросцветмет ТӨҮГ,Mongolrostsvetmet (ex-Erdenes Critical Minerals),Монголросцветмет ТӨҮГ /Эрдэнэс критикал минералс ТӨҮГ/,Iron ore,Төмөр,Iron ore Fe 52%,Fe-52% Төмрийн хүдэр,USD,65.0,73.0,8.0,12.31,sold
2797,2026-07-28 10:00,2026-07-28,Энержи Ресурс ХХК,Energy Resources,Энержи Ресурс ХХК,Coal,Нүүрс,Washed coking coal,Баяжуулсан коксжих нүүрс,CNY,950.0,1005.0,55.0,5.79,sold
2796,2026-07-28 10:00,2026-07-28,Эрдэнэс Тавантолгой ХК,Erdenes Tavan Tolgoi,Эрдэнэс Тавантолгой ХК,Coal,Нүүрс,1/3 coking coal,1/3 коксжих нүүрс,USD,127.7,145.7,18.0,14.1,sold
2795,2026-07-27 16:00,2026-07-27,Эрдэнэс Тавантолгой ХК,Erdenes Tavan Tolgoi,Эрдэнэс Тавантолгой ХК,Coal,Нүүрс,1/3 coking coal,1/3 коксжих нүүрс,USD,72.6,90.1,17.5,24.1,sold
2794,2026-07-27 14:00,2026-07-27,Энержи Ресурс ХХК,Energy Resources,Энержи Ресурс ХХК,Coal,Нүүрс,Washed medium-ash semi-hard coking coal,"Баяжуулсан дунд зэрэг үнстэй, хагас хатуу коксжих нүүрс",CNY,450.0,460.0,10.0,2.22,sold
2793,2026-07-27 14:00,2026-07-27,Дарханы Төмөрлөгийн Үйлдвэр ХХК,Дарханы Төмөрлөгийн Үйлдвэр ХХК,Дарханы Төмөрлөгийн Үйлдвэр ХХК,Iron ore,Төмөр,Fe-58% Төмрийн баяжмал,Fe-58% Төмрийн баяжмал,USD,58.0,58.0,0.0,0.0,sold
2792,2026-07-27 14:00,2026-07-27,Эрдэнэс Тавантолгой ХК,Erdenes Tavan Tolgoi,Эрдэнэс Тавантолгой ХК,Coal,Нүүрс,Washed semi-soft coking coal,Баяжуулсан сул коксжих нүүрс,USD,122.9,135.4,12.5,10.17,sold
2791,2026-07-27 13:00,2026-07-27,Дарханы Төмөрлөгийн Үйлдвэр ХХК,Дарханы Төмөрлөгийн Үйлдвэр ХХК,Дарханы Төмөрлөгийн Үйлдвэр ХХК,Iron ore,Төмөр,Fe-58% Төмрийн баяжмал,Fe-58% Төмрийн баяжмал,USD,,,,,no_bid
2790,2026-07-27 12:00,2026-07-27,Дарханы Төмөрлөгийн Үйлдвэр ХХК,Дарханы Төмөрлөгийн Үйлдвэр ХХК,Дарханы Төмөрлөгийн Үйлдвэр ХХК,Iron ore,Төмөр,Fe-58% Төмрийн баяжмал,Fe-58% Төмрийн баяжмал,USD,58.0,58.0,0.0,0.0,sold
2789,2026-07-27 12:00,2026-07-27,Эрдэнэс Тавантолгой ХК,Erdenes Tavan Tolgoi,Эрдэнэс Тавантолгой ХК,Coal,Нүүрс,1/3 coking coal,1/3 коксжих нүүрс,USD,87.5,118.5,31.0,35.43,sold
2788,2026-07-27 11:00,2026-07-27,Монголросцветмет ТӨҮГ,Mongolrostsvetmet (ex-Erdenes Critical Minerals),Монголросцветмет ТӨҮГ /Эрдэнэс критикал минералс ТӨҮГ/,Iron ore,Төмөр,Iron ore Fe 52%,Fe-52% Төмрийн хүдэр,USD,65.0,73.5,8.5,13.08,sold
2787,2026-07-27 10:00,2026-07-27,Энержи Ресурс ХХК,Energy Resources,Энержи Ресурс ХХК,Coal,Нүүрс,Washed coking coal,Баяжуулсан коксжих нүүрс,CNY,950.0,1015.0,65.0,6.84,sold
2786,2026-07-24 14:00,2026-07-24,Дарханы Төмөрлөгийн Үйлдвэр ХХК,Дарханы Төмөрлөгийн Үйлдвэр ХХК,Дарханы Төмөрлөгийн Үйлдвэр ХХК,Iron ore,Төмөр,Fe-58% Төмрийн баяжмал,Fe-58% Төмрийн баяжмал,USD,54.0,61.0,7.0,12.96,sold
2785,2026-07-24 14:00,2026-07-24,Эрдэнэс Тавантолгой ХК,Erdenes Tavan Tolgoi,Эрдэнэс Тавантолгой ХК,Coal,Нүүрс,"Thermal coal (bituminous, non-caking)","Эрчим хүчний нүүрс /Битумт, үл барьцалдах нүүрс/",USD,63.5,65.6,2.1,3.31,sold
2784,2026-07-24 14:00,2026-07-24,Энержи Ресурс ХХК,Energy Resources,Энержи Ресурс ХХК,Coal,Нүүрс,Washed medium-ash semi-hard coking coal,"Баяжуулсан дунд зэрэг үнстэй, хагас хатуу коксжих нүүрс",CNY,450.0,460.0,10.0,2.22,sold
2783,2026-07-24 13:00,2026-07-24,Дарханы Төмөрлөгийн Үйлдвэр ХХК,Дарханы Төмөрлөгийн Үйлдвэр ХХК,Дарханы Төмөрлөгийн Үйлдвэр ХХК,Iron ore,Төмөр,Fe-58% Төмрийн баяжмал,Fe-58% Төмрийн баяжмал,USD,54.0,60.5,6.5,12.04,sold
2782,2026-07-24 12:00,2026-07-24,Дарханы Төмөрлөгийн Үйлдвэр ХХК,Дарханы Төмөрлөгийн Үйлдвэр ХХК,Дарханы Төмөрлөгийн Үйлдвэр ХХК,Iron ore,Төмөр,Fe-58% Төмрийн баяжмал,Fe-58% Төмрийн баяжмал,USD,54.0,57.0,3.0,5.56,sold
2781,2026-07-24 12:00,2026-07-24,Эрдэнэс Тавантолгой ХК,Erdenes Tavan Tolgoi,Эрдэнэс Тавантолгой ХК,Coal,Нүүрс,Washed semi-soft coking coal,Баяжуулсан сул коксжих нүүрс,USD,122.9,135.4,12.5,10.17,sold
2780,2026-07-24 11:00,2026-07-24,Монголросцветмет ТӨҮГ,Mongolrostsvetmet (ex-Erdenes Critical Minerals),Монголросцветмет ТӨҮГ /Эрдэнэс критикал минералс ТӨҮГ/,Iron ore,Төмөр,Iron ore Fe 52%,Fe-52% Төмрийн хүдэр,USD,65.0,70.0,5.0,7.69,sold
2779,2026-07-24 10:00,2026-07-24,Эрдэнэс Тавантолгой ХК,Erdenes Tavan Tolgoi,Эрдэнэс Тавантолгой ХК,Coal,Нүүрс,Medium-volatile coking coal,"Дэгдэмхий бодис дунд, коксжих нүүрс",USD,136.9,155.9,19.0,13.88,sold
2778,2026-07-24 10:00,2026-07-24,Энержи Ресурс ХХК,Energy Resources,Энержи Ресурс ХХК,Coal,Нүүрс,Washed coking coal,Баяжуулсан коксжих нүүрс,CNY,950.0,1030.0,80.0,8.42,sold
2777,2026-07-23 14:00,2026-07-23,Эрдэнэс Тавантолгой ХК,Erdenes Tavan Tolgoi,Эрдэнэс Тавантолгой ХК,Coal,Нүүрс,1/3 coking coal,1/3 коксжих нүүрс,USD,72.6,82.6,10.0,13.77,sold
2776,2026-07-23 14:00,2026-07-23,Энержи Ресурс ХХК,Energy Resources,Энержи Ресурс ХХК,Coal,Нүүрс,Washed medium-ash semi-hard coking coal,"Баяжуулсан дунд зэрэг үнстэй, хагас хатуу коксжих нүүрс",CNY,450.0,460.0,10.0,2.22,sold
2775,2026-07-23 12:00,2026-07-23,Эрдэнэс Тавантолгой ХК,Erdenes Tavan Tolgoi,Эрдэнэс Тавантолгой ХК,Coal,Нүүрс,Washed non-coking-quality coal,Баяжуулсан коксжих чанаргүй нүүрс,USD,64.6,70.3,5.7,8.82,sold
2774,2026-07-23 11:00,2026-07-23,Монголросцветмет ТӨҮГ,Mongolrostsvetmet (ex-Erdenes Critical Minerals),Монголросцветмет ТӨҮГ /Эрдэнэс критикал минералс ТӨҮГ/,Iron ore,Төмөр,Iron ore Fe 52%,Fe-52% Төмрийн хүдэр,USD,65.0,70.0,5.0,7.69,sold
2773,2026-07-23 10:00,2026-07-23,Эрдэнэс Тавантолгой ХК,Erdenes Tavan Tolgoi,Эрдэнэс Тавантолгой ХК,Coal,Нүүрс,1/3 coking coal,1/3 коксжих нүүрс,USD,87.5,118.0,30.5,34.86,sold
2772,2026-07-23 10:00,2026-07-23,Энержи Ресурс ХХК,Energy Resources,Энержи Ресурс ХХК,Coal,Нүүрс,Washed coking coal,Баяжуулсан коксжих нүүрс,CNY,950.0,1045.0,95.0,10.0,sold
2771,2026-07-22 14:00,2026-07-22,Эрдэнэс Тавантолгой ХК,Erdenes Tavan Tolgoi,Эрдэнэс Тавантолгой ХК,Coal,Нүүрс,"Thermal coal (bituminous, non-caking)","Эрчим хүчний нүүрс /Битумт, үл барьцалдах нүүрс/",USD,64.6,64.6,0.0,0.0,sold
2770,2026-07-22 14:00,2026-07-22,Энержи Ресурс ХХК,Energy Resources,Энержи Ресурс ХХК,Coal,Нүүрс,Washed medium-ash semi-hard coking coal,"Баяжуулсан дунд зэрэг үнстэй, хагас хатуу коксжих нүүрс",CNY,450.0,460.0,10.0,2.22,sold
2769,2026-07-22 12:00,2026-07-22,Эрдэнэс Тавантолгой ХК,Erdenes Tavan Tolgoi,Эрдэнэс Тавантолгой ХК,Coal,Нүүрс,Washed semi-soft coking coal,Баяжуулсан сул коксжих нүүрс,USD,122.9,132.4,9.5,7.73,sold
2768,2026-07-22 12:00,2026-07-22,Тавантолгой ХК,Tavan Tolgoi JSC,Тавантолгой ХК,Coal,Нүүрс,1/3 coking coal,1/3 коксжих нүүрс,USD,93.0,93.5,0.5,0.54,sold
2767,2026-07-22 11:00,2026-07-22,Тавантолгой ХК,Tavan Tolgoi JSC,Тавантолгой ХК,Coal,Нүүрс,1/3 coking coal,1/3 коксжих нүүрс,USD,93.0,119.0,26.0,27.96,sold
2766,2026-07-22 11:00,2026-07-22,Монголросцветмет ТӨҮГ,Mongolrostsvetmet (ex-Erdenes Critical Minerals),Монголросцветмет ТӨҮГ /Эрдэнэс критикал минералс ТӨҮГ/,Iron ore,Төмөр,Iron ore Fe 52%,Fe-52% Төмрийн хүдэр,USD,65.0,70.5,5.5,8.46,sold
2765,2026-07-22 10:00,2026-07-22,Эрдэнэс Тавантолгой ХК,Erdenes Tavan Tolgoi,Эрдэнэс Тавантолгой ХК,Coal,Нүүрс,1/3 coking coal,1/3 коксжих нүүрс,USD,127.7,145.2,17.5,13.7,sold
2764,2026-07-22 10:00,2026-07-22,Энержи Ресурс ХХК,Energy Resources,Энержи Ресурс ХХК,Coal,Нүүрс,Washed coking coal,Баяжуулсан коксжих нүүрс,CNY,950.0,1030.0,80.0,8.42,sold
2763,2026-07-21 14:00,2026-07-21,Эрдэнэс Тавантолгой ХК,Erdenes Tavan Tolgoi,Эрдэнэс Тавантолгой ХК,Coal,Нүүрс,Washed semi-soft coking coal,Баяжуулсан сул коксжих нүүрс,USD,124.9,131.9,7.0,5.6,sold
2762,2026-07-21 14:00,2026-07-21,Энержи Ресурс ХХК,Energy Resources,Энержи Ресурс ХХК,Coal,Нүүрс,Washed medium-ash semi-hard coking coal,"Баяжуулсан дунд зэрэг үнстэй, хагас хатуу коксжих нүүрс",CNY,450.0,460.0,10.0,2.22,sold
2761,2026-07-21 12:00,2026-07-21,Эрдэнэс Тавантолгой ХК,Erdenes Tavan Tolgoi,Эрдэнэс Тавантолгой ХК,Coal,Нүүрс,Washed non-coking-quality coal,Баяжуулсан коксжих чанаргүй нүүрс,USD,63.5,66.5,3.0,4.72,sold
2760,2026-07-21 11:00,2026-07-21,Монголросцветмет ТӨҮГ,Mongolrostsvetmet (ex-Erdenes Critical Minerals),Монголросцветмет ТӨҮГ /Эрдэнэс критикал минералс ТӨҮГ/,Iron ore,Төмөр,Iron ore Fe 52%,Fe-52% Төмрийн хүдэр,USD,65.0,69.5,4.5,6.92,sold
2759,2026-07-21 10:00,2026-07-21,Эрдэнэс Тавантолгой ХК,Erdenes Tavan Tolgoi,Эрдэнэс Тавантолгой ХК,Coal,Нүүрс,1/3 coking coal,1/3 коксжих нүүрс,USD,87.5,120.0,32.5,37.14,sold
2758,2026-07-21 10:00,2026-07-21,Энержи Ресурс ХХК,Energy Resources,Энержи Ресурс ХХК,Coal,Нүүрс,Washed coking coal,Баяжуулсан коксжих нүүрс,CNY,950.0,1010.0,60.0,6.32,sold
2757,2026-07-20 16:00,2026-07-20,Эрдэнэс Тавантолгой ХК,Erdenes Tavan Tolgoi,Эрдэнэс Тавантолгой ХК,Coal,Нүүрс,1/3 coking coal,1/3 коксжих нүүрс,USD,72.6,72.6,0.0,0.0,sold
2756,2026-07-20 14:00,2026-07-20,Эрдэнэс Тавантолгой ХК,Erdenes Tavan Tolgoi,Эрдэнэс Тавантолгой ХК,Coal,Нүүрс,Washed semi-soft coking coal,Баяжуулсан сул коксжих нүүрс,USD,122.9,130.9,8.0,6.51,sold
2755,2026-07-20 14:00,2026-07-20,Энержи Ресурс ХХК,Energy Resources,Энержи Ресурс ХХК,Coal,Нүүрс,Washed medium-ash semi-hard coking coal,"Баяжуулсан дунд зэрэг үнстэй, хагас хатуу коксжих нүүрс",CNY,450.0,460.0,10.0,2.22,sold
2754,2026-07-20 12:00,2026-07-20,Эрдэнэс Тавантолгой ХК,Erdenes Tavan Tolgoi,Эрдэнэс Тавантолгой ХК,Coal,Нүүрс,1/3 coking coal,1/3 коксжих нүүрс,USD,127.7,144.7,17.0,13.31,sold
2753,2026-07-20 11:00,2026-07-20,Монголросцветмет ТӨҮГ,Mongolrostsvetmet (ex-Erdenes Critical Minerals),Монголросцветмет ТӨҮГ /Эрдэнэс критикал минералс ТӨҮГ/,Iron ore,Төмөр,Iron ore Fe 52%,Fe-52% Төмрийн хүдэр,USD,65.0,68.0,3.0,4.62,sold
2752,2026-07-20 10:00,2026-07-20,Хангад Эксплорэйшн ХХК,Khangad Exploration,Хангад Эксплорэйшн ХХК,Coal,Нүүрс,Washed semi-soft coking coal,Баяжуулсан сул коксжих нүүрс,CNY,800.0,900.0,100.0,12.5,sold
2751,2026-07-09 14:00,2026-07-09,Энержи Ресурс ХХК,Energy Resources,Энержи Ресурс ХХК,Coal,Нүүрс,Washed medium-ash semi-hard coking coal,"Баяжуулсан дунд зэрэг үнстэй, хагас хатуу коксжих нүүрс",CNY,450.0,450.0,0.0,0.0,sold
2750,2026-07-09 11:00,2026-07-09,Монголросцветмет ТӨҮГ,Mongolrostsvetmet (ex-Erdenes Critical Minerals),Монголросцветмет ТӨҮГ /Эрдэнэс критикал минералс ТӨҮГ/,Iron ore,Төмөр,Iron ore Fe 52%,Fe-52% Төмрийн хүдэр,USD,65.0,71.5,6.5,10.0,sold
2749,2026-07-09 10:00,2026-07-09,Энержи Ресурс ХХК,Energy Resources,Энержи Ресурс ХХК,Coal,Нүүрс,Washed coking coal,Баяжуулсан коксжих нүүрс,CNY,950.0,1040.0,90.0,9.47,sold
2748,2026-07-08 14:00,2026-07-08,Энержи Ресурс ХХК,Energy Resources,Энержи Ресурс ХХК,Coal,Нүүрс,Washed medium-ash semi-hard coking coal,"Баяжуулсан дунд зэрэг үнстэй, хагас хатуу коксжих нүүрс",CNY,450.0,455.0,5.0,1.11,sold
2747,2026-07-08 11:00,2026-07-08,Монголросцветмет ТӨҮГ,Mongolrostsvetmet (ex-Erdenes Critical Minerals),Монголросцветмет ТӨҮГ /Эрдэнэс критикал минералс ТӨҮГ/,Iron ore,Төмөр,Iron concentrate Fe 65%,Fe-65% Төмрийн баяжмал,USD,85.0,86.0,1.0,1.18,sold
2746,2026-07-08 10:00,2026-07-08,Энержи Ресурс ХХК,Energy Resources,Энержи Ресурс ХХК,Coal,Нүүрс,Washed coking coal,Баяжуулсан коксжих нүүрс,CNY,950.0,1035.0,85.0,8.95,sold
2745,2026-07-07 14:00,2026-07-07,Энержи Ресурс ХХК,Energy Resources,Энержи Ресурс ХХК,Coal,Нүүрс,Washed medium-ash semi-hard coking coal,"Баяжуулсан дунд зэрэг үнстэй, хагас хатуу коксжих нүүрс",CNY,450.0,460.0,10.0,2.22,sold
2744,2026-07-07 12:00,2026-07-07,Дарханы Төмөрлөгийн Үйлдвэр ХХК,Дарханы Төмөрлөгийн Үйлдвэр ХХК,Дарханы Төмөрлөгийн Үйлдвэр ХХК,Iron ore,Төмөр,Fe-58% Төмрийн баяжмал,Fe-58% Төмрийн баяжмал,USD,60.0,60.0,0.0,0.0,sold
2743,2026-07-07 11:00,2026-07-07,Монголросцветмет ТӨҮГ,Mongolrostsvetmet (ex-Erdenes Critical Minerals),Монголросцветмет ТӨҮГ /Эрдэнэс критикал минералс ТӨҮГ/,Iron ore,Төмөр,Iron concentrate Fe 65%,Fe-65% Төмрийн баяжмал,USD,85.0,85.0,0.0,0.0,sold
2742,2026-07-07 10:00,2026-07-07,Дарханы Төмөрлөгийн Үйлдвэр ХХК,Дарханы Төмөрлөгийн Үйлдвэр ХХК,Дарханы Төмөрлөгийн Үйлдвэр ХХК,Iron ore,Төмөр,Fe-58% Төмрийн баяжмал,Fe-58% Төмрийн баяжмал,USD,60.0,60.0,0.0,0.0,sold
2741,2026-07-07 10:00,2026-07-07,Энержи Ресурс ХХК,Energy Resources,Энержи Ресурс ХХК,Coal,Нүүрс,Washed coking coal,Баяжуулсан коксжих нүүрс,CNY,950.0,1030.0,80.0,8.42,sold
2740,2026-07-07 10:00,2026-07-07,Монголросцветмет ТӨҮГ,Mongolrostsvetmet (ex-Erdenes Critical Minerals),Монголросцветмет ТӨҮГ /Эрдэнэс критикал минералс ТӨҮГ/,Fluorspar,Жонш,Fluorspar concentrate CaF2 95%,CaF2-95% Хайлуур жоншны баяжмал,USD,,,,,no_bid
2739,2026-07-06 14:00,2026-07-06,Энержи Ресурс ХХК,Energy Resources,Энержи Ресурс ХХК,Coal,Нүүрс,Washed medium-ash semi-hard coking coal,"Баяжуулсан дунд зэрэг үнстэй, хагас хатуу коксжих нүүрс",CNY,450.0,460.0,10.0,2.22,sold
2738,2026-07-06 11:00,2026-07-06,Монголросцветмет ТӨҮГ,Mongolrostsvetmet (ex-Erdenes Critical Minerals),Монголросцветмет ТӨҮГ /Эрдэнэс критикал минералс ТӨҮГ/,Iron ore,Төмөр,Iron ore Fe 52%,Fe-52% Төмрийн хүдэр,USD,65.0,70.0,5.0,7.69,sold
2737,2026-07-06 10:00,2026-07-06,Энержи Ресурс ХХК,Energy Resources,Энержи Ресурс ХХК,Coal,Нүүрс,Washed coking coal,Баяжуулсан коксжих нүүрс,CNY,950.0,1025.0,75.0,7.89,sold
2736,2026-07-06 10:00,2026-07-06,Монголросцветмет ТӨҮГ,Mongolrostsvetmet (ex-Erdenes Critical Minerals),Монголросцветмет ТӨҮГ /Эрдэнэс критикал минералс ТӨҮГ/,Fluorspar,Жонш,Fluorspar concentrate CaF2 95%,CaF2-95% Хайлуур жоншны баяжмал,USD,,,,,no_bid
2735,2026-07-03 11:00,2026-07-03,Монголросцветмет ТӨҮГ,Mongolrostsvetmet (ex-Erdenes Critical Minerals),Монголросцветмет ТӨҮГ /Эрдэнэс критикал минералс ТӨҮГ/,Iron ore,Төмөр,Iron ore Fe 52%,Fe-52% Төмрийн хүдэр,USD,65.0,70.0,5.0,7.69,sold
2734,2026-07-03 10:00,2026-07-03,Эрдэнэс Тавантолгой ХК,Erdenes Tavan Tolgoi,Эрдэнэс Тавантолгой ХК,Coal,Нүүрс,Medium-volatile coking coal,"Дэгдэмхий бодис дунд, коксжих нүүрс",USD,139.7,152.2,12.5,8.95,sold
2733,2026-07-03 10:00,2026-07-03,Энержи Ресурс ХХК,Energy Resources,Энержи Ресурс ХХК,Coal,Нүүрс,Washed coking coal,Баяжуулсан коксжих нүүрс,CNY,950.0,1025.0,75.0,7.89,sold
2732,2026-07-02 14:00,2026-07-02,Энержи Ресурс ХХК,Energy Resources,Энержи Ресурс ХХК,Coal,Нүүрс,Washed medium-ash semi-hard coking coal,"Баяжуулсан дунд зэрэг үнстэй, хагас хатуу коксжих нүүрс",CNY,450.0,460.0,10.0,2.22,sold
2731,2026-07-02 10:00,2026-07-02,Эрдэнэс Тавантолгой ХК,Erdenes Tavan Tolgoi,Эрдэнэс Тавантолгой ХК,Coal,Нүүрс,"Thermal coal (bituminous, non-caking)","Эрчим хүчний нүүрс /Битумт, үл барьцалдах нүүрс/",USD,,,,,no_bid
2730,2026-07-01 14:00,2026-07-01,Энержи Ресурс ХХК,Energy Resources,Энержи Ресурс ХХК,Coal,Нүүрс,Washed medium-ash semi-hard coking coal,"Баяжуулсан дунд зэрэг үнстэй, хагас хатуу коксжих нүүрс",CNY,450.0,460.0,10.0,2.22,sold
2729,2026-07-01 10:00,2026-07-01,Эрдэнэс Тавантолгой ХК,Erdenes Tavan Tolgoi,Эрдэнэс Тавантолгой ХК,Coal,Нүүрс,1/3 coking coal,1/3 коксжих нүүрс,USD,94.3,110.8,16.5,17.5,sold
2728,2026-06-30 14:00,2026-06-30,Энержи Ресурс ХХК,Energy Resources,Энержи Ресурс ХХК,Coal,Нүүрс,Washed medium-ash semi-hard coking coal,"Баяжуулсан дунд зэрэг үнстэй, хагас хатуу коксжих нүүрс",CNY,450.0,460.0,10.0,2.22,sold
2727,2026-06-30 12:00,2026-06-30,Эрдэнэс Тавантолгой ХК,Erdenes Tavan Tolgoi,Эрдэнэс Тавантолгой ХК,Coal,Нүүрс,1/3 coking coal,1/3 коксжих нүүрс,USD,75.8,75.8,0.0,0.0,sold
2726,2026-06-30 10:00,2026-06-30,Эрдэнэс Тавантолгой ХК,Erdenes Tavan Tolgoi,Эрдэнэс Тавантолгой ХК,Coal,Нүүрс,"Thermal coal (bituminous, non-caking)","Эрчим хүчний нүүрс /Битумт, үл барьцалдах нүүрс/",USD,68.6,68.6,0.0,0.0,sold
2725,2026-06-29 15:00,2026-06-29,Эрдэнэт Үйлдвэр ТӨҮГ,Erdenet Mining Corporation,Эрдэнэт Үйлдвэр ТӨҮГ,Copper,Зэс,Copper concentrate (22.35% Cu),22.35%-ийн зэсийн агуулгатай баяжмал,USD,3140.49,3215.49,75.0,2.39,sold
2724,2026-06-29 12:00,2026-06-29,Эрдэнэс Тавантолгой ХК,Erdenes Tavan Tolgoi,Эрдэнэс Тавантолгой ХК,Coal,Нүүрс,Washed semi-soft coking coal,Баяжуулсан сул коксжих нүүрс,USD,,,,,no_bid
2723,2026-06-29 10:00,2026-06-29,Энержи Ресурс ХХК,Energy Resources,Энержи Ресурс ХХК,Coal,Нүүрс,Washed coking coal,Баяжуулсан коксжих нүүрс,CNY,950.0,1025.0,75.0,7.89,sold
2722,2026-06-26 12:00,2026-06-26,Эрдэнэс Тавантолгой ХК,Erdenes Tavan Tolgoi,Эрдэнэс Тавантолгой ХК,Coal,Нүүрс,Washed semi-soft coking coal,Баяжуулсан сул коксжих нүүрс,USD,,,,,no_bid
2721,2026-06-26 10:00,2026-06-26,Эрдэнэс Тавантолгой ХК,Erdenes Tavan Tolgoi,Эрдэнэс Тавантолгой ХК,Coal,Нүүрс,Medium-volatile coking coal,"Дэгдэмхий бодис дунд, коксжих нүүрс",USD,143.4,150.9,7.5,5.23,sold
2720,2026-06-26 10:00,2026-06-26,Энержи Ресурс ХХК,Energy Resources,Энержи Ресурс ХХК,Coal,Нүүрс,Washed coking coal,Баяжуулсан коксжих нүүрс,CNY,950.0,1000.0,50.0,5.26,sold
2719,2026-06-25 14:00,2026-06-25,Энержи Ресурс ХХК,Energy Resources,Энержи Ресурс ХХК,Coal,Нүүрс,Washed medium-ash semi-hard coking coal,"Баяжуулсан дунд зэрэг үнстэй, хагас хатуу коксжих нүүрс",CNY,450.0,460.0,10.0,2.22,sold
2718,2026-06-25 13:00,2026-06-25,Дарханы Төмөрлөгийн Үйлдвэр ХХК,Дарханы Төмөрлөгийн Үйлдвэр ХХК,Дарханы Төмөрлөгийн Үйлдвэр ХХК,Iron ore,Төмөр,Fe-58% Төмрийн баяжмал,Fe-58% Төмрийн баяжмал,USD,,,,,no_bid
2717,2026-06-25 12:00,2026-06-25,Дарханы Төмөрлөгийн Үйлдвэр ХХК,Дарханы Төмөрлөгийн Үйлдвэр ХХК,Дарханы Төмөрлөгийн Үйлдвэр ХХК,Iron ore,Төмөр,Fe-58% Төмрийн баяжмал,Fe-58% Төмрийн баяжмал,USD,,,,,no_bid
2716,2026-06-25 10:00,2026-06-25,Эрдэнэс Тавантолгой ХК,Erdenes Tavan Tolgoi,Эрдэнэс Тавантолгой ХК,Coal,Нүүрс,1/3 coking coal,1/3 коксжих нүүрс,USD,99.0,109.0,10.0,10.1,sold
2715,2026-06-24 14:00,2026-06-24,Тавантолгой ХК,Tavan Tolgoi JSC,Тавантолгой ХК,Coal,Нүүрс,1/3 coking coal,1/3 коксжих нүүрс,USD,105.0,135.5,30.5,29.05,sold
2714,2026-06-24 14:00,2026-06-24,Энержи Ресурс ХХК,Energy Resources,Энержи Ресурс ХХК,Coal,Нүүрс,Washed medium-ash semi-hard coking coal,"Баяжуулсан дунд зэрэг үнстэй, хагас хатуу коксжих нүүрс",CNY,450.0,460.0,10.0,2.22,sold
2713,2026-06-24 12:00,2026-06-24,Тавантолгой ХК,Tavan Tolgoi JSC,Тавантолгой ХК,Coal,Нүүрс,1/3 coking coal,1/3 коксжих нүүрс,USD,105.0,136.5,31.5,30.0,sold
2712,2026-06-24 10:00,2026-06-24,Тавантолгой ХК,Tavan Tolgoi JSC,Тавантолгой ХК,Coal,Нүүрс,1/3 coking coal,1/3 коксжих нүүрс,USD,105.0,146.5,41.5,39.52,sold
2711,2026-06-24 10:00,2026-06-24,Эрдэнэс Тавантолгой ХК,Erdenes Tavan Tolgoi,Эрдэнэс Тавантолгой ХК,Coal,Нүүрс,Washed semi-soft coking coal,Баяжуулсан сул коксжих нүүрс,USD,,,,,no_bid
2710,2026-06-24 10:00,2026-06-24,Энержи Ресурс ХХК,Energy Resources,Энержи Ресурс ХХК,Coal,Нүүрс,Washed coking coal,Баяжуулсан коксжих нүүрс,CNY,950.0,1015.0,65.0,6.84,sold
2709,2026-06-23 14:00,2026-06-23,Тавантолгой ХК,Tavan Tolgoi JSC,Тавантолгой ХК,Coal,Нүүрс,1/3 coking coal,1/3 коксжих нүүрс,USD,,,,,no_bid
2708,2026-06-23 14:00,2026-06-23,Энержи Ресурс ХХК,Energy Resources,Энержи Ресурс ХХК,Coal,Нүүрс,Washed medium-ash semi-hard coking coal,"Баяжуулсан дунд зэрэг үнстэй, хагас хатуу коксжих нүүрс",CNY,450.0,465.0,15.0,3.33,sold
2707,2026-06-23 11:00,2026-06-23,Монголросцветмет ТӨҮГ,Mongolrostsvetmet (ex-Erdenes Critical Minerals),Монголросцветмет ТӨҮГ /Эрдэнэс критикал минералс ТӨҮГ/,Iron ore,Төмөр,Iron ore Fe 52%,Fe-52% Төмрийн хүдэр,USD,,,,,no_bid
2706,2026-06-23 10:00,2026-06-23,Тавантолгой ХК,Tavan Tolgoi JSC,Тавантолгой ХК,Coal,Нүүрс,1/3 coking coal,1/3 коксжих нүүрс,USD,,,,,no_bid
2705,2026-06-23 10:00,2026-06-23,Эрдэнэс Тавантолгой ХК,Erdenes Tavan Tolgoi,Эрдэнэс Тавантолгой ХК,Coal,Нүүрс,Washed non-coking-quality coal,Баяжуулсан коксжих чанаргүй нүүрс,USD,68.4,68.4,0.0,0.0,sold
2704,2026-06-22 14:00,2026-06-22,Энержи Ресурс ХХК,Energy Resources,Энержи Ресурс ХХК,Coal,Нүүрс,Washed medium-ash semi-hard coking coal,"Баяжуулсан дунд зэрэг үнстэй, хагас хатуу коксжих нүүрс",CNY,450.0,470.0,20.0,4.44,sold
2703,2026-06-22 12:00,2026-06-22,Эрдэнэс Тавантолгой ХК,Erdenes Tavan Tolgoi,Эрдэнэс Тавантолгой ХК,Coal,Нүүрс,Washed semi-soft coking coal,Баяжуулсан сул коксжих нүүрс,USD,,,,,no_bid
2702,2026-06-22 11:00,2026-06-22,Монголросцветмет ТӨҮГ,Mongolrostsvetmet (ex-Erdenes Critical Minerals),Монголросцветмет ТӨҮГ /Эрдэнэс критикал минералс ТӨҮГ/,Iron ore,Төмөр,Iron ore Fe 52%,Fe-52% Төмрийн хүдэр,USD,,,,,no_bid
2701,2026-06-22 10:00,2026-06-22,Энержи Ресурс ХХК,Energy Resources,Энержи Ресурс ХХК,Coal,Нүүрс,Washed coking coal,Баяжуулсан коксжих нүүрс,CNY,950.0,1010.0,60.0,6.32,sold
2700,2026-06-22 10:00,2026-06-22,Монголросцветмет ТӨҮГ,Mongolrostsvetmet (ex-Erdenes Critical Minerals),Монголросцветмет ТӨҮГ /Эрдэнэс критикал минералс ТӨҮГ/,Iron ore,Төмөр,Iron ore Fe 52%,Fe-52% Төмрийн хүдэр,USD,,,,,no_bid
2699,2026-06-19 13:00,2026-06-19,Дарханы Төмөрлөгийн Үйлдвэр ХХК,Дарханы Төмөрлөгийн Үйлдвэр ХХК,Дарханы Төмөрлөгийн Үйлдвэр ХХК,Iron ore,Төмөр,Fe-58% Төмрийн баяжмал,Fe-58% Төмрийн баяжмал,USD,,,,,no_bid
2698,2026-06-19 12:00,2026-06-19,Дарханы Төмөрлөгийн Үйлдвэр ХХК,Дарханы Төмөрлөгийн Үйлдвэр ХХК,Дарханы Төмөрлөгийн Үйлдвэр ХХК,Iron ore,Төмөр,Fe-58% Төмрийн баяжмал,Fe-58% Төмрийн баяжмал,USD,,,,,no_bid
2697,2026-06-19 11:00,2026-06-19,Монголросцветмет ТӨҮГ,Mongolrostsvetmet (ex-Erdenes Critical Minerals),Монголросцветмет ТӨҮГ /Эрдэнэс критикал минералс ТӨҮГ/,Iron ore,Төмөр,Iron ore Fe 52%,Fe-52% Төмрийн хүдэр,USD,,,,,no_bid
2696,2026-06-19 10:00,2026-06-19,Дарханы Төмөрлөгийн Үйлдвэр ХХК,Дарханы Төмөрлөгийн Үйлдвэр ХХК,Дарханы Төмөрлөгийн Үйлдвэр ХХК,Iron ore,Төмөр,Fe-58% Төмрийн баяжмал,Fe-58% Төмрийн баяжмал,USD,60.0,60.0,0.0,0.0,sold
2695,2026-06-19 10:00,2026-06-19,Монголросцветмет ТӨҮГ,Mongolrostsvetmet (ex-Erdenes Critical Minerals),Монголросцветмет ТӨҮГ /Эрдэнэс критикал минералс ТӨҮГ/,Iron ore,Төмөр,Iron ore Fe 52%,Fe-52% Төмрийн хүдэр,USD,,,,,no_bid
2694,2026-06-19 10:00,2026-06-19,Энержи Ресурс ХХК,Energy Resources,Энержи Ресурс ХХК,Coal,Нүүрс,Washed coking coal,Баяжуулсан коксжих нүүрс,CNY,950.0,1015.0,65.0,6.84,sold
2693,2026-06-18 14:00,2026-06-18,Энержи Ресурс ХХК,Energy Resources,Энержи Ресурс ХХК,Coal,Нүүрс,Washed medium-ash semi-hard coking coal,"Баяжуулсан дунд зэрэг үнстэй, хагас хатуу коксжих нүүрс",CNY,450.0,480.0,30.0,6.67,sold
2692,2026-06-18 13:00,2026-06-18,Дарханы Төмөрлөгийн Үйлдвэр ХХК,Дарханы Төмөрлөгийн Үйлдвэр ХХК,Дарханы Төмөрлөгийн Үйлдвэр ХХК,Iron ore,Төмөр,Fe-58% Төмрийн баяжмал,Fe-58% Төмрийн баяжмал,USD,60.0,60.0,0.0,0.0,sold
2691,2026-06-18 12:00,2026-06-18,Тавантолгой ХК,Tavan Tolgoi JSC,Тавантолгой ХК,Coal,Нүүрс,1/3 coking coal,1/3 коксжих нүүрс,USD,,,,,no_bid
2690,2026-06-18 12:00,2026-06-18,Дарханы Төмөрлөгийн Үйлдвэр ХХК,Дарханы Төмөрлөгийн Үйлдвэр ХХК,Дарханы Төмөрлөгийн Үйлдвэр ХХК,Iron ore,Төмөр,Fe-58% Төмрийн баяжмал,Fe-58% Төмрийн баяжмал,USD,60.0,60.0,0.0,0.0,sold
2689,2026-06-18 11:00,2026-06-18,Тавантолгой ХК,Tavan Tolgoi JSC,Тавантолгой ХК,Coal,Нүүрс,1/3 coking coal,1/3 коксжих нүүрс,USD,,,,,no_bid
2688,2026-06-18 11:00,2026-06-18,Монголросцветмет ТӨҮГ,Mongolrostsvetmet (ex-Erdenes Critical Minerals),Монголросцветмет ТӨҮГ /Эрдэнэс критикал минералс ТӨҮГ/,Iron ore,Төмөр,Iron ore Fe 52%,Fe-52% Төмрийн хүдэр,USD,70.0,70.0,0.0,0.0,sold
2687,2026-06-18 10:00,2026-06-18,Дарханы Төмөрлөгийн Үйлдвэр ХХК,Дарханы Төмөрлөгийн Үйлдвэр ХХК,Дарханы Төмөрлөгийн Үйлдвэр ХХК,Iron ore,Төмөр,Fe-58% Төмрийн баяжмал,Fe-58% Төмрийн баяжмал,USD,60.0,60.0,0.0,0.0,sold
2686,2026-06-18 10:00,2026-06-18,Монголросцветмет ТӨҮГ,Mongolrostsvetmet (ex-Erdenes Critical Minerals),Монголросцветмет ТӨҮГ /Эрдэнэс критикал минералс ТӨҮГ/,Iron ore,Төмөр,Iron concentrate Fe 65%,Fe-65% Төмрийн баяжмал,USD,,,,,no_bid
2685,2026-06-18 10:00,2026-06-18,Энержи Ресурс ХХК,Energy Resources,Энержи Ресурс ХХК,Coal,Нүүрс,Washed coking coal,Баяжуулсан коксжих нүүрс,CNY,950.0,1015.0,65.0,6.84,sold
2684,2026-06-17 14:00,2026-06-17,Энержи Ресурс ХХК,Energy Resources,Энержи Ресурс ХХК,Coal,Нүүрс,Washed medium-ash semi-hard coking coal,"Баяжуулсан дунд зэрэг үнстэй, хагас хатуу коксжих нүүрс",CNY,450.0,480.0,30.0,6.67,sold
2683,2026-06-17 11:00,2026-06-17,Монголросцветмет ТӨҮГ,Mongolrostsvetmet (ex-Erdenes Critical Minerals),Монголросцветмет ТӨҮГ /Эрдэнэс критикал минералс ТӨҮГ/,Iron ore,Төмөр,Iron ore Fe 52%,Fe-52% Төмрийн хүдэр,USD,70.0,70.0,0.0,0.0,sold
2682,2026-06-17 10:00,2026-06-17,Энержи Ресурс ХХК,Energy Resources,Энержи Ресурс ХХК,Coal,Нүүрс,Washed coking coal,Баяжуулсан коксжих нүүрс,CNY,950.0,1055.0,105.0,11.05,sold
2681,2026-06-16 14:00,2026-06-16,Энержи Ресурс ХХК,Energy Resources,Энержи Ресурс ХХК,Coal,Нүүрс,Washed medium-ash semi-hard coking coal,"Баяжуулсан дунд зэрэг үнстэй, хагас хатуу коксжих нүүрс",CNY,450.0,480.0,30.0,6.67,sold
2680,2026-06-16 11:00,2026-06-16,Монголросцветмет ТӨҮГ,Mongolrostsvetmet (ex-Erdenes Critical Minerals),Монголросцветмет ТӨҮГ /Эрдэнэс критикал минералс ТӨҮГ/,Iron ore,Төмөр,Iron concentrate Fe 65%,Fe-65% Төмрийн баяжмал,USD,90.0,90.0,0.0,0.0,sold
2679,2026-06-16 10:00,2026-06-16,Монголын Алт (МАК) ХХК,Монголын Алт (МАК) ХХК,Монголын Алт (МАК) ХХК,Coal,Нүүрс,1/3 coking coal,1/3 коксжих нүүрс,CNY,520.0,520.0,0.0,0.0,sold
2678,2026-06-15 14:00,2026-06-15,Энержи Ресурс ХХК,Energy Resources,Энержи Ресурс ХХК,Coal,Нүүрс,Washed medium-ash semi-hard coking coal,"Баяжуулсан дунд зэрэг үнстэй, хагас хатуу коксжих нүүрс",CNY,450.0,485.0,35.0,7.78,sold
2677,2026-06-15 11:00,2026-06-15,Монголросцветмет ТӨҮГ,Mongolrostsvetmet (ex-Erdenes Critical Minerals),Монголросцветмет ТӨҮГ /Эрдэнэс критикал минералс ТӨҮГ/,Iron ore,Төмөр,Iron ore Fe 52%,Fe-52% Төмрийн хүдэр,USD,,,,,no_bid
2676,2026-06-15 10:00,2026-06-15,Хангад Эксплорэйшн ХХК,Khangad Exploration,Хангад Эксплорэйшн ХХК,Coal,Нүүрс,Washed semi-soft coking coal,Баяжуулсан сул коксжих нүүрс,CNY,800.0,910.0,110.0,13.75,sold
2675,2026-06-12 11:00,2026-06-12,Монголросцветмет ТӨҮГ,Mongolrostsvetmet (ex-Erdenes Critical Minerals),Монголросцветмет ТӨҮГ /Эрдэнэс критикал минералс ТӨҮГ/,Iron ore,Төмөр,Iron ore Fe 52%,Fe-52% Төмрийн хүдэр,USD,70.0,70.5,0.5,0.71,sold
2674,2026-06-12 10:00,2026-06-12,Эрдэнэс Тавантолгой ХК,Erdenes Tavan Tolgoi,Эрдэнэс Тавантолгой ХК,Coal,Нүүрс,Medium-volatile coking coal,"Дэгдэмхий бодис дунд, коксжих нүүрс",USD,138.7,163.2,24.5,17.66,sold
2673,2026-06-12 10:00,2026-06-12,Энержи Ресурс ХХК,Energy Resources,Энержи Ресурс ХХК,Coal,Нүүрс,Washed coking coal,Баяжуулсан коксжих нүүрс,CNY,950.0,1070.0,120.0,12.63,sold
2672,2026-06-11 14:00,2026-06-11,Энержи Ресурс ХХК,Energy Resources,Энержи Ресурс ХХК,Coal,Нүүрс,Washed medium-ash semi-hard coking coal,"Баяжуулсан дунд зэрэг үнстэй, хагас хатуу коксжих нүүрс",CNY,450.0,475.0,25.0,5.56,sold
2671,2026-06-11 11:00,2026-06-11,Монголросцветмет ТӨҮГ,Mongolrostsvetmet (ex-Erdenes Critical Minerals),Монголросцветмет ТӨҮГ /Эрдэнэс критикал минералс ТӨҮГ/,Iron ore,Төмөр,Iron ore Fe 52%,Fe-52% Төмрийн хүдэр,USD,70.0,72.0,2.0,2.86,sold
2670,2026-06-11 10:00,2026-06-11,Эрдэнэс Тавантолгой ХК,Erdenes Tavan Tolgoi,Эрдэнэс Тавантолгой ХК,Coal,Нүүрс,Washed semi-soft coking coal,Баяжуулсан сул коксжих нүүрс,USD,117.9,127.9,10.0,8.48,sold
2669,2026-06-10 14:00,2026-06-10,Энержи Ресурс ХХК,Energy Resources,Энержи Ресурс ХХК,Coal,Нүүрс,Washed medium-ash semi-hard coking coal,"Баяжуулсан дунд зэрэг үнстэй, хагас хатуу коксжих нүүрс",CNY,450.0,485.0,35.0,7.78,sold
2668,2026-06-10 12:00,2026-06-10,Эрдэнэс Тавантолгой ХК,Erdenes Tavan Tolgoi,Эрдэнэс Тавантолгой ХК,Coal,Нүүрс,1/3 coking coal,1/3 коксжих нүүрс,USD,94.9,113.4,18.5,19.49,sold
2667,2026-06-10 11:00,2026-06-10,Монголросцветмет ТӨҮГ,Mongolrostsvetmet (ex-Erdenes Critical Minerals),Монголросцветмет ТӨҮГ /Эрдэнэс критикал минералс ТӨҮГ/,Iron ore,Төмөр,Iron ore Fe 52%,Fe-52% Төмрийн хүдэр,USD,70.0,72.0,2.0,2.86,sold
2666,2026-06-10 10:00,2026-06-10,Эрдэнэс Тавантолгой ХК,Erdenes Tavan Tolgoi,Эрдэнэс Тавантолгой ХК,Coal,Нүүрс,Washed non-coking-quality coal,Баяжуулсан коксжих чанаргүй нүүрс,USD,67.2,76.5,9.3,13.84,sold
2665,2026-06-09 11:00,2026-06-09,Монголросцветмет ТӨҮГ,Mongolrostsvetmet (ex-Erdenes Critical Minerals),Монголросцветмет ТӨҮГ /Эрдэнэс критикал минералс ТӨҮГ/,Iron ore,Төмөр,Iron concentrate Fe 65%,Fe-65% Төмрийн баяжмал,USD,90.0,94.0,4.0,4.44,sold
2664,2026-06-09 10:00,2026-06-09,Эрдэнэс Тавантолгой ХК,Erdenes Tavan Tolgoi,Эрдэнэс Тавантолгой ХК,Coal,Нүүрс,Washed semi-soft coking coal,Баяжуулсан сул коксжих нүүрс,USD,117.9,130.4,12.5,10.6,sold
2663,2026-06-09 10:00,2026-06-09,Энержи Ресурс ХХК,Energy Resources,Энержи Ресурс ХХК,Coal,Нүүрс,Washed coking coal,Баяжуулсан коксжих нүүрс,CNY,950.0,1015.0,65.0,6.84,sold
2662,2026-06-08 14:00,2026-06-08,Энержи Ресурс ХХК,Energy Resources,Энержи Ресурс ХХК,Coal,Нүүрс,Washed medium-ash semi-hard coking coal,"Баяжуулсан дунд зэрэг үнстэй, хагас хатуу коксжих нүүрс",CNY,450.0,480.0,30.0,6.67,sold
2661,2026-06-08 11:00,2026-06-08,Монголросцветмет ТӨҮГ,Mongolrostsvetmet (ex-Erdenes Critical Minerals),Монголросцветмет ТӨҮГ /Эрдэнэс критикал минералс ТӨҮГ/,Iron ore,Төмөр,Iron ore Fe 52%,Fe-52% Төмрийн хүдэр,USD,70.0,72.5,2.5,3.57,sold
2660,2026-06-05 13:00,2026-06-05,Дарханы Төмөрлөгийн Үйлдвэр ХХК,Дарханы Төмөрлөгийн Үйлдвэр ХХК,Дарханы Төмөрлөгийн Үйлдвэр ХХК,Iron ore,Төмөр,Fe-58% Төмрийн баяжмал,Fe-58% Төмрийн баяжмал,USD,,,,,no_bid
2659,2026-06-05 12:00,2026-06-05,Дарханы Төмөрлөгийн Үйлдвэр ХХК,Дарханы Төмөрлөгийн Үйлдвэр ХХК,Дарханы Төмөрлөгийн Үйлдвэр ХХК,Iron ore,Төмөр,Fe-58% Төмрийн баяжмал,Fe-58% Төмрийн баяжмал,USD,,,,,no_bid
2658,2026-06-05 10:00,2026-06-05,Дарханы Төмөрлөгийн Үйлдвэр ХХК,Дарханы Төмөрлөгийн Үйлдвэр ХХК,Дарханы Төмөрлөгийн Үйлдвэр ХХК,Iron ore,Төмөр,Fe-58% Төмрийн баяжмал,Fe-58% Төмрийн баяжмал,USD,59.0,59.0,0.0,0.0,sold
2657,2026-06-05 10:00,2026-06-05,Эрдэнэс Тавантолгой ХК,Erdenes Tavan Tolgoi,Эрдэнэс Тавантолгой ХК,Coal,Нүүрс,"Thermal coal (bituminous, non-caking)","Эрчим хүчний нүүрс /Битумт, үл барьцалдах нүүрс/",USD,66.9,72.3,5.4,8.07,sold
2656,2026-06-05 10:00,2026-06-05,Энержи Ресурс ХХК,Energy Resources,Энержи Ресурс ХХК,Coal,Нүүрс,Washed coking coal,Баяжуулсан коксжих нүүрс,CNY,950.0,1100.0,150.0,15.79,sold
2655,2026-06-04 14:00,2026-06-04,Энержи Ресурс ХХК,Energy Resources,Энержи Ресурс ХХК,Coal,Нүүрс,Washed medium-ash semi-hard coking coal,"Баяжуулсан дунд зэрэг үнстэй, хагас хатуу коксжих нүүрс",CNY,450.0,480.0,30.0,6.67,sold
2654,2026-06-04 13:00,2026-06-04,Дарханы Төмөрлөгийн Үйлдвэр ХХК,Дарханы Төмөрлөгийн Үйлдвэр ХХК,Дарханы Төмөрлөгийн Үйлдвэр ХХК,Iron ore,Төмөр,Fe-58% Төмрийн баяжмал,Fe-58% Төмрийн баяжмал,USD,59.0,59.0,0.0,0.0,sold
2653,2026-06-04 12:00,2026-06-04,Дарханы Төмөрлөгийн Үйлдвэр ХХК,Дарханы Төмөрлөгийн Үйлдвэр ХХК,Дарханы Төмөрлөгийн Үйлдвэр ХХК,Iron ore,Төмөр,Fe-58% Төмрийн баяжмал,Fe-58% Төмрийн баяжмал,USD,59.0,59.5,0.5,0.85,sold
2652,2026-06-04 10:00,2026-06-04,Дарханы Төмөрлөгийн Үйлдвэр ХХК,Дарханы Төмөрлөгийн Үйлдвэр ХХК,Дарханы Төмөрлөгийн Үйлдвэр ХХК,Iron ore,Төмөр,Fe-58% Төмрийн баяжмал,Fe-58% Төмрийн баяжмал,USD,59.0,59.0,0.0,0.0,sold
2651,2026-06-04 10:00,2026-06-04,Эрдэнэс Тавантолгой ХК,Erdenes Tavan Tolgoi,Эрдэнэс Тавантолгой ХК,Coal,Нүүрс,Medium-volatile coking coal,"Дэгдэмхий бодис дунд, коксжих нүүрс",USD,128.5,165.5,37.0,28.79,sold
2650,2026-06-03 10:00,2026-06-03,Эрдэнэс Тавантолгой ХК,Erdenes Tavan Tolgoi,Эрдэнэс Тавантолгой ХК,Coal,Нүүрс,Washed semi-soft coking coal,Баяжуулсан сул коксжих нүүрс,USD,111.3,126.3,15.0,13.48,sold
2649,2026-06-03 10:00,2026-06-03,Энержи Ресурс ХХК,Energy Resources,Энержи Ресурс ХХК,Coal,Нүүрс,Washed coking coal,Баяжуулсан коксжих нүүрс,CNY,950.0,1040.0,90.0,9.47,sold
2648,2026-06-02 14:00,2026-06-02,Энержи Ресурс ХХК,Energy Resources,Энержи Ресурс ХХК,Coal,Нүүрс,Washed medium-ash semi-hard coking coal,"Баяжуулсан дунд зэрэг үнстэй, хагас хатуу коксжих нүүрс",CNY,450.0,475.0,25.0,5.56,sold
2647,2026-06-02 10:00,2026-06-02,Эрдэнэс Тавантолгой ХК,Erdenes Tavan Tolgoi,Эрдэнэс Тавантолгой ХК,Coal,Нүүрс,Washed non-coking-quality coal,Баяжуулсан коксжих чанаргүй нүүрс,USD,66.9,72.6,5.7,8.52,sold
2646,2026-06-02 10:00,2026-06-02,Энержи Ресурс ХХК,Energy Resources,Энержи Ресурс ХХК,Coal,Нүүрс,Washed coking coal,Баяжуулсан коксжих нүүрс,CNY,,,,,no_bid
2645,2026-05-29 11:00,2026-05-29,Монголросцветмет ТӨҮГ,Mongolrostsvetmet (ex-Erdenes Critical Minerals),Монголросцветмет ТӨҮГ /Эрдэнэс критикал минералс ТӨҮГ/,Iron ore,Төмөр,Iron ore Fe 52%,Fe-52% Төмрийн хүдэр,USD,70.0,73.5,3.5,5.0,sold
2644,2026-05-29 10:00,2026-05-29,Энержи Ресурс ХХК,Energy Resources,Энержи Ресурс ХХК,Coal,Нүүрс,Washed coking coal,Баяжуулсан коксжих нүүрс,CNY,950.0,1030.0,80.0,8.42,sold
2643,2026-05-28 14:00,2026-05-28,Энержи Ресурс ХХК,Energy Resources,Энержи Ресурс ХХК,Coal,Нүүрс,Washed medium-ash semi-hard coking coal,"Баяжуулсан дунд зэрэг үнстэй, хагас хатуу коксжих нүүрс",CNY,450.0,475.0,25.0,5.56,sold
2642,2026-05-28 11:00,2026-05-28,Монголросцветмет ТӨҮГ,Mongolrostsvetmet (ex-Erdenes Critical Minerals),Монголросцветмет ТӨҮГ /Эрдэнэс критикал минералс ТӨҮГ/,Iron ore,Төмөр,Iron ore Fe 52%,Fe-52% Төмрийн хүдэр,USD,70.0,73.5,3.5,5.0,sold
2641,2026-05-27 15:00,2026-05-27,Эрдэнэт Үйлдвэр ТӨҮГ,Erdenet Mining Corporation,Эрдэнэт Үйлдвэр ТӨҮГ,Copper,Зэс,Copper concentrate (22.35% Cu),22.35%-ийн зэсийн агуулгатай баяжмал,USD,3210.34,3280.34,70.0,2.18,sold
2640,2026-05-27 14:00,2026-05-27,Энержи Ресурс ХХК,Energy Resources,Энержи Ресурс ХХК,Coal,Нүүрс,Washed medium-ash semi-hard coking coal,"Баяжуулсан дунд зэрэг үнстэй, хагас хатуу коксжих нүүрс",CNY,450.0,480.0,30.0,6.67,sold
2639,2026-05-27 11:00,2026-05-27,Монголросцветмет ТӨҮГ,Mongolrostsvetmet (ex-Erdenes Critical Minerals),Монголросцветмет ТӨҮГ /Эрдэнэс критикал минералс ТӨҮГ/,Iron ore,Төмөр,Iron ore Fe 52%,Fe-52% Төмрийн хүдэр,USD,70.0,74.0,4.0,5.71,sold
2638,2026-05-26 11:00,2026-05-26,Саусгоби Сэндс ХХК,Саусгоби Сэндс ХХК,Саусгоби Сэндс ХХК,Coal,Нүүрс,"Дэгдэмхий бодис их, хийн нүүрс","Дэгдэмхий бодис их, хийн нүүрс",CNY,330.0,330.0,0.0,0.0,sold
2637,2026-05-26 11:00,2026-05-26,Монголросцветмет ТӨҮГ,Mongolrostsvetmet (ex-Erdenes Critical Minerals),Монголросцветмет ТӨҮГ /Эрдэнэс критикал минералс ТӨҮГ/,Iron ore,Төмөр,Iron ore Fe 52%,Fe-52% Төмрийн хүдэр,USD,70.0,73.5,3.5,5.0,sold
2636,2026-05-26 10:00,2026-05-26,Энержи Ресурс ХХК,Energy Resources,Энержи Ресурс ХХК,Coal,Нүүрс,Washed coking coal,Баяжуулсан коксжих нүүрс,CNY,900.0,905.0,5.0,0.56,sold
2635,2026-05-25 14:00,2026-05-25,Энержи Ресурс ХХК,Energy Resources,Энержи Ресурс ХХК,Coal,Нүүрс,Washed medium-ash semi-hard coking coal,"Баяжуулсан дунд зэрэг үнстэй, хагас хатуу коксжих нүүрс",CNY,450.0,475.0,25.0,5.56,sold
2634,2026-05-25 11:00,2026-05-25,Монголросцветмет ТӨҮГ,Mongolrostsvetmet (ex-Erdenes Critical Minerals),Монголросцветмет ТӨҮГ /Эрдэнэс критикал минералс ТӨҮГ/,Iron ore,Төмөр,Iron ore Fe 52%,Fe-52% Төмрийн хүдэр,USD,70.0,73.5,3.5,5.0,sold
2633,2026-05-22 12:00,2026-05-22,Эрдэнэс Тавантолгой ХК,Erdenes Tavan Tolgoi,Эрдэнэс Тавантолгой ХК,Coal,Нүүрс,Washed non-coking-quality coal,Баяжуулсан коксжих чанаргүй нүүрс,USD,64.4,67.7,3.3,5.12,sold
2632,2026-05-22 11:00,2026-05-22,Монголросцветмет ТӨҮГ,Mongolrostsvetmet (ex-Erdenes Critical Minerals),Монголросцветмет ТӨҮГ /Эрдэнэс критикал минералс ТӨҮГ/,Iron ore,Төмөр,Iron ore Fe 52%,Fe-52% Төмрийн хүдэр,USD,70.0,73.0,3.0,4.29,sold
2631,2026-05-22 10:00,2026-05-22,Эрдэнэс Тавантолгой ХК,Erdenes Tavan Tolgoi,Эрдэнэс Тавантолгой ХК,Coal,Нүүрс,Washed non-coking-quality coal,Баяжуулсан коксжих чанаргүй нүүрс,USD,61.0,68.5,7.5,12.3,sold
2630,2026-05-22 10:00,2026-05-22,Энержи Ресурс ХХК,Energy Resources,Энержи Ресурс ХХК,Coal,Нүүрс,Washed coking coal,Баяжуулсан коксжих нүүрс,CNY,900.0,955.0,55.0,6.11,sold
2629,2026-05-21 14:00,2026-05-21,Эрдэнэс Тавантолгой ХК,Erdenes Tavan Tolgoi,Эрдэнэс Тавантолгой ХК,Coal,Нүүрс,Washed semi-soft coking coal,Баяжуулсан сул коксжих нүүрс,USD,111.3,111.3,0.0,0.0,sold
2628,2026-05-21 14:00,2026-05-21,Энержи Ресурс ХХК,Energy Resources,Энержи Ресурс ХХК,Coal,Нүүрс,Washed medium-ash semi-hard coking coal,"Баяжуулсан дунд зэрэг үнстэй, хагас хатуу коксжих нүүрс",CNY,450.0,470.0,20.0,4.44,sold
2627,2026-05-21 13:00,2026-05-21,Дарханы Төмөрлөгийн Үйлдвэр ХХК,Дарханы Төмөрлөгийн Үйлдвэр ХХК,Дарханы Төмөрлөгийн Үйлдвэр ХХК,Iron ore,Төмөр,Fe-58% Төмрийн баяжмал,Fe-58% Төмрийн баяжмал,USD,,,,,no_bid
2626,2026-05-21 12:00,2026-05-21,Дарханы Төмөрлөгийн Үйлдвэр ХХК,Дарханы Төмөрлөгийн Үйлдвэр ХХК,Дарханы Төмөрлөгийн Үйлдвэр ХХК,Iron ore,Төмөр,Fe-58% Төмрийн баяжмал,Fe-58% Төмрийн баяжмал,USD,,,,,no_bid
2625,2026-05-21 12:00,2026-05-21,Эрдэнэс Тавантолгой ХК,Erdenes Tavan Tolgoi,Эрдэнэс Тавантолгой ХК,Coal,Нүүрс,1/3 coking coal,1/3 коксжих нүүрс,USD,70.1,76.1,6.0,8.56,sold
2624,2026-05-21 11:00,2026-05-21,Монголросцветмет ТӨҮГ,Mongolrostsvetmet (ex-Erdenes Critical Minerals),Монголросцветмет ТӨҮГ /Эрдэнэс критикал минералс ТӨҮГ/,Iron ore,Төмөр,Iron ore Fe 52%,Fe-52% Төмрийн хүдэр,USD,70.0,73.0,3.0,4.29,sold
2623,2026-05-21 10:00,2026-05-21,Дарханы Төмөрлөгийн Үйлдвэр ХХК,Дарханы Төмөрлөгийн Үйлдвэр ХХК,Дарханы Төмөрлөгийн Үйлдвэр ХХК,Iron ore,Төмөр,Fe-58% Төмрийн баяжмал,Fe-58% Төмрийн баяжмал,USD,,,,,no_bid
2622,2026-05-21 10:00,2026-05-21,Эрдэнэс Тавантолгой ХК,Erdenes Tavan Tolgoi,Эрдэнэс Тавантолгой ХК,Coal,Нүүрс,1/3 coking coal,1/3 коксжих нүүрс,USD,88.8,103.3,14.5,16.33,sold
2621,2026-05-20 14:00,2026-05-20,Эрдэнэс Тавантолгой ХК,Erdenes Tavan Tolgoi,Эрдэнэс Тавантолгой ХК,Coal,Нүүрс,Washed semi-soft coking coal,Баяжуулсан сул коксжих нүүрс,USD,117.5,117.5,0.0,0.0,sold
2620,2026-05-20 13:00,2026-05-20,Дарханы Төмөрлөгийн Үйлдвэр ХХК,Дарханы Төмөрлөгийн Үйлдвэр ХХК,Дарханы Төмөрлөгийн Үйлдвэр ХХК,Iron ore,Төмөр,Fe-58% Төмрийн баяжмал,Fe-58% Төмрийн баяжмал,USD,,,,,no_bid
2619,2026-05-20 12:00,2026-05-20,Дарханы Төмөрлөгийн Үйлдвэр ХХК,Дарханы Төмөрлөгийн Үйлдвэр ХХК,Дарханы Төмөрлөгийн Үйлдвэр ХХК,Iron ore,Төмөр,Fe-58% Төмрийн баяжмал,Fe-58% Төмрийн баяжмал,USD,,,,,no_bid
2618,2026-05-20 12:00,2026-05-20,Эрдэнэс Тавантолгой ХК,Erdenes Tavan Tolgoi,Эрдэнэс Тавантолгой ХК,Coal,Нүүрс,"Thermal coal (bituminous, non-caking)","Эрчим хүчний нүүрс /Битумт, үл барьцалдах нүүрс/",USD,64.4,64.4,0.0,0.0,sold
2617,2026-05-20 11:00,2026-05-20,Тавантолгой ХК,Tavan Tolgoi JSC,Тавантолгой ХК,Coal,Нүүрс,Medium-volatile coking coal,"Дэгдэмхий бодис дунд, коксжих нүүрс",USD,127.0,127.0,0.0,0.0,sold
2616,2026-05-20 11:00,2026-05-20,Монголросцветмет ТӨҮГ,Mongolrostsvetmet (ex-Erdenes Critical Minerals),Монголросцветмет ТӨҮГ /Эрдэнэс критикал минералс ТӨҮГ/,Iron ore,Төмөр,Iron ore Fe 52%,Fe-52% Төмрийн хүдэр,USD,70.0,72.5,2.5,3.57,sold
2615,2026-05-20 10:00,2026-05-20,Дарханы Төмөрлөгийн Үйлдвэр ХХК,Дарханы Төмөрлөгийн Үйлдвэр ХХК,Дарханы Төмөрлөгийн Үйлдвэр ХХК,Iron ore,Төмөр,Fe-58% Төмрийн баяжмал,Fe-58% Төмрийн баяжмал,USD,,,,,no_bid
2614,2026-05-20 10:00,2026-05-20,Эрдэнэс Тавантолгой ХК,Erdenes Tavan Tolgoi,Эрдэнэс Тавантолгой ХК,Coal,Нүүрс,Medium-volatile coking coal,"Дэгдэмхий бодис дунд, коксжих нүүрс",USD,131.4,138.4,7.0,5.33,sold
2613,2026-05-20 10:00,2026-05-20,Энержи Ресурс ХХК,Energy Resources,Энержи Ресурс ХХК,Coal,Нүүрс,Washed coking coal,Баяжуулсан коксжих нүүрс,CNY,900.0,955.0,55.0,6.11,sold
2612,2026-05-19 14:00,2026-05-19,Эрдэнэс Тавантолгой ХК,Erdenes Tavan Tolgoi,Эрдэнэс Тавантолгой ХК,Coal,Нүүрс,Washed non-coking-quality coal,Баяжуулсан коксжих чанаргүй нүүрс,USD,64.4,68.6,4.2,6.52,sold
2611,2026-05-19 12:00,2026-05-19,Эрдэнэс Тавантолгой ХК,Erdenes Tavan Tolgoi,Эрдэнэс Тавантолгой ХК,Coal,Нүүрс,Washed semi-soft coking coal,Баяжуулсан сул коксжих нүүрс,USD,114.6,120.1,5.5,4.8,sold
2610,2026-05-19 11:00,2026-05-19,Монголросцветмет ТӨҮГ,Mongolrostsvetmet (ex-Erdenes Critical Minerals),Монголросцветмет ТӨҮГ /Эрдэнэс критикал минералс ТӨҮГ/,Iron ore,Төмөр,Iron ore Fe 52%,Fe-52% Төмрийн хүдэр,USD,70.0,70.0,0.0,0.0,sold
2609,2026-05-19 10:00,2026-05-19,Эрдэнэс Тавантолгой ХК,Erdenes Tavan Tolgoi,Эрдэнэс Тавантолгой ХК,Coal,Нүүрс,1/3 coking coal,1/3 коксжих нүүрс,USD,84.1,105.1,21.0,24.97,sold
2608,2026-05-19 10:00,2026-05-19,Энержи Ресурс ХХК,Energy Resources,Энержи Ресурс ХХК,Coal,Нүүрс,Washed coking coal,Баяжуулсан коксжих нүүрс,CNY,900.0,970.0,70.0,7.78,sold
2607,2026-05-18 14:00,2026-05-18,Энержи Ресурс ХХК,Energy Resources,Энержи Ресурс ХХК,Coal,Нүүрс,Washed medium-ash semi-hard coking coal,"Баяжуулсан дунд зэрэг үнстэй, хагас хатуу коксжих нүүрс",CNY,450.0,475.0,25.0,5.56,sold
2606,2026-05-18 12:00,2026-05-18,Эрдэнэс Тавантолгой ХК,Erdenes Tavan Tolgoi,Эрдэнэс Тавантолгой ХК,Coal,Нүүрс,1/3 coking coal,1/3 коксжих нүүрс,USD,77.1,84.1,7.0,9.08,sold
2605,2026-05-18 11:00,2026-05-18,Монголросцветмет ТӨҮГ,Mongolrostsvetmet (ex-Erdenes Critical Minerals),Монголросцветмет ТӨҮГ /Эрдэнэс критикал минералс ТӨҮГ/,Iron ore,Төмөр,Iron ore Fe 52%,Fe-52% Төмрийн хүдэр,USD,70.0,73.0,3.0,4.29,sold
2604,2026-05-18 11:00,2026-05-18,Монголросцветмет ТӨҮГ,Mongolrostsvetmet (ex-Erdenes Critical Minerals),Монголросцветмет ТӨҮГ /Эрдэнэс критикал минералс ТӨҮГ/,Iron ore,Төмөр,Iron concentrate Fe 65%,Fe-65% Төмрийн баяжмал,USD,90.0,94.0,4.0,4.44,sold
2603,2026-05-15 11:00,2026-05-15,Монголросцветмет ТӨҮГ,Mongolrostsvetmet (ex-Erdenes Critical Minerals),Монголросцветмет ТӨҮГ /Эрдэнэс критикал минералс ТӨҮГ/,Iron ore,Төмөр,Iron ore Fe 52%,Fe-52% Төмрийн хүдэр,USD,70.0,71.0,1.0,1.43,sold
2602,2026-05-15 10:00,2026-05-15,Эрдэнэс Тавантолгой ХК,Erdenes Tavan Tolgoi,Эрдэнэс Тавантолгой ХК,Coal,Нүүрс,"Thermal coal (bituminous, non-caking)","Эрчим хүчний нүүрс /Битумт, үл барьцалдах нүүрс/",USD,64.4,64.4,0.0,0.0,sold
2601,2026-05-15 10:00,2026-05-15,Энержи Ресурс ХХК,Energy Resources,Энержи Ресурс ХХК,Coal,Нүүрс,Washed coking coal,Баяжуулсан коксжих нүүрс,CNY,900.0,960.0,60.0,6.67,sold
2600,2026-05-14 14:00,2026-05-14,Энержи Ресурс ХХК,Energy Resources,Энержи Ресурс ХХК,Coal,Нүүрс,Washed medium-ash semi-hard coking coal,"Баяжуулсан дунд зэрэг үнстэй, хагас хатуу коксжих нүүрс",CNY,450.0,455.0,5.0,1.11,sold
2599,2026-05-14 10:00,2026-05-14,Эрдэнэс Тавантолгой ХК,Erdenes Tavan Tolgoi,Эрдэнэс Тавантолгой ХК,Coal,Нүүрс,Washed non-coking-quality coal,Баяжуулсан коксжих чанаргүй нүүрс,USD,64.4,64.4,0.0,0.0,sold
2598,2026-05-14 10:00,2026-05-14,Андын Илч ХХК,Андын Илч ХХК,Андын Илч ХХК,Coal,Нүүрс,Чийг багатай хүрэн нүүрс,Чийг багатай хүрэн нүүрс,CNY,140.0,140.0,0.0,0.0,sold
2597,2026-05-13 12:00,2026-05-13,Эрдэнэс Тавантолгой ХК,Erdenes Tavan Tolgoi,Эрдэнэс Тавантолгой ХК,Coal,Нүүрс,1/3 coking coal,1/3 коксжих нүүрс,USD,88.9,109.4,20.5,23.06,sold
2596,2026-05-13 10:00,2026-05-13,Эрдэнэс Тавантолгой ХК,Erdenes Tavan Tolgoi,Эрдэнэс Тавантолгой ХК,Coal,Нүүрс,"Thermal coal (bituminous, non-caking)","Эрчим хүчний нүүрс /Битумт, үл барьцалдах нүүрс/",USD,61.0,65.5,4.5,7.38,sold
2595,2026-05-13 10:00,2026-05-13,Энержи Ресурс ХХК,Energy Resources,Энержи Ресурс ХХК,Coal,Нүүрс,Washed coking coal,Баяжуулсан коксжих нүүрс,CNY,900.0,1000.0,100.0,11.11,sold
2593,2026-05-12 15:00,2026-05-12,Эрдэнэс Тавантолгой ХК,Erdenes Tavan Tolgoi,Эрдэнэс Тавантолгой ХК,Coal,Нүүрс,1/3 coking coal,1/3 коксжих нүүрс,USD,77.2,86.2,9.0,11.66,sold
2594,2026-05-12 14:00,2026-05-12,Эрдэнэс Тавантолгой ХК,Erdenes Tavan Tolgoi,Эрдэнэс Тавантолгой ХК,Coal,Нүүрс,Washed non-coking-quality coal,Баяжуулсан коксжих чанаргүй нүүрс,USD,61.0,68.8,7.8,12.79,sold
2592,2026-05-12 10:00,2026-05-12,Монголын Алт (МАК) ХХК,Монголын Алт (МАК) ХХК,Монголын Алт (МАК) ХХК,Coal,Нүүрс,1/3 coking coal,1/3 коксжих нүүрс,CNY,470.0,470.0,0.0,0.0,sold
2591,2026-05-12 10:00,2026-05-12,Эрдэнэс Тавантолгой ХК,Erdenes Tavan Tolgoi,Эрдэнэс Тавантолгой ХК,Coal,Нүүрс,1/3 coking coal,1/3 коксжих нүүрс,USD,84.2,108.2,24.0,28.5,sold
2590,2026-05-12 10:00,2026-05-12,Энержи Ресурс ХХК,Energy Resources,Энержи Ресурс ХХК,Coal,Нүүрс,Washed coking coal,Баяжуулсан коксжих нүүрс,CNY,900.0,1010.0,110.0,12.22,sold
2589,2026-05-11 14:00,2026-05-11,Эрдэнэс Тавантолгой ХК,Erdenes Tavan Tolgoi,Эрдэнэс Тавантолгой ХК,Coal,Нүүрс,Washed semi-soft coking coal,Баяжуулсан сул коксжих нүүрс,USD,114.7,114.7,0.0,0.0,sold
2588,2026-05-11 14:00,2026-05-11,Энержи Ресурс ХХК,Energy Resources,Энержи Ресурс ХХК,Coal,Нүүрс,Washed medium-ash semi-hard coking coal,"Баяжуулсан дунд зэрэг үнстэй, хагас хатуу коксжих нүүрс",CNY,450.0,450.0,0.0,0.0,sold
2587,2026-05-11 12:00,2026-05-11,Эрдэнэс Тавантолгой ХК,Erdenes Tavan Tolgoi,Эрдэнэс Тавантолгой ХК,Coal,Нүүрс,Washed non-coking-quality coal,Баяжуулсан коксжих чанаргүй нүүрс,USD,57.8,68.0,10.2,17.65,sold
2586,2026-05-08 12:00,2026-05-08,Эрдэнэс Тавантолгой ХК,Erdenes Tavan Tolgoi,Эрдэнэс Тавантолгой ХК,Coal,Нүүрс,"Thermal coal (bituminous, non-caking)","Эрчим хүчний нүүрс /Битумт, үл барьцалдах нүүрс/",USD,61.0,68.5,7.5,12.3,sold
2585,2026-05-08 10:00,2026-05-08,Эрдэнэс Тавантолгой ХК,Erdenes Tavan Tolgoi,Эрдэнэс Тавантолгой ХК,Coal,Нүүрс,Washed non-coking-quality coal,Баяжуулсан коксжих чанаргүй нүүрс,USD,61.0,69.1,8.1,13.28,sold
2584,2026-05-08 10:00,2026-05-08,Тавантолгой ХК,Tavan Tolgoi JSC,Тавантолгой ХК,Coal,Нүүрс,Medium-volatile coking coal,"Дэгдэмхий бодис дунд, коксжих нүүрс",USD,126.0,126.0,0.0,0.0,sold
2583,2026-05-08 10:00,2026-05-08,Энержи Ресурс ХХК,Energy Resources,Энержи Ресурс ХХК,Coal,Нүүрс,Washed coking coal,Баяжуулсан коксжих нүүрс,CNY,900.0,1015.0,115.0,12.78,sold
2582,2026-05-07 14:00,2026-05-07,Энержи Ресурс ХХК,Energy Resources,Энержи Ресурс ХХК,Coal,Нүүрс,Washed medium-ash semi-hard coking coal,"Баяжуулсан дунд зэрэг үнстэй, хагас хатуу коксжих нүүрс",CNY,450.0,460.0,10.0,2.22,sold
2581,2026-05-07 12:00,2026-05-07,Эрдэнэс Тавантолгой ХК,Erdenes Tavan Tolgoi,Эрдэнэс Тавантолгой ХК,Coal,Нүүрс,1/3 coking coal,1/3 коксжих нүүрс,USD,70.2,77.7,7.5,10.68,sold
2580,2026-05-07 11:00,2026-05-07,Монголросцветмет ТӨҮГ,Mongolrostsvetmet (ex-Erdenes Critical Minerals),Монголросцветмет ТӨҮГ /Эрдэнэс критикал минералс ТӨҮГ/,Iron ore,Төмөр,Iron concentrate Fe 65%,Fe-65% Төмрийн баяжмал,USD,85.0,97.0,12.0,14.12,sold
2579,2026-05-07 10:00,2026-05-07,Эрдэнэс Тавантолгой ХК,Erdenes Tavan Tolgoi,Эрдэнэс Тавантолгой ХК,Coal,Нүүрс,Washed semi-soft coking coal,Баяжуулсан сул коксжих нүүрс,USD,114.7,114.7,0.0,0.0,sold
2578,2026-05-06 11:00,2026-05-06,Монголросцветмет ТӨҮГ,Mongolrostsvetmet (ex-Erdenes Critical Minerals),Монголросцветмет ТӨҮГ /Эрдэнэс критикал минералс ТӨҮГ/,Iron ore,Төмөр,Iron ore Fe 52%,Fe-52% Төмрийн хүдэр,USD,70.0,70.5,0.5,0.71,sold
2577,2026-05-06 10:00,2026-05-06,Эрдэнэс Тавантолгой ХК,Erdenes Tavan Tolgoi,Эрдэнэс Тавантолгой ХК,Coal,Нүүрс,Washed non-coking-quality coal,Баяжуулсан коксжих чанаргүй нүүрс,USD,56.8,69.7,12.9,22.71,sold
2576,2026-05-06 10:00,2026-05-06,Энержи Ресурс ХХК,Energy Resources,Энержи Ресурс ХХК,Coal,Нүүрс,Washed coking coal,Баяжуулсан коксжих нүүрс,CNY,900.0,1045.0,145.0,16.11,sold
2575,2026-05-05 13:00,2026-05-05,Дарханы Төмөрлөгийн Үйлдвэр ХХК,Дарханы Төмөрлөгийн Үйлдвэр ХХК,Дарханы Төмөрлөгийн Үйлдвэр ХХК,Iron ore,Төмөр,Fe-58% Төмрийн баяжмал,Fe-58% Төмрийн баяжмал,USD,,,,,no_bid
2574,2026-05-05 12:00,2026-05-05,Эрдэнэс Тавантолгой ХК,Erdenes Tavan Tolgoi,Эрдэнэс Тавантолгой ХК,Coal,Нүүрс,Washed non-coking-quality coal,Баяжуулсан коксжих чанаргүй нүүрс,USD,59.9,72.2,12.3,20.53,sold
2573,2026-05-05 12:00,2026-05-05,Дарханы Төмөрлөгийн Үйлдвэр ХХК,Дарханы Төмөрлөгийн Үйлдвэр ХХК,Дарханы Төмөрлөгийн Үйлдвэр ХХК,Iron ore,Төмөр,Fe-58% Төмрийн баяжмал,Fe-58% Төмрийн баяжмал,USD,60.0,60.0,0.0,0.0,sold
2572,2026-05-05 10:00,2026-05-05,Эрдэнэс Тавантолгой ХК,Erdenes Tavan Tolgoi,Эрдэнэс Тавантолгой ХК,Coal,Нүүрс,Washed non-coking-quality coal,Баяжуулсан коксжих чанаргүй нүүрс,USD,56.8,70.3,13.5,23.77,sold
2571,2026-05-05 10:00,2026-05-05,Энержи Ресурс ХХК,Energy Resources,Энержи Ресурс ХХК,Coal,Нүүрс,Washed coking coal,Баяжуулсан коксжих нүүрс,CNY,900.0,1005.0,105.0,11.67,sold
2570,2026-05-05 10:00,2026-05-05,Дарханы Төмөрлөгийн Үйлдвэр ХХК,Дарханы Төмөрлөгийн Үйлдвэр ХХК,Дарханы Төмөрлөгийн Үйлдвэр ХХК,Iron ore,Төмөр,Fe-58% Төмрийн баяжмал,Fe-58% Төмрийн баяжмал,USD,60.0,60.0,0.0,0.0,sold
2569,2026-05-04 14:00,2026-05-04,Эрдэнэс Тавантолгой ХК,Erdenes Tavan Tolgoi,Эрдэнэс Тавантолгой ХК,Coal,Нүүрс,Washed semi-soft coking coal,Баяжуулсан сул коксжих нүүрс,USD,112.4,112.4,0.0,0.0,sold
2568,2026-05-04 14:00,2026-05-04,Энержи Ресурс ХХК,Energy Resources,Энержи Ресурс ХХК,Coal,Нүүрс,Washed medium-ash semi-hard coking coal,"Баяжуулсан дунд зэрэг үнстэй, хагас хатуу коксжих нүүрс",CNY,450.0,460.0,10.0,2.22,sold
2567,2026-05-04 13:00,2026-05-04,Дарханы Төмөрлөгийн Үйлдвэр ХХК,Дарханы Төмөрлөгийн Үйлдвэр ХХК,Дарханы Төмөрлөгийн Үйлдвэр ХХК,Iron ore,Төмөр,Fe-58% Төмрийн баяжмал,Fe-58% Төмрийн баяжмал,USD,,,,,no_bid
2566,2026-05-04 12:00,2026-05-04,Дарханы Төмөрлөгийн Үйлдвэр ХХК,Дарханы Төмөрлөгийн Үйлдвэр ХХК,Дарханы Төмөрлөгийн Үйлдвэр ХХК,Iron ore,Төмөр,Fe-58% Төмрийн баяжмал,Fe-58% Төмрийн баяжмал,USD,,,,,no_bid
2565,2026-05-04 12:00,2026-05-04,Эрдэнэс Тавантолгой ХК,Erdenes Tavan Tolgoi,Эрдэнэс Тавантолгой ХК,Coal,Нүүрс,Washed semi-soft coking coal,Баяжуулсан сул коксжих нүүрс,USD,106.3,120.3,14.0,13.17,sold
2564,2026-05-04 10:00,2026-05-04,Энержи Ресурс ХХК,Energy Resources,Энержи Ресурс ХХК,Coal,Нүүрс,Washed coking coal,Баяжуулсан коксжих нүүрс,CNY,,,,,no_bid
2563,2026-05-04 10:00,2026-05-04,Дарханы Төмөрлөгийн Үйлдвэр ХХК,Дарханы Төмөрлөгийн Үйлдвэр ХХК,Дарханы Төмөрлөгийн Үйлдвэр ХХК,Iron ore,Төмөр,Fe-58% Төмрийн баяжмал,Fe-58% Төмрийн баяжмал,USD,,,,,no_bid
2562,2026-05-04 10:00,2026-05-04,Эрдэнэс Тавантолгой ХК,Erdenes Tavan Tolgoi,Эрдэнэс Тавантолгой ХК,Coal,Нүүрс,Washed semi-soft coking coal,Баяжуулсан сул коксжих нүүрс,USD,118.6,131.1,12.5,10.54,sold
2561,2026-05-01 12:00,2026-05-01,Мөнх тэнүүн оргил ХХК,Мөнх тэнүүн оргил ХХК,Мөнх тэнүүн оргил ХХК,Coal,Нүүрс,Washed non-coking-quality coal,Баяжуулсан коксжих чанаргүй нүүрс,CNY,280.0,337.0,57.0,20.36,sold
2560,2026-05-01 10:00,2026-05-01,Мөнх тэнүүн оргил ХХК,Мөнх тэнүүн оргил ХХК,Мөнх тэнүүн оргил ХХК,Coal,Нүүрс,Washed semi-soft coking coal,Баяжуулсан сул коксжих нүүрс,CNY,700.0,700.0,0.0,0.0,sold
2559,2026-05-01 10:00,2026-05-01,Эрдэнэс Тавантолгой ХК,Erdenes Tavan Tolgoi,Эрдэнэс Тавантолгой ХК,Coal,Нүүрс,Washed semi-soft coking coal,Баяжуулсан сул коксжих нүүрс,USD,106.3,116.8,10.5,9.88,sold
2558,2026-05-01 10:00,2026-05-01,Энержи Ресурс ХХК,Energy Resources,Энержи Ресурс ХХК,Coal,Нүүрс,Washed coking coal,Баяжуулсан коксжих нүүрс,CNY,900.0,1005.0,105.0,11.67,sold
2557,2026-04-30 14:00,2026-04-30,Энержи Ресурс ХХК,Energy Resources,Энержи Ресурс ХХК,Coal,Нүүрс,Washed medium-ash semi-hard coking coal,"Баяжуулсан дунд зэрэг үнстэй, хагас хатуу коксжих нүүрс",CNY,450.0,455.0,5.0,1.11,sold
2556,2026-04-30 10:00,2026-04-30,Тавантолгой ХК,Tavan Tolgoi JSC,Тавантолгой ХК,Coal,Нүүрс,"Thermal coal (sub-bituminous, weakly caking)","Эрчим хүчний нүүрс /Саб-битумт, сул барьцалдах нүүрс/",USD,36.0,50.5,14.5,40.28,sold
2555,2026-04-29 15:00,2026-04-29,Эрдэнэт Үйлдвэр ТӨҮГ,Erdenet Mining Corporation,Эрдэнэт Үйлдвэр ТӨҮГ,Copper,Зэс,Copper concentrate (22.35% Cu),22.35%-ийн зэсийн агуулгатай баяжмал,USD,3032.93,3122.93,90.0,2.97,sold
2554,2026-04-29 12:00,2026-04-29,Тавантолгой ХК,Tavan Tolgoi JSC,Тавантолгой ХК,Coal,Нүүрс,"Thermal coal (sub-bituminous, weakly caking)","Эрчим хүчний нүүрс /Саб-битумт, сул барьцалдах нүүрс/",USD,36.0,66.5,30.5,84.72,sold
2553,2026-04-29 11:00,2026-04-29,Тавантолгой ХК,Tavan Tolgoi JSC,Тавантолгой ХК,Coal,Нүүрс,"Thermal coal (sub-bituminous, weakly caking)","Эрчим хүчний нүүрс /Саб-битумт, сул барьцалдах нүүрс/",USD,36.0,57.5,21.5,59.72,sold
2552,2026-04-29 10:00,2026-04-29,Энержи Ресурс ХХК,Energy Resources,Энержи Ресурс ХХК,Coal,Нүүрс,Washed coking coal,Баяжуулсан коксжих нүүрс,CNY,900.0,995.0,95.0,10.56,sold
2551,2026-04-28 10:00,2026-04-28,Энержи Ресурс ХХК,Energy Resources,Энержи Ресурс ХХК,Coal,Нүүрс,Washed coking coal,Баяжуулсан коксжих нүүрс,CNY,900.0,980.0,80.0,8.89,sold
2550,2026-04-27 14:00,2026-04-27,Энержи Ресурс ХХК,Energy Resources,Энержи Ресурс ХХК,Coal,Нүүрс,Washed medium-ash semi-hard coking coal,"Баяжуулсан дунд зэрэг үнстэй, хагас хатуу коксжих нүүрс",CNY,450.0,450.0,0.0,0.0,sold
2549,2026-04-27 11:00,2026-04-27,Монголросцветмет ТӨҮГ,Mongolrostsvetmet (ex-Erdenes Critical Minerals),Монголросцветмет ТӨҮГ /Эрдэнэс критикал минералс ТӨҮГ/,Iron ore,Төмөр,Iron ore Fe 52%,Fe-52% Төмрийн хүдэр,USD,65.0,71.5,6.5,10.0,sold
2548,2026-04-24 12:00,2026-04-24,Тавантолгой ХК,Tavan Tolgoi JSC,Тавантолгой ХК,Coal,Нүүрс,1/3 coking coal,1/3 коксжих нүүрс,USD,65.0,80.0,15.0,23.08,sold
2547,2026-04-24 11:00,2026-04-24,Тавантолгой ХК,Tavan Tolgoi JSC,Тавантолгой ХК,Coal,Нүүрс,1/3 coking coal,1/3 коксжих нүүрс,USD,65.0,76.0,11.0,16.92,sold
2546,2026-04-24 10:00,2026-04-24,Эрдэнэс Тавантолгой ХК,Erdenes Tavan Tolgoi,Эрдэнэс Тавантолгой ХК,Coal,Нүүрс,"Thermal coal (bituminous, non-caking)","Эрчим хүчний нүүрс /Битумт, үл барьцалдах нүүрс/",USD,58.5,66.0,7.5,12.82,sold
2545,2026-04-24 10:00,2026-04-24,Энержи Ресурс ХХК,Energy Resources,Энержи Ресурс ХХК,Coal,Нүүрс,Washed coking coal,Баяжуулсан коксжих нүүрс,CNY,900.0,980.0,80.0,8.89,sold
2544,2026-04-23 14:00,2026-04-23,Эрдэнэс Тавантолгой ХК,Erdenes Tavan Tolgoi,Эрдэнэс Тавантолгой ХК,Coal,Нүүрс,1/3 coking coal,1/3 коксжих нүүрс,USD,76.3,84.3,8.0,10.48,sold
2543,2026-04-23 14:00,2026-04-23,Энержи Ресурс ХХК,Energy Resources,Энержи Ресурс ХХК,Coal,Нүүрс,Washed medium-ash semi-hard coking coal,"Баяжуулсан дунд зэрэг үнстэй, хагас хатуу коксжих нүүрс",CNY,,,,,no_bid
2542,2026-04-23 12:00,2026-04-23,Эрдэнэс Тавантолгой ХК,Erdenes Tavan Tolgoi,Эрдэнэс Тавантолгой ХК,Coal,Нүүрс,1/3 coking coal,1/3 коксжих нүүрс,USD,86.0,105.0,19.0,22.09,sold
2541,2026-04-23 10:00,2026-04-23,Эрдэнэс Тавантолгой ХК,Erdenes Tavan Tolgoi,Эрдэнэс Тавантолгой ХК,Coal,Нүүрс,1/3 coking coal,1/3 коксжих нүүрс,USD,81.4,101.4,20.0,24.57,sold
2540,2026-04-22 12:00,2026-04-22,Эрдэнэс Тавантолгой ХК,Erdenes Tavan Tolgoi,Эрдэнэс Тавантолгой ХК,Coal,Нүүрс,1/3 coking coal,1/3 коксжих нүүрс,USD,76.3,80.3,4.0,5.24,sold
2539,2026-04-22 11:00,2026-04-22,Монголросцветмет ТӨҮГ,Mongolrostsvetmet (ex-Erdenes Critical Minerals),Монголросцветмет ТӨҮГ /Эрдэнэс критикал минералс ТӨҮГ/,Iron ore,Төмөр,Iron ore Fe 52%,Fe-52% Төмрийн хүдэр,USD,65.0,71.5,6.5,10.0,sold
2538,2026-04-22 10:00,2026-04-22,Эрдэнэс Тавантолгой ХК,Erdenes Tavan Tolgoi,Эрдэнэс Тавантолгой ХК,Coal,Нүүрс,Medium-volatile coking coal,"Дэгдэмхий бодис дунд, коксжих нүүрс",USD,129.7,129.7,0.0,0.0,sold
2537,2026-04-22 10:00,2026-04-22,Энержи Ресурс ХХК,Energy Resources,Энержи Ресурс ХХК,Coal,Нүүрс,Washed coking coal,Баяжуулсан коксжих нүүрс,CNY,900.0,985.0,85.0,9.44,sold
2536,2026-04-21 14:00,2026-04-21,Дарханы Төмөрлөгийн Үйлдвэр ХХК,Дарханы Төмөрлөгийн Үйлдвэр ХХК,Дарханы Төмөрлөгийн Үйлдвэр ХХК,Iron ore,Төмөр,Fe-58% Төмрийн баяжмал,Fe-58% Төмрийн баяжмал,USD,,,,,no_bid
2535,2026-04-21 14:00,2026-04-21,Эрдэнэс Тавантолгой ХК,Erdenes Tavan Tolgoi,Эрдэнэс Тавантолгой ХК,Coal,Нүүрс,Washed semi-soft coking coal,Баяжуулсан сул коксжих нүүрс,USD,111.6,114.1,2.5,2.24,sold
2534,2026-04-21 13:00,2026-04-21,Дарханы Төмөрлөгийн Үйлдвэр ХХК,Дарханы Төмөрлөгийн Үйлдвэр ХХК,Дарханы Төмөрлөгийн Үйлдвэр ХХК,Iron ore,Төмөр,Fe-58% Төмрийн баяжмал,Fe-58% Төмрийн баяжмал,USD,,,,,no_bid
2533,2026-04-21 12:00,2026-04-21,Дарханы Төмөрлөгийн Үйлдвэр ХХК,Дарханы Төмөрлөгийн Үйлдвэр ХХК,Дарханы Төмөрлөгийн Үйлдвэр ХХК,Iron ore,Төмөр,Fe-58% Төмрийн баяжмал,Fe-58% Төмрийн баяжмал,USD,,,,,no_bid
2532,2026-04-21 12:00,2026-04-21,Эрдэнэс Тавантолгой ХК,Erdenes Tavan Tolgoi,Эрдэнэс Тавантолгой ХК,Coal,Нүүрс,"Thermal coal (bituminous, non-caking)","Эрчим хүчний нүүрс /Битумт, үл барьцалдах нүүрс/",USD,58.5,64.2,5.7,9.74,sold
2531,2026-04-21 11:00,2026-04-21,Монголросцветмет ТӨҮГ,Mongolrostsvetmet (ex-Erdenes Critical Minerals),Монголросцветмет ТӨҮГ /Эрдэнэс критикал минералс ТӨҮГ/,Iron ore,Төмөр,Iron ore Fe 52%,Fe-52% Төмрийн хүдэр,USD,65.0,71.0,6.0,9.23,sold
2530,2026-04-21 10:00,2026-04-21,Эрдэнэс Тавантолгой ХК,Erdenes Tavan Tolgoi,Эрдэнэс Тавантолгой ХК,Coal,Нүүрс,1/3 coking coal,1/3 коксжих нүүрс,USD,76.3,81.8,5.5,7.21,sold
2529,2026-04-21 10:00,2026-04-21,Энержи Ресурс ХХК,Energy Resources,Энержи Ресурс ХХК,Coal,Нүүрс,Washed coking coal,Баяжуулсан коксжих нүүрс,CNY,900.0,975.0,75.0,8.33,sold
2528,2026-04-20 14:00,2026-04-20,Дарханы Төмөрлөгийн Үйлдвэр ХХК,Дарханы Төмөрлөгийн Үйлдвэр ХХК,Дарханы Төмөрлөгийн Үйлдвэр ХХК,Iron ore,Төмөр,Fe-58% Төмрийн баяжмал,Fe-58% Төмрийн баяжмал,USD,,,,,no_bid
2527,2026-04-20 14:00,2026-04-20,Эрдэнэс Тавантолгой ХК,Erdenes Tavan Tolgoi,Эрдэнэс Тавантолгой ХК,Coal,Нүүрс,Washed semi-soft coking coal,Баяжуулсан сул коксжих нүүрс,USD,105.7,113.2,7.5,7.1,sold
2526,2026-04-20 14:00,2026-04-20,Энержи Ресурс ХХК,Energy Resources,Энержи Ресурс ХХК,Coal,Нүүрс,Washed medium-ash semi-hard coking coal,"Баяжуулсан дунд зэрэг үнстэй, хагас хатуу коксжих нүүрс",CNY,,,,,no_bid
2525,2026-04-20 13:00,2026-04-20,Дарханы Төмөрлөгийн Үйлдвэр ХХК,Дарханы Төмөрлөгийн Үйлдвэр ХХК,Дарханы Төмөрлөгийн Үйлдвэр ХХК,Iron ore,Төмөр,Fe-58% Төмрийн баяжмал,Fe-58% Төмрийн баяжмал,USD,,,,,no_bid
2524,2026-04-20 12:00,2026-04-20,Дарханы Төмөрлөгийн Үйлдвэр ХХК,Дарханы Төмөрлөгийн Үйлдвэр ХХК,Дарханы Төмөрлөгийн Үйлдвэр ХХК,Iron ore,Төмөр,Fe-58% Төмрийн баяжмал,Fe-58% Төмрийн баяжмал,USD,,,,,no_bid
2523,2026-04-20 12:00,2026-04-20,Эрдэнэс Тавантолгой ХК,Erdenes Tavan Tolgoi,Эрдэнэс Тавантолгой ХК,Coal,Нүүрс,"Thermal coal (bituminous, non-caking)","Эрчим хүчний нүүрс /Битумт, үл барьцалдах нүүрс/",USD,55.3,63.1,7.8,14.1,sold
2522,2026-04-20 11:00,2026-04-20,Монголросцветмет ТӨҮГ,Mongolrostsvetmet (ex-Erdenes Critical Minerals),Монголросцветмет ТӨҮГ /Эрдэнэс критикал минералс ТӨҮГ/,Iron ore,Төмөр,Iron ore Fe 52%,Fe-52% Төмрийн хүдэр,USD,65.0,71.0,6.0,9.23,sold
2521,2026-04-20 10:00,2026-04-20,Эрдэнэс Тавантолгой ХК,Erdenes Tavan Tolgoi,Эрдэнэс Тавантолгой ХК,Coal,Нүүрс,1/3 coking coal,1/3 коксжих нүүрс,USD,86.0,86.0,0.0,0.0,sold
2520,2026-04-17 12:00,2026-04-17,Эрдэнэс Тавантолгой ХК,Erdenes Tavan Tolgoi,Эрдэнэс Тавантолгой ХК,Coal,Нүүрс,1/3 coking coal,1/3 коксжих нүүрс,USD,69.4,72.9,3.5,5.04,sold
2519,2026-04-17 10:00,2026-04-17,Эрдэнэс Тавантолгой ХК,Erdenes Tavan Tolgoi,Эрдэнэс Тавантолгой ХК,Coal,Нүүрс,1/3 coking coal,1/3 коксжих нүүрс,USD,83.3,97.8,14.5,17.41,sold
2518,2026-04-17 10:00,2026-04-17,Энержи Ресурс ХХК,Energy Resources,Энержи Ресурс ХХК,Coal,Нүүрс,Washed coking coal,Баяжуулсан коксжих нүүрс,CNY,900.0,955.0,55.0,6.11,sold
2517,2026-04-16 14:00,2026-04-16,Эрдэнэс Тавантолгой ХК,Erdenes Tavan Tolgoi,Эрдэнэс Тавантолгой ХК,Coal,Нүүрс,"Thermal coal (bituminous, non-caking)","Эрчим хүчний нүүрс /Битумт, үл барьцалдах нүүрс/",USD,54.9,63.9,9.0,16.39,sold
2516,2026-04-16 14:00,2026-04-16,Энержи Ресурс ХХК,Energy Resources,Энержи Ресурс ХХК,Coal,Нүүрс,Washed medium-ash semi-hard coking coal,"Баяжуулсан дунд зэрэг үнстэй, хагас хатуу коксжих нүүрс",CNY,,,,,no_bid
2515,2026-04-16 12:00,2026-04-16,Эрдэнэс Тавантолгой ХК,Erdenes Tavan Tolgoi,Эрдэнэс Тавантолгой ХК,Coal,Нүүрс,1/3 coking coal,1/3 коксжих нүүрс,USD,76.3,77.3,1.0,1.31,sold
2514,2026-04-16 11:00,2026-04-16,Андын Илч ХХК,Андын Илч ХХК,Андын Илч ХХК,Coal,Нүүрс,Чийг багатай хүрэн нүүрс,Чийг багатай хүрэн нүүрс,CNY,140.0,140.0,0.0,0.0,sold
2513,2026-04-16 11:00,2026-04-16,Монголросцветмет ТӨҮГ,Mongolrostsvetmet (ex-Erdenes Critical Minerals),Монголросцветмет ТӨҮГ /Эрдэнэс критикал минералс ТӨҮГ/,Iron ore,Төмөр,Iron ore Fe 52%,Fe-52% Төмрийн хүдэр,USD,65.0,70.0,5.0,7.69,sold
2512,2026-04-16 10:00,2026-04-16,Андын Илч ХХК,Андын Илч ХХК,Андын Илч ХХК,Coal,Нүүрс,Чийг багатай хүрэн нүүрс,Чийг багатай хүрэн нүүрс,CNY,140.0,140.0,0.0,0.0,sold
2511,2026-04-16 10:00,2026-04-16,Эрдэнэс Тавантолгой ХК,Erdenes Tavan Tolgoi,Эрдэнэс Тавантолгой ХК,Coal,Нүүрс,1/3 coking coal,1/3 коксжих нүүрс,USD,101.7,109.2,7.5,7.37,sold
2510,2026-04-15 14:00,2026-04-15,Эрдэнэс Тавантолгой ХК,Erdenes Tavan Tolgoi,Эрдэнэс Тавантолгой ХК,Coal,Нүүрс,1/3 coking coal,1/3 коксжих нүүрс,USD,69.4,74.9,5.5,7.93,sold
2509,2026-04-15 12:00,2026-04-15,Эрдэнэс Тавантолгой ХК,Erdenes Tavan Tolgoi,Эрдэнэс Тавантолгой ХК,Coal,Нүүрс,1/3 coking coal,1/3 коксжих нүүрс,USD,83.3,97.3,14.0,16.81,sold
2508,2026-04-15 11:00,2026-04-15,Монголросцветмет ТӨҮГ,Mongolrostsvetmet (ex-Erdenes Critical Minerals),Монголросцветмет ТӨҮГ /Эрдэнэс критикал минералс ТӨҮГ/,Iron ore,Төмөр,Iron ore Fe 52%,Fe-52% Төмрийн хүдэр,USD,65.0,70.5,5.5,8.46,sold
2507,2026-04-15 10:00,2026-04-15,Энержи Ресурс ХХК,Energy Resources,Энержи Ресурс ХХК,Coal,Нүүрс,Washed coking coal,Баяжуулсан коксжих нүүрс,CNY,900.0,940.0,40.0,4.44,sold
2506,2026-04-15 10:00,2026-04-15,Эрдэнэс Тавантолгой ХК,Erdenes Tavan Tolgoi,Эрдэнэс Тавантолгой ХК,Coal,Нүүрс,Medium-volatile coking coal,"Дэгдэмхий бодис дунд, коксжих нүүрс",USD,130.5,135.0,4.5,3.45,sold
2505,2026-04-14 12:00,2026-04-14,Эрдэнэс Тавантолгой ХК,Erdenes Tavan Tolgoi,Эрдэнэс Тавантолгой ХК,Coal,Нүүрс,1/3 coking coal,1/3 коксжих нүүрс,USD,69.4,72.4,3.0,4.32,sold
2504,2026-04-14 11:00,2026-04-14,Монголросцветмет ТӨҮГ,Mongolrostsvetmet (ex-Erdenes Critical Minerals),Монголросцветмет ТӨҮГ /Эрдэнэс критикал минералс ТӨҮГ/,Iron ore,Төмөр,Iron ore Fe 52%,Fe-52% Төмрийн хүдэр,USD,65.0,70.0,5.0,7.69,sold
2503,2026-04-14 10:00,2026-04-14,Энержи Ресурс ХХК,Energy Resources,Энержи Ресурс ХХК,Coal,Нүүрс,Washed coking coal,Баяжуулсан коксжих нүүрс,CNY,900.0,950.0,50.0,5.56,sold
2502,2026-04-14 10:00,2026-04-14,Эрдэнэс Тавантолгой ХК,Erdenes Tavan Tolgoi,Эрдэнэс Тавантолгой ХК,Coal,Нүүрс,1/3 coking coal,1/3 коксжих нүүрс,USD,101.7,108.7,7.0,6.88,sold
2501,2026-04-13 14:00,2026-04-13,Энержи Ресурс ХХК,Energy Resources,Энержи Ресурс ХХК,Coal,Нүүрс,Washed medium-ash semi-hard coking coal,"Баяжуулсан дунд зэрэг үнстэй, хагас хатуу коксжих нүүрс",CNY,,,,,no_bid
2500,2026-04-13 12:00,2026-04-13,Эрдэнэс Тавантолгой ХК,Erdenes Tavan Tolgoi,Эрдэнэс Тавантолгой ХК,Coal,Нүүрс,1/3 coking coal,1/3 коксжих нүүрс,USD,,,,,no_bid
2499,2026-04-13 11:00,2026-04-13,Монголросцветмет ТӨҮГ,Mongolrostsvetmet (ex-Erdenes Critical Minerals),Монголросцветмет ТӨҮГ /Эрдэнэс критикал минералс ТӨҮГ/,Iron ore,Төмөр,Iron ore Fe 52%,Fe-52% Төмрийн хүдэр,USD,65.0,70.0,5.0,7.69,sold
2498,2026-04-13 10:00,2026-04-13,Эрдэнэс Тавантолгой ХК,Erdenes Tavan Tolgoi,Эрдэнэс Тавантолгой ХК,Coal,Нүүрс,"Thermal coal (bituminous, non-caking)","Эрчим хүчний нүүрс /Битумт, үл барьцалдах нүүрс/",USD,51.7,61.3,9.6,18.57,sold
2497,2026-04-10 16:00,2026-04-10,Эрдэнэс Тавантолгой ХК,Erdenes Tavan Tolgoi,Эрдэнэс Тавантолгой ХК,Coal,Нүүрс,Washed semi-soft coking coal,Баяжуулсан сул коксжих нүүрс,USD,99.2,111.7,12.5,12.6,sold
2496,2026-04-10 14:00,2026-04-10,Тавантолгой ХК,Tavan Tolgoi JSC,Тавантолгой ХК,Coal,Нүүрс,Medium-volatile coking coal,"Дэгдэмхий бодис дунд, коксжих нүүрс",USD,,,,,no_bid
2495,2026-04-10 14:00,2026-04-10,Эрдэнэс Тавантолгой ХК,Erdenes Tavan Tolgoi,Эрдэнэс Тавантолгой ХК,Coal,Нүүрс,1/3 coking coal,1/3 коксжих нүүрс,USD,69.4,71.9,2.5,3.6,sold
2494,2026-04-10 12:00,2026-04-10,Эрдэнэс Тавантолгой ХК,Erdenes Tavan Tolgoi,Эрдэнэс Тавантолгой ХК,Coal,Нүүрс,1/3 coking coal,1/3 коксжих нүүрс,USD,76.3,77.8,1.5,1.97,sold
2493,2026-04-10 10:00,2026-04-10,Эрдэнэс Тавантолгой ХК,Erdenes Tavan Tolgoi,Эрдэнэс Тавантолгой ХК,Coal,Нүүрс,1/3 coking coal,1/3 коксжих нүүрс,USD,101.9,108.4,6.5,6.38,sold
2492,2026-04-10 10:00,2026-04-10,Энержи Ресурс ХХК,Energy Resources,Энержи Ресурс ХХК,Coal,Нүүрс,Washed coking coal,Баяжуулсан коксжих нүүрс,CNY,900.0,935.0,35.0,3.89,sold
2491,2026-04-09 14:00,2026-04-09,Эрдэнэс Тавантолгой ХК,Erdenes Tavan Tolgoi,Эрдэнэс Тавантолгой ХК,Coal,Нүүрс,"Thermal coal (bituminous, non-caking)","Эрчим хүчний нүүрс /Битумт, үл барьцалдах нүүрс/",USD,45.8,51.8,6.0,13.1,sold
2490,2026-04-09 14:00,2026-04-09,Энержи Ресурс ХХК,Energy Resources,Энержи Ресурс ХХК,Coal,Нүүрс,Washed medium-ash semi-hard coking coal,"Баяжуулсан дунд зэрэг үнстэй, хагас хатуу коксжих нүүрс",CNY,,,,,no_bid
2489,2026-04-09 12:00,2026-04-09,Эрдэнэс Тавантолгой ХК,Erdenes Tavan Tolgoi,Эрдэнэс Тавантолгой ХК,Coal,Нүүрс,1/3 coking coal,1/3 коксжих нүүрс,USD,83.3,95.8,12.5,15.01,sold
2488,2026-04-09 11:00,2026-04-09,Монголросцветмет ТӨҮГ,Mongolrostsvetmet (ex-Erdenes Critical Minerals),Монголросцветмет ТӨҮГ /Эрдэнэс критикал минералс ТӨҮГ/,Iron ore,Төмөр,Iron ore Fe 52%,Fe-52% Төмрийн хүдэр,USD,65.0,69.0,4.0,6.15,sold
2487,2026-04-09 10:00,2026-04-09,Эрдэнэс Тавантолгой ХК,Erdenes Tavan Tolgoi,Эрдэнэс Тавантолгой ХК,Coal,Нүүрс,1/3 coking coal,1/3 коксжих нүүрс,USD,101.9,105.9,4.0,3.93,sold
2486,2026-04-08 14:00,2026-04-08,Тавантолгой ХК,Tavan Tolgoi JSC,Тавантолгой ХК,Coal,Нүүрс,Medium-volatile coking coal,"Дэгдэмхий бодис дунд, коксжих нүүрс",USD,126.0,126.0,0.0,0.0,sold
2485,2026-04-08 12:00,2026-04-08,Эрдэнэс Тавантолгой ХК,Erdenes Tavan Tolgoi,Эрдэнэс Тавантолгой ХК,Coal,Нүүрс,1/3 coking coal,1/3 коксжих нүүрс,USD,69.4,70.9,1.5,2.16,sold
2484,2026-04-08 11:00,2026-04-08,Монголросцветмет ТӨҮГ,Mongolrostsvetmet (ex-Erdenes Critical Minerals),Монголросцветмет ТӨҮГ /Эрдэнэс критикал минералс ТӨҮГ/,Iron ore,Төмөр,Iron ore Fe 52%,Fe-52% Төмрийн хүдэр,USD,65.0,70.5,5.5,8.46,sold
2483,2026-04-08 10:00,2026-04-08,Эрдэнэс Тавантолгой ХК,Erdenes Tavan Tolgoi,Эрдэнэс Тавантолгой ХК,Coal,Нүүрс,1/3 coking coal,1/3 коксжих нүүрс,USD,101.9,106.9,5.0,4.91,sold
2482,2026-04-08 10:00,2026-04-08,Энержи Ресурс ХХК,Energy Resources,Энержи Ресурс ХХК,Coal,Нүүрс,Washed coking coal,Баяжуулсан коксжих нүүрс,CNY,900.0,955.0,55.0,6.11,sold
2481,2026-04-07 12:00,2026-04-07,Эрдэнэс Тавантолгой ХК,Erdenes Tavan Tolgoi,Эрдэнэс Тавантолгой ХК,Coal,Нүүрс,Washed semi-soft coking coal,Баяжуулсан сул коксжих нүүрс,USD,99.2,111.7,12.5,12.6,sold
2480,2026-04-07 11:00,2026-04-07,Монголросцветмет ТӨҮГ,Mongolrostsvetmet (ex-Erdenes Critical Minerals),Монголросцветмет ТӨҮГ /Эрдэнэс критикал минералс ТӨҮГ/,Iron ore,Төмөр,Iron concentrate Fe 65%,Fe-65% Төмрийн баяжмал,USD,85.0,88.5,3.5,4.12,sold
2479,2026-04-07 10:00,2026-04-07,Тавантолгой ХК,Tavan Tolgoi JSC,Тавантолгой ХК,Coal,Нүүрс,Medium-volatile coking coal,"Дэгдэмхий бодис дунд, коксжих нүүрс",USD,126.0,126.0,0.0,0.0,sold
2478,2026-04-07 10:00,2026-04-07,Эрдэнэс Тавантолгой ХК,Erdenes Tavan Tolgoi,Эрдэнэс Тавантолгой ХК,Coal,Нүүрс,1/3 coking coal,1/3 коксжих нүүрс,USD,83.3,88.3,5.0,6.0,sold
2477,2026-04-07 10:00,2026-04-07,Энержи Ресурс ХХК,Energy Resources,Энержи Ресурс ХХК,Coal,Нүүрс,Washed coking coal,Баяжуулсан коксжих нүүрс,CNY,900.0,950.0,50.0,5.56,sold
2476,2026-04-06 15:00,2026-04-06,Дарханы Төмөрлөгийн Үйлдвэр ХХК,Дарханы Төмөрлөгийн Үйлдвэр ХХК,Дарханы Төмөрлөгийн Үйлдвэр ХХК,Iron ore,Төмөр,Fe-58% Төмрийн баяжмал,Fe-58% Төмрийн баяжмал,USD,59.0,63.5,4.5,7.63,sold
2475,2026-04-06 14:00,2026-04-06,Дарханы Төмөрлөгийн Үйлдвэр ХХК,Дарханы Төмөрлөгийн Үйлдвэр ХХК,Дарханы Төмөрлөгийн Үйлдвэр ХХК,Iron ore,Төмөр,Fe-58% Төмрийн баяжмал,Fe-58% Төмрийн баяжмал,USD,59.0,62.0,3.0,5.08,sold
2474,2026-04-06 14:00,2026-04-06,Энержи Ресурс ХХК,Energy Resources,Энержи Ресурс ХХК,Coal,Нүүрс,Washed medium-ash semi-hard coking coal,"Баяжуулсан дунд зэрэг үнстэй, хагас хатуу коксжих нүүрс",CNY,,,,,no_bid
2473,2026-04-06 12:00,2026-04-06,Эрдэнэс Тавантолгой ХК,Erdenes Tavan Tolgoi,Эрдэнэс Тавантолгой ХК,Coal,Нүүрс,1/3 coking coal,1/3 коксжих нүүрс,USD,76.3,78.8,2.5,3.28,sold
2472,2026-04-06 12:00,2026-04-06,Дарханы Төмөрлөгийн Үйлдвэр ХХК,Дарханы Төмөрлөгийн Үйлдвэр ХХК,Дарханы Төмөрлөгийн Үйлдвэр ХХК,Iron ore,Төмөр,Fe-58% Төмрийн баяжмал,Fe-58% Төмрийн баяжмал,USD,,,,,no_bid
2471,2026-04-06 11:00,2026-04-06,Монголросцветмет ТӨҮГ,Mongolrostsvetmet (ex-Erdenes Critical Minerals),Монголросцветмет ТӨҮГ /Эрдэнэс критикал минералс ТӨҮГ/,Iron ore,Төмөр,Iron ore Fe 52%,Fe-52% Төмрийн хүдэр,USD,65.0,70.0,5.0,7.69,sold
2470,2026-04-06 10:00,2026-04-06,Эрдэнэс Тавантолгой ХК,Erdenes Tavan Tolgoi,Эрдэнэс Тавантолгой ХК,Coal,Нүүрс,1/3 coking coal,1/3 коксжих нүүрс,USD,101.9,107.4,5.5,5.4,sold
2469,2026-04-06 10:00,2026-04-06,Дарханы Төмөрлөгийн Үйлдвэр ХХК,Дарханы Төмөрлөгийн Үйлдвэр ХХК,Дарханы Төмөрлөгийн Үйлдвэр ХХК,Iron ore,Төмөр,Fe-58% Төмрийн баяжмал,Fe-58% Төмрийн баяжмал,USD,,,,,no_bid
2468,2026-04-03 16:00,2026-04-03,Эрдэнэс Тавантолгой ХК,Erdenes Tavan Tolgoi,Эрдэнэс Тавантолгой ХК,Coal,Нүүрс,Medium-volatile coking coal,"Дэгдэмхий бодис дунд, коксжих нүүрс",USD,128.4,136.9,8.5,6.62,sold
2467,2026-04-03 15:00,2026-04-03,Дарханы Төмөрлөгийн Үйлдвэр ХХК,Дарханы Төмөрлөгийн Үйлдвэр ХХК,Дарханы Төмөрлөгийн Үйлдвэр ХХК,Iron ore,Төмөр,Fe-58% Төмрийн баяжмал,Fe-58% Төмрийн баяжмал,USD,59.0,59.0,0.0,0.0,sold
2466,2026-04-03 14:00,2026-04-03,Дарханы Төмөрлөгийн Үйлдвэр ХХК,Дарханы Төмөрлөгийн Үйлдвэр ХХК,Дарханы Төмөрлөгийн Үйлдвэр ХХК,Iron ore,Төмөр,Fe-58% Төмрийн баяжмал,Fe-58% Төмрийн баяжмал,USD,59.0,61.5,2.5,4.24,sold
2465,2026-04-03 14:00,2026-04-03,Энержи Ресурс ХХК,Energy Resources,Энержи Ресурс ХХК,Coal,Нүүрс,Washed coking coal,Баяжуулсан коксжих нүүрс,CNY,900.0,965.0,65.0,7.22,sold
2464,2026-04-03 14:00,2026-04-03,Эрдэнэс Тавантолгой ХК,Erdenes Tavan Tolgoi,Эрдэнэс Тавантолгой ХК,Coal,Нүүрс,1/3 coking coal,1/3 коксжих нүүрс,USD,66.6,73.1,6.5,9.76,sold
2463,2026-04-03 13:00,2026-04-03,Тавантолгой ХК,Tavan Tolgoi JSC,Тавантолгой ХК,Coal,Нүүрс,Medium-volatile coking coal,"Дэгдэмхий бодис дунд, коксжих нүүрс",USD,,,,,no_bid
2462,2026-04-03 12:00,2026-04-03,Дарханы Төмөрлөгийн Үйлдвэр ХХК,Дарханы Төмөрлөгийн Үйлдвэр ХХК,Дарханы Төмөрлөгийн Үйлдвэр ХХК,Iron ore,Төмөр,Fe-58% Төмрийн баяжмал,Fe-58% Төмрийн баяжмал,USD,,,,,no_bid
2461,2026-04-03 12:00,2026-04-03,Эрдэнэс Тавантолгой ХК,Erdenes Tavan Tolgoi,Эрдэнэс Тавантолгой ХК,Coal,Нүүрс,1/3 coking coal,1/3 коксжих нүүрс,USD,73.2,79.7,6.5,8.88,sold
2460,2026-04-03 11:00,2026-04-03,Тавантолгой ХК,Tavan Tolgoi JSC,Тавантолгой ХК,Coal,Нүүрс,Medium-volatile coking coal,"Дэгдэмхий бодис дунд, коксжих нүүрс",USD,126.0,126.0,0.0,0.0,sold
2459,2026-04-03 10:00,2026-04-03,Дарханы Төмөрлөгийн Үйлдвэр ХХК,Дарханы Төмөрлөгийн Үйлдвэр ХХК,Дарханы Төмөрлөгийн Үйлдвэр ХХК,Iron ore,Төмөр,Fe-58% Төмрийн баяжмал,Fe-58% Төмрийн баяжмал,USD,,,,,no_bid
2458,2026-04-03 10:00,2026-04-03,Эрдэнэс Тавантолгой ХК,Erdenes Tavan Tolgoi,Эрдэнэс Тавантолгой ХК,Coal,Нүүрс,1/3 coking coal,1/3 коксжих нүүрс,USD,99.6,108.6,9.0,9.04,sold
2457,2026-04-03 10:00,2026-04-03,Энержи Ресурс ХХК,Energy Resources,Энержи Ресурс ХХК,Coal,Нүүрс,Washed coking coal,Баяжуулсан коксжих нүүрс,CNY,900.0,965.0,65.0,7.22,sold
2456,2026-04-02 12:00,2026-04-02,Эрдэнэс Тавантолгой ХК,Erdenes Tavan Tolgoi,Эрдэнэс Тавантолгой ХК,Coal,Нүүрс,1/3 coking coal,1/3 коксжих нүүрс,USD,66.6,68.1,1.5,2.25,sold
2455,2026-04-02 11:00,2026-04-02,Тавантолгой ХК,Tavan Tolgoi JSC,Тавантолгой ХК,Coal,Нүүрс,Medium-volatile coking coal,"Дэгдэмхий бодис дунд, коксжих нүүрс",USD,126.0,126.0,0.0,0.0,sold
2454,2026-04-02 11:00,2026-04-02,Монголросцветмет ТӨҮГ,Mongolrostsvetmet (ex-Erdenes Critical Minerals),Монголросцветмет ТӨҮГ /Эрдэнэс критикал минералс ТӨҮГ/,Iron ore,Төмөр,Iron ore Fe 52%,Fe-52% Төмрийн хүдэр,USD,65.0,70.0,5.0,7.69,sold
2453,2026-04-02 10:00,2026-04-02,Эрдэнэс Тавантолгой ХК,Erdenes Tavan Tolgoi,Эрдэнэс Тавантолгой ХК,Coal,Нүүрс,1/3 coking coal,1/3 коксжих нүүрс,USD,79.9,96.4,16.5,20.65,sold
2452,2026-04-02 10:00,2026-04-02,Энержи Ресурс ХХК,Energy Resources,Энержи Ресурс ХХК,Coal,Нүүрс,Washed coking coal,Баяжуулсан коксжих нүүрс,CNY,900.0,975.0,75.0,8.33,sold
2451,2026-04-01 14:00,2026-04-01,Эрдэнэс Тавантолгой ХК,Erdenes Tavan Tolgoi,Эрдэнэс Тавантолгой ХК,Coal,Нүүрс,1/3 coking coal,1/3 коксжих нүүрс,USD,73.2,77.7,4.5,6.15,sold
2450,2026-04-01 14:00,2026-04-01,Энержи Ресурс ХХК,Energy Resources,Энержи Ресурс ХХК,Coal,Нүүрс,Washed medium-ash semi-hard coking coal,"Баяжуулсан дунд зэрэг үнстэй, хагас хатуу коксжих нүүрс",CNY,,,,,no_bid
2449,2026-04-01 12:00,2026-04-01,Эрдэнэс Тавантолгой ХК,Erdenes Tavan Tolgoi,Эрдэнэс Тавантолгой ХК,Coal,Нүүрс,"Thermal coal (bituminous, non-caking)","Эрчим хүчний нүүрс /Битумт, үл барьцалдах нүүрс/",USD,45.9,51.3,5.4,11.76,sold
2448,2026-04-01 11:00,2026-04-01,Монголросцветмет ТӨҮГ,Mongolrostsvetmet (ex-Erdenes Critical Minerals),Монголросцветмет ТӨҮГ /Эрдэнэс критикал минералс ТӨҮГ/,Iron ore,Төмөр,Iron ore Fe 52%,Fe-52% Төмрийн хүдэр,USD,65.0,69.0,4.0,6.15,sold
2447,2026-04-01 10:00,2026-04-01,Эрдэнэс Тавантолгой ХК,Erdenes Tavan Tolgoi,Эрдэнэс Тавантолгой ХК,Coal,Нүүрс,1/3 coking coal,1/3 коксжих нүүрс,USD,99.6,103.1,3.5,3.51,sold
2446,2026-03-31 10:00,2026-03-31,Эрдэнэс Тавантолгой ХК,Erdenes Tavan Tolgoi,Эрдэнэс Тавантолгой ХК,Coal,Нүүрс,1/3 coking coal,1/3 коксжих нүүрс,USD,60.0,68.5,8.5,14.17,sold
2445,2026-03-30 14:00,2026-03-30,Энержи Ресурс ХХК,Energy Resources,Энержи Ресурс ХХК,Coal,Нүүрс,Washed medium-ash semi-hard coking coal,"Баяжуулсан дунд зэрэг үнстэй, хагас хатуу коксжих нүүрс",CNY,,,,,no_bid
2444,2026-03-30 10:00,2026-03-30,Эрдэнэс Тавантолгой ХК,Erdenes Tavan Tolgoi,Эрдэнэс Тавантолгой ХК,Coal,Нүүрс,1/3 coking coal,1/3 коксжих нүүрс,USD,97.7,111.7,14.0,14.33,sold
2443,2026-03-27 11:00,2026-03-27,Монголросцветмет ТӨҮГ,Mongolrostsvetmet (ex-Erdenes Critical Minerals),Монголросцветмет ТӨҮГ /Эрдэнэс критикал минералс ТӨҮГ/,Iron ore,Төмөр,Iron ore Fe 52%,Fe-52% Төмрийн хүдэр,USD,65.0,69.0,4.0,6.15,sold
2442,2026-03-27 10:00,2026-03-27,Эрдэнэс Тавантолгой ХК,Erdenes Tavan Tolgoi,Эрдэнэс Тавантолгой ХК,Coal,Нүүрс,Medium-volatile coking coal,"Дэгдэмхий бодис дунд, коксжих нүүрс",USD,126.0,145.5,19.5,15.48,sold
2441,2026-03-27 10:00,2026-03-27,Энержи Ресурс ХХК,Energy Resources,Энержи Ресурс ХХК,Coal,Нүүрс,Washed coking coal,Баяжуулсан коксжих нүүрс,CNY,850.0,1005.0,155.0,18.24,sold
2440,2026-03-26 10:00,2026-03-26,Хангад Эксплорэйшн ХХК,Khangad Exploration,Хангад Эксплорэйшн ХХК,Coal,Нүүрс,Washed semi-soft coking coal,Баяжуулсан сул коксжих нүүрс,CNY,700.0,755.0,55.0,7.86,sold
2439,2026-03-25 15:00,2026-03-25,Эрдэнэт Үйлдвэр ТӨҮГ,Erdenet Mining Corporation,Эрдэнэт Үйлдвэр ТӨҮГ,Copper,Зэс,Copper concentrate (22.35% Cu),22.35%-ийн зэсийн агуулгатай баяжмал,USD,,,,,no_bid
2438,2026-03-25 14:00,2026-03-25,Эрдэнэс Тавантолгой ХК,Erdenes Tavan Tolgoi,Эрдэнэс Тавантолгой ХК,Coal,Нүүрс,Washed non-coking-quality coal,Баяжуулсан коксжих чанаргүй нүүрс,USD,51.0,64.2,13.2,25.88,sold
2437,2026-03-25 14:00,2026-03-25,Энержи Ресурс ХХК,Energy Resources,Энержи Ресурс ХХК,Coal,Нүүрс,Washed medium-ash semi-hard coking coal,"Баяжуулсан дунд зэрэг үнстэй, хагас хатуу коксжих нүүрс",CNY,,,,,no_bid
2436,2026-03-25 11:00,2026-03-25,Монголросцветмет ТӨҮГ,Mongolrostsvetmet (ex-Erdenes Critical Minerals),Монголросцветмет ТӨҮГ /Эрдэнэс критикал минералс ТӨҮГ/,Iron ore,Төмөр,Iron ore Fe 52%,Fe-52% Төмрийн хүдэр,USD,65.0,69.5,4.5,6.92,sold
2435,2026-03-24 14:00,2026-03-24,Эрдэнэс Тавантолгой ХК,Erdenes Tavan Tolgoi,Эрдэнэс Тавантолгой ХК,Coal,Нүүрс,Washed non-coking-quality coal,Баяжуулсан коксжих чанаргүй нүүрс,USD,45.3,65.7,20.4,45.03,sold
2434,2026-03-24 12:00,2026-03-24,Эрдэнэс Тавантолгой ХК,Erdenes Tavan Tolgoi,Эрдэнэс Тавантолгой ХК,Coal,Нүүрс,1/3 coking coal,1/3 коксжих нүүрс,USD,69.6,76.6,7.0,10.06,sold
2433,2026-03-24 10:00,2026-03-24,Эрдэнэс Тавантолгой ХК,Erdenes Tavan Tolgoi,Эрдэнэс Тавантолгой ХК,Coal,Нүүрс,1/3 coking coal,1/3 коксжих нүүрс,USD,75.9,85.4,9.5,12.52,sold
2432,2026-03-24 10:00,2026-03-24,Энержи Ресурс ХХК,Energy Resources,Энержи Ресурс ХХК,Coal,Нүүрс,Washed coking coal,Баяжуулсан коксжих нүүрс,CNY,850.0,1065.0,215.0,25.29,sold
2431,2026-03-23 14:00,2026-03-23,Эрдэнэс Тавантолгой ХК,Erdenes Tavan Tolgoi,Эрдэнэс Тавантолгой ХК,Coal,Нүүрс,1/3 coking coal,1/3 коксжих нүүрс,USD,59.7,70.2,10.5,17.59,sold
2430,2026-03-23 14:00,2026-03-23,Энержи Ресурс ХХК,Energy Resources,Энержи Ресурс ХХК,Coal,Нүүрс,Washed medium-ash semi-hard coking coal,"Баяжуулсан дунд зэрэг үнстэй, хагас хатуу коксжих нүүрс",CNY,,,,,no_bid
2429,2026-03-23 12:00,2026-03-23,Эрдэнэс Тавантолгой ХК,Erdenes Tavan Tolgoi,Эрдэнэс Тавантолгой ХК,Coal,Нүүрс,"Thermal coal (bituminous, non-caking)","Эрчим хүчний нүүрс /Битумт, үл барьцалдах нүүрс/",USD,48.2,56.9,8.7,18.05,sold
2428,2026-03-23 11:00,2026-03-23,Монголросцветмет ТӨҮГ,Mongolrostsvetmet (ex-Erdenes Critical Minerals),Монголросцветмет ТӨҮГ /Эрдэнэс критикал минералс ТӨҮГ/,Iron ore,Төмөр,Iron ore Fe 52%,Fe-52% Төмрийн хүдэр,USD,65.0,68.5,3.5,5.38,sold
2427,2026-03-23 10:00,2026-03-23,Эрдэнэс Тавантолгой ХК,Erdenes Tavan Tolgoi,Эрдэнэс Тавантолгой ХК,Coal,Нүүрс,1/3 coking coal,1/3 коксжих нүүрс,USD,95.8,107.3,11.5,12.0,sold
2426,2026-03-20 16:00,2026-03-20,Эрдэнэс Тавантолгой ХК,Erdenes Tavan Tolgoi,Эрдэнэс Тавантолгой ХК,Coal,Нүүрс,"Thermal coal (bituminous, non-caking)","Эрчим хүчний нүүрс /Битумт, үл барьцалдах нүүрс/",USD,38.9,47.0,8.1,20.82,sold
2425,2026-03-20 14:00,2026-03-20,Эрдэнэс Тавантолгой ХК,Erdenes Tavan Tolgoi,Эрдэнэс Тавантолгой ХК,Coal,Нүүрс,1/3 coking coal,1/3 коксжих нүүрс,USD,58.6,67.1,8.5,14.51,sold
2424,2026-03-20 12:00,2026-03-20,Эрдэнэс Тавантолгой ХК,Erdenes Tavan Tolgoi,Эрдэнэс Тавантолгой ХК,Coal,Нүүрс,1/3 coking coal,1/3 коксжих нүүрс,USD,68.3,75.8,7.5,10.98,sold
2423,2026-03-20 12:00,2026-03-20,Тавантолгой ХК,Tavan Tolgoi JSC,Тавантолгой ХК,Coal,Нүүрс,Medium-volatile coking coal,"Дэгдэмхий бодис дунд, коксжих нүүрс",USD,115.0,134.0,19.0,16.52,sold
2422,2026-03-20 10:00,2026-03-20,Эрдэнэс Тавантолгой ХК,Erdenes Tavan Tolgoi,Эрдэнэс Тавантолгой ХК,Coal,Нүүрс,1/3 coking coal,1/3 коксжих нүүрс,USD,95.4,99.9,4.5,4.72,sold
2421,2026-03-20 10:00,2026-03-20,Энержи Ресурс ХХК,Energy Resources,Энержи Ресурс ХХК,Coal,Нүүрс,Washed coking coal,Баяжуулсан коксжих нүүрс,CNY,800.0,945.0,145.0,18.13,sold
2420,2026-03-19 15:00,2026-03-19,Саусгоби Сэндс ХХК,Саусгоби Сэндс ХХК,Саусгоби Сэндс ХХК,Coal,Нүүрс,"Дэгдэмхий бодис их, хийн нүүрс","Дэгдэмхий бодис их, хийн нүүрс",CNY,290.0,290.0,0.0,0.0,sold
2419,2026-03-19 13:00,2026-03-19,Тавантолгой ХК,Tavan Tolgoi JSC,Тавантолгой ХК,Coal,Нүүрс,Medium-volatile coking coal,"Дэгдэмхий бодис дунд, коксжих нүүрс",USD,118.0,137.0,19.0,16.1,sold
2418,2026-03-19 12:00,2026-03-19,Эрдэнэс Тавантолгой ХК,Erdenes Tavan Tolgoi,Эрдэнэс Тавантолгой ХК,Coal,Нүүрс,1/3 coking coal,1/3 коксжих нүүрс,USD,68.3,76.3,8.0,11.71,sold
2417,2026-03-19 11:00,2026-03-19,Тавантолгой ХК,Tavan Tolgoi JSC,Тавантолгой ХК,Coal,Нүүрс,Medium-volatile coking coal,"Дэгдэмхий бодис дунд, коксжих нүүрс",USD,118.0,130.0,12.0,10.17,sold
2416,2026-03-19 11:00,2026-03-19,Монголросцветмет ТӨҮГ,Mongolrostsvetmet (ex-Erdenes Critical Minerals),Монголросцветмет ТӨҮГ /Эрдэнэс критикал минералс ТӨҮГ/,Iron ore,Төмөр,Iron ore Fe 52%,Fe-52% Төмрийн хүдэр,USD,65.0,68.5,3.5,5.38,sold
2415,2026-03-19 10:00,2026-03-19,Эрдэнэс Тавантолгой ХК,Erdenes Tavan Tolgoi,Эрдэнэс Тавантолгой ХК,Coal,Нүүрс,1/3 coking coal,1/3 коксжих нүүрс,USD,74.4,87.9,13.5,18.15,sold
2414,2026-03-19 10:00,2026-03-19,Хангад Эксплорэйшн ХХК,Khangad Exploration,Хангад Эксплорэйшн ХХК,Coal,Нүүрс,Washed semi-soft coking coal,Баяжуулсан сул коксжих нүүрс,CNY,650.0,690.0,40.0,6.15,sold
2413,2026-03-18 14:00,2026-03-18,Эрдэнэс Тавантолгой ХК,Erdenes Tavan Tolgoi,Эрдэнэс Тавантолгой ХК,Coal,Нүүрс,1/3 coking coal,1/3 коксжих нүүрс,USD,58.6,66.1,7.5,12.8,sold
2412,2026-03-18 14:00,2026-03-18,Энержи Ресурс ХХК,Energy Resources,Энержи Ресурс ХХК,Coal,Нүүрс,Washed medium-ash semi-hard coking coal,"Баяжуулсан дунд зэрэг үнстэй, хагас хатуу коксжих нүүрс",CNY,350.0,405.0,55.0,15.71,sold
2411,2026-03-18 12:00,2026-03-18,Эрдэнэс Тавантолгой ХК,Erdenes Tavan Tolgoi,Эрдэнэс Тавантолгой ХК,Coal,Нүүрс,1/3 coking coal,1/3 коксжих нүүрс,USD,68.3,74.8,6.5,9.52,sold
2410,2026-03-18 11:00,2026-03-18,Тавантолгой ХК,Tavan Tolgoi JSC,Тавантолгой ХК,Coal,Нүүрс,Medium-volatile coking coal,"Дэгдэмхий бодис дунд, коксжих нүүрс",USD,115.0,124.0,9.0,7.83,sold
2409,2026-03-18 10:00,2026-03-18,Эрдэнэс Тавантолгой ХК,Erdenes Tavan Tolgoi,Эрдэнэс Тавантолгой ХК,Coal,Нүүрс,1/3 coking coal,1/3 коксжих нүүрс,USD,95.4,95.4,0.0,0.0,sold
2408,2026-03-17 14:00,2026-03-17,Өсөх Зоос ХХК,Өсөх Зоос ХХК,Өсөх Зоос ХХК,Coal,Нүүрс,1/3 coking coal,1/3 коксжих нүүрс,CNY,,,,,no_bid
2407,2026-03-17 14:00,2026-03-17,Эрдэнэс Тавантолгой ХК,Erdenes Tavan Tolgoi,Эрдэнэс Тавантолгой ХК,Coal,Нүүрс,1/3 coking coal,1/3 коксжих нүүрс,USD,58.5,66.5,8.0,13.68,sold
2406,2026-03-17 12:00,2026-03-17,Эрдэнэс Тавантолгой ХК,Erdenes Tavan Tolgoi,Эрдэнэс Тавантолгой ХК,Coal,Нүүрс,1/3 coking coal,1/3 коксжих нүүрс,USD,68.1,74.1,6.0,8.81,sold
2405,2026-03-17 11:00,2026-03-17,Монголросцветмет ТӨҮГ,Mongolrostsvetmet (ex-Erdenes Critical Minerals),Монголросцветмет ТӨҮГ /Эрдэнэс критикал минералс ТӨҮГ/,Iron ore,Төмөр,Iron ore Fe 52%,Fe-52% Төмрийн хүдэр,USD,65.0,70.5,5.5,8.46,sold
2404,2026-03-17 10:00,2026-03-17,Эрдэнэс Тавантолгой ХК,Erdenes Tavan Tolgoi,Эрдэнэс Тавантолгой ХК,Coal,Нүүрс,1/3 coking coal,1/3 коксжих нүүрс,USD,74.3,87.8,13.5,18.17,sold
2403,2026-03-17 10:00,2026-03-17,Энержи Ресурс ХХК,Energy Resources,Энержи Ресурс ХХК,Coal,Нүүрс,Washed coking coal,Баяжуулсан коксжих нүүрс,CNY,800.0,940.0,140.0,17.5,sold
2402,2026-03-16 14:00,2026-03-16,Эрдэнэс Тавантолгой ХК,Erdenes Tavan Tolgoi,Эрдэнэс Тавантолгой ХК,Coal,Нүүрс,1/3 coking coal,1/3 коксжих нүүрс,USD,58.5,66.0,7.5,12.82,sold
2401,2026-03-16 14:00,2026-03-16,Энержи Ресурс ХХК,Energy Resources,Энержи Ресурс ХХК,Coal,Нүүрс,Washed medium-ash semi-hard coking coal,"Баяжуулсан дунд зэрэг үнстэй, хагас хатуу коксжих нүүрс",CNY,350.0,395.0,45.0,12.86,sold
2400,2026-03-16 12:00,2026-03-16,Эрдэнэс Тавантолгой ХК,Erdenes Tavan Tolgoi,Эрдэнэс Тавантолгой ХК,Coal,Нүүрс,1/3 coking coal,1/3 коксжих нүүрс,USD,68.1,79.1,11.0,16.15,sold
2399,2026-03-16 10:00,2026-03-16,Эрдэнэс Тавантолгой ХК,Erdenes Tavan Tolgoi,Эрдэнэс Тавантолгой ХК,Coal,Нүүрс,1/3 coking coal,1/3 коксжих нүүрс,USD,74.3,87.3,13.0,17.5,sold
2398,2026-03-13 14:00,2026-03-13,Эрдэнэс Тавантолгой ХК,Erdenes Tavan Tolgoi,Эрдэнэс Тавантолгой ХК,Coal,Нүүрс,1/3 coking coal,1/3 коксжих нүүрс,USD,58.9,63.9,5.0,8.49,sold
2397,2026-03-13 12:00,2026-03-13,Эрдэнэс Тавантолгой ХК,Erdenes Tavan Tolgoi,Эрдэнэс Тавантолгой ХК,Coal,Нүүрс,1/3 coking coal,1/3 коксжих нүүрс,USD,74.8,86.8,12.0,16.04,sold
2396,2026-03-13 11:00,2026-03-13,Монголросцветмет ТӨҮГ,Mongolrostsvetmet (ex-Erdenes Critical Minerals),Монголросцветмет ТӨҮГ /Эрдэнэс критикал минералс ТӨҮГ/,Iron ore,Төмөр,Iron ore Fe 52%,Fe-52% Төмрийн хүдэр,USD,65.0,69.0,4.0,6.15,sold
2395,2026-03-13 10:00,2026-03-13,Эрдэнэс Тавантолгой ХК,Erdenes Tavan Tolgoi,Эрдэнэс Тавантолгой ХК,Coal,Нүүрс,Medium-volatile coking coal,"Дэгдэмхий бодис дунд, коксжих нүүрс",USD,111.1,138.6,27.5,24.75,sold
2394,2026-03-13 10:00,2026-03-13,Энержи Ресурс ХХК,Energy Resources,Энержи Ресурс ХХК,Coal,Нүүрс,Washed coking coal,Баяжуулсан коксжих нүүрс,CNY,800.0,950.0,150.0,18.75,sold
2393,2026-03-12 12:00,2026-03-12,Эрдэнэс Тавантолгой ХК,Erdenes Tavan Tolgoi,Эрдэнэс Тавантолгой ХК,Coal,Нүүрс,1/3 coking coal,1/3 коксжих нүүрс,USD,68.6,78.1,9.5,13.85,sold
2392,2026-03-12 11:00,2026-03-12,Монголросцветмет ТӨҮГ,Mongolrostsvetmet (ex-Erdenes Critical Minerals),Монголросцветмет ТӨҮГ /Эрдэнэс критикал минералс ТӨҮГ/,Iron ore,Төмөр,Iron ore Fe 52%,Fe-52% Төмрийн хүдэр,USD,65.0,69.0,4.0,6.15,sold
2391,2026-03-12 10:00,2026-03-12,Эрдэнэс Тавантолгой ХК,Erdenes Tavan Tolgoi,Эрдэнэс Тавантолгой ХК,Coal,Нүүрс,1/3 coking coal,1/3 коксжих нүүрс,USD,93.6,98.1,4.5,4.81,sold
2390,2026-03-12 10:00,2026-03-12,Хангад Эксплорэйшн ХХК,Khangad Exploration,Хангад Эксплорэйшн ХХК,Coal,Нүүрс,Washed semi-soft coking coal,Баяжуулсан сул коксжих нүүрс,CNY,650.0,650.0,0.0,0.0,sold
2389,2026-03-11 14:00,2026-03-11,Энержи Ресурс ХХК,Energy Resources,Энержи Ресурс ХХК,Coal,Нүүрс,Washed medium-ash semi-hard coking coal,"Баяжуулсан дунд зэрэг үнстэй, хагас хатуу коксжих нүүрс",CNY,350.0,400.0,50.0,14.29,sold
2388,2026-03-11 12:00,2026-03-11,Эрдэнэс Тавантолгой ХК,Erdenes Tavan Tolgoi,Эрдэнэс Тавантолгой ХК,Coal,Нүүрс,1/3 coking coal,1/3 коксжих нүүрс,USD,74.8,85.3,10.5,14.04,sold
2387,2026-03-11 11:00,2026-03-11,Монголросцветмет ТӨҮГ,Mongolrostsvetmet (ex-Erdenes Critical Minerals),Монголросцветмет ТӨҮГ /Эрдэнэс критикал минералс ТӨҮГ/,Iron ore,Төмөр,Iron concentrate Fe 65%,Fe-65% Төмрийн баяжмал,USD,85.0,85.0,0.0,0.0,sold
2386,2026-03-11 10:00,2026-03-11,Эрдэнэс Тавантолгой ХК,Erdenes Tavan Tolgoi,Эрдэнэс Тавантолгой ХК,Coal,Нүүрс,1/3 coking coal,1/3 коксжих нүүрс,USD,93.6,98.1,4.5,4.81,sold
2385,2026-03-10 12:00,2026-03-10,Эрдэнэс Тавантолгой ХК,Erdenes Tavan Tolgoi,Эрдэнэс Тавантолгой ХК,Coal,Нүүрс,1/3 coking coal,1/3 коксжих нүүрс,USD,58.9,63.9,5.0,8.49,sold
2384,2026-03-10 11:00,2026-03-10,Монголросцветмет ТӨҮГ,Mongolrostsvetmet (ex-Erdenes Critical Minerals),Монголросцветмет ТӨҮГ /Эрдэнэс критикал минералс ТӨҮГ/,Iron ore,Төмөр,Iron ore Fe 52%,Fe-52% Төмрийн хүдэр,USD,65.0,69.0,4.0,6.15,sold
2383,2026-03-10 10:00,2026-03-10,Эрдэнэс Тавантолгой ХК,Erdenes Tavan Tolgoi,Эрдэнэс Тавантолгой ХК,Coal,Нүүрс,1/3 coking coal,1/3 коксжих нүүрс,USD,93.6,97.6,4.0,4.27,sold
2382,2026-03-10 10:00,2026-03-10,Энержи Ресурс ХХК,Energy Resources,Энержи Ресурс ХХК,Coal,Нүүрс,Washed coking coal,Баяжуулсан коксжих нүүрс,CNY,800.0,890.0,90.0,11.25,sold
2381,2026-03-09 14:00,2026-03-09,Энержи Ресурс ХХК,Energy Resources,Энержи Ресурс ХХК,Coal,Нүүрс,Washed medium-ash semi-hard coking coal,"Баяжуулсан дунд зэрэг үнстэй, хагас хатуу коксжих нүүрс",CNY,350.0,400.0,50.0,14.29,sold
2380,2026-03-09 12:00,2026-03-09,Эрдэнэс Тавантолгой ХК,Erdenes Tavan Tolgoi,Эрдэнэс Тавантолгой ХК,Coal,Нүүрс,1/3 coking coal,1/3 коксжих нүүрс,USD,58.9,63.4,4.5,7.64,sold
2379,2026-03-09 11:00,2026-03-09,Монголросцветмет ТӨҮГ,Mongolrostsvetmet (ex-Erdenes Critical Minerals),Монголросцветмет ТӨҮГ /Эрдэнэс критикал минералс ТӨҮГ/,Iron ore,Төмөр,Iron ore Fe 52%,Fe-52% Төмрийн хүдэр,USD,65.0,68.5,3.5,5.38,sold
2378,2026-03-09 10:00,2026-03-09,Эрдэнэс Тавантолгой ХК,Erdenes Tavan Tolgoi,Эрдэнэс Тавантолгой ХК,Coal,Нүүрс,1/3 coking coal,1/3 коксжих нүүрс,USD,93.6,96.6,3.0,3.21,sold
2377,2026-03-06 10:00,2026-03-06,Эрдэнэс Тавантолгой ХК,Erdenes Tavan Tolgoi,Эрдэнэс Тавантолгой ХК,Coal,Нүүрс,Medium-volatile coking coal,"Дэгдэмхий бодис дунд, коксжих нүүрс",USD,111.1,128.1,17.0,15.3,sold
2376,2026-03-06 10:00,2026-03-06,Энержи Ресурс ХХК,Energy Resources,Энержи Ресурс ХХК,Coal,Нүүрс,Washed coking coal,Баяжуулсан коксжих нүүрс,CNY,800.0,885.0,85.0,10.63,sold
2375,2026-03-05 11:00,2026-03-05,Эрдэнэс Тавантолгой ХК,Erdenes Tavan Tolgoi,Эрдэнэс Тавантолгой ХК,Coal,Нүүрс,1/3 coking coal,1/3 коксжих нүүрс,USD,58.4,61.9,3.5,5.99,sold
2374,2026-03-05 10:00,2026-03-05,Хангад Эксплорэйшн ХХК,Khangad Exploration,Хангад Эксплорэйшн ХХК,Coal,Нүүрс,Washed semi-soft coking coal,Баяжуулсан сул коксжих нүүрс,CNY,650.0,650.0,0.0,0.0,sold
2373,2026-03-04 14:00,2026-03-04,Энержи Ресурс ХХК,Energy Resources,Энержи Ресурс ХХК,Coal,Нүүрс,Washed medium-ash semi-hard coking coal,"Баяжуулсан дунд зэрэг үнстэй, хагас хатуу коксжих нүүрс",CNY,350.0,395.0,45.0,12.86,sold
2372,2026-03-04 13:00,2026-03-04,Тавантолгой ХК,Tavan Tolgoi JSC,Тавантолгой ХК,Coal,Нүүрс,Medium-volatile coking coal,"Дэгдэмхий бодис дунд, коксжих нүүрс",USD,,,,,no_bid
2371,2026-03-04 13:00,2026-03-04,Эрдэнэс Тавантолгой ХК,Erdenes Tavan Tolgoi,Эрдэнэс Тавантолгой ХК,Coal,Нүүрс,1/3 coking coal,1/3 коксжих нүүрс,USD,67.9,76.4,8.5,12.52,sold
2370,2026-03-04 11:00,2026-03-04,Эрдэнэс Тавантолгой ХК,Erdenes Tavan Tolgoi,Эрдэнэс Тавантолгой ХК,Coal,Нүүрс,1/3 coking coal,1/3 коксжих нүүрс,USD,93.8,96.3,2.5,2.67,sold
2369,2026-03-04 10:00,2026-03-04,Тавантолгой ХК,Tavan Tolgoi JSC,Тавантолгой ХК,Coal,Нүүрс,Medium-volatile coking coal,"Дэгдэмхий бодис дунд, коксжих нүүрс",USD,,,,,no_bid
2368,2026-03-03 13:00,2026-03-03,Эрдэнэс Тавантолгой ХК,Erdenes Tavan Tolgoi,Эрдэнэс Тавантолгой ХК,Coal,Нүүрс,1/3 coking coal,1/3 коксжих нүүрс,USD,67.9,75.9,8.0,11.78,sold
2367,2026-03-03 11:00,2026-03-03,Эрдэнэс Тавантолгой ХК,Erdenes Tavan Tolgoi,Эрдэнэс Тавантолгой ХК,Coal,Нүүрс,1/3 coking coal,1/3 коксжих нүүрс,USD,93.8,96.3,2.5,2.67,sold
2366,2026-03-03 10:00,2026-03-03,Энержи Ресурс ХХК,Energy Resources,Энержи Ресурс ХХК,Coal,Нүүрс,Washed coking coal,Баяжуулсан коксжих нүүрс,CNY,800.0,880.0,80.0,10.0,sold
2365,2026-03-02 14:00,2026-03-02,Энержи Ресурс ХХК,Energy Resources,Энержи Ресурс ХХК,Coal,Нүүрс,Washed medium-ash semi-hard coking coal,"Баяжуулсан дунд зэрэг үнстэй, хагас хатуу коксжих нүүрс",CNY,350.0,400.0,50.0,14.29,sold
2364,2026-03-02 13:00,2026-03-02,Эрдэнэс Тавантолгой ХК,Erdenes Tavan Tolgoi,Эрдэнэс Тавантолгой ХК,Coal,Нүүрс,1/3 coking coal,1/3 коксжих нүүрс,USD,67.9,75.9,8.0,11.78,sold
2363,2026-03-02 11:00,2026-03-02,Эрдэнэс Тавантолгой ХК,Erdenes Tavan Tolgoi,Эрдэнэс Тавантолгой ХК,Coal,Нүүрс,1/3 coking coal,1/3 коксжих нүүрс,USD,74.1,84.6,10.5,14.17,sold
2362,2026-03-02 10:00,2026-03-02,Хангад Эксплорэйшн ХХК,Khangad Exploration,Хангад Эксплорэйшн ХХК,Coal,Нүүрс,Washed semi-soft coking coal,Баяжуулсан сул коксжих нүүрс,CNY,,,,,no_bid
2361,2026-02-27 15:00,2026-02-27,Эрдэнэс Тавантолгой ХК,Erdenes Tavan Tolgoi,Эрдэнэс Тавантолгой ХК,Coal,Нүүрс,1/3 coking coal,1/3 коксжих нүүрс,USD,93.8,96.8,3.0,3.2,sold
2360,2026-02-27 14:00,2026-02-27,Энержи Ресурс ХХК,Energy Resources,Энержи Ресурс ХХК,Coal,Нүүрс,Washed medium-ash semi-hard coking coal,"Баяжуулсан дунд зэрэг үнстэй, хагас хатуу коксжих нүүрс",CNY,350.0,400.0,50.0,14.29,sold
2359,2026-02-27 13:00,2026-02-27,Эрдэнэс Тавантолгой ХК,Erdenes Tavan Tolgoi,Эрдэнэс Тавантолгой ХК,Coal,Нүүрс,1/3 coking coal,1/3 коксжих нүүрс,USD,58.4,58.4,0.0,0.0,sold
2358,2026-02-27 11:00,2026-02-27,Эрдэнэс Тавантолгой ХК,Erdenes Tavan Tolgoi,Эрдэнэс Тавантолгой ХК,Coal,Нүүрс,1/3 coking coal,1/3 коксжих нүүрс,USD,67.9,73.4,5.5,8.1,sold
2357,2026-02-27 11:00,2026-02-27,Монголросцветмет ТӨҮГ,Mongolrostsvetmet (ex-Erdenes Critical Minerals),Монголросцветмет ТӨҮГ /Эрдэнэс критикал минералс ТӨҮГ/,Iron ore,Төмөр,Iron ore Fe 52%,Fe-52% Төмрийн хүдэр,USD,65.0,68.5,3.5,5.38,sold
2356,2026-02-27 10:00,2026-02-27,Эрдэнэс Тавантолгой ХК,Erdenes Tavan Tolgoi,Эрдэнэс Тавантолгой ХК,Coal,Нүүрс,Medium-volatile coking coal,"Дэгдэмхий бодис дунд, коксжих нүүрс",USD,111.1,121.6,10.5,9.45,sold
2355,2026-02-27 10:00,2026-02-27,Монголросцветмет ТӨҮГ,Mongolrostsvetmet (ex-Erdenes Critical Minerals),Монголросцветмет ТӨҮГ /Эрдэнэс критикал минералс ТӨҮГ/,Iron ore,Төмөр,Iron ore Fe 52%,Fe-52% Төмрийн хүдэр,USD,65.0,70.0,5.0,7.69,sold
2354,2026-02-26 15:00,2026-02-26,Эрдэнэс Тавантолгой ХК,Erdenes Tavan Tolgoi,Эрдэнэс Тавантолгой ХК,Coal,Нүүрс,1/3 coking coal,1/3 коксжих нүүрс,USD,58.4,62.4,4.0,6.85,sold
2353,2026-02-26 13:00,2026-02-26,Эрдэнэс Тавантолгой ХК,Erdenes Tavan Tolgoi,Эрдэнэс Тавантолгой ХК,Coal,Нүүрс,Дэгдэмхий бодис дундаас их хийн нүүрс,Дэгдэмхий бодис дундаас их хийн нүүрс,USD,60.0,60.0,0.0,0.0,sold
2352,2026-02-26 11:00,2026-02-26,Эрдэнэс Тавантолгой ХК,Erdenes Tavan Tolgoi,Эрдэнэс Тавантолгой ХК,Coal,Нүүрс,1/3 coking coal,1/3 коксжих нүүрс,USD,58.4,61.4,3.0,5.14,sold
2351,2026-02-26 11:00,2026-02-26,Монголросцветмет ТӨҮГ,Mongolrostsvetmet (ex-Erdenes Critical Minerals),Монголросцветмет ТӨҮГ /Эрдэнэс критикал минералс ТӨҮГ/,Iron ore,Төмөр,Iron ore Fe 52%,Fe-52% Төмрийн хүдэр,USD,65.0,70.0,5.0,7.69,sold
2350,2026-02-26 10:00,2026-02-26,Монголросцветмет ТӨҮГ,Mongolrostsvetmet (ex-Erdenes Critical Minerals),Монголросцветмет ТӨҮГ /Эрдэнэс критикал минералс ТӨҮГ/,Iron ore,Төмөр,Iron ore Fe 52%,Fe-52% Төмрийн хүдэр,USD,65.0,69.5,4.5,6.92,sold
2349,2026-02-25 15:00,2026-02-25,Эрдэнэт Үйлдвэр ТӨҮГ,Erdenet Mining Corporation,Эрдэнэт Үйлдвэр ТӨҮГ,Copper,Зэс,Copper concentrate (22.35% Cu),22.35%-ийн зэсийн агуулгатай баяжмал,USD,3077.3,3112.3,35.0,1.14,sold
2348,2026-02-25 11:00,2026-02-25,Монголросцветмет ТӨҮГ,Mongolrostsvetmet (ex-Erdenes Critical Minerals),Монголросцветмет ТӨҮГ /Эрдэнэс критикал минералс ТӨҮГ/,Iron ore,Төмөр,Iron ore Fe 52%,Fe-52% Төмрийн хүдэр,USD,65.0,69.0,4.0,6.15,sold
2347,2026-02-25 10:00,2026-02-25,Монголросцветмет ТӨҮГ,Mongolrostsvetmet (ex-Erdenes Critical Minerals),Монголросцветмет ТӨҮГ /Эрдэнэс критикал минералс ТӨҮГ/,Iron ore,Төмөр,Iron ore Fe 52%,Fe-52% Төмрийн хүдэр,USD,65.0,68.5,3.5,5.38,sold
2346,2026-02-25 10:00,2026-02-25,Энержи Ресурс ХХК,Energy Resources,Энержи Ресурс ХХК,Coal,Нүүрс,Washed coking coal,Баяжуулсан коксжих нүүрс,CNY,800.0,865.0,65.0,8.13,sold
2345,2026-02-24 11:00,2026-02-24,Монголросцветмет ТӨҮГ,Mongolrostsvetmet (ex-Erdenes Critical Minerals),Монголросцветмет ТӨҮГ /Эрдэнэс критикал минералс ТӨҮГ/,Iron ore,Төмөр,Iron ore Fe 52%,Fe-52% Төмрийн хүдэр,USD,65.0,69.0,4.0,6.15,sold
2344,2026-02-24 10:00,2026-02-24,Монголросцветмет ТӨҮГ,Mongolrostsvetmet (ex-Erdenes Critical Minerals),Монголросцветмет ТӨҮГ /Эрдэнэс критикал минералс ТӨҮГ/,Iron ore,Төмөр,Iron ore Fe 52%,Fe-52% Төмрийн хүдэр,USD,65.0,68.5,3.5,5.38,sold
2343,2026-02-23 14:00,2026-02-23,Энержи Ресурс ХХК,Energy Resources,Энержи Ресурс ХХК,Coal,Нүүрс,Washed medium-ash semi-hard coking coal,"Баяжуулсан дунд зэрэг үнстэй, хагас хатуу коксжих нүүрс",CNY,350.0,400.0,50.0,14.29,sold
2342,2026-02-16 13:00,2026-02-16,Эрдэнэс Тавантолгой ХК,Erdenes Tavan Tolgoi,Эрдэнэс Тавантолгой ХК,Coal,Нүүрс,1/3 coking coal,1/3 коксжих нүүрс,USD,70.4,82.4,12.0,17.05,sold
2341,2026-02-16 11:00,2026-02-16,Эрдэнэс Тавантолгой ХК,Erdenes Tavan Tolgoi,Эрдэнэс Тавантолгой ХК,Coal,Нүүрс,1/3 coking coal,1/3 коксжих нүүрс,USD,93.7,98.7,5.0,5.34,sold
2340,2026-02-16 10:00,2026-02-16,Энержи Ресурс ХХК,Energy Resources,Энержи Ресурс ХХК,Coal,Нүүрс,Washed coking coal,Баяжуулсан коксжих нүүрс,CNY,800.0,875.0,75.0,9.38,sold
2339,2026-02-13 13:00,2026-02-13,Эрдэнэс Тавантолгой ХК,Erdenes Tavan Tolgoi,Эрдэнэс Тавантолгой ХК,Coal,Нүүрс,1/3 coking coal,1/3 коксжих нүүрс,USD,70.4,81.4,11.0,15.63,sold
2338,2026-02-13 11:00,2026-02-13,Эрдэнэс Тавантолгой ХК,Erdenes Tavan Tolgoi,Эрдэнэс Тавантолгой ХК,Coal,Нүүрс,1/3 coking coal,1/3 коксжих нүүрс,USD,93.7,96.7,3.0,3.2,sold
2337,2026-02-13 10:00,2026-02-13,Энержи Ресурс ХХК,Energy Resources,Энержи Ресурс ХХК,Coal,Нүүрс,Washed coking coal,Баяжуулсан коксжих нүүрс,CNY,800.0,880.0,80.0,10.0,sold
2336,2026-02-12 10:00,2026-02-12,Хангад Эксплорэйшн ХХК,Khangad Exploration,Хангад Эксплорэйшн ХХК,Coal,Нүүрс,Washed semi-soft coking coal,Баяжуулсан сул коксжих нүүрс,CNY,,,,,no_bid
2335,2026-02-11 13:00,2026-02-11,Эрдэнэс Тавантолгой ХК,Erdenes Tavan Tolgoi,Эрдэнэс Тавантолгой ХК,Coal,Нүүрс,1/3 coking coal,1/3 коксжих нүүрс,USD,89.6,96.1,6.5,7.25,sold
2334,2026-02-11 11:00,2026-02-11,Эрдэнэс Тавантолгой ХК,Erdenes Tavan Tolgoi,Эрдэнэс Тавантолгой ХК,Coal,Нүүрс,1/3 coking coal,1/3 коксжих нүүрс,USD,89.6,95.1,5.5,6.14,sold
2333,2026-02-11 10:00,2026-02-11,Энержи Ресурс ХХК,Energy Resources,Энержи Ресурс ХХК,Coal,Нүүрс,Washed coking coal,Баяжуулсан коксжих нүүрс,CNY,800.0,885.0,85.0,10.63,sold
2332,2026-02-10 14:00,2026-02-10,Энержи Ресурс ХХК,Energy Resources,Энержи Ресурс ХХК,Coal,Нүүрс,Washed medium-ash semi-hard coking coal,"Баяжуулсан дунд зэрэг үнстэй, хагас хатуу коксжих нүүрс",CNY,350.0,395.0,45.0,12.86,sold
2331,2026-02-10 11:00,2026-02-10,Тавантолгой ХК,Tavan Tolgoi JSC,Тавантолгой ХК,Coal,Нүүрс,1/3 coking coal,1/3 коксжих нүүрс,USD,80.0,110.5,30.5,38.13,sold
2330,2026-02-09 10:00,2026-02-09,Хангад Эксплорэйшн ХХК,Khangad Exploration,Хангад Эксплорэйшн ХХК,Coal,Нүүрс,Washed semi-soft coking coal,Баяжуулсан сул коксжих нүүрс,CNY,700.0,700.0,0.0,0.0,sold
2329,2026-02-06 10:00,2026-02-06,Хангад Эксплорэйшн ХХК,Khangad Exploration,Хангад Эксплорэйшн ХХК,Coal,Нүүрс,Washed semi-soft coking coal,Баяжуулсан сул коксжих нүүрс,CNY,700.0,700.0,0.0,0.0,sold
2328,2026-02-05 13:00,2026-02-05,Эрдэнэс Тавантолгой ХК,Erdenes Tavan Tolgoi,Эрдэнэс Тавантолгой ХК,Coal,Нүүрс,1/3 coking coal,1/3 коксжих нүүрс,USD,90.4,96.9,6.5,7.19,sold
2327,2026-02-05 11:00,2026-02-05,Монголросцветмет ТӨҮГ,Mongolrostsvetmet (ex-Erdenes Critical Minerals),Монголросцветмет ТӨҮГ /Эрдэнэс критикал минералс ТӨҮГ/,Iron ore,Төмөр,Iron ore Fe 52%,Fe-52% Төмрийн хүдэр,USD,65.0,69.0,4.0,6.15,sold
2326,2026-02-05 11:00,2026-02-05,Эрдэнэс Тавантолгой ХК,Erdenes Tavan Tolgoi,Эрдэнэс Тавантолгой ХК,Coal,Нүүрс,1/3 coking coal,1/3 коксжих нүүрс,USD,90.4,94.9,4.5,4.98,sold
2325,2026-02-05 10:00,2026-02-05,Монголросцветмет ТӨҮГ,Mongolrostsvetmet (ex-Erdenes Critical Minerals),Монголросцветмет ТӨҮГ /Эрдэнэс критикал минералс ТӨҮГ/,Iron ore,Төмөр,Iron ore Fe 52%,Fe-52% Төмрийн хүдэр,USD,65.0,68.5,3.5,5.38,sold
2324,2026-02-05 10:00,2026-02-05,Энержи Ресурс ХХК,Energy Resources,Энержи Ресурс ХХК,Coal,Нүүрс,Washed coking coal,Баяжуулсан коксжих нүүрс,CNY,800.0,880.0,80.0,10.0,sold
2323,2026-02-04 14:00,2026-02-04,Энержи Ресурс ХХК,Energy Resources,Энержи Ресурс ХХК,Coal,Нүүрс,Washed medium-ash semi-hard coking coal,"Баяжуулсан дунд зэрэг үнстэй, хагас хатуу коксжих нүүрс",CNY,350.0,370.0,20.0,5.71,sold
2322,2026-02-04 14:00,2026-02-04,Эрдэнэс Тавантолгой ХК,Erdenes Tavan Tolgoi,Эрдэнэс Тавантолгой ХК,Coal,Нүүрс,1/3 coking coal,1/3 коксжих нүүрс,USD,54.7,62.2,7.5,13.71,sold
2321,2026-02-04 11:00,2026-02-04,Монголросцветмет ТӨҮГ,Mongolrostsvetmet (ex-Erdenes Critical Minerals),Монголросцветмет ТӨҮГ /Эрдэнэс критикал минералс ТӨҮГ/,Iron ore,Төмөр,Iron ore Fe 52%,Fe-52% Төмрийн хүдэр,USD,65.0,70.0,5.0,7.69,sold
2320,2026-02-04 11:00,2026-02-04,Эрдэнэс Тавантолгой ХК,Erdenes Tavan Tolgoi,Эрдэнэс Тавантолгой ХК,Coal,Нүүрс,Дэгдэмхий бодис дундаас их хийн нүүрс,Дэгдэмхий бодис дундаас их хийн нүүрс,USD,56.2,56.2,0.0,0.0,sold
2319,2026-02-04 10:00,2026-02-04,Монголросцветмет ТӨҮГ,Mongolrostsvetmet (ex-Erdenes Critical Minerals),Монголросцветмет ТӨҮГ /Эрдэнэс критикал минералс ТӨҮГ/,Iron ore,Төмөр,Iron ore Fe 52%,Fe-52% Төмрийн хүдэр,USD,65.0,70.0,5.0,7.69,sold
2318,2026-02-04 10:00,2026-02-04,Энержи Ресурс ХХК,Energy Resources,Энержи Ресурс ХХК,Coal,Нүүрс,Washed coking coal,Баяжуулсан коксжих нүүрс,CNY,800.0,895.0,95.0,11.88,sold
2317,2026-02-03 14:00,2026-02-03,Энержи Ресурс ХХК,Energy Resources,Энержи Ресурс ХХК,Coal,Нүүрс,Washed medium-ash semi-hard coking coal,"Баяжуулсан дунд зэрэг үнстэй, хагас хатуу коксжих нүүрс",CNY,350.0,365.0,15.0,4.29,sold
2316,2026-02-03 14:00,2026-02-03,Эрдэнэс Тавантолгой ХК,Erdenes Tavan Tolgoi,Эрдэнэс Тавантолгой ХК,Coal,Нүүрс,1/3 coking coal,1/3 коксжих нүүрс,USD,54.7,59.7,5.0,9.14,sold
2315,2026-02-03 11:00,2026-02-03,Монголросцветмет ТӨҮГ,Mongolrostsvetmet (ex-Erdenes Critical Minerals),Монголросцветмет ТӨҮГ /Эрдэнэс критикал минералс ТӨҮГ/,Iron ore,Төмөр,Iron ore Fe 52%,Fe-52% Төмрийн хүдэр,USD,65.0,68.5,3.5,5.38,sold
2314,2026-02-03 11:00,2026-02-03,Эрдэнэс Тавантолгой ХК,Erdenes Tavan Tolgoi,Эрдэнэс Тавантолгой ХК,Coal,Нүүрс,"Thermal coal (bituminous, non-caking)","Эрчим хүчний нүүрс /Битумт, үл барьцалдах нүүрс/",USD,33.9,33.9,0.0,0.0,sold
2313,2026-02-03 10:00,2026-02-03,Монголросцветмет ТӨҮГ,Mongolrostsvetmet (ex-Erdenes Critical Minerals),Монголросцветмет ТӨҮГ /Эрдэнэс критикал минералс ТӨҮГ/,Iron ore,Төмөр,Iron ore Fe 52%,Fe-52% Төмрийн хүдэр,USD,65.0,68.0,3.0,4.62,sold
2312,2026-02-02 14:00,2026-02-02,Эрдэнэс Тавантолгой ХК,Erdenes Tavan Tolgoi,Эрдэнэс Тавантолгой ХК,Coal,Нүүрс,Дэгдэмхий бодис дундаас их хийн нүүрс,Дэгдэмхий бодис дундаас их хийн нүүрс,USD,59.8,59.8,0.0,0.0,sold
2311,2026-02-02 11:00,2026-02-02,Монголросцветмет ТӨҮГ,Mongolrostsvetmet (ex-Erdenes Critical Minerals),Монголросцветмет ТӨҮГ /Эрдэнэс критикал минералс ТӨҮГ/,Iron ore,Төмөр,Iron ore Fe 52%,Fe-52% Төмрийн хүдэр,USD,65.0,66.0,1.0,1.54,sold
2310,2026-02-02 11:00,2026-02-02,Эрдэнэс Тавантолгой ХК,Erdenes Tavan Tolgoi,Эрдэнэс Тавантолгой ХК,Coal,Нүүрс,"Thermal coal (bituminous, non-caking)","Эрчим хүчний нүүрс /Битумт, үл барьцалдах нүүрс/",USD,33.9,33.9,0.0,0.0,sold
2309,2026-02-02 10:00,2026-02-02,Монголросцветмет ТӨҮГ,Mongolrostsvetmet (ex-Erdenes Critical Minerals),Монголросцветмет ТӨҮГ /Эрдэнэс критикал минералс ТӨҮГ/,Iron ore,Төмөр,Iron ore Fe 52%,Fe-52% Төмрийн хүдэр,USD,65.0,66.0,1.0,1.54,sold
2308,2026-02-02 10:00,2026-02-02,Энержи Ресурс ХХК,Energy Resources,Энержи Ресурс ХХК,Coal,Нүүрс,Washed coking coal,Баяжуулсан коксжих нүүрс,CNY,800.0,880.0,80.0,10.0,sold
2307,2026-01-30 14:00,2026-01-30,Энержи Ресурс ХХК,Energy Resources,Энержи Ресурс ХХК,Coal,Нүүрс,Washed medium-ash semi-hard coking coal,"Баяжуулсан дунд зэрэг үнстэй, хагас хатуу коксжих нүүрс",CNY,350.0,365.0,15.0,4.29,sold
2306,2026-01-30 11:00,2026-01-30,Монголросцветмет ТӨҮГ,Mongolrostsvetmet (ex-Erdenes Critical Minerals),Монголросцветмет ТӨҮГ /Эрдэнэс критикал минералс ТӨҮГ/,Iron ore,Төмөр,Iron ore Fe 52%,Fe-52% Төмрийн хүдэр,USD,65.0,68.0,3.0,4.62,sold
2305,2026-01-30 10:00,2026-01-30,Хангад Эксплорэйшн ХХК,Khangad Exploration,Хангад Эксплорэйшн ХХК,Coal,Нүүрс,Washed semi-soft coking coal,Баяжуулсан сул коксжих нүүрс,CNY,,,,,no_bid
2304,2026-01-30 10:00,2026-01-30,Монголросцветмет ТӨҮГ,Mongolrostsvetmet (ex-Erdenes Critical Minerals),Монголросцветмет ТӨҮГ /Эрдэнэс критикал минералс ТӨҮГ/,Iron ore,Төмөр,Iron ore Fe 52%,Fe-52% Төмрийн хүдэр,USD,65.0,68.5,3.5,5.38,sold
2303,2026-01-29 15:00,2026-01-29,Эрдэнэт Үйлдвэр ТӨҮГ,Erdenet Mining Corporation,Эрдэнэт Үйлдвэр ТӨҮГ,Copper,Зэс,Copper concentrate (22.35% Cu),22.35%-ийн зэсийн агуулгатай баяжмал,USD,3080.89,3085.89,5.0,0.16,sold
2302,2026-01-29 12:00,2026-01-29,Эрээн толгой ХХК,Эрээн толгой ХХК,Эрээн толгой ХХК,Coal,Нүүрс,Чийглэг хүрэн нүүрс,Чийглэг хүрэн нүүрс,CNY,,,,,no_bid
2301,2026-01-29 11:00,2026-01-29,Монголросцветмет ТӨҮГ,Mongolrostsvetmet (ex-Erdenes Critical Minerals),Монголросцветмет ТӨҮГ /Эрдэнэс критикал минералс ТӨҮГ/,Iron ore,Төмөр,Iron ore Fe 52%,Fe-52% Төмрийн хүдэр,USD,65.0,69.0,4.0,6.15,sold
2300,2026-01-29 10:00,2026-01-29,Энержи Ресурс ХХК,Energy Resources,Энержи Ресурс ХХК,Coal,Нүүрс,Washed coking coal,Баяжуулсан коксжих нүүрс,CNY,800.0,870.0,70.0,8.75,sold
2299,2026-01-28 14:00,2026-01-28,Энержи Ресурс ХХК,Energy Resources,Энержи Ресурс ХХК,Coal,Нүүрс,Washed medium-ash semi-hard coking coal,"Баяжуулсан дунд зэрэг үнстэй, хагас хатуу коксжих нүүрс",CNY,350.0,360.0,10.0,2.86,sold
2298,2026-01-28 11:00,2026-01-28,Монголросцветмет ТӨҮГ,Mongolrostsvetmet (ex-Erdenes Critical Minerals),Монголросцветмет ТӨҮГ /Эрдэнэс критикал минералс ТӨҮГ/,Iron ore,Төмөр,Iron ore Fe 52%,Fe-52% Төмрийн хүдэр,USD,65.0,69.5,4.5,6.92,sold
2297,2026-01-28 10:00,2026-01-28,Энержи Ресурс ХХК,Energy Resources,Энержи Ресурс ХХК,Coal,Нүүрс,Washed coking coal,Баяжуулсан коксжих нүүрс,CNY,800.0,860.0,60.0,7.5,sold
2296,2026-01-28 10:00,2026-01-28,Монголросцветмет ТӨҮГ,Mongolrostsvetmet (ex-Erdenes Critical Minerals),Монголросцветмет ТӨҮГ /Эрдэнэс критикал минералс ТӨҮГ/,Iron ore,Төмөр,Iron ore Fe 52%,Fe-52% Төмрийн хүдэр,USD,65.0,68.5,3.5,5.38,sold
2295,2026-01-27 14:00,2026-01-27,Энержи Ресурс ХХК,Energy Resources,Энержи Ресурс ХХК,Coal,Нүүрс,Washed medium-ash semi-hard coking coal,"Баяжуулсан дунд зэрэг үнстэй, хагас хатуу коксжих нүүрс",CNY,350.0,355.0,5.0,1.43,sold
2294,2026-01-27 12:00,2026-01-27,Андын Илч ХХК,Андын Илч ХХК,Андын Илч ХХК,Coal,Нүүрс,Чийг багатай хүрэн нүүрс,Чийг багатай хүрэн нүүрс,CNY,140.0,140.0,0.0,0.0,sold
2293,2026-01-27 11:00,2026-01-27,Монголросцветмет ТӨҮГ,Mongolrostsvetmet (ex-Erdenes Critical Minerals),Монголросцветмет ТӨҮГ /Эрдэнэс критикал минералс ТӨҮГ/,Iron ore,Төмөр,Iron ore Fe 52%,Fe-52% Төмрийн хүдэр,USD,65.0,69.5,4.5,6.92,sold
2292,2026-01-27 11:00,2026-01-27,Андын Илч ХХК,Андын Илч ХХК,Андын Илч ХХК,Coal,Нүүрс,Чийг багатай хүрэн нүүрс,Чийг багатай хүрэн нүүрс,CNY,140.0,140.0,0.0,0.0,sold
2291,2026-01-27 10:00,2026-01-27,Андын Илч ХХК,Андын Илч ХХК,Андын Илч ХХК,Coal,Нүүрс,Чийг багатай хүрэн нүүрс,Чийг багатай хүрэн нүүрс,CNY,140.0,140.0,0.0,0.0,sold
2290,2026-01-26 11:00,2026-01-26,Монголросцветмет ТӨҮГ,Mongolrostsvetmet (ex-Erdenes Critical Minerals),Монголросцветмет ТӨҮГ /Эрдэнэс критикал минералс ТӨҮГ/,Iron ore,Төмөр,Iron ore Fe 52%,Fe-52% Төмрийн хүдэр,USD,65.0,68.0,3.0,4.62,sold
2289,2026-01-26 10:00,2026-01-26,Энержи Ресурс ХХК,Energy Resources,Энержи Ресурс ХХК,Coal,Нүүрс,Washed coking coal,Баяжуулсан коксжих нүүрс,CNY,800.0,860.0,60.0,7.5,sold
2288,2026-01-26 10:00,2026-01-26,Монголросцветмет ТӨҮГ,Mongolrostsvetmet (ex-Erdenes Critical Minerals),Монголросцветмет ТӨҮГ /Эрдэнэс критикал минералс ТӨҮГ/,Iron ore,Төмөр,Iron ore Fe 52%,Fe-52% Төмрийн хүдэр,USD,65.0,68.0,3.0,4.62,sold
2287,2026-01-23 14:00,2026-01-23,Энержи Ресурс ХХК,Energy Resources,Энержи Ресурс ХХК,Coal,Нүүрс,Washed medium-ash semi-hard coking coal,"Баяжуулсан дунд зэрэг үнстэй, хагас хатуу коксжих нүүрс",CNY,350.0,355.0,5.0,1.43,sold
2286,2026-01-23 14:00,2026-01-23,Дарханы Төмөрлөгийн Үйлдвэр ХХК,Дарханы Төмөрлөгийн Үйлдвэр ХХК,Дарханы Төмөрлөгийн Үйлдвэр ХХК,Iron ore,Төмөр,Fe-58% Төмрийн баяжмал,Fe-58% Төмрийн баяжмал,USD,58.0,58.5,0.5,0.86,sold
2285,2026-01-23 13:00,2026-01-23,Эрдэнэс Тавантолгой ХК,Erdenes Tavan Tolgoi,Эрдэнэс Тавантолгой ХК,Coal,Нүүрс,1/3 coking coal,1/3 коксжих нүүрс,USD,,,,,no_bid
2284,2026-01-23 13:00,2026-01-23,Дарханы Төмөрлөгийн Үйлдвэр ХХК,Дарханы Төмөрлөгийн Үйлдвэр ХХК,Дарханы Төмөрлөгийн Үйлдвэр ХХК,Iron ore,Төмөр,Fe-58% Төмрийн баяжмал,Fe-58% Төмрийн баяжмал,USD,58.0,58.0,0.0,0.0,sold
2283,2026-01-23 12:00,2026-01-23,Дарханы Төмөрлөгийн Үйлдвэр ХХК,Дарханы Төмөрлөгийн Үйлдвэр ХХК,Дарханы Төмөрлөгийн Үйлдвэр ХХК,Iron ore,Төмөр,Fe-58% Төмрийн баяжмал,Fe-58% Төмрийн баяжмал,USD,58.0,58.0,0.0,0.0,sold
2282,2026-01-23 11:00,2026-01-23,Эрдэнэс Тавантолгой ХК,Erdenes Tavan Tolgoi,Эрдэнэс Тавантолгой ХК,Coal,Нүүрс,Medium-volatile coking coal,"Дэгдэмхий бодис дунд, коксжих нүүрс",USD,111.3,125.8,14.5,13.03,sold
2281,2026-01-23 11:00,2026-01-23,Монголросцветмет ТӨҮГ,Mongolrostsvetmet (ex-Erdenes Critical Minerals),Монголросцветмет ТӨҮГ /Эрдэнэс критикал минералс ТӨҮГ/,Iron ore,Төмөр,Iron ore Fe 52%,Fe-52% Төмрийн хүдэр,USD,,,,,no_bid
2280,2026-01-23 10:00,2026-01-23,Монголросцветмет ТӨҮГ,Mongolrostsvetmet (ex-Erdenes Critical Minerals),Монголросцветмет ТӨҮГ /Эрдэнэс критикал минералс ТӨҮГ/,Iron ore,Төмөр,Iron ore Fe 52%,Fe-52% Төмрийн хүдэр,USD,,,,,no_bid
2279,2026-01-22 15:00,2026-01-22,Дарханы Төмөрлөгийн Үйлдвэр ХХК,Дарханы Төмөрлөгийн Үйлдвэр ХХК,Дарханы Төмөрлөгийн Үйлдвэр ХХК,Iron ore,Төмөр,Fe-58% Төмрийн баяжмал,Fe-58% Төмрийн баяжмал,USD,58.0,58.5,0.5,0.86,sold
2278,2026-01-22 14:00,2026-01-22,Дарханы Төмөрлөгийн Үйлдвэр ХХК,Дарханы Төмөрлөгийн Үйлдвэр ХХК,Дарханы Төмөрлөгийн Үйлдвэр ХХК,Iron ore,Төмөр,Fe-58% Төмрийн баяжмал,Fe-58% Төмрийн баяжмал,USD,58.0,58.0,0.0,0.0,sold
2277,2026-01-22 13:00,2026-01-22,Эрдэнэс Тавантолгой ХК,Erdenes Tavan Tolgoi,Эрдэнэс Тавантолгой ХК,Coal,Нүүрс,1/3 coking coal,1/3 коксжих нүүрс,USD,68.4,68.4,0.0,0.0,sold
2276,2026-01-22 13:00,2026-01-22,Дарханы Төмөрлөгийн Үйлдвэр ХХК,Дарханы Төмөрлөгийн Үйлдвэр ХХК,Дарханы Төмөрлөгийн Үйлдвэр ХХК,Iron ore,Төмөр,Fe-58% Төмрийн баяжмал,Fe-58% Төмрийн баяжмал,USD,58.0,58.0,0.0,0.0,sold
2275,2026-01-22 12:00,2026-01-22,Дарханы Төмөрлөгийн Үйлдвэр ХХК,Дарханы Төмөрлөгийн Үйлдвэр ХХК,Дарханы Төмөрлөгийн Үйлдвэр ХХК,Iron ore,Төмөр,Fe-58% Төмрийн баяжмал,Fe-58% Төмрийн баяжмал,USD,58.0,58.0,0.0,0.0,sold
2274,2026-01-22 11:00,2026-01-22,Эрдэнэс Тавантолгой ХК,Erdenes Tavan Tolgoi,Эрдэнэс Тавантолгой ХК,Coal,Нүүрс,Medium-volatile coking coal,"Дэгдэмхий бодис дунд, коксжих нүүрс",USD,111.3,124.3,13.0,11.68,sold
2273,2026-01-22 11:00,2026-01-22,Монголросцветмет ТӨҮГ,Mongolrostsvetmet (ex-Erdenes Critical Minerals),Монголросцветмет ТӨҮГ /Эрдэнэс критикал минералс ТӨҮГ/,Iron ore,Төмөр,Iron ore Fe 52%,Fe-52% Төмрийн хүдэр,USD,,,,,no_bid
2272,2026-01-22 10:00,2026-01-22,Энержи Ресурс ХХК,Energy Resources,Энержи Ресурс ХХК,Coal,Нүүрс,Washed coking coal,Баяжуулсан коксжих нүүрс,CNY,800.0,800.0,0.0,0.0,sold
2271,2026-01-21 15:00,2026-01-21,Дарханы Төмөрлөгийн Үйлдвэр ХХК,Дарханы Төмөрлөгийн Үйлдвэр ХХК,Дарханы Төмөрлөгийн Үйлдвэр ХХК,Iron ore,Төмөр,Fe-58% Төмрийн баяжмал,Fe-58% Төмрийн баяжмал,USD,58.0,58.0,0.0,0.0,sold
2270,2026-01-21 14:00,2026-01-21,Дарханы Төмөрлөгийн Үйлдвэр ХХК,Дарханы Төмөрлөгийн Үйлдвэр ХХК,Дарханы Төмөрлөгийн Үйлдвэр ХХК,Iron ore,Төмөр,Fe-58% Төмрийн баяжмал,Fe-58% Төмрийн баяжмал,USD,58.0,58.0,0.0,0.0,sold
2269,2026-01-21 14:00,2026-01-21,Энержи Ресурс ХХК,Energy Resources,Энержи Ресурс ХХК,Coal,Нүүрс,Washed medium-ash semi-hard coking coal,"Баяжуулсан дунд зэрэг үнстэй, хагас хатуу коксжих нүүрс",CNY,350.0,355.0,5.0,1.43,sold
2268,2026-01-21 13:00,2026-01-21,Дарханы Төмөрлөгийн Үйлдвэр ХХК,Дарханы Төмөрлөгийн Үйлдвэр ХХК,Дарханы Төмөрлөгийн Үйлдвэр ХХК,Iron ore,Төмөр,Fe-58% Төмрийн баяжмал,Fe-58% Төмрийн баяжмал,USD,58.0,58.0,0.0,0.0,sold
2267,2026-01-21 12:00,2026-01-21,Дарханы Төмөрлөгийн Үйлдвэр ХХК,Дарханы Төмөрлөгийн Үйлдвэр ХХК,Дарханы Төмөрлөгийн Үйлдвэр ХХК,Iron ore,Төмөр,Fe-58% Төмрийн баяжмал,Fe-58% Төмрийн баяжмал,USD,58.0,58.5,0.5,0.86,sold
2266,2026-01-21 11:00,2026-01-21,Монголросцветмет ТӨҮГ,Mongolrostsvetmet (ex-Erdenes Critical Minerals),Монголросцветмет ТӨҮГ /Эрдэнэс критикал минералс ТӨҮГ/,Iron ore,Төмөр,Iron ore Fe 52%,Fe-52% Төмрийн хүдэр,USD,,,,,no_bid
2265,2026-01-21 11:00,2026-01-21,Эрдэнэс Тавантолгой ХК,Erdenes Tavan Tolgoi,Эрдэнэс Тавантолгой ХК,Coal,Нүүрс,Medium-volatile coking coal,"Дэгдэмхий бодис дунд, коксжих нүүрс",USD,111.3,126.3,15.0,13.48,sold
2264,2026-01-21 10:00,2026-01-21,Монголросцветмет ТӨҮГ,Mongolrostsvetmet (ex-Erdenes Critical Minerals),Монголросцветмет ТӨҮГ /Эрдэнэс критикал минералс ТӨҮГ/,Iron ore,Төмөр,Iron ore Fe 52%,Fe-52% Төмрийн хүдэр,USD,,,,,no_bid
2263,2026-01-21 10:00,2026-01-21,Хангад Эксплорэйшн ХХК,Khangad Exploration,Хангад Эксплорэйшн ХХК,Coal,Нүүрс,Washed semi-soft coking coal,Баяжуулсан сул коксжих нүүрс,CNY,,,,,no_bid
2262,2026-01-20 14:00,2026-01-20,Энержи Ресурс ХХК,Energy Resources,Энержи Ресурс ХХК,Coal,Нүүрс,Washed medium-ash semi-hard coking coal,"Баяжуулсан дунд зэрэг үнстэй, хагас хатуу коксжих нүүрс",CNY,350.0,360.0,10.0,2.86,sold
2261,2026-01-20 11:00,2026-01-20,Монголросцветмет ТӨҮГ,Mongolrostsvetmet (ex-Erdenes Critical Minerals),Монголросцветмет ТӨҮГ /Эрдэнэс критикал минералс ТӨҮГ/,Iron ore,Төмөр,Iron ore Fe 52%,Fe-52% Төмрийн хүдэр,USD,,,,,no_bid
2260,2026-01-19 13:00,2026-01-19,Дарханы Төмөрлөгийн Үйлдвэр ХХК,Дарханы Төмөрлөгийн Үйлдвэр ХХК,Дарханы Төмөрлөгийн Үйлдвэр ХХК,Iron ore,Төмөр,Fe-58% Төмрийн баяжмал,Fe-58% Төмрийн баяжмал,USD,58.0,58.0,0.0,0.0,sold
2259,2026-01-19 12:00,2026-01-19,Дарханы Төмөрлөгийн Үйлдвэр ХХК,Дарханы Төмөрлөгийн Үйлдвэр ХХК,Дарханы Төмөрлөгийн Үйлдвэр ХХК,Iron ore,Төмөр,Fe-58% Төмрийн баяжмал,Fe-58% Төмрийн баяжмал,USD,58.0,58.5,0.5,0.86,sold
2258,2026-01-19 11:00,2026-01-19,Монголросцветмет ТӨҮГ,Mongolrostsvetmet (ex-Erdenes Critical Minerals),Монголросцветмет ТӨҮГ /Эрдэнэс критикал минералс ТӨҮГ/,Iron ore,Төмөр,Iron ore Fe 52%,Fe-52% Төмрийн хүдэр,USD,,,,,no_bid
2257,2026-01-19 10:00,2026-01-19,Монголросцветмет ТӨҮГ,Mongolrostsvetmet (ex-Erdenes Critical Minerals),Монголросцветмет ТӨҮГ /Эрдэнэс критикал минералс ТӨҮГ/,Iron ore,Төмөр,Iron ore Fe 52%,Fe-52% Төмрийн хүдэр,USD,,,,,no_bid
2256,2026-01-19 10:00,2026-01-19,Энержи Ресурс ХХК,Energy Resources,Энержи Ресурс ХХК,Coal,Нүүрс,Washed coking coal,Баяжуулсан коксжих нүүрс,CNY,800.0,875.0,75.0,9.38,sold
2255,2026-01-16 15:00,2026-01-16,Эрдэнэс Тавантолгой ХК,Erdenes Tavan Tolgoi,Эрдэнэс Тавантолгой ХК,Coal,Нүүрс,1/3 coking coal,1/3 коксжих нүүрс,USD,88.0,93.4,5.4,6.14,sold
2254,2026-01-16 14:00,2026-01-16,Энержи Ресурс ХХК,Energy Resources,Энержи Ресурс ХХК,Coal,Нүүрс,Washed medium-ash semi-hard coking coal,"Баяжуулсан дунд зэрэг үнстэй, хагас хатуу коксжих нүүрс",CNY,350.0,360.0,10.0,2.86,sold
2253,2026-01-16 14:00,2026-01-16,Дарханы Төмөрлөгийн Үйлдвэр ХХК,Дарханы Төмөрлөгийн Үйлдвэр ХХК,Дарханы Төмөрлөгийн Үйлдвэр ХХК,Iron ore,Төмөр,Fe-58% Төмрийн баяжмал,Fe-58% Төмрийн баяжмал,USD,58.0,60.0,2.0,3.45,sold
2252,2026-01-16 13:00,2026-01-16,Дарханы Төмөрлөгийн Үйлдвэр ХХК,Дарханы Төмөрлөгийн Үйлдвэр ХХК,Дарханы Төмөрлөгийн Үйлдвэр ХХК,Iron ore,Төмөр,Fe-58% Төмрийн баяжмал,Fe-58% Төмрийн баяжмал,USD,58.0,62.0,4.0,6.9,sold
2251,2026-01-16 13:00,2026-01-16,Эрдэнэс Тавантолгой ХК,Erdenes Tavan Tolgoi,Эрдэнэс Тавантолгой ХК,Coal,Нүүрс,1/3 coking coal,1/3 коксжих нүүрс,USD,88.0,98.2,10.2,11.59,sold
2250,2026-01-16 12:00,2026-01-16,Дарханы Төмөрлөгийн Үйлдвэр ХХК,Дарханы Төмөрлөгийн Үйлдвэр ХХК,Дарханы Төмөрлөгийн Үйлдвэр ХХК,Iron ore,Төмөр,Fe-58% Төмрийн баяжмал,Fe-58% Төмрийн баяжмал,USD,58.0,62.0,4.0,6.9,sold
2249,2026-01-16 11:00,2026-01-16,Эрдэнэс Тавантолгой ХК,Erdenes Tavan Tolgoi,Эрдэнэс Тавантолгой ХК,Coal,Нүүрс,Washed non-coking-quality coal,Баяжуулсан коксжих чанаргүй нүүрс,USD,45.5,52.1,6.6,14.51,sold
2248,2026-01-16 11:00,2026-01-16,Монголросцветмет ТӨҮГ,Mongolrostsvetmet (ex-Erdenes Critical Minerals),Монголросцветмет ТӨҮГ /Эрдэнэс критикал минералс ТӨҮГ/,Iron ore,Төмөр,Iron ore Fe 52%,Fe-52% Төмрийн хүдэр,USD,70.0,70.0,0.0,0.0,sold
2247,2026-01-16 10:00,2026-01-16,Монголросцветмет ТӨҮГ,Mongolrostsvetmet (ex-Erdenes Critical Minerals),Монголросцветмет ТӨҮГ /Эрдэнэс критикал минералс ТӨҮГ/,Iron ore,Төмөр,Iron ore Fe 52%,Fe-52% Төмрийн хүдэр,USD,70.0,70.0,0.0,0.0,sold
2246,2026-01-15 13:00,2026-01-15,Эрдэнэс Тавантолгой ХК,Erdenes Tavan Tolgoi,Эрдэнэс Тавантолгой ХК,Coal,Нүүрс,1/3 coking coal,1/3 коксжих нүүрс,USD,88.0,94.0,6.0,6.82,sold
2245,2026-01-15 11:00,2026-01-15,Монголросцветмет ТӨҮГ,Mongolrostsvetmet (ex-Erdenes Critical Minerals),Монголросцветмет ТӨҮГ /Эрдэнэс критикал минералс ТӨҮГ/,Iron ore,Төмөр,Iron ore Fe 52%,Fe-52% Төмрийн хүдэр,USD,70.0,70.0,0.0,0.0,sold
2244,2026-01-15 11:00,2026-01-15,Эрдэнэс Тавантолгой ХК,Erdenes Tavan Tolgoi,Эрдэнэс Тавантолгой ХК,Coal,Нүүрс,Washed non-coking-quality coal,Баяжуулсан коксжих чанаргүй нүүрс,USD,45.5,53.3,7.8,17.14,sold
2243,2026-01-15 10:00,2026-01-15,Энержи Ресурс ХХК,Energy Resources,Энержи Ресурс ХХК,Coal,Нүүрс,Washed coking coal,Баяжуулсан коксжих нүүрс,CNY,800.0,900.0,100.0,12.5,sold
2242,2026-01-14 15:00,2026-01-14,Тавантолгой ХК,Tavan Tolgoi JSC,Тавантолгой ХК,Coal,Нүүрс,1/3 coking coal,1/3 коксжих нүүрс,USD,65.0,65.5,0.5,0.77,sold
2241,2026-01-14 14:00,2026-01-14,Энержи Ресурс ХХК,Energy Resources,Энержи Ресурс ХХК,Coal,Нүүрс,Washed medium-ash semi-hard coking coal,"Баяжуулсан дунд зэрэг үнстэй, хагас хатуу коксжих нүүрс",CNY,350.0,360.0,10.0,2.86,sold
2240,2026-01-14 13:00,2026-01-14,Эрдэнэс Тавантолгой ХК,Erdenes Tavan Tolgoi,Эрдэнэс Тавантолгой ХК,Coal,Нүүрс,Washed non-coking-quality coal,Баяжуулсан коксжих чанаргүй нүүрс,USD,45.5,51.5,6.0,13.19,sold
2239,2026-01-14 11:00,2026-01-14,Монголросцветмет ТӨҮГ,Mongolrostsvetmet (ex-Erdenes Critical Minerals),Монголросцветмет ТӨҮГ /Эрдэнэс критикал минералс ТӨҮГ/,Iron ore,Төмөр,Iron ore Fe 52%,Fe-52% Төмрийн хүдэр,USD,70.0,70.0,0.0,0.0,sold
2238,2026-01-14 10:00,2026-01-14,Монголросцветмет ТӨҮГ,Mongolrostsvetmet (ex-Erdenes Critical Minerals),Монголросцветмет ТӨҮГ /Эрдэнэс критикал минералс ТӨҮГ/,Iron ore,Төмөр,Iron ore Fe 52%,Fe-52% Төмрийн хүдэр,USD,70.0,71.0,1.0,1.43,sold
2237,2026-01-14 10:00,2026-01-14,Энержи Ресурс ХХК,Energy Resources,Энержи Ресурс ХХК,Coal,Нүүрс,Washed coking coal,Баяжуулсан коксжих нүүрс,CNY,800.0,915.0,115.0,14.38,sold
2236,2026-01-13 14:00,2026-01-13,Энержи Ресурс ХХК,Energy Resources,Энержи Ресурс ХХК,Coal,Нүүрс,Washed medium-ash semi-hard coking coal,"Баяжуулсан дунд зэрэг үнстэй, хагас хатуу коксжих нүүрс",CNY,350.0,365.0,15.0,4.29,sold
2235,2026-01-13 13:00,2026-01-13,Эрдэнэс Тавантолгой ХК,Erdenes Tavan Tolgoi,Эрдэнэс Тавантолгой ХК,Coal,Нүүрс,Washed non-coking-quality coal,Баяжуулсан коксжих чанаргүй нүүрс,USD,45.5,50.3,4.8,10.55,sold
2234,2026-01-13 11:00,2026-01-13,Монголросцветмет ТӨҮГ,Mongolrostsvetmet (ex-Erdenes Critical Minerals),Монголросцветмет ТӨҮГ /Эрдэнэс критикал минералс ТӨҮГ/,Iron ore,Төмөр,Iron concentrate Fe 65%,Fe-65% Төмрийн баяжмал,USD,85.0,88.0,3.0,3.53,sold
2233,2026-01-13 10:00,2026-01-13,Монголросцветмет ТӨҮГ,Mongolrostsvetmet (ex-Erdenes Critical Minerals),Монголросцветмет ТӨҮГ /Эрдэнэс критикал минералс ТӨҮГ/,Iron ore,Төмөр,Iron ore Fe 52%,Fe-52% Төмрийн хүдэр,USD,70.0,71.0,1.0,1.43,sold
2232,2026-01-12 11:00,2026-01-12,Монголросцветмет ТӨҮГ,Mongolrostsvetmet (ex-Erdenes Critical Minerals),Монголросцветмет ТӨҮГ /Эрдэнэс критикал минералс ТӨҮГ/,Iron ore,Төмөр,Iron ore Fe 52%,Fe-52% Төмрийн хүдэр,USD,70.0,71.0,1.0,1.43,sold
2231,2026-01-12 10:00,2026-01-12,Монголросцветмет ТӨҮГ,Mongolrostsvetmet (ex-Erdenes Critical Minerals),Монголросцветмет ТӨҮГ /Эрдэнэс критикал минералс ТӨҮГ/,Iron ore,Төмөр,Iron ore Fe 52%,Fe-52% Төмрийн хүдэр,USD,70.0,70.5,0.5,0.71,sold
2230,2026-01-12 10:00,2026-01-12,Энержи Ресурс ХХК,Energy Resources,Энержи Ресурс ХХК,Coal,Нүүрс,Washed coking coal,Баяжуулсан коксжих нүүрс,CNY,800.0,935.0,135.0,16.88,sold
2229,2026-01-09 14:00,2026-01-09,Энержи Ресурс ХХК,Energy Resources,Энержи Ресурс ХХК,Coal,Нүүрс,Washed medium-ash semi-hard coking coal,"Баяжуулсан дунд зэрэг үнстэй, хагас хатуу коксжих нүүрс",CNY,350.0,370.0,20.0,5.71,sold
2228,2026-01-09 11:00,2026-01-09,Монголросцветмет ТӨҮГ,Mongolrostsvetmet (ex-Erdenes Critical Minerals),Монголросцветмет ТӨҮГ /Эрдэнэс критикал минералс ТӨҮГ/,Iron ore,Төмөр,Iron ore Fe 52%,Fe-52% Төмрийн хүдэр,USD,70.0,71.0,1.0,1.43,sold
2227,2026-01-09 10:00,2026-01-09,Монголросцветмет ТӨҮГ,Mongolrostsvetmet (ex-Erdenes Critical Minerals),Монголросцветмет ТӨҮГ /Эрдэнэс критикал минералс ТӨҮГ/,Iron ore,Төмөр,Iron ore Fe 52%,Fe-52% Төмрийн хүдэр,USD,70.0,71.5,1.5,2.14,sold
2226,2026-01-08 11:00,2026-01-08,Монголросцветмет ТӨҮГ,Mongolrostsvetmet (ex-Erdenes Critical Minerals),Монголросцветмет ТӨҮГ /Эрдэнэс критикал минералс ТӨҮГ/,Iron ore,Төмөр,Iron ore Fe 52%,Fe-52% Төмрийн хүдэр,USD,70.0,73.0,3.0,4.29,sold
2225,2026-01-08 10:00,2026-01-08,Энержи Ресурс ХХК,Energy Resources,Энержи Ресурс ХХК,Coal,Нүүрс,Washed coking coal,Баяжуулсан коксжих нүүрс,CNY,800.0,930.0,130.0,16.25,sold
2224,2026-01-08 10:00,2026-01-08,Монголросцветмет ТӨҮГ,Mongolrostsvetmet (ex-Erdenes Critical Minerals),Монголросцветмет ТӨҮГ /Эрдэнэс критикал минералс ТӨҮГ/,Iron ore,Төмөр,Iron ore Fe 52%,Fe-52% Төмрийн хүдэр,USD,70.0,70.0,0.0,0.0,sold
2223,2026-01-07 14:00,2026-01-07,Энержи Ресурс ХХК,Energy Resources,Энержи Ресурс ХХК,Coal,Нүүрс,Washed medium-ash semi-hard coking coal,"Баяжуулсан дунд зэрэг үнстэй, хагас хатуу коксжих нүүрс",CNY,350.0,365.0,15.0,4.29,sold
2222,2026-01-07 11:00,2026-01-07,Монголросцветмет ТӨҮГ,Mongolrostsvetmet (ex-Erdenes Critical Minerals),Монголросцветмет ТӨҮГ /Эрдэнэс критикал минералс ТӨҮГ/,Iron ore,Төмөр,Iron concentrate Fe 65%,Fe-65% Төмрийн баяжмал,USD,85.0,85.0,0.0,0.0,sold
2221,2026-01-07 10:00,2026-01-07,Монголросцветмет ТӨҮГ,Mongolrostsvetmet (ex-Erdenes Critical Minerals),Монголросцветмет ТӨҮГ /Эрдэнэс критикал минералс ТӨҮГ/,Iron ore,Төмөр,Iron ore Fe 52%,Fe-52% Төмрийн хүдэр,USD,70.0,73.5,3.5,5.0,sold
2220,2026-01-07 10:00,2026-01-07,Энержи Ресурс ХХК,Energy Resources,Энержи Ресурс ХХК,Coal,Нүүрс,Washed coking coal,Баяжуулсан коксжих нүүрс,CNY,800.0,860.0,60.0,7.5,sold
2219,2026-01-06 14:00,2026-01-06,Энержи Ресурс ХХК,Energy Resources,Энержи Ресурс ХХК,Coal,Нүүрс,Washed medium-ash semi-hard coking coal,"Баяжуулсан дунд зэрэг үнстэй, хагас хатуу коксжих нүүрс",CNY,350.0,360.0,10.0,2.86,sold
2218,2026-01-06 11:00,2026-01-06,Монголросцветмет ТӨҮГ,Mongolrostsvetmet (ex-Erdenes Critical Minerals),Монголросцветмет ТӨҮГ /Эрдэнэс критикал минералс ТӨҮГ/,Iron ore,Төмөр,Iron ore Fe 52%,Fe-52% Төмрийн хүдэр,USD,70.0,73.5,3.5,5.0,sold
2217,2026-01-06 10:00,2026-01-06,Монголросцветмет ТӨҮГ,Mongolrostsvetmet (ex-Erdenes Critical Minerals),Монголросцветмет ТӨҮГ /Эрдэнэс критикал минералс ТӨҮГ/,Iron ore,Төмөр,Iron ore Fe 52%,Fe-52% Төмрийн хүдэр,USD,70.0,74.5,4.5,6.43,sold
2216,2026-01-05 10:00,2026-01-05,Энержи Ресурс ХХК,Energy Resources,Энержи Ресурс ХХК,Coal,Нүүрс,Washed coking coal,Баяжуулсан коксжих нүүрс,CNY,800.0,850.0,50.0,6.25,sold
2215,2026-01-02 14:00,2026-01-02,Энержи Ресурс ХХК,Energy Resources,Энержи Ресурс ХХК,Coal,Нүүрс,Washed medium-ash semi-hard coking coal,"Баяжуулсан дунд зэрэг үнстэй, хагас хатуу коксжих нүүрс",CNY,350.0,355.0,5.0,1.43,sold
2214,2026-01-02 10:00,2026-01-02,Энержи Ресурс ХХК,Energy Resources,Энержи Ресурс ХХК,Coal,Нүүрс,Washed coking coal,Баяжуулсан коксжих нүүрс,CNY,800.0,855.0,55.0,6.88,sold
2213,2025-12-31 11:00,2025-12-31,Энержи Ресурс ХХК,Energy Resources,Энержи Ресурс ХХК,Coal,Нүүрс,Washed medium-ash semi-hard coking coal,"Баяжуулсан дунд зэрэг үнстэй, хагас хатуу коксжих нүүрс",CNY,350.0,355.0,5.0,1.43,sold
2212,2025-12-31 10:00,2025-12-31,Энержи Ресурс ХХК,Energy Resources,Энержи Ресурс ХХК,Coal,Нүүрс,Washed coking coal,Баяжуулсан коксжих нүүрс,CNY,800.0,855.0,55.0,6.88,sold
2211,2025-12-31 10:00,2025-12-31,Тавантолгой ХК,Tavan Tolgoi JSC,Тавантолгой ХК,Coal,Нүүрс,Medium-volatile coking coal,"Дэгдэмхий бодис дунд, коксжих нүүрс",USD,110.0,110.0,0.0,0.0,sold
2210,2025-12-30 15:00,2025-12-30,Эрдэнэт Үйлдвэр ТӨҮГ,Erdenet Mining Corporation,Эрдэнэт Үйлдвэр ТӨҮГ,Copper,Зэс,Copper concentrate (22.35% Cu),22.35%-ийн зэсийн агуулгатай баяжмал,USD,2685.0,2905.0,220.0,8.19,sold
2209,2025-12-30 11:00,2025-12-30,Монголросцветмет ТӨҮГ,Mongolrostsvetmet (ex-Erdenes Critical Minerals),Монголросцветмет ТӨҮГ /Эрдэнэс критикал минералс ТӨҮГ/,Iron ore,Төмөр,Iron ore Fe 52%,Fe-52% Төмрийн хүдэр,USD,70.0,75.5,5.5,7.86,sold
2208,2025-12-26 14:00,2025-12-26,Мөнх тэнүүн оргил ХХК,Мөнх тэнүүн оргил ХХК,Мөнх тэнүүн оргил ХХК,Coal,Нүүрс,Washed non-coking-quality coal,Баяжуулсан коксжих чанаргүй нүүрс,CNY,300.0,300.0,0.0,0.0,sold
2207,2025-12-26 11:00,2025-12-26,Эрдэнэс Тавантолгой ХК,Erdenes Tavan Tolgoi,Эрдэнэс Тавантолгой ХК,Coal,Нүүрс,Washed coking coal,Баяжуулсан коксжих нүүрс,USD,124.2,132.2,8.0,6.44,sold
2206,2025-12-26 11:00,2025-12-26,Энержи Ресурс ХХК,Energy Resources,Энержи Ресурс ХХК,Coal,Нүүрс,"Эрчим хүчний нүүрс /Саб-битумт, үл барьцалдах нүүрс/","Эрчим хүчний нүүрс /Саб-битумт, үл барьцалдах нүүрс/",CNY,,,,,no_bid
2205,2025-12-26 11:00,2025-12-26,Монголросцветмет ТӨҮГ,Mongolrostsvetmet (ex-Erdenes Critical Minerals),Монголросцветмет ТӨҮГ /Эрдэнэс критикал минералс ТӨҮГ/,Iron ore,Төмөр,Iron ore Fe 52%,Fe-52% Төмрийн хүдэр,USD,70.0,74.5,4.5,6.43,sold
2204,2025-12-26 10:00,2025-12-26,Эрдэнэс Тавантолгой ХК,Erdenes Tavan Tolgoi,Эрдэнэс Тавантолгой ХК,Coal,Нүүрс,1/3 coking coal,1/3 коксжих нүүрс,USD,68.4,68.4,0.0,0.0,sold
2203,2025-12-26 10:00,2025-12-26,Энержи Ресурс ХХК,Energy Resources,Энержи Ресурс ХХК,Coal,Нүүрс,Washed coking coal,Баяжуулсан коксжих нүүрс,CNY,800.0,850.0,50.0,6.25,sold
2202,2025-12-25 14:00,2025-12-25,Энержи Ресурс ХХК,Energy Resources,Энержи Ресурс ХХК,Coal,Нүүрс,Washed medium-ash semi-hard coking coal,"Баяжуулсан дунд зэрэг үнстэй, хагас хатуу коксжих нүүрс",CNY,350.0,350.0,0.0,0.0,sold
2201,2025-12-25 11:00,2025-12-25,Эрдэнэс Тавантолгой ХК,Erdenes Tavan Tolgoi,Эрдэнэс Тавантолгой ХК,Coal,Нүүрс,Washed semi-soft coking coal,Баяжуулсан сул коксжих нүүрс,USD,95.2,98.7,3.5,3.68,sold
2200,2025-12-25 11:00,2025-12-25,Монголросцветмет ТӨҮГ,Mongolrostsvetmet (ex-Erdenes Critical Minerals),Монголросцветмет ТӨҮГ /Эрдэнэс критикал минералс ТӨҮГ/,Iron ore,Төмөр,Iron ore Fe 52%,Fe-52% Төмрийн хүдэр,USD,70.0,74.0,4.0,5.71,sold
2199,2025-12-25 10:00,2025-12-25,Эрдэнэс Тавантолгой ХК,Erdenes Tavan Tolgoi,Эрдэнэс Тавантолгой ХК,Coal,Нүүрс,1/3 coking coal,1/3 коксжих нүүрс,USD,68.4,68.4,0.0,0.0,sold
2198,2025-12-24 14:00,2025-12-24,Энержи Ресурс ХХК,Energy Resources,Энержи Ресурс ХХК,Coal,Нүүрс,Washed medium-ash semi-hard coking coal,"Баяжуулсан дунд зэрэг үнстэй, хагас хатуу коксжих нүүрс",CNY,350.0,360.0,10.0,2.86,sold
2197,2025-12-24 11:00,2025-12-24,Эрдэнэс Тавантолгой ХК,Erdenes Tavan Tolgoi,Эрдэнэс Тавантолгой ХК,Coal,Нүүрс,Washed coking coal,Баяжуулсан коксжих нүүрс,USD,124.2,134.2,10.0,8.05,sold
2196,2025-12-24 11:00,2025-12-24,Монголросцветмет ТӨҮГ,Mongolrostsvetmet (ex-Erdenes Critical Minerals),Монголросцветмет ТӨҮГ /Эрдэнэс критикал минералс ТӨҮГ/,Iron ore,Төмөр,Iron ore Fe 52%,Fe-52% Төмрийн хүдэр,USD,70.0,74.0,4.0,5.71,sold
2195,2025-12-24 10:00,2025-12-24,Эрдэнэс Тавантолгой ХК,Erdenes Tavan Tolgoi,Эрдэнэс Тавантолгой ХК,Coal,Нүүрс,1/3 coking coal,1/3 коксжих нүүрс,USD,,,,,no_bid
2194,2025-12-24 10:00,2025-12-24,Энержи Ресурс ХХК,Energy Resources,Энержи Ресурс ХХК,Coal,Нүүрс,Washed coking coal,Баяжуулсан коксжих нүүрс,CNY,800.0,855.0,55.0,6.88,sold
2193,2025-12-23 15:00,2025-12-23,Дарханы Төмөрлөгийн Үйлдвэр ХХК,Дарханы Төмөрлөгийн Үйлдвэр ХХК,Дарханы Төмөрлөгийн Үйлдвэр ХХК,Iron ore,Төмөр,Fe-58% Төмрийн баяжмал,Fe-58% Төмрийн баяжмал,USD,62.0,68.0,6.0,9.68,sold
2192,2025-12-23 14:00,2025-12-23,Дарханы Төмөрлөгийн Үйлдвэр ХХК,Дарханы Төмөрлөгийн Үйлдвэр ХХК,Дарханы Төмөрлөгийн Үйлдвэр ХХК,Iron ore,Төмөр,Fe-58% Төмрийн баяжмал,Fe-58% Төмрийн баяжмал,USD,58.0,70.5,12.5,21.55,sold
2191,2025-12-23 14:00,2025-12-23,Энержи Ресурс ХХК,Energy Resources,Энержи Ресурс ХХК,Coal,Нүүрс,Washed medium-ash semi-hard coking coal,"Баяжуулсан дунд зэрэг үнстэй, хагас хатуу коксжих нүүрс",CNY,350.0,360.0,10.0,2.86,sold
2190,2025-12-23 13:00,2025-12-23,Дарханы Төмөрлөгийн Үйлдвэр ХХК,Дарханы Төмөрлөгийн Үйлдвэр ХХК,Дарханы Төмөрлөгийн Үйлдвэр ХХК,Iron ore,Төмөр,Fe-58% Төмрийн баяжмал,Fe-58% Төмрийн баяжмал,USD,62.0,67.0,5.0,8.06,sold
2189,2025-12-23 11:00,2025-12-23,Эрдэнэс Тавантолгой ХК,Erdenes Tavan Tolgoi,Эрдэнэс Тавантолгой ХК,Coal,Нүүрс,Washed coking coal,Баяжуулсан коксжих нүүрс,USD,124.2,130.2,6.0,4.83,sold
2188,2025-12-23 10:00,2025-12-23,Дарханы Төмөрлөгийн Үйлдвэр ХХК,Дарханы Төмөрлөгийн Үйлдвэр ХХК,Дарханы Төмөрлөгийн Үйлдвэр ХХК,Iron ore,Төмөр,Fe-58% Төмрийн баяжмал,Fe-58% Төмрийн баяжмал,USD,58.0,71.0,13.0,22.41,sold
2187,2025-12-23 10:00,2025-12-23,Эрдэнэс Тавантолгой ХК,Erdenes Tavan Tolgoi,Эрдэнэс Тавантолгой ХК,Coal,Нүүрс,1/3 coking coal,1/3 коксжих нүүрс,USD,,,,,no_bid
2186,2025-12-22 16:00,2025-12-22,Дарханы Төмөрлөгийн Үйлдвэр ХХК,Дарханы Төмөрлөгийн Үйлдвэр ХХК,Дарханы Төмөрлөгийн Үйлдвэр ХХК,Iron ore,Төмөр,Fe-58% Төмрийн баяжмал,Fe-58% Төмрийн баяжмал,USD,58.0,71.5,13.5,23.28,sold
2185,2025-12-22 15:00,2025-12-22,Дарханы Төмөрлөгийн Үйлдвэр ХХК,Дарханы Төмөрлөгийн Үйлдвэр ХХК,Дарханы Төмөрлөгийн Үйлдвэр ХХК,Iron ore,Төмөр,Fe-58% Төмрийн баяжмал,Fe-58% Төмрийн баяжмал,USD,62.0,66.5,4.5,7.26,sold
2184,2025-12-22 14:00,2025-12-22,Дарханы Төмөрлөгийн Үйлдвэр ХХК,Дарханы Төмөрлөгийн Үйлдвэр ХХК,Дарханы Төмөрлөгийн Үйлдвэр ХХК,Iron ore,Төмөр,Fe-58% Төмрийн баяжмал,Fe-58% Төмрийн баяжмал,USD,58.0,69.5,11.5,19.83,sold
2183,2025-12-22 13:00,2025-12-22,Дарханы Төмөрлөгийн Үйлдвэр ХХК,Дарханы Төмөрлөгийн Үйлдвэр ХХК,Дарханы Төмөрлөгийн Үйлдвэр ХХК,Iron ore,Төмөр,Fe-58% Төмрийн баяжмал,Fe-58% Төмрийн баяжмал,USD,62.0,70.0,8.0,12.9,sold
2182,2025-12-22 11:00,2025-12-22,Монголросцветмет ТӨҮГ,Mongolrostsvetmet (ex-Erdenes Critical Minerals),Монголросцветмет ТӨҮГ /Эрдэнэс критикал минералс ТӨҮГ/,Iron ore,Төмөр,Iron ore Fe 52%,Fe-52% Төмрийн хүдэр,USD,70.0,73.5,3.5,5.0,sold
2181,2025-12-22 11:00,2025-12-22,Эрдэнэс Тавантолгой ХК,Erdenes Tavan Tolgoi,Эрдэнэс Тавантолгой ХК,Coal,Нүүрс,Washed non-coking-quality coal,Баяжуулсан коксжих чанаргүй нүүрс,USD,,,,,no_bid
2180,2025-12-22 10:00,2025-12-22,Дарханы Төмөрлөгийн Үйлдвэр ХХК,Дарханы Төмөрлөгийн Үйлдвэр ХХК,Дарханы Төмөрлөгийн Үйлдвэр ХХК,Iron ore,Төмөр,Fe-58% Төмрийн баяжмал,Fe-58% Төмрийн баяжмал,USD,58.0,70.5,12.5,21.55,sold
2179,2025-12-22 10:00,2025-12-22,Эрдэнэс Тавантолгой ХК,Erdenes Tavan Tolgoi,Эрдэнэс Тавантолгой ХК,Coal,Нүүрс,1/3 coking coal,1/3 коксжих нүүрс,USD,,,,,no_bid
2178,2025-12-22 10:00,2025-12-22,Энержи Ресурс ХХК,Energy Resources,Энержи Ресурс ХХК,Coal,Нүүрс,Washed coking coal,Баяжуулсан коксжих нүүрс,CNY,800.0,845.0,45.0,5.62,sold
2177,2025-12-19 16:00,2025-12-19,Дарханы Төмөрлөгийн Үйлдвэр ХХК,Дарханы Төмөрлөгийн Үйлдвэр ХХК,Дарханы Төмөрлөгийн Үйлдвэр ХХК,Iron ore,Төмөр,Fe-58% Төмрийн баяжмал,Fe-58% Төмрийн баяжмал,USD,58.0,70.5,12.5,21.55,sold
2176,2025-12-19 15:00,2025-12-19,Дарханы Төмөрлөгийн Үйлдвэр ХХК,Дарханы Төмөрлөгийн Үйлдвэр ХХК,Дарханы Төмөрлөгийн Үйлдвэр ХХК,Iron ore,Төмөр,Fe-58% Төмрийн баяжмал,Fe-58% Төмрийн баяжмал,USD,62.0,71.0,9.0,14.52,sold
2175,2025-12-19 14:00,2025-12-19,Дарханы Төмөрлөгийн Үйлдвэр ХХК,Дарханы Төмөрлөгийн Үйлдвэр ХХК,Дарханы Төмөрлөгийн Үйлдвэр ХХК,Iron ore,Төмөр,Fe-58% Төмрийн баяжмал,Fe-58% Төмрийн баяжмал,USD,58.0,71.0,13.0,22.41,sold
2174,2025-12-19 14:00,2025-12-19,Эрдэнэс Тавантолгой ХК,Erdenes Tavan Tolgoi,Эрдэнэс Тавантолгой ХК,Coal,Нүүрс,Washed non-coking-quality coal,Баяжуулсан коксжих чанаргүй нүүрс,USD,53.3,53.6,0.3,0.56,sold
2173,2025-12-19 13:00,2025-12-19,Дарханы Төмөрлөгийн Үйлдвэр ХХК,Дарханы Төмөрлөгийн Үйлдвэр ХХК,Дарханы Төмөрлөгийн Үйлдвэр ХХК,Iron ore,Төмөр,Fe-58% Төмрийн баяжмал,Fe-58% Төмрийн баяжмал,USD,62.0,67.0,5.0,8.06,sold
2172,2025-12-19 11:00,2025-12-19,Энержи Ресурс ХХК,Energy Resources,Энержи Ресурс ХХК,Coal,Нүүрс,"Эрчим хүчний нүүрс /Саб-битумт, үл барьцалдах нүүрс/","Эрчим хүчний нүүрс /Саб-битумт, үл барьцалдах нүүрс/",CNY,,,,,no_bid
2171,2025-12-19 11:00,2025-12-19,Эрдэнэс Тавантолгой ХК,Erdenes Tavan Tolgoi,Эрдэнэс Тавантолгой ХК,Coal,Нүүрс,Washed coking coal,Баяжуулсан коксжих нүүрс,USD,124.2,124.2,0.0,0.0,sold
2170,2025-12-19 10:00,2025-12-19,Энержи Ресурс ХХК,Energy Resources,Энержи Ресурс ХХК,Coal,Нүүрс,Washed coking coal,Баяжуулсан коксжих нүүрс,CNY,800.0,840.0,40.0,5.0,sold
2169,2025-12-19 10:00,2025-12-19,Дарханы Төмөрлөгийн Үйлдвэр ХХК,Дарханы Төмөрлөгийн Үйлдвэр ХХК,Дарханы Төмөрлөгийн Үйлдвэр ХХК,Iron ore,Төмөр,Fe-58% Төмрийн баяжмал,Fe-58% Төмрийн баяжмал,USD,58.0,70.5,12.5,21.55,sold
2168,2025-12-19 10:00,2025-12-19,Эрдэнэс Тавантолгой ХК,Erdenes Tavan Tolgoi,Эрдэнэс Тавантолгой ХК,Coal,Нүүрс,1/3 coking coal,1/3 коксжих нүүрс,USD,,,,,no_bid
2167,2025-12-18 15:00,2025-12-18,Дарханы Төмөрлөгийн Үйлдвэр ХХК,Дарханы Төмөрлөгийн Үйлдвэр ХХК,Дарханы Төмөрлөгийн Үйлдвэр ХХК,Iron ore,Төмөр,Fe-58% Төмрийн баяжмал,Fe-58% Төмрийн баяжмал,USD,62.0,66.0,4.0,6.45,sold
2166,2025-12-18 14:00,2025-12-18,Энержи Ресурс ХХК,Energy Resources,Энержи Ресурс ХХК,Coal,Нүүрс,Washed medium-ash semi-hard coking coal,"Баяжуулсан дунд зэрэг үнстэй, хагас хатуу коксжих нүүрс",CNY,350.0,365.0,15.0,4.29,sold
2165,2025-12-18 14:00,2025-12-18,Дарханы Төмөрлөгийн Үйлдвэр ХХК,Дарханы Төмөрлөгийн Үйлдвэр ХХК,Дарханы Төмөрлөгийн Үйлдвэр ХХК,Iron ore,Төмөр,Fe-58% Төмрийн баяжмал,Fe-58% Төмрийн баяжмал,USD,58.0,73.0,15.0,25.86,sold
2164,2025-12-18 13:00,2025-12-18,Дарханы Төмөрлөгийн Үйлдвэр ХХК,Дарханы Төмөрлөгийн Үйлдвэр ХХК,Дарханы Төмөрлөгийн Үйлдвэр ХХК,Iron ore,Төмөр,Fe-58% Төмрийн баяжмал,Fe-58% Төмрийн баяжмал,USD,58.0,67.5,9.5,16.38,sold
2163,2025-12-18 12:00,2025-12-18,Дарханы Төмөрлөгийн Үйлдвэр ХХК,Дарханы Төмөрлөгийн Үйлдвэр ХХК,Дарханы Төмөрлөгийн Үйлдвэр ХХК,Iron ore,Төмөр,Fe-58% Төмрийн баяжмал,Fe-58% Төмрийн баяжмал,USD,58.0,65.5,7.5,12.93,sold
2162,2025-12-18 11:00,2025-12-18,Монголросцветмет ТӨҮГ,Mongolrostsvetmet (ex-Erdenes Critical Minerals),Монголросцветмет ТӨҮГ /Эрдэнэс критикал минералс ТӨҮГ/,Iron ore,Төмөр,Iron ore Fe 52%,Fe-52% Төмрийн хүдэр,USD,70.0,73.0,3.0,4.29,sold
2161,2025-12-18 10:00,2025-12-18,Дарханы Төмөрлөгийн Үйлдвэр ХХК,Дарханы Төмөрлөгийн Үйлдвэр ХХК,Дарханы Төмөрлөгийн Үйлдвэр ХХК,Iron ore,Төмөр,Fe-58% Төмрийн баяжмал,Fe-58% Төмрийн баяжмал,USD,62.0,64.0,2.0,3.23,sold
2160,2025-12-17 14:00,2025-12-17,Энержи Ресурс ХХК,Energy Resources,Энержи Ресурс ХХК,Coal,Нүүрс,Washed medium-ash semi-hard coking coal,"Баяжуулсан дунд зэрэг үнстэй, хагас хатуу коксжих нүүрс",CNY,350.0,370.0,20.0,5.71,sold
2159,2025-12-17 11:00,2025-12-17,Монголросцветмет ТӨҮГ,Mongolrostsvetmet (ex-Erdenes Critical Minerals),Монголросцветмет ТӨҮГ /Эрдэнэс критикал минералс ТӨҮГ/,Iron ore,Төмөр,Iron ore Fe 52%,Fe-52% Төмрийн хүдэр,USD,70.0,72.5,2.5,3.57,sold
2158,2025-12-17 10:00,2025-12-17,Энержи Ресурс ХХК,Energy Resources,Энержи Ресурс ХХК,Coal,Нүүрс,Washed coking coal,Баяжуулсан коксжих нүүрс,CNY,800.0,830.0,30.0,3.75,sold
2157,2025-12-16 14:00,2025-12-16,Энержи Ресурс ХХК,Energy Resources,Энержи Ресурс ХХК,Coal,Нүүрс,Washed medium-ash semi-hard coking coal,"Баяжуулсан дунд зэрэг үнстэй, хагас хатуу коксжих нүүрс",CNY,350.0,365.0,15.0,4.29,sold
2156,2025-12-16 11:00,2025-12-16,Монголросцветмет ТӨҮГ,Mongolrostsvetmet (ex-Erdenes Critical Minerals),Монголросцветмет ТӨҮГ /Эрдэнэс критикал минералс ТӨҮГ/,Iron ore,Төмөр,Iron ore Fe 52%,Fe-52% Төмрийн хүдэр,USD,70.0,73.5,3.5,5.0,sold
2155,2025-12-15 11:00,2025-12-15,Монголросцветмет ТӨҮГ,Mongolrostsvetmet (ex-Erdenes Critical Minerals),Монголросцветмет ТӨҮГ /Эрдэнэс критикал минералс ТӨҮГ/,Iron ore,Төмөр,Iron ore Fe 52%,Fe-52% Төмрийн хүдэр,USD,70.0,74.0,4.0,5.71,sold
2154,2025-12-15 10:00,2025-12-15,Энержи Ресурс ХХК,Energy Resources,Энержи Ресурс ХХК,Coal,Нүүрс,Washed coking coal,Баяжуулсан коксжих нүүрс,CNY,800.0,820.0,20.0,2.5,sold
2153,2025-12-12 14:00,2025-12-12,Тавантолгой ХК,Tavan Tolgoi JSC,Тавантолгой ХК,Coal,Нүүрс,Medium-volatile coking coal,"Дэгдэмхий бодис дунд, коксжих нүүрс",USD,,,,,no_bid
2152,2025-12-12 11:00,2025-12-12,Монголросцветмет ТӨҮГ,Mongolrostsvetmet (ex-Erdenes Critical Minerals),Монголросцветмет ТӨҮГ /Эрдэнэс критикал минералс ТӨҮГ/,Iron ore,Төмөр,Iron ore Fe 52%,Fe-52% Төмрийн хүдэр,USD,70.0,75.0,5.0,7.14,sold
2151,2025-12-12 11:00,2025-12-12,Энержи Ресурс ХХК,Energy Resources,Энержи Ресурс ХХК,Coal,Нүүрс,"Эрчим хүчний нүүрс /Саб-битумт, үл барьцалдах нүүрс/","Эрчим хүчний нүүрс /Саб-битумт, үл барьцалдах нүүрс/",CNY,,,,,no_bid
2150,2025-12-12 11:00,2025-12-12,Эрдэнэс Тавантолгой ХК,Erdenes Tavan Tolgoi,Эрдэнэс Тавантолгой ХК,Coal,Нүүрс,1/3 coking coal,1/3 коксжих нүүрс,USD,,,,,no_bid
2149,2025-12-12 10:00,2025-12-12,Энержи Ресурс ХХК,Energy Resources,Энержи Ресурс ХХК,Coal,Нүүрс,Washed coking coal,Баяжуулсан коксжих нүүрс,CNY,800.0,825.0,25.0,3.13,sold
2148,2025-12-12 10:00,2025-12-12,Монголросцветмет ТӨҮГ,Mongolrostsvetmet (ex-Erdenes Critical Minerals),Монголросцветмет ТӨҮГ /Эрдэнэс критикал минералс ТӨҮГ/,Iron ore,Төмөр,Iron ore Fe 52%,Fe-52% Төмрийн хүдэр,USD,70.0,70.0,0.0,0.0,sold
2147,2025-12-12 10:00,2025-12-12,Эрдэнэс Тавантолгой ХК,Erdenes Tavan Tolgoi,Эрдэнэс Тавантолгой ХК,Coal,Нүүрс,1/3 coking coal,1/3 коксжих нүүрс,USD,,,,,no_bid
2146,2025-12-11 14:00,2025-12-11,Энержи Ресурс ХХК,Energy Resources,Энержи Ресурс ХХК,Coal,Нүүрс,Washed medium-ash semi-hard coking coal,"Баяжуулсан дунд зэрэг үнстэй, хагас хатуу коксжих нүүрс",CNY,350.0,370.0,20.0,5.71,sold
2145,2025-12-11 11:00,2025-12-11,Монголросцветмет ТӨҮГ,Mongolrostsvetmet (ex-Erdenes Critical Minerals),Монголросцветмет ТӨҮГ /Эрдэнэс критикал минералс ТӨҮГ/,Iron ore,Төмөр,Iron ore Fe 52%,Fe-52% Төмрийн хүдэр,USD,70.0,76.5,6.5,9.29,sold
2144,2025-12-11 11:00,2025-12-11,Эрдэнэс Тавантолгой ХК,Erdenes Tavan Tolgoi,Эрдэнэс Тавантолгой ХК,Coal,Нүүрс,1/3 coking coal,1/3 коксжих нүүрс,USD,,,,,no_bid
2143,2025-12-11 10:00,2025-12-11,Хангад Эксплорэйшн ХХК,Khangad Exploration,Хангад Эксплорэйшн ХХК,Coal,Нүүрс,Washed semi-soft coking coal,Баяжуулсан сул коксжих нүүрс,CNY,700.0,700.0,0.0,0.0,sold
2142,2025-12-11 10:00,2025-12-11,Эрдэнэс Тавантолгой ХК,Erdenes Tavan Tolgoi,Эрдэнэс Тавантолгой ХК,Coal,Нүүрс,1/3 coking coal,1/3 коксжих нүүрс,USD,,,,,no_bid
2141,2025-12-10 14:00,2025-12-10,Эрдэнэс Тавантолгой ХК,Erdenes Tavan Tolgoi,Эрдэнэс Тавантолгой ХК,Coal,Нүүрс,Washed non-coking-quality coal,Баяжуулсан коксжих чанаргүй нүүрс,USD,,,,,no_bid
2140,2025-12-10 13:00,2025-12-10,Өсөх Зоос ХХК,Өсөх Зоос ХХК,Өсөх Зоос ХХК,Coal,Нүүрс,"Дэгдэмхий бодис их, хийн нүүрс","Дэгдэмхий бодис их, хийн нүүрс",CNY,350.0,354.0,4.0,1.14,sold
2139,2025-12-10 11:00,2025-12-10,Монголросцветмет ТӨҮГ,Mongolrostsvetmet (ex-Erdenes Critical Minerals),Монголросцветмет ТӨҮГ /Эрдэнэс критикал минералс ТӨҮГ/,Iron ore,Төмөр,Iron ore Fe 52%,Fe-52% Төмрийн хүдэр,USD,70.0,77.0,7.0,10.0,sold
2138,2025-12-10 11:00,2025-12-10,Эрдэнэс Тавантолгой ХК,Erdenes Tavan Tolgoi,Эрдэнэс Тавантолгой ХК,Coal,Нүүрс,Washed semi-soft coking coal,Баяжуулсан сул коксжих нүүрс,USD,96.2,96.2,0.0,0.0,sold
2137,2025-12-10 10:00,2025-12-10,Энержи Ресурс ХХК,Energy Resources,Энержи Ресурс ХХК,Coal,Нүүрс,Washed coking coal,Баяжуулсан коксжих нүүрс,CNY,800.0,860.0,60.0,7.5,sold
2136,2025-12-10 10:00,2025-12-10,Эрдэнэс Тавантолгой ХК,Erdenes Tavan Tolgoi,Эрдэнэс Тавантолгой ХК,Coal,Нүүрс,Washed semi-soft coking coal,Баяжуулсан сул коксжих нүүрс,USD,96.2,96.2,0.0,0.0,sold
2135,2025-12-09 14:00,2025-12-09,Энержи Ресурс ХХК,Energy Resources,Энержи Ресурс ХХК,Coal,Нүүрс,Washed medium-ash semi-hard coking coal,"Баяжуулсан дунд зэрэг үнстэй, хагас хатуу коксжих нүүрс",CNY,350.0,370.0,20.0,5.71,sold
2134,2025-12-09 11:00,2025-12-09,Монголросцветмет ТӨҮГ,Mongolrostsvetmet (ex-Erdenes Critical Minerals),Монголросцветмет ТӨҮГ /Эрдэнэс критикал минералс ТӨҮГ/,Iron ore,Төмөр,Iron ore Fe 52%,Fe-52% Төмрийн хүдэр,USD,65.0,75.5,10.5,16.15,sold
2133,2025-12-08 14:00,2025-12-08,Эрдэнэс Тавантолгой ХК,Erdenes Tavan Tolgoi,Эрдэнэс Тавантолгой ХК,Coal,Нүүрс,1/3 coking coal,1/3 коксжих нүүрс,USD,94.6,94.6,0.0,0.0,sold
2132,2025-12-08 11:00,2025-12-08,Монголросцветмет ТӨҮГ,Mongolrostsvetmet (ex-Erdenes Critical Minerals),Монголросцветмет ТӨҮГ /Эрдэнэс критикал минералс ТӨҮГ/,Iron ore,Төмөр,Iron ore Fe 52%,Fe-52% Төмрийн хүдэр,USD,65.0,70.5,5.5,8.46,sold
2131,2025-12-08 11:00,2025-12-08,Эрдэнэс Тавантолгой ХК,Erdenes Tavan Tolgoi,Эрдэнэс Тавантолгой ХК,Coal,Нүүрс,"Thermal coal (bituminous, non-caking)","Эрчим хүчний нүүрс /Битумт, үл барьцалдах нүүрс/",USD,47.2,47.2,0.0,0.0,sold
2130,2025-12-08 10:00,2025-12-08,Эрдэнэс Тавантолгой ХК,Erdenes Tavan Tolgoi,Эрдэнэс Тавантолгой ХК,Coal,Нүүрс,"Thermal coal (bituminous, non-caking)","Эрчим хүчний нүүрс /Битумт, үл барьцалдах нүүрс/",USD,43.3,43.3,0.0,0.0,sold
2129,2025-12-08 10:00,2025-12-08,Энержи Ресурс ХХК,Energy Resources,Энержи Ресурс ХХК,Coal,Нүүрс,Washed coking coal,Баяжуулсан коксжих нүүрс,CNY,800.0,860.0,60.0,7.5,sold
2128,2025-12-05 14:00,2025-12-05,Эрдэнэс Тавантолгой ХК,Erdenes Tavan Tolgoi,Эрдэнэс Тавантолгой ХК,Coal,Нүүрс,1/3 coking coal,1/3 коксжих нүүрс,USD,94.6,94.6,0.0,0.0,sold
2127,2025-12-05 11:00,2025-12-05,Хангад Эксплорэйшн ХХК,Khangad Exploration,Хангад Эксплорэйшн ХХК,Coal,Нүүрс,"Эрчим хүчний нүүрс /Саб-битумт, үл барьцалдах нүүрс/","Эрчим хүчний нүүрс /Саб-битумт, үл барьцалдах нүүрс/",CNY,,,,,no_bid
2126,2025-12-05 11:00,2025-12-05,Монголросцветмет ТӨҮГ,Mongolrostsvetmet (ex-Erdenes Critical Minerals),Монголросцветмет ТӨҮГ /Эрдэнэс критикал минералс ТӨҮГ/,Iron ore,Төмөр,Iron ore Fe 52%,Fe-52% Төмрийн хүдэр,USD,65.0,68.5,3.5,5.38,sold
2125,2025-12-05 11:00,2025-12-05,Эрдэнэс Тавантолгой ХК,Erdenes Tavan Tolgoi,Эрдэнэс Тавантолгой ХК,Coal,Нүүрс,"Thermal coal (bituminous, non-caking)","Эрчим хүчний нүүрс /Битумт, үл барьцалдах нүүрс/",USD,,,,,no_bid
2124,2025-12-05 10:00,2025-12-05,Андын Илч ХХК,Андын Илч ХХК,Андын Илч ХХК,Coal,Нүүрс,Чийг багатай хүрэн нүүрс,Чийг багатай хүрэн нүүрс,CNY,140.0,140.0,0.0,0.0,sold
2123,2025-12-05 10:00,2025-12-05,Эрдэнэс Тавантолгой ХК,Erdenes Tavan Tolgoi,Эрдэнэс Тавантолгой ХК,Coal,Нүүрс,"Thermal coal (bituminous, non-caking)","Эрчим хүчний нүүрс /Битумт, үл барьцалдах нүүрс/",USD,47.2,51.7,4.5,9.53,sold
2122,2025-12-04 11:00,2025-12-04,Монголросцветмет ТӨҮГ,Mongolrostsvetmet (ex-Erdenes Critical Minerals),Монголросцветмет ТӨҮГ /Эрдэнэс критикал минералс ТӨҮГ/,Iron ore,Төмөр,Iron ore Fe 52%,Fe-52% Төмрийн хүдэр,USD,65.0,77.5,12.5,19.23,sold
2121,2025-12-04 10:00,2025-12-04,Энержи Ресурс ХХК,Energy Resources,Энержи Ресурс ХХК,Coal,Нүүрс,Washed coking coal,Баяжуулсан коксжих нүүрс,CNY,800.0,860.0,60.0,7.5,sold
2120,2025-12-04 10:00,2025-12-04,Тавантолгой ХК,Tavan Tolgoi JSC,Тавантолгой ХК,Coal,Нүүрс,Medium-volatile coking coal,"Дэгдэмхий бодис дунд, коксжих нүүрс",USD,,,,,no_bid
2119,2025-12-03 14:00,2025-12-03,Энержи Ресурс ХХК,Energy Resources,Энержи Ресурс ХХК,Coal,Нүүрс,Washed medium-ash semi-hard coking coal,"Баяжуулсан дунд зэрэг үнстэй, хагас хатуу коксжих нүүрс",CNY,350.0,390.0,40.0,11.43,sold
2118,2025-12-03 11:00,2025-12-03,Энержи Ресурс ХХК,Energy Resources,Энержи Ресурс ХХК,Coal,Нүүрс,"Эрчим хүчний нүүрс /Саб-битумт, үл барьцалдах нүүрс/","Эрчим хүчний нүүрс /Саб-битумт, үл барьцалдах нүүрс/",CNY,,,,,no_bid
2117,2025-12-03 11:00,2025-12-03,Монголросцветмет ТӨҮГ,Mongolrostsvetmet (ex-Erdenes Critical Minerals),Монголросцветмет ТӨҮГ /Эрдэнэс критикал минералс ТӨҮГ/,Iron ore,Төмөр,Iron concentrate Fe 65%,Fe-65% Төмрийн баяжмал,USD,85.0,86.0,1.0,1.18,sold
2116,2025-12-03 10:00,2025-12-03,Тавантолгой ХК,Tavan Tolgoi JSC,Тавантолгой ХК,Coal,Нүүрс,Medium-volatile coking coal,"Дэгдэмхий бодис дунд, коксжих нүүрс",USD,,,,,no_bid
2115,2025-12-03 10:00,2025-12-03,Монголросцветмет ТӨҮГ,Mongolrostsvetmet (ex-Erdenes Critical Minerals),Монголросцветмет ТӨҮГ /Эрдэнэс критикал минералс ТӨҮГ/,Iron ore,Төмөр,Iron ore Fe 52%,Fe-52% Төмрийн хүдэр,USD,65.0,78.0,13.0,20.0,sold
2114,2025-12-02 10:00,2025-12-02,Тавантолгой ХК,Tavan Tolgoi JSC,Тавантолгой ХК,Coal,Нүүрс,Medium-volatile coking coal,"Дэгдэмхий бодис дунд, коксжих нүүрс",USD,,,,,no_bid
2113,2025-12-02 10:00,2025-12-02,Энержи Ресурс ХХК,Energy Resources,Энержи Ресурс ХХК,Coal,Нүүрс,Washed coking coal,Баяжуулсан коксжих нүүрс,CNY,850.0,870.0,20.0,2.35,sold
2112,2025-12-01 14:00,2025-12-01,Энержи Ресурс ХХК,Energy Resources,Энержи Ресурс ХХК,Coal,Нүүрс,Washed medium-ash semi-hard coking coal,"Баяжуулсан дунд зэрэг үнстэй, хагас хатуу коксжих нүүрс",CNY,350.0,395.0,45.0,12.86,sold
2111,2025-12-01 10:00,2025-12-01,Тавантолгой ХК,Tavan Tolgoi JSC,Тавантолгой ХК,Coal,Нүүрс,Medium-volatile coking coal,"Дэгдэмхий бодис дунд, коксжих нүүрс",USD,,,,,no_bid
2110,2025-12-01 10:00,2025-12-01,Энержи Ресурс ХХК,Energy Resources,Энержи Ресурс ХХК,Coal,Нүүрс,Washed coking coal,Баяжуулсан коксжих нүүрс,CNY,850.0,855.0,5.0,0.59,sold
2109,2025-11-28 16:00,2025-11-28,Эрдэнэт Үйлдвэр ТӨҮГ,Erdenet Mining Corporation,Эрдэнэт Үйлдвэр ТӨҮГ,Copper,Зэс,Copper concentrate (22.35% Cu),22.35%-ийн зэсийн агуулгатай баяжмал,USD,2461.65,2491.65,30.0,1.22,sold
2108,2025-11-28 15:00,2025-11-28,Монголросцветмет ТӨҮГ,Mongolrostsvetmet (ex-Erdenes Critical Minerals),Монголросцветмет ТӨҮГ /Эрдэнэс критикал минералс ТӨҮГ/,Iron ore,Төмөр,Iron ore Fe 52%,Fe-52% Төмрийн хүдэр,USD,65.0,78.5,13.5,20.77,sold
2107,2025-11-28 14:00,2025-11-28,Тавантолгой ХК,Tavan Tolgoi JSC,Тавантолгой ХК,Coal,Нүүрс,1/3 coking coal,1/3 коксжих нүүрс,USD,65.0,77.0,12.0,18.46,sold
2106,2025-11-28 11:00,2025-11-28,Монголросцветмет ТӨҮГ,Mongolrostsvetmet (ex-Erdenes Critical Minerals),Монголросцветмет ТӨҮГ /Эрдэнэс критикал минералс ТӨҮГ/,Iron ore,Төмөр,Iron ore Fe 52%,Fe-52% Төмрийн хүдэр,USD,65.0,79.0,14.0,21.54,sold
2105,2025-11-28 11:00,2025-11-28,Хангад Эксплорэйшн ХХК,Khangad Exploration,Хангад Эксплорэйшн ХХК,Coal,Нүүрс,"Эрчим хүчний нүүрс /Саб-битумт, үл барьцалдах нүүрс/","Эрчим хүчний нүүрс /Саб-битумт, үл барьцалдах нүүрс/",CNY,,,,,no_bid
2104,2025-11-28 11:00,2025-11-28,Тавантолгой ХК,Tavan Tolgoi JSC,Тавантолгой ХК,Coal,Нүүрс,1/3 coking coal,1/3 коксжих нүүрс,USD,75.0,101.5,26.5,35.33,sold
2103,2025-11-28 10:00,2025-11-28,Энержи Ресурс ХХК,Energy Resources,Энержи Ресурс ХХК,Coal,Нүүрс,Washed coking coal,Баяжуулсан коксжих нүүрс,CNY,850.0,870.0,20.0,2.35,sold
2102,2025-11-27 14:00,2025-11-27,Энержи Ресурс ХХК,Energy Resources,Энержи Ресурс ХХК,Coal,Нүүрс,Washed medium-ash semi-hard coking coal,"Баяжуулсан дунд зэрэг үнстэй, хагас хатуу коксжих нүүрс",CNY,350.0,425.0,75.0,21.43,sold
2101,2025-11-27 11:00,2025-11-27,Энержи Ресурс ХХК,Energy Resources,Энержи Ресурс ХХК,Coal,Нүүрс,"Эрчим хүчний нүүрс /Саб-битумт, үл барьцалдах нүүрс/","Эрчим хүчний нүүрс /Саб-битумт, үл барьцалдах нүүрс/",CNY,,,,,no_bid
2100,2025-11-25 11:00,2025-11-25,Монголросцветмет ТӨҮГ,Mongolrostsvetmet (ex-Erdenes Critical Minerals),Монголросцветмет ТӨҮГ /Эрдэнэс критикал минералс ТӨҮГ/,Iron ore,Төмөр,Iron ore Fe 52%,Fe-52% Төмрийн хүдэр,USD,65.0,72.0,7.0,10.77,sold
2099,2025-11-25 11:00,2025-11-25,Тавантолгой ХК,Tavan Tolgoi JSC,Тавантолгой ХК,Coal,Нүүрс,Medium-volatile coking coal,"Дэгдэмхий бодис дунд, коксжих нүүрс",USD,,,,,no_bid
2098,2025-11-25 10:00,2025-11-25,Энержи Ресурс ХХК,Energy Resources,Энержи Ресурс ХХК,Coal,Нүүрс,Washed coking coal,Баяжуулсан коксжих нүүрс,CNY,900.0,900.0,0.0,0.0,sold
2097,2025-11-24 14:00,2025-11-24,Эрдэнэс Тавантолгой ХК,Erdenes Tavan Tolgoi,Эрдэнэс Тавантолгой ХК,Coal,Нүүрс,"Thermal coal (bituminous, non-caking)","Эрчим хүчний нүүрс /Битумт, үл барьцалдах нүүрс/",USD,43.9,43.9,0.0,0.0,sold
2096,2025-11-24 14:00,2025-11-24,Энержи Ресурс ХХК,Energy Resources,Энержи Ресурс ХХК,Coal,Нүүрс,Washed medium-ash semi-hard coking coal,"Баяжуулсан дунд зэрэг үнстэй, хагас хатуу коксжих нүүрс",CNY,350.0,430.0,80.0,22.86,sold
2095,2025-11-24 11:00,2025-11-24,Тавантолгой ХК,Tavan Tolgoi JSC,Тавантолгой ХК,Coal,Нүүрс,Medium-volatile coking coal,"Дэгдэмхий бодис дунд, коксжих нүүрс",USD,,,,,no_bid
2094,2025-11-24 11:00,2025-11-24,Эрдэнэс Тавантолгой ХК,Erdenes Tavan Tolgoi,Эрдэнэс Тавантолгой ХК,Coal,Нүүрс,"Thermal coal (bituminous, non-caking)","Эрчим хүчний нүүрс /Битумт, үл барьцалдах нүүрс/",USD,43.9,43.9,0.0,0.0,sold
2093,2025-11-24 11:00,2025-11-24,Монголросцветмет ТӨҮГ,Mongolrostsvetmet (ex-Erdenes Critical Minerals),Монголросцветмет ТӨҮГ /Эрдэнэс критикал минералс ТӨҮГ/,Iron ore,Төмөр,Iron ore Fe 52%,Fe-52% Төмрийн хүдэр,USD,65.0,79.5,14.5,22.31,sold
2092,2025-11-24 10:00,2025-11-24,Энержи Ресурс ХХК,Energy Resources,Энержи Ресурс ХХК,Coal,Нүүрс,Washed coking coal,Баяжуулсан коксжих нүүрс,CNY,900.0,905.0,5.0,0.56,sold
2091,2025-11-24 10:00,2025-11-24,Эрдэнэс Тавантолгой ХК,Erdenes Tavan Tolgoi,Эрдэнэс Тавантолгой ХК,Coal,Нүүрс,"Thermal coal (bituminous, non-caking)","Эрчим хүчний нүүрс /Битумт, үл барьцалдах нүүрс/",USD,43.9,43.9,0.0,0.0,sold
2090,2025-11-20 16:00,2025-11-20,Эрдэнэс Тавантолгой ХК,Erdenes Tavan Tolgoi,Эрдэнэс Тавантолгой ХК,Coal,Нүүрс,1/3 coking coal,1/3 коксжих нүүрс,USD,94.5,94.5,0.0,0.0,sold
2089,2025-11-20 15:00,2025-11-20,Эрдэнэс Тавантолгой ХК,Erdenes Tavan Tolgoi,Эрдэнэс Тавантолгой ХК,Coal,Нүүрс,1/3 coking coal,1/3 коксжих нүүрс,USD,,,,,no_bid
2088,2025-11-20 14:00,2025-11-20,Эрдэнэс Тавантолгой ХК,Erdenes Tavan Tolgoi,Эрдэнэс Тавантолгой ХК,Coal,Нүүрс,"Thermal coal (bituminous, non-caking)","Эрчим хүчний нүүрс /Битумт, үл барьцалдах нүүрс/",USD,43.9,43.9,0.0,0.0,sold
2087,2025-11-20 14:00,2025-11-20,Энержи Ресурс ХХК,Energy Resources,Энержи Ресурс ХХК,Coal,Нүүрс,Washed medium-ash semi-hard coking coal,"Баяжуулсан дунд зэрэг үнстэй, хагас хатуу коксжих нүүрс",CNY,330.0,445.0,115.0,34.85,sold
2086,2025-11-20 11:00,2025-11-20,Эрдэнэс Тавантолгой ХК,Erdenes Tavan Tolgoi,Эрдэнэс Тавантолгой ХК,Coal,Нүүрс,1/3 coking coal,1/3 коксжих нүүрс,USD,76.2,76.2,0.0,0.0,sold
2085,2025-11-20 11:00,2025-11-20,Монголросцветмет ТӨҮГ,Mongolrostsvetmet (ex-Erdenes Critical Minerals),Монголросцветмет ТӨҮГ /Эрдэнэс критикал минералс ТӨҮГ/,Iron ore,Төмөр,Iron ore Fe 52%,Fe-52% Төмрийн хүдэр,USD,65.0,80.0,15.0,23.08,sold
2084,2025-11-20 10:00,2025-11-20,Эрдэнэс Тавантолгой ХК,Erdenes Tavan Tolgoi,Эрдэнэс Тавантолгой ХК,Coal,Нүүрс,1/3 coking coal,1/3 коксжих нүүрс,USD,94.5,94.5,0.0,0.0,sold
2083,2025-11-20 10:00,2025-11-20,Энержи Ресурс ХХК,Energy Resources,Энержи Ресурс ХХК,Coal,Нүүрс,Washed coking coal,Баяжуулсан коксжих нүүрс,CNY,800.0,895.0,95.0,11.88,sold
2082,2025-11-19 11:00,2025-11-19,Мөнх тэнүүн оргил ХХК,Мөнх тэнүүн оргил ХХК,Мөнх тэнүүн оргил ХХК,Coal,Нүүрс,"Баяжуулсан дунд зэрэг үнслэгтэй, сул коксжих нүүрс","Баяжуулсан дунд зэрэг үнслэгтэй, сул коксжих нүүрс",CNY,330.0,330.0,0.0,0.0,sold
2081,2025-11-19 11:00,2025-11-19,Тавантолгой ХК,Tavan Tolgoi JSC,Тавантолгой ХК,Coal,Нүүрс,Medium-volatile coking coal,"Дэгдэмхий бодис дунд, коксжих нүүрс",USD,115.0,115.0,0.0,0.0,sold
2080,2025-11-19 11:00,2025-11-19,Хангад Эксплорэйшн ХХК,Khangad Exploration,Хангад Эксплорэйшн ХХК,Coal,Нүүрс,"Эрчим хүчний нүүрс /Саб-битумт, үл барьцалдах нүүрс/","Эрчим хүчний нүүрс /Саб-битумт, үл барьцалдах нүүрс/",CNY,,,,,no_bid
2079,2025-11-19 10:00,2025-11-19,Хангад Эксплорэйшн ХХК,Khangad Exploration,Хангад Эксплорэйшн ХХК,Coal,Нүүрс,Washed semi-soft coking coal,Баяжуулсан сул коксжих нүүрс,CNY,600.0,805.0,205.0,34.17,sold
2078,2025-11-18 14:00,2025-11-18,Эрдэнэс Тавантолгой ХК,Erdenes Tavan Tolgoi,Эрдэнэс Тавантолгой ХК,Coal,Нүүрс,1/3 coking coal,1/3 коксжих нүүрс,USD,,,,,no_bid
2077,2025-11-18 13:00,2025-11-18,Тавантолгой ХК,Tavan Tolgoi JSC,Тавантолгой ХК,Coal,Нүүрс,Medium-volatile coking coal,"Дэгдэмхий бодис дунд, коксжих нүүрс",USD,110.0,115.5,5.5,5.0,sold
2076,2025-11-18 11:00,2025-11-18,Тавантолгой ХК,Tavan Tolgoi JSC,Тавантолгой ХК,Coal,Нүүрс,Medium-volatile coking coal,"Дэгдэмхий бодис дунд, коксжих нүүрс",USD,,,,,no_bid
2075,2025-11-18 11:00,2025-11-18,Энержи Ресурс ХХК,Energy Resources,Энержи Ресурс ХХК,Coal,Нүүрс,"Эрчим хүчний нүүрс /Саб-битумт, үл барьцалдах нүүрс/","Эрчим хүчний нүүрс /Саб-битумт, үл барьцалдах нүүрс/",CNY,,,,,no_bid
2074,2025-11-18 11:00,2025-11-18,Эрдэнэс Тавантолгой ХК,Erdenes Tavan Tolgoi,Эрдэнэс Тавантолгой ХК,Coal,Нүүрс,1/3 coking coal,1/3 коксжих нүүрс,USD,77.1,77.1,0.0,0.0,sold
2073,2025-11-18 11:00,2025-11-18,Монголросцветмет ТӨҮГ,Mongolrostsvetmet (ex-Erdenes Critical Minerals),Монголросцветмет ТӨҮГ /Эрдэнэс критикал минералс ТӨҮГ/,Iron ore,Төмөр,Iron ore Fe 52%,Fe-52% Төмрийн хүдэр,USD,65.0,77.5,12.5,19.23,sold
2072,2025-11-18 10:00,2025-11-18,Энержи Ресурс ХХК,Energy Resources,Энержи Ресурс ХХК,Coal,Нүүрс,Washed coking coal,Баяжуулсан коксжих нүүрс,CNY,800.0,860.0,60.0,7.5,sold
2071,2025-11-17 16:00,2025-11-17,Эрдэнэс Тавантолгой ХК,Erdenes Tavan Tolgoi,Эрдэнэс Тавантолгой ХК,Coal,Нүүрс,1/3 coking coal,1/3 коксжих нүүрс,USD,77.1,77.1,0.0,0.0,sold
2070,2025-11-17 15:00,2025-11-17,Эрдэнэс Тавантолгой ХК,Erdenes Tavan Tolgoi,Эрдэнэс Тавантолгой ХК,Coal,Нүүрс,1/3 coking coal,1/3 коксжих нүүрс,USD,77.1,77.1,0.0,0.0,sold
2069,2025-11-17 14:00,2025-11-17,Эрдэнэс Тавантолгой ХК,Erdenes Tavan Tolgoi,Эрдэнэс Тавантолгой ХК,Coal,Нүүрс,Washed semi-soft coking coal,Баяжуулсан сул коксжих нүүрс,USD,98.9,102.4,3.5,3.54,sold
2068,2025-11-17 14:00,2025-11-17,Энержи Ресурс ХХК,Energy Resources,Энержи Ресурс ХХК,Coal,Нүүрс,Washed medium-ash semi-hard coking coal,"Баяжуулсан дунд зэрэг үнстэй, хагас хатуу коксжих нүүрс",CNY,330.0,430.0,100.0,30.3,sold
2067,2025-11-17 11:00,2025-11-17,Эрдэнэс Тавантолгой ХК,Erdenes Tavan Tolgoi,Эрдэнэс Тавантолгой ХК,Coal,Нүүрс,1/3 coking coal,1/3 коксжих нүүрс,USD,94.6,94.6,0.0,0.0,sold
2066,2025-11-17 10:00,2025-11-17,Энержи Ресурс ХХК,Energy Resources,Энержи Ресурс ХХК,Coal,Нүүрс,Washed coking coal,Баяжуулсан коксжих нүүрс,CNY,800.0,960.0,160.0,20.0,sold
2065,2025-11-14 16:00,2025-11-14,Эрдэнэс Тавантолгой ХК,Erdenes Tavan Tolgoi,Эрдэнэс Тавантолгой ХК,Coal,Нүүрс,1/3 coking coal,1/3 коксжих нүүрс,USD,94.4,94.4,0.0,0.0,sold
2064,2025-11-14 15:00,2025-11-14,Эрдэнэс Тавантолгой ХК,Erdenes Tavan Tolgoi,Эрдэнэс Тавантолгой ХК,Coal,Нүүрс,1/3 coking coal,1/3 коксжих нүүрс,USD,94.4,94.4,0.0,0.0,sold
2063,2025-11-14 14:00,2025-11-14,Энержи Ресурс ХХК,Energy Resources,Энержи Ресурс ХХК,Coal,Нүүрс,Washed medium-ash semi-hard coking coal,"Баяжуулсан дунд зэрэг үнстэй, хагас хатуу коксжих нүүрс",CNY,330.0,435.0,105.0,31.82,sold
2062,2025-11-14 14:00,2025-11-14,Эрдэнэс Тавантолгой ХК,Erdenes Tavan Tolgoi,Эрдэнэс Тавантолгой ХК,Coal,Нүүрс,Washed non-coking-quality coal,Баяжуулсан коксжих чанаргүй нүүрс,USD,51.5,52.4,0.9,1.75,sold
2061,2025-11-14 11:00,2025-11-14,Эрдэнэс Тавантолгой ХК,Erdenes Tavan Tolgoi,Эрдэнэс Тавантолгой ХК,Coal,Нүүрс,1/3 coking coal,1/3 коксжих нүүрс,USD,94.6,94.6,0.0,0.0,sold
2060,2025-11-14 11:00,2025-11-14,Монголросцветмет ТӨҮГ,Mongolrostsvetmet (ex-Erdenes Critical Minerals),Монголросцветмет ТӨҮГ /Эрдэнэс критикал минералс ТӨҮГ/,Iron ore,Төмөр,Iron ore Fe 52%,Fe-52% Төмрийн хүдэр,USD,65.0,74.0,9.0,13.85,sold
2059,2025-11-14 10:00,2025-11-14,Эрдэнэс Тавантолгой ХК,Erdenes Tavan Tolgoi,Эрдэнэс Тавантолгой ХК,Coal,Нүүрс,1/3 coking coal,1/3 коксжих нүүрс,USD,72.1,78.1,6.0,8.32,sold
2058,2025-11-14 10:00,2025-11-14,Энержи Ресурс ХХК,Energy Resources,Энержи Ресурс ХХК,Coal,Нүүрс,Washed coking coal,Баяжуулсан коксжих нүүрс,CNY,800.0,975.0,175.0,21.88,sold
2057,2025-11-13 14:00,2025-11-13,Мөнх тэнүүн оргил ХХК,Мөнх тэнүүн оргил ХХК,Мөнх тэнүүн оргил ХХК,Coal,Нүүрс,Washed semi-soft coking coal,Баяжуулсан сул коксжих нүүрс,USD,108.0,108.0,0.0,0.0,sold
2056,2025-11-13 11:00,2025-11-13,Эрдэнэс Тавантолгой ХК,Erdenes Tavan Tolgoi,Эрдэнэс Тавантолгой ХК,Coal,Нүүрс,Washed semi-soft coking coal,Баяжуулсан сул коксжих нүүрс,USD,98.9,98.9,0.0,0.0,sold
2055,2025-11-13 10:00,2025-11-13,Эрдэнэс Тавантолгой ХК,Erdenes Tavan Tolgoi,Эрдэнэс Тавантолгой ХК,Coal,Нүүрс,1/3 coking coal,1/3 коксжих нүүрс,USD,72.1,72.1,0.0,0.0,sold
2054,2025-11-13 10:00,2025-11-13,Энержи Ресурс ХХК,Energy Resources,Энержи Ресурс ХХК,Coal,Нүүрс,Washed coking coal,Баяжуулсан коксжих нүүрс,CNY,800.0,980.0,180.0,22.5,sold
2053,2025-11-12 11:00,2025-11-12,Хангад Эксплорэйшн ХХК,Khangad Exploration,Хангад Эксплорэйшн ХХК,Coal,Нүүрс,"Эрчим хүчний нүүрс /Саб-битумт, үл барьцалдах нүүрс/","Эрчим хүчний нүүрс /Саб-битумт, үл барьцалдах нүүрс/",CNY,,,,,no_bid
2052,2025-11-12 11:00,2025-11-12,Эрдэнэс Тавантолгой ХК,Erdenes Tavan Tolgoi,Эрдэнэс Тавантолгой ХК,Coal,Нүүрс,Washed non-coking-quality coal,Баяжуулсан коксжих чанаргүй нүүрс,USD,51.5,62.9,11.4,22.14,sold
2051,2025-11-12 11:00,2025-11-12,Монголросцветмет ТӨҮГ,Mongolrostsvetmet (ex-Erdenes Critical Minerals),Монголросцветмет ТӨҮГ /Эрдэнэс критикал минералс ТӨҮГ/,Iron ore,Төмөр,Iron ore Fe 52%,Fe-52% Төмрийн хүдэр,USD,65.0,73.0,8.0,12.31,sold
2050,2025-11-12 10:00,2025-11-12,Хангад Эксплорэйшн ХХК,Khangad Exploration,Хангад Эксплорэйшн ХХК,Coal,Нүүрс,Washed semi-soft coking coal,Баяжуулсан сул коксжих нүүрс,CNY,600.0,830.0,230.0,38.33,sold
2049,2025-11-12 10:00,2025-11-12,Эрдэнэс Тавантолгой ХК,Erdenes Tavan Tolgoi,Эрдэнэс Тавантолгой ХК,Coal,Нүүрс,1/3 coking coal,1/3 коксжих нүүрс,USD,72.1,72.1,0.0,0.0,sold
2048,2025-11-11 15:00,2025-11-11,Эрдэнэс Тавантолгой ХК,Erdenes Tavan Tolgoi,Эрдэнэс Тавантолгой ХК,Coal,Нүүрс,Washed semi-soft coking coal,Баяжуулсан сул коксжих нүүрс,USD,98.9,99.4,0.5,0.51,sold
2047,2025-11-11 14:00,2025-11-11,Эрдэнэс Тавантолгой ХК,Erdenes Tavan Tolgoi,Эрдэнэс Тавантолгой ХК,Coal,Нүүрс,1/3 coking coal,1/3 коксжих нүүрс,USD,64.4,69.9,5.5,8.54,sold
2046,2025-11-11 14:00,2025-11-11,Энержи Ресурс ХХК,Energy Resources,Энержи Ресурс ХХК,Coal,Нүүрс,Washed medium-ash semi-hard coking coal,"Баяжуулсан дунд зэрэг үнстэй, хагас хатуу коксжих нүүрс",CNY,330.0,420.0,90.0,27.27,sold
2045,2025-11-11 11:00,2025-11-11,Энержи Ресурс ХХК,Energy Resources,Энержи Ресурс ХХК,Coal,Нүүрс,"Эрчим хүчний нүүрс /Саб-битумт, үл барьцалдах нүүрс/","Эрчим хүчний нүүрс /Саб-битумт, үл барьцалдах нүүрс/",CNY,,,,,no_bid
2044,2025-11-11 11:00,2025-11-11,Эрдэнэс Тавантолгой ХК,Erdenes Tavan Tolgoi,Эрдэнэс Тавантолгой ХК,Coal,Нүүрс,1/3 coking coal,1/3 коксжих нүүрс,USD,72.1,82.1,10.0,13.87,sold
2043,2025-11-11 10:00,2025-11-11,Эрдэнэс Тавантолгой ХК,Erdenes Tavan Tolgoi,Эрдэнэс Тавантолгой ХК,Coal,Нүүрс,"Thermal coal (bituminous, non-caking)","Эрчим хүчний нүүрс /Битумт, үл барьцалдах нүүрс/",USD,,,,,no_bid
2042,2025-11-10 11:00,2025-11-10,Монголросцветмет ТӨҮГ,Mongolrostsvetmet (ex-Erdenes Critical Minerals),Монголросцветмет ТӨҮГ /Эрдэнэс критикал минералс ТӨҮГ/,Iron ore,Төмөр,Iron ore Fe 52%,Fe-52% Төмрийн хүдэр,USD,65.0,73.0,8.0,12.31,sold
2041,2025-11-10 10:00,2025-11-10,Энержи Ресурс ХХК,Energy Resources,Энержи Ресурс ХХК,Coal,Нүүрс,Washed coking coal,Баяжуулсан коксжих нүүрс,CNY,800.0,1010.0,210.0,26.25,sold
2040,2025-11-07 14:00,2025-11-07,Энержи Ресурс ХХК,Energy Resources,Энержи Ресурс ХХК,Coal,Нүүрс,Washed medium-ash semi-hard coking coal,"Баяжуулсан дунд зэрэг үнстэй, хагас хатуу коксжих нүүрс",CNY,330.0,455.0,125.0,37.88,sold
2039,2025-11-07 14:00,2025-11-07,Эрдэнэс Тавантолгой ХК,Erdenes Tavan Tolgoi,Эрдэнэс Тавантолгой ХК,Coal,Нүүрс,Washed semi-soft coking coal,Баяжуулсан сул коксжих нүүрс,USD,95.7,95.7,0.0,0.0,sold
2038,2025-11-07 11:00,2025-11-07,Монголросцветмет ТӨҮГ,Mongolrostsvetmet (ex-Erdenes Critical Minerals),Монголросцветмет ТӨҮГ /Эрдэнэс критикал минералс ТӨҮГ/,Fluorspar,Жонш,Fluorspar concentrate CaF2 95%,CaF2-95% Хайлуур жоншны баяжмал,USD,320.0,320.0,0.0,0.0,sold
2037,2025-11-07 11:00,2025-11-07,Эрдэнэс Тавантолгой ХК,Erdenes Tavan Tolgoi,Эрдэнэс Тавантолгой ХК,Coal,Нүүрс,"Thermal coal (bituminous, non-caking)","Эрчим хүчний нүүрс /Битумт, үл барьцалдах нүүрс/",USD,,,,,no_bid
2036,2025-11-07 10:00,2025-11-07,Эрдэнэс Тавантолгой ХК,Erdenes Tavan Tolgoi,Эрдэнэс Тавантолгой ХК,Coal,Нүүрс,"Thermal coal (bituminous, non-caking)","Эрчим хүчний нүүрс /Битумт, үл барьцалдах нүүрс/",USD,,,,,no_bid
2035,2025-11-06 11:00,2025-11-06,Монголросцветмет ТӨҮГ,Mongolrostsvetmet (ex-Erdenes Critical Minerals),Монголросцветмет ТӨҮГ /Эрдэнэс критикал минералс ТӨҮГ/,Iron ore,Төмөр,Iron ore Fe 52%,Fe-52% Төмрийн хүдэр,USD,65.0,72.5,7.5,11.54,sold
2034,2025-11-06 11:00,2025-11-06,Эрдэнэс Тавантолгой ХК,Erdenes Tavan Tolgoi,Эрдэнэс Тавантолгой ХК,Coal,Нүүрс,1/3 coking coal,1/3 коксжих нүүрс,USD,71.5,87.0,15.5,21.68,sold
2033,2025-11-06 10:00,2025-11-06,Энержи Ресурс ХХК,Energy Resources,Энержи Ресурс ХХК,Coal,Нүүрс,Washed coking coal,Баяжуулсан коксжих нүүрс,CNY,800.0,1025.0,225.0,28.13,sold
2032,2025-11-06 10:00,2025-11-06,Эрдэнэс Тавантолгой ХК,Erdenes Tavan Tolgoi,Эрдэнэс Тавантолгой ХК,Coal,Нүүрс,"Thermal coal (bituminous, non-caking)","Эрчим хүчний нүүрс /Битумт, үл барьцалдах нүүрс/",USD,40.3,40.3,0.0,0.0,sold
2031,2025-11-05 11:00,2025-11-05,Хангад Эксплорэйшн ХХК,Khangad Exploration,Хангад Эксплорэйшн ХХК,Coal,Нүүрс,"Эрчим хүчний нүүрс /Саб-битумт, үл барьцалдах нүүрс/","Эрчим хүчний нүүрс /Саб-битумт, үл барьцалдах нүүрс/",CNY,,,,,no_bid
2030,2025-11-05 11:00,2025-11-05,Эрдэнэс Тавантолгой ХК,Erdenes Tavan Tolgoi,Эрдэнэс Тавантолгой ХК,Coal,Нүүрс,1/3 coking coal,1/3 коксжих нүүрс,USD,71.5,86.5,15.0,20.98,sold
2029,2025-11-05 10:00,2025-11-05,Эрдэнэс Тавантолгой ХК,Erdenes Tavan Tolgoi,Эрдэнэс Тавантолгой ХК,Coal,Нүүрс,"Thermal coal (bituminous, non-caking)","Эрчим хүчний нүүрс /Битумт, үл барьцалдах нүүрс/",USD,,,,,no_bid
2028,2025-11-04 14:00,2025-11-04,Энержи Ресурс ХХК,Energy Resources,Энержи Ресурс ХХК,Coal,Нүүрс,Washed medium-ash semi-hard coking coal,"Баяжуулсан дунд зэрэг үнстэй, хагас хатуу коксжих нүүрс",CNY,330.0,420.0,90.0,27.27,sold
2027,2025-11-04 11:00,2025-11-04,Монголросцветмет ТӨҮГ,Mongolrostsvetmet (ex-Erdenes Critical Minerals),Монголросцветмет ТӨҮГ /Эрдэнэс критикал минералс ТӨҮГ/,Iron ore,Төмөр,Iron ore Fe 52%,Fe-52% Төмрийн хүдэр,USD,65.0,70.5,5.5,8.46,sold
2026,2025-11-04 11:00,2025-11-04,Өсөх Зоос ХХК,Өсөх Зоос ХХК,Өсөх Зоос ХХК,Coal,Нүүрс,"Дэгдэмхий бодис их, хийн нүүрс","Дэгдэмхий бодис их, хийн нүүрс",CNY,330.0,332.0,2.0,0.61,sold
2025,2025-11-04 11:00,2025-11-04,Энержи Ресурс ХХК,Energy Resources,Энержи Ресурс ХХК,Coal,Нүүрс,"Эрчим хүчний нүүрс /Саб-битумт, үл барьцалдах нүүрс/","Эрчим хүчний нүүрс /Саб-битумт, үл барьцалдах нүүрс/",CNY,,,,,no_bid
2024,2025-11-03 11:00,2025-11-03,Монголросцветмет ТӨҮГ,Mongolrostsvetmet (ex-Erdenes Critical Minerals),Монголросцветмет ТӨҮГ /Эрдэнэс критикал минералс ТӨҮГ/,Iron ore,Төмөр,Iron concentrate Fe 65%,Fe-65% Төмрийн баяжмал,USD,85.0,85.0,0.0,0.0,sold
2023,2025-11-03 10:00,2025-11-03,Энержи Ресурс ХХК,Energy Resources,Энержи Ресурс ХХК,Coal,Нүүрс,Washed coking coal,Баяжуулсан коксжих нүүрс,CNY,800.0,1040.0,240.0,30.0,sold
2022,2025-10-31 16:00,2025-10-31,Эрдэнэс Тавантолгой ХК,Erdenes Tavan Tolgoi,Эрдэнэс Тавантолгой ХК,Coal,Нүүрс,"Thermal coal (bituminous, non-caking)","Эрчим хүчний нүүрс /Битумт, үл барьцалдах нүүрс/",USD,43.5,43.5,0.0,0.0,sold
2021,2025-10-31 15:00,2025-10-31,Эрдэнэс Тавантолгой ХК,Erdenes Tavan Tolgoi,Эрдэнэс Тавантолгой ХК,Coal,Нүүрс,1/3 coking coal,1/3 коксжих нүүрс,USD,96.8,98.8,2.0,2.07,sold
2020,2025-10-31 14:00,2025-10-31,Энержи Ресурс ХХК,Energy Resources,Энержи Ресурс ХХК,Coal,Нүүрс,Washed medium-ash semi-hard coking coal,"Баяжуулсан дунд зэрэг үнстэй, хагас хатуу коксжих нүүрс",CNY,330.0,405.0,75.0,22.73,sold
2019,2025-10-31 14:00,2025-10-31,Эрдэнэс Тавантолгой ХК,Erdenes Tavan Tolgoi,Эрдэнэс Тавантолгой ХК,Coal,Нүүрс,1/3 coking coal,1/3 коксжих нүүрс,USD,96.8,114.8,18.0,18.6,sold
2018,2025-10-31 13:00,2025-10-31,Эрдэнэс Тавантолгой ХК,Erdenes Tavan Tolgoi,Эрдэнэс Тавантолгой ХК,Coal,Нүүрс,"Thermal coal (bituminous, non-caking)","Эрчим хүчний нүүрс /Битумт, үл барьцалдах нүүрс/",USD,48.9,48.9,0.0,0.0,sold
2017,2025-10-31 11:00,2025-10-31,Монголросцветмет ТӨҮГ,Mongolrostsvetmet (ex-Erdenes Critical Minerals),Монголросцветмет ТӨҮГ /Эрдэнэс критикал минералс ТӨҮГ/,Iron ore,Төмөр,Iron ore Fe 52%,Fe-52% Төмрийн хүдэр,USD,65.0,68.5,3.5,5.38,sold
2016,2025-10-31 11:00,2025-10-31,Эрдэнэс Тавантолгой ХК,Erdenes Tavan Tolgoi,Эрдэнэс Тавантолгой ХК,Coal,Нүүрс,Washed non-coking-quality coal,Баяжуулсан коксжих чанаргүй нүүрс,USD,51.4,57.1,5.7,11.09,sold
2015,2025-10-31 10:00,2025-10-31,Энержи Ресурс ХХК,Energy Resources,Энержи Ресурс ХХК,Coal,Нүүрс,Washed coking coal,Баяжуулсан коксжих нүүрс,CNY,800.0,1045.0,245.0,30.63,sold
2014,2025-10-31 10:00,2025-10-31,Эрдэнэс Тавантолгой ХК,Erdenes Tavan Tolgoi,Эрдэнэс Тавантолгой ХК,Coal,Нүүрс,Washed semi-soft coking coal,Баяжуулсан сул коксжих нүүрс,USD,95.7,117.7,22.0,22.99,sold
2013,2025-10-30 11:00,2025-10-30,Хангад Эксплорэйшн ХХК,Khangad Exploration,Хангад Эксплорэйшн ХХК,Coal,Нүүрс,"Эрчим хүчний нүүрс /Саб-битумт, үл барьцалдах нүүрс/","Эрчим хүчний нүүрс /Саб-битумт, үл барьцалдах нүүрс/",CNY,,,,,no_bid
2012,2025-10-29 15:00,2025-10-29,Эрдэнэт Үйлдвэр ТӨҮГ,Erdenet Mining Corporation,Эрдэнэт Үйлдвэр ТӨҮГ,Copper,Зэс,Copper concentrate (22.35% Cu),22.35%-ийн зэсийн агуулгатай баяжмал,USD,2408.26,2513.26,105.0,4.36,sold
2011,2025-10-29 14:00,2025-10-29,Энержи Ресурс ХХК,Energy Resources,Энержи Ресурс ХХК,Coal,Нүүрс,Washed medium-ash semi-hard coking coal,"Баяжуулсан дунд зэрэг үнстэй, хагас хатуу коксжих нүүрс",CNY,330.0,390.0,60.0,18.18,sold
2010,2025-10-29 11:00,2025-10-29,Монголросцветмет ТӨҮГ,Mongolrostsvetmet (ex-Erdenes Critical Minerals),Монголросцветмет ТӨҮГ /Эрдэнэс критикал минералс ТӨҮГ/,Iron ore,Төмөр,Iron ore Fe 52%,Fe-52% Төмрийн хүдэр,USD,65.0,68.5,3.5,5.38,sold
2009,2025-10-28 11:00,2025-10-28,Энержи Ресурс ХХК,Energy Resources,Энержи Ресурс ХХК,Coal,Нүүрс,"Эрчим хүчний нүүрс /Саб-битумт, үл барьцалдах нүүрс/","Эрчим хүчний нүүрс /Саб-битумт, үл барьцалдах нүүрс/",CNY,,,,,no_bid
2008,2025-10-28 10:00,2025-10-28,Энержи Ресурс ХХК,Energy Resources,Энержи Ресурс ХХК,Coal,Нүүрс,Washed coking coal,Баяжуулсан коксжих нүүрс,CNY,800.0,1005.0,205.0,25.63,sold
2007,2025-10-27 11:00,2025-10-27,Монголросцветмет ТӨҮГ,Mongolrostsvetmet (ex-Erdenes Critical Minerals),Монголросцветмет ТӨҮГ /Эрдэнэс критикал минералс ТӨҮГ/,Iron ore,Төмөр,Iron ore Fe 52%,Fe-52% Төмрийн хүдэр,USD,65.0,70.5,5.5,8.46,sold
2006,2025-10-24 14:00,2025-10-24,Энержи Ресурс ХХК,Energy Resources,Энержи Ресурс ХХК,Coal,Нүүрс,Washed medium-ash semi-hard coking coal,"Баяжуулсан дунд зэрэг үнстэй, хагас хатуу коксжих нүүрс",CNY,330.0,385.0,55.0,16.67,sold
2005,2025-10-24 11:00,2025-10-24,Хангад Эксплорэйшн ХХК,Khangad Exploration,Хангад Эксплорэйшн ХХК,Coal,Нүүрс,Washed semi-soft coking coal,Баяжуулсан сул коксжих нүүрс,CNY,600.0,870.0,270.0,45.0,sold
2004,2025-10-24 10:00,2025-10-24,Энержи Ресурс ХХК,Energy Resources,Энержи Ресурс ХХК,Coal,Нүүрс,Washed coking coal,Баяжуулсан коксжих нүүрс,CNY,800.0,990.0,190.0,23.75,sold
2003,2025-10-23 14:00,2025-10-23,Энержи Ресурс ХХК,Energy Resources,Энержи Ресурс ХХК,Coal,Нүүрс,Washed medium-ash semi-hard coking coal,"Баяжуулсан дунд зэрэг үнстэй, хагас хатуу коксжих нүүрс",CNY,330.0,405.0,75.0,22.73,sold
2002,2025-10-23 11:00,2025-10-23,Монголросцветмет ТӨҮГ,Mongolrostsvetmet (ex-Erdenes Critical Minerals),Монголросцветмет ТӨҮГ /Эрдэнэс критикал минералс ТӨҮГ/,Iron ore,Төмөр,Iron ore Fe 52%,Fe-52% Төмрийн хүдэр,USD,65.0,68.0,3.0,4.62,sold
2001,2025-10-23 11:00,2025-10-23,Хангад Эксплорэйшн ХХК,Khangad Exploration,Хангад Эксплорэйшн ХХК,Coal,Нүүрс,"Эрчим хүчний нүүрс /Саб-битумт, үл барьцалдах нүүрс/","Эрчим хүчний нүүрс /Саб-битумт, үл барьцалдах нүүрс/",CNY,,,,,no_bid
2000,2025-10-23 10:00,2025-10-23,Энержи Ресурс ХХК,Energy Resources,Энержи Ресурс ХХК,Coal,Нүүрс,Washed coking coal,Баяжуулсан коксжих нүүрс,CNY,800.0,1000.0,200.0,25.0,sold
1999,2025-10-22 14:00,2025-10-22,Энержи Ресурс ХХК,Energy Resources,Энержи Ресурс ХХК,Coal,Нүүрс,Washed medium-ash semi-hard coking coal,"Баяжуулсан дунд зэрэг үнстэй, хагас хатуу коксжих нүүрс",CNY,330.0,405.0,75.0,22.73,sold
1998,2025-10-22 14:00,2025-10-22,Тавантолгой ХК,Tavan Tolgoi JSC,Тавантолгой ХК,Coal,Нүүрс,1/2 барьцалдах нүүрс,1/2 барьцалдах нүүрс,USD,36.0,58.0,22.0,61.11,sold
1997,2025-10-22 11:00,2025-10-22,Тавантолгой ХК,Tavan Tolgoi JSC,Тавантолгой ХК,Coal,Нүүрс,1/2 барьцалдах нүүрс,1/2 барьцалдах нүүрс,USD,36.0,64.0,28.0,77.78,sold
1996,2025-10-22 10:00,2025-10-22,Энержи Ресурс ХХК,Energy Resources,Энержи Ресурс ХХК,Coal,Нүүрс,Washed coking coal,Баяжуулсан коксжих нүүрс,CNY,800.0,975.0,175.0,21.88,sold
1995,2025-10-21 14:00,2025-10-21,Энержи Ресурс ХХК,Energy Resources,Энержи Ресурс ХХК,Coal,Нүүрс,Washed medium-ash semi-hard coking coal,"Баяжуулсан дунд зэрэг үнстэй, хагас хатуу коксжих нүүрс",CNY,330.0,400.0,70.0,21.21,sold
1994,2025-10-21 11:00,2025-10-21,Монголросцветмет ТӨҮГ,Mongolrostsvetmet (ex-Erdenes Critical Minerals),Монголросцветмет ТӨҮГ /Эрдэнэс критикал минералс ТӨҮГ/,Iron ore,Төмөр,Iron ore Fe 52%,Fe-52% Төмрийн хүдэр,USD,65.0,71.0,6.0,9.23,sold
1993,2025-10-21 11:00,2025-10-21,Энержи Ресурс ХХК,Energy Resources,Энержи Ресурс ХХК,Coal,Нүүрс,"Эрчим хүчний нүүрс /Саб-битумт, үл барьцалдах нүүрс/","Эрчим хүчний нүүрс /Саб-битумт, үл барьцалдах нүүрс/",CNY,,,,,no_bid
1992,2025-10-21 10:00,2025-10-21,Энержи Ресурс ХХК,Energy Resources,Энержи Ресурс ХХК,Coal,Нүүрс,Washed coking coal,Баяжуулсан коксжих нүүрс,CNY,800.0,975.0,175.0,21.88,sold
1991,2025-10-20 14:00,2025-10-20,Энержи Ресурс ХХК,Energy Resources,Энержи Ресурс ХХК,Coal,Нүүрс,Washed medium-ash semi-hard coking coal,"Баяжуулсан дунд зэрэг үнстэй, хагас хатуу коксжих нүүрс",CNY,330.0,390.0,60.0,18.18,sold
1990,2025-10-20 10:00,2025-10-20,Энержи Ресурс ХХК,Energy Resources,Энержи Ресурс ХХК,Coal,Нүүрс,Washed coking coal,Баяжуулсан коксжих нүүрс,CNY,800.0,970.0,170.0,21.25,sold
1989,2025-10-17 14:00,2025-10-17,Энержи Ресурс ХХК,Energy Resources,Энержи Ресурс ХХК,Coal,Нүүрс,Washed medium-ash semi-hard coking coal,"Баяжуулсан дунд зэрэг үнстэй, хагас хатуу коксжих нүүрс",CNY,330.0,380.0,50.0,15.15,sold
1988,2025-10-17 11:00,2025-10-17,Монголросцветмет ТӨҮГ,Mongolrostsvetmet (ex-Erdenes Critical Minerals),Монголросцветмет ТӨҮГ /Эрдэнэс критикал минералс ТӨҮГ/,Iron ore,Төмөр,Iron ore Fe 52%,Fe-52% Төмрийн хүдэр,USD,65.0,68.0,3.0,4.62,sold
1987,2025-10-17 11:00,2025-10-17,Очир мандал хайрхан ХХК,Очир мандал хайрхан ХХК,Очир мандал хайрхан ХХК,Fluorspar,Жонш,Fluorspar ore CaF2 <55%,CaF2 <55% Хайлуур жоншны хүдэр,CNY,580.0,583.0,3.0,0.52,sold
1986,2025-10-17 11:00,2025-10-17,Тавантолгой ХК,Tavan Tolgoi JSC,Тавантолгой ХК,Coal,Нүүрс,1/3 coking coal,1/3 коксжих нүүрс,USD,60.8,63.8,3.0,4.93,sold
1985,2025-10-17 10:00,2025-10-17,Энержи Ресурс ХХК,Energy Resources,Энержи Ресурс ХХК,Coal,Нүүрс,Washed coking coal,Баяжуулсан коксжих нүүрс,CNY,800.0,945.0,145.0,18.13,sold
1984,2025-10-16 14:00,2025-10-16,Энержи Ресурс ХХК,Energy Resources,Энержи Ресурс ХХК,Coal,Нүүрс,Washed medium-ash semi-hard coking coal,"Баяжуулсан дунд зэрэг үнстэй, хагас хатуу коксжих нүүрс",CNY,330.0,375.0,45.0,13.64,sold
1983,2025-10-16 11:00,2025-10-16,Хангад Эксплорэйшн ХХК,Khangad Exploration,Хангад Эксплорэйшн ХХК,Coal,Нүүрс,"Эрчим хүчний нүүрс /Саб-битумт, үл барьцалдах нүүрс/","Эрчим хүчний нүүрс /Саб-битумт, үл барьцалдах нүүрс/",CNY,,,,,no_bid
1982,2025-10-16 10:00,2025-10-16,Энержи Ресурс ХХК,Energy Resources,Энержи Ресурс ХХК,Coal,Нүүрс,Washed coking coal,Баяжуулсан коксжих нүүрс,CNY,800.0,915.0,115.0,14.38,sold
1981,2025-10-15 14:00,2025-10-15,Энержи Ресурс ХХК,Energy Resources,Энержи Ресурс ХХК,Coal,Нүүрс,Washed medium-ash semi-hard coking coal,"Баяжуулсан дунд зэрэг үнстэй, хагас хатуу коксжих нүүрс",CNY,330.0,380.0,50.0,15.15,sold
1980,2025-10-15 14:00,2025-10-15,Саусгоби Даймонд ХХК,Саусгоби Даймонд ХХК,Саусгоби Даймонд ХХК,Coal,Нүүрс,Washed non-coking-quality coal,Баяжуулсан коксжих чанаргүй нүүрс,USD,47.0,47.0,0.0,0.0,sold
1979,2025-10-15 11:00,2025-10-15,Монголросцветмет ТӨҮГ,Mongolrostsvetmet (ex-Erdenes Critical Minerals),Монголросцветмет ТӨҮГ /Эрдэнэс критикал минералс ТӨҮГ/,Iron ore,Төмөр,Iron ore Fe 52%,Fe-52% Төмрийн хүдэр,USD,65.0,70.5,5.5,8.46,sold
1978,2025-10-15 10:00,2025-10-15,Энержи Ресурс ХХК,Energy Resources,Энержи Ресурс ХХК,Coal,Нүүрс,Washed coking coal,Баяжуулсан коксжих нүүрс,CNY,800.0,930.0,130.0,16.25,sold
1977,2025-10-15 10:00,2025-10-15,Эрдэнэс Тавантолгой ХК,Erdenes Tavan Tolgoi,Эрдэнэс Тавантолгой ХК,Coal,Нүүрс,Washed non-coking-quality coal,Баяжуулсан коксжих чанаргүй нүүрс,USD,47.6,52.4,4.8,10.08,sold
1976,2025-10-15 10:00,2025-10-15,Саусгоби Даймонд ХХК,Саусгоби Даймонд ХХК,Саусгоби Даймонд ХХК,Coal,Нүүрс,Washed non-coking-quality coal,Баяжуулсан коксжих чанаргүй нүүрс,USD,47.0,47.0,0.0,0.0,sold
1975,2025-10-14 14:00,2025-10-14,Энержи Ресурс ХХК,Energy Resources,Энержи Ресурс ХХК,Coal,Нүүрс,Washed medium-ash semi-hard coking coal,"Баяжуулсан дунд зэрэг үнстэй, хагас хатуу коксжих нүүрс",CNY,330.0,365.0,35.0,10.61,sold
1974,2025-10-14 11:00,2025-10-14,Энержи Ресурс ХХК,Energy Resources,Энержи Ресурс ХХК,Coal,Нүүрс,"Эрчим хүчний нүүрс /Саб-битумт, үл барьцалдах нүүрс/","Эрчим хүчний нүүрс /Саб-битумт, үл барьцалдах нүүрс/",CNY,,,,,no_bid
1973,2025-10-14 10:00,2025-10-14,Энержи Ресурс ХХК,Energy Resources,Энержи Ресурс ХХК,Coal,Нүүрс,Washed coking coal,Баяжуулсан коксжих нүүрс,CNY,800.0,925.0,125.0,15.63,sold
1972,2025-10-13 14:00,2025-10-13,Энержи Ресурс ХХК,Energy Resources,Энержи Ресурс ХХК,Coal,Нүүрс,Washed medium-ash semi-hard coking coal,"Баяжуулсан дунд зэрэг үнстэй, хагас хатуу коксжих нүүрс",CNY,330.0,365.0,35.0,10.61,sold
1971,2025-10-13 11:00,2025-10-13,Монголросцветмет ТӨҮГ,Mongolrostsvetmet (ex-Erdenes Critical Minerals),Монголросцветмет ТӨҮГ /Эрдэнэс критикал минералс ТӨҮГ/,Iron ore,Төмөр,Iron ore Fe 52%,Fe-52% Төмрийн хүдэр,USD,65.0,69.5,4.5,6.92,sold
1970,2025-10-13 10:00,2025-10-13,Энержи Ресурс ХХК,Energy Resources,Энержи Ресурс ХХК,Coal,Нүүрс,Washed coking coal,Баяжуулсан коксжих нүүрс,CNY,800.0,920.0,120.0,15.0,sold
1969,2025-10-10 14:00,2025-10-10,Энержи Ресурс ХХК,Energy Resources,Энержи Ресурс ХХК,Coal,Нүүрс,Washed medium-ash semi-hard coking coal,"Баяжуулсан дунд зэрэг үнстэй, хагас хатуу коксжих нүүрс",CNY,330.0,355.0,25.0,7.58,sold
1968,2025-10-10 11:00,2025-10-10,Монголросцветмет ТӨҮГ,Mongolrostsvetmet (ex-Erdenes Critical Minerals),Монголросцветмет ТӨҮГ /Эрдэнэс критикал минералс ТӨҮГ/,Fluorspar,Жонш,Fluorspar concentrate CaF2 95%,CaF2-95% Хайлуур жоншны баяжмал,USD,320.0,320.0,0.0,0.0,sold
1967,2025-10-10 10:00,2025-10-10,Энержи Ресурс ХХК,Energy Resources,Энержи Ресурс ХХК,Coal,Нүүрс,Washed coking coal,Баяжуулсан коксжих нүүрс,CNY,800.0,920.0,120.0,15.0,sold
1966,2025-10-09 14:00,2025-10-09,Энержи Ресурс ХХК,Energy Resources,Энержи Ресурс ХХК,Coal,Нүүрс,Washed medium-ash semi-hard coking coal,"Баяжуулсан дунд зэрэг үнстэй, хагас хатуу коксжих нүүрс",CNY,330.0,350.0,20.0,6.06,sold
1965,2025-10-09 11:00,2025-10-09,Хангад Эксплорэйшн ХХК,Khangad Exploration,Хангад Эксплорэйшн ХХК,Coal,Нүүрс,"Эрчим хүчний нүүрс /Саб-битумт, үл барьцалдах нүүрс/","Эрчим хүчний нүүрс /Саб-битумт, үл барьцалдах нүүрс/",CNY,,,,,no_bid
1964,2025-10-09 11:00,2025-10-09,Монголросцветмет ТӨҮГ,Mongolrostsvetmet (ex-Erdenes Critical Minerals),Монголросцветмет ТӨҮГ /Эрдэнэс критикал минералс ТӨҮГ/,Iron ore,Төмөр,Iron ore Fe 52%,Fe-52% Төмрийн хүдэр,USD,65.0,72.0,7.0,10.77,sold
1963,2025-10-09 10:00,2025-10-09,Энержи Ресурс ХХК,Energy Resources,Энержи Ресурс ХХК,Coal,Нүүрс,Washed coking coal,Баяжуулсан коксжих нүүрс,CNY,800.0,895.0,95.0,11.88,sold
1962,2025-10-08 15:00,2025-10-08,Эрдэнэс Тавантолгой ХК,Erdenes Tavan Tolgoi,Эрдэнэс Тавантолгой ХК,Coal,Нүүрс,"Thermal coal (bituminous, non-caking)","Эрчим хүчний нүүрс /Битумт, үл барьцалдах нүүрс/",USD,44.5,48.4,3.9,8.76,sold
1961,2025-10-08 14:00,2025-10-08,Энержи Ресурс ХХК,Energy Resources,Энержи Ресурс ХХК,Coal,Нүүрс,Washed medium-ash semi-hard coking coal,"Баяжуулсан дунд зэрэг үнстэй, хагас хатуу коксжих нүүрс",CNY,330.0,345.0,15.0,4.55,sold
1960,2025-10-08 14:00,2025-10-08,Эрдэнэс Тавантолгой ХК,Erdenes Tavan Tolgoi,Эрдэнэс Тавантолгой ХК,Coal,Нүүрс,"Thermal coal (bituminous, non-caking)","Эрчим хүчний нүүрс /Битумт, үл барьцалдах нүүрс/",USD,40.8,40.8,0.0,0.0,sold
1959,2025-10-08 10:00,2025-10-08,Энержи Ресурс ХХК,Energy Resources,Энержи Ресурс ХХК,Coal,Нүүрс,Washed coking coal,Баяжуулсан коксжих нүүрс,CNY,800.0,880.0,80.0,10.0,sold
1958,2025-10-07 14:00,2025-10-07,Энержи Ресурс ХХК,Energy Resources,Энержи Ресурс ХХК,Coal,Нүүрс,Washed medium-ash semi-hard coking coal,"Баяжуулсан дунд зэрэг үнстэй, хагас хатуу коксжих нүүрс",CNY,330.0,345.0,15.0,4.55,sold
1957,2025-10-07 14:00,2025-10-07,Тавантолгой ХК,Tavan Tolgoi JSC,Тавантолгой ХК,Coal,Нүүрс,1/3 coking coal,1/3 коксжих нүүрс,USD,,,,,no_bid
1956,2025-10-07 11:00,2025-10-07,Энержи Ресурс ХХК,Energy Resources,Энержи Ресурс ХХК,Coal,Нүүрс,"Эрчим хүчний нүүрс /Саб-битумт, үл барьцалдах нүүрс/","Эрчим хүчний нүүрс /Саб-битумт, үл барьцалдах нүүрс/",CNY,,,,,no_bid
1955,2025-10-07 11:00,2025-10-07,Монголросцветмет ТӨҮГ,Mongolrostsvetmet (ex-Erdenes Critical Minerals),Монголросцветмет ТӨҮГ /Эрдэнэс критикал минералс ТӨҮГ/,Iron ore,Төмөр,Iron ore Fe 52%,Fe-52% Төмрийн хүдэр,USD,65.0,73.0,8.0,12.31,sold
1954,2025-10-07 10:00,2025-10-07,Энержи Ресурс ХХК,Energy Resources,Энержи Ресурс ХХК,Coal,Нүүрс,Washed coking coal,Баяжуулсан коксжих нүүрс,CNY,800.0,885.0,85.0,10.63,sold
1953,2025-10-06 16:00,2025-10-06,Эрдэнэс Тавантолгой ХК,Erdenes Tavan Tolgoi,Эрдэнэс Тавантолгой ХК,Coal,Нүүрс,1/3 coking coal,1/3 коксжих нүүрс,USD,92.6,92.6,0.0,0.0,sold
1952,2025-10-06 15:00,2025-10-06,Эрдэнэс Тавантолгой ХК,Erdenes Tavan Tolgoi,Эрдэнэс Тавантолгой ХК,Coal,Нүүрс,1/3 coking coal,1/3 коксжих нүүрс,USD,92.6,92.6,0.0,0.0,sold
1951,2025-10-06 14:00,2025-10-06,Энержи Ресурс ХХК,Energy Resources,Энержи Ресурс ХХК,Coal,Нүүрс,Washed medium-ash semi-hard coking coal,"Баяжуулсан дунд зэрэг үнстэй, хагас хатуу коксжих нүүрс",CNY,330.0,345.0,15.0,4.55,sold
1950,2025-10-06 14:00,2025-10-06,Эрдэнэс Тавантолгой ХК,Erdenes Tavan Tolgoi,Эрдэнэс Тавантолгой ХК,Coal,Нүүрс,1/3 coking coal,1/3 коксжих нүүрс,USD,92.6,100.6,8.0,8.64,sold
1949,2025-10-06 11:00,2025-10-06,Монголросцветмет ТӨҮГ,Mongolrostsvetmet (ex-Erdenes Critical Minerals),Монголросцветмет ТӨҮГ /Эрдэнэс критикал минералс ТӨҮГ/,Iron ore,Төмөр,Iron concentrate Fe 65%,Fe-65% Төмрийн баяжмал,USD,85.0,85.5,0.5,0.59,sold
1948,2025-10-06 11:00,2025-10-06,Эрдэнэс Тавантолгой ХК,Erdenes Tavan Tolgoi,Эрдэнэс Тавантолгой ХК,Coal,Нүүрс,Washed coking coal,Баяжуулсан коксжих нүүрс,USD,163.6,165.6,2.0,1.22,sold
1947,2025-10-06 10:00,2025-10-06,Энержи Ресурс ХХК,Energy Resources,Энержи Ресурс ХХК,Coal,Нүүрс,Washed coking coal,Баяжуулсан коксжих нүүрс,CNY,800.0,900.0,100.0,12.5,sold
1946,2025-10-03 14:00,2025-10-03,Энержи Ресурс ХХК,Energy Resources,Энержи Ресурс ХХК,Coal,Нүүрс,Washed medium-ash semi-hard coking coal,"Баяжуулсан дунд зэрэг үнстэй, хагас хатуу коксжих нүүрс",CNY,330.0,345.0,15.0,4.55,sold
1945,2025-10-03 11:00,2025-10-03,Монголросцветмет ТӨҮГ,Mongolrostsvetmet (ex-Erdenes Critical Minerals),Монголросцветмет ТӨҮГ /Эрдэнэс критикал минералс ТӨҮГ/,Iron ore,Төмөр,Iron ore Fe 52%,Fe-52% Төмрийн хүдэр,USD,65.0,70.5,5.5,8.46,sold
1944,2025-10-02 11:00,2025-10-02,Монголросцветмет ТӨҮГ,Mongolrostsvetmet (ex-Erdenes Critical Minerals),Монголросцветмет ТӨҮГ /Эрдэнэс критикал минералс ТӨҮГ/,Iron ore,Төмөр,Iron ore Fe 52%,Fe-52% Төмрийн хүдэр,USD,65.0,73.0,8.0,12.31,sold
1943,2025-10-02 10:00,2025-10-02,Энержи Ресурс ХХК,Energy Resources,Энержи Ресурс ХХК,Coal,Нүүрс,Washed coking coal,Баяжуулсан коксжих нүүрс,CNY,800.0,900.0,100.0,12.5,sold
1942,2025-10-01 14:00,2025-10-01,Энержи Ресурс ХХК,Energy Resources,Энержи Ресурс ХХК,Coal,Нүүрс,Washed medium-ash semi-hard coking coal,"Баяжуулсан дунд зэрэг үнстэй, хагас хатуу коксжих нүүрс",CNY,330.0,350.0,20.0,6.06,sold
1941,2025-10-01 11:00,2025-10-01,Монголросцветмет ТӨҮГ,Mongolrostsvetmet (ex-Erdenes Critical Minerals),Монголросцветмет ТӨҮГ /Эрдэнэс критикал минералс ТӨҮГ/,Iron ore,Төмөр,Iron concentrate Fe 65%,Fe-65% Төмрийн баяжмал,USD,85.0,85.0,0.0,0.0,sold
1940,2025-09-30 16:00,2025-09-30,Эрдэнэс Тавантолгой ХК,Erdenes Tavan Tolgoi,Эрдэнэс Тавантолгой ХК,Coal,Нүүрс,"Thermal coal (bituminous, non-caking)","Эрчим хүчний нүүрс /Битумт, үл барьцалдах нүүрс/",USD,40.0,40.0,0.0,0.0,sold
1939,2025-09-30 15:00,2025-09-30,Эрдэнэс Тавантолгой ХК,Erdenes Tavan Tolgoi,Эрдэнэс Тавантолгой ХК,Coal,Нүүрс,"Thermal coal (bituminous, non-caking)","Эрчим хүчний нүүрс /Битумт, үл барьцалдах нүүрс/",USD,40.0,40.0,0.0,0.0,sold
1938,2025-09-30 14:00,2025-09-30,Эрдэнэс Тавантолгой ХК,Erdenes Tavan Tolgoi,Эрдэнэс Тавантолгой ХК,Coal,Нүүрс,"Thermal coal (bituminous, non-caking)","Эрчим хүчний нүүрс /Битумт, үл барьцалдах нүүрс/",USD,,,,,no_bid
1937,2025-09-30 14:00,2025-09-30,Энержи Ресурс ХХК,Energy Resources,Энержи Ресурс ХХК,Coal,Нүүрс,Washed medium-ash semi-hard coking coal,"Баяжуулсан дунд зэрэг үнстэй, хагас хатуу коксжих нүүрс",CNY,330.0,350.0,20.0,6.06,sold
1936,2025-09-30 11:00,2025-09-30,Хангад Эксплорэйшн ХХК,Khangad Exploration,Хангад Эксплорэйшн ХХК,Coal,Нүүрс,"Эрчим хүчний нүүрс /Саб-битумт, үл барьцалдах нүүрс/","Эрчим хүчний нүүрс /Саб-битумт, үл барьцалдах нүүрс/",CNY,,,,,no_bid
1935,2025-09-30 11:00,2025-09-30,Эрдэнэс Тавантолгой ХК,Erdenes Tavan Tolgoi,Эрдэнэс Тавантолгой ХК,Coal,Нүүрс,1/3 coking coal,1/3 коксжих нүүрс,USD,64.6,71.6,7.0,10.84,sold
1934,2025-09-30 10:00,2025-09-30,Эрдэнэс Тавантолгой ХК,Erdenes Tavan Tolgoi,Эрдэнэс Тавантолгой ХК,Coal,Нүүрс,"Thermal coal (bituminous, non-caking)","Эрчим хүчний нүүрс /Битумт, үл барьцалдах нүүрс/",USD,35.0,35.0,0.0,0.0,sold
1933,2025-09-30 10:00,2025-09-30,Энержи Ресурс ХХК,Energy Resources,Энержи Ресурс ХХК,Coal,Нүүрс,Washed coking coal,Баяжуулсан коксжих нүүрс,CNY,800.0,905.0,105.0,13.13,sold
1932,2025-09-29 16:00,2025-09-29,Эрдэнэт Үйлдвэр ТӨҮГ,Erdenet Mining Corporation,Эрдэнэт Үйлдвэр ТӨҮГ,Copper,Зэс,Copper concentrate (22.35% Cu),22.35%-ийн зэсийн агуулгатай баяжмал,USD,2250.61,2300.61,50.0,2.22,sold
1931,2025-09-29 14:00,2025-09-29,Тавантолгой ХК,Tavan Tolgoi JSC,Тавантолгой ХК,Coal,Нүүрс,1/3 coking coal,1/3 коксжих нүүрс,USD,60.8,60.8,0.0,0.0,sold
1930,2025-09-29 11:00,2025-09-29,Монголросцветмет ТӨҮГ,Mongolrostsvetmet (ex-Erdenes Critical Minerals),Монголросцветмет ТӨҮГ /Эрдэнэс критикал минералс ТӨҮГ/,Iron ore,Төмөр,Iron ore Fe 52%,Fe-52% Төмрийн хүдэр,USD,65.0,72.5,7.5,11.54,sold
1929,2025-09-29 11:00,2025-09-29,Энержи Ресурс ХХК,Energy Resources,Энержи Ресурс ХХК,Coal,Нүүрс,"Эрчим хүчний нүүрс /Саб-битумт, үл барьцалдах нүүрс/","Эрчим хүчний нүүрс /Саб-битумт, үл барьцалдах нүүрс/",CNY,,,,,no_bid
1928,2025-09-29 11:00,2025-09-29,Эрдэнэс Тавантолгой ХК,Erdenes Tavan Tolgoi,Эрдэнэс Тавантолгой ХК,Coal,Нүүрс,"Thermal coal (bituminous, non-caking)","Эрчим хүчний нүүрс /Битумт, үл барьцалдах нүүрс/",USD,40.0,40.0,0.0,0.0,sold
1927,2025-09-29 10:00,2025-09-29,Андын Илч ХХК,Андын Илч ХХК,Андын Илч ХХК,Coal,Нүүрс,Чийг багатай хүрэн нүүрс,Чийг багатай хүрэн нүүрс,CNY,140.0,140.0,0.0,0.0,sold
1926,2025-09-29 10:00,2025-09-29,Эрдэнэс Тавантолгой ХК,Erdenes Tavan Tolgoi,Эрдэнэс Тавантолгой ХК,Coal,Нүүрс,"Thermal coal (bituminous, non-caking)","Эрчим хүчний нүүрс /Битумт, үл барьцалдах нүүрс/",USD,40.0,40.0,0.0,0.0,sold
1925,2025-09-26 14:00,2025-09-26,Энержи Ресурс ХХК,Energy Resources,Энержи Ресурс ХХК,Coal,Нүүрс,Washed medium-ash semi-hard coking coal,"Баяжуулсан дунд зэрэг үнстэй, хагас хатуу коксжих нүүрс",CNY,330.0,340.0,10.0,3.03,sold
1924,2025-09-26 14:00,2025-09-26,Эрдэнэс Тавантолгой ХК,Erdenes Tavan Tolgoi,Эрдэнэс Тавантолгой ХК,Coal,Нүүрс,Washed non-coking-quality coal,Баяжуулсан коксжих чанаргүй нүүрс,USD,45.0,54.9,9.9,22.0,sold
1923,2025-09-26 11:00,2025-09-26,Энержи Ресурс ХХК,Energy Resources,Энержи Ресурс ХХК,Coal,Нүүрс,"Эрчим хүчний нүүрс /Саб-битумт, үл барьцалдах нүүрс/","Эрчим хүчний нүүрс /Саб-битумт, үл барьцалдах нүүрс/",CNY,,,,,no_bid
1922,2025-09-26 10:00,2025-09-26,Эрдэнэс Тавантолгой ХК,Erdenes Tavan Tolgoi,Эрдэнэс Тавантолгой ХК,Coal,Нүүрс,"Thermal coal (bituminous, non-caking)","Эрчим хүчний нүүрс /Битумт, үл барьцалдах нүүрс/",USD,35.0,35.0,0.0,0.0,sold
1921,2025-09-26 10:00,2025-09-26,Андын Илч ХХК,Андын Илч ХХК,Андын Илч ХХК,Coal,Нүүрс,Чийг багатай хүрэн нүүрс,Чийг багатай хүрэн нүүрс,CNY,140.0,140.0,0.0,0.0,sold
1920,2025-09-25 11:00,2025-09-25,Монголросцветмет ТӨҮГ,Mongolrostsvetmet (ex-Erdenes Critical Minerals),Монголросцветмет ТӨҮГ /Эрдэнэс критикал минералс ТӨҮГ/,Iron ore,Төмөр,Iron ore Fe 52%,Fe-52% Төмрийн хүдэр,USD,65.0,72.0,7.0,10.77,sold
1919,2025-09-25 11:00,2025-09-25,Хангад Эксплорэйшн ХХК,Khangad Exploration,Хангад Эксплорэйшн ХХК,Coal,Нүүрс,"Эрчим хүчний нүүрс /Саб-битумт, үл барьцалдах нүүрс/","Эрчим хүчний нүүрс /Саб-битумт, үл барьцалдах нүүрс/",CNY,,,,,no_bid
1918,2025-09-25 11:00,2025-09-25,Эрдэнэс Тавантолгой ХК,Erdenes Tavan Tolgoi,Эрдэнэс Тавантолгой ХК,Coal,Нүүрс,"Thermal coal (bituminous, non-caking)","Эрчим хүчний нүүрс /Битумт, үл барьцалдах нүүрс/",USD,40.0,51.7,11.7,29.25,sold
1917,2025-09-25 10:00,2025-09-25,Энержи Ресурс ХХК,Energy Resources,Энержи Ресурс ХХК,Coal,Нүүрс,Washed coking coal,Баяжуулсан коксжих нүүрс,CNY,800.0,920.0,120.0,15.0,sold
1916,2025-09-25 10:00,2025-09-25,Эрдэнэс Тавантолгой ХК,Erdenes Tavan Tolgoi,Эрдэнэс Тавантолгой ХК,Coal,Нүүрс,Washed semi-soft coking coal,Баяжуулсан сул коксжих нүүрс,USD,90.4,100.4,10.0,11.06,sold
1915,2025-09-24 14:00,2025-09-24,Энержи Ресурс ХХК,Energy Resources,Энержи Ресурс ХХК,Coal,Нүүрс,Washed medium-ash semi-hard coking coal,"Баяжуулсан дунд зэрэг үнстэй, хагас хатуу коксжих нүүрс",CNY,330.0,365.0,35.0,10.61,sold
1914,2025-09-24 14:00,2025-09-24,Эрдэнэс Тавантолгой ХК,Erdenes Tavan Tolgoi,Эрдэнэс Тавантолгой ХК,Coal,Нүүрс,1/3 coking coal,1/3 коксжих нүүрс,USD,64.6,67.6,3.0,4.64,sold
1913,2025-09-24 11:00,2025-09-24,Хангад Эксплорэйшн ХХК,Khangad Exploration,Хангад Эксплорэйшн ХХК,Coal,Нүүрс,"Эрчим хүчний нүүрс /Саб-битумт, үл барьцалдах нүүрс/","Эрчим хүчний нүүрс /Саб-битумт, үл барьцалдах нүүрс/",CNY,,,,,no_bid
1912,2025-09-24 10:00,2025-09-24,Эрдэнэс Тавантолгой ХК,Erdenes Tavan Tolgoi,Эрдэнэс Тавантолгой ХК,Coal,Нүүрс,Washed semi-soft coking coal,Баяжуулсан сул коксжих нүүрс,USD,90.4,97.9,7.5,8.3,sold
1911,2025-09-23 15:00,2025-09-23,Эрдэнэс Тавантолгой ХК,Erdenes Tavan Tolgoi,Эрдэнэс Тавантолгой ХК,Coal,Нүүрс,"Thermal coal (bituminous, non-caking)","Эрчим хүчний нүүрс /Битумт, үл барьцалдах нүүрс/",USD,35.0,41.0,6.0,17.14,sold
1910,2025-09-23 14:00,2025-09-23,Энержи Ресурс ХХК,Energy Resources,Энержи Ресурс ХХК,Coal,Нүүрс,Washed medium-ash semi-hard coking coal,"Баяжуулсан дунд зэрэг үнстэй, хагас хатуу коксжих нүүрс",CNY,330.0,370.0,40.0,12.12,sold
1909,2025-09-23 14:00,2025-09-23,Эрдэнэс Тавантолгой ХК,Erdenes Tavan Tolgoi,Эрдэнэс Тавантолгой ХК,Coal,Нүүрс,Washed semi-soft coking coal,Баяжуулсан сул коксжих нүүрс,USD,90.4,94.9,4.5,4.98,sold
1908,2025-09-23 11:00,2025-09-23,Монголросцветмет ТӨҮГ,Mongolrostsvetmet (ex-Erdenes Critical Minerals),Монголросцветмет ТӨҮГ /Эрдэнэс критикал минералс ТӨҮГ/,Iron ore,Төмөр,Iron ore Fe 52%,Fe-52% Төмрийн хүдэр,USD,65.0,71.5,6.5,10.0,sold
1907,2025-09-23 11:00,2025-09-23,Эрдэнэс Тавантолгой ХК,Erdenes Tavan Tolgoi,Эрдэнэс Тавантолгой ХК,Coal,Нүүрс,Washed semi-soft coking coal,Баяжуулсан сул коксжих нүүрс,USD,90.4,94.9,4.5,4.98,sold
1906,2025-09-22 14:00,2025-09-22,Эрдэнэс Тавантолгой ХК,Erdenes Tavan Tolgoi,Эрдэнэс Тавантолгой ХК,Coal,Нүүрс,Washed semi-soft coking coal,Баяжуулсан сул коксжих нүүрс,USD,91.4,92.4,1.0,1.09,sold
1905,2025-09-22 14:00,2025-09-22,Мөнх тэнүүн оргил ХХК,Мөнх тэнүүн оргил ХХК,Мөнх тэнүүн оргил ХХК,Coal,Нүүрс,Washed coking coal,Баяжуулсан коксжих нүүрс,USD,92.0,92.0,0.0,0.0,sold
1904,2025-09-22 11:00,2025-09-22,Эрдэнэс Тавантолгой ХК,Erdenes Tavan Tolgoi,Эрдэнэс Тавантолгой ХК,Coal,Нүүрс,1/3 coking coal,1/3 коксжих нүүрс,USD,64.8,66.3,1.5,2.31,sold
1903,2025-09-22 10:00,2025-09-22,Энержи Ресурс ХХК,Energy Resources,Энержи Ресурс ХХК,Coal,Нүүрс,Washed coking coal,Баяжуулсан коксжих нүүрс,CNY,800.0,910.0,110.0,13.75,sold
1902,2025-09-22 10:00,2025-09-22,Эрдэнэс Тавантолгой ХК,Erdenes Tavan Tolgoi,Эрдэнэс Тавантолгой ХК,Coal,Нүүрс,"Thermal coal (bituminous, non-caking)","Эрчим хүчний нүүрс /Битумт, үл барьцалдах нүүрс/",USD,41.6,41.6,0.0,0.0,sold
1901,2025-09-19 15:00,2025-09-19,Эрдэнэс Тавантолгой ХК,Erdenes Tavan Tolgoi,Эрдэнэс Тавантолгой ХК,Coal,Нүүрс,Washed semi-soft coking coal,Баяжуулсан сул коксжих нүүрс,USD,91.4,91.4,0.0,0.0,sold
1900,2025-09-19 14:00,2025-09-19,Хангад Эксплорэйшн ХХК,Khangad Exploration,Хангад Эксплорэйшн ХХК,Coal,Нүүрс,Washed medium-ash semi-hard coking coal,"Баяжуулсан дунд зэрэг үнстэй, хагас хатуу коксжих нүүрс",CNY,330.0,360.0,30.0,9.09,sold
1899,2025-09-19 13:00,2025-09-19,Тавантолгой ХК,Tavan Tolgoi JSC,Тавантолгой ХК,Coal,Нүүрс,Medium-volatile coking coal,"Дэгдэмхий бодис дунд, коксжих нүүрс",USD,96.0,96.0,0.0,0.0,sold
1898,2025-09-19 11:00,2025-09-19,Монголросцветмет ТӨҮГ,Mongolrostsvetmet (ex-Erdenes Critical Minerals),Монголросцветмет ТӨҮГ /Эрдэнэс критикал минералс ТӨҮГ/,Iron ore,Төмөр,Iron ore Fe 52%,Fe-52% Төмрийн хүдэр,USD,63.0,71.0,8.0,12.7,sold
1897,2025-09-19 11:00,2025-09-19,Эрдэнэс Тавантолгой ХК,Erdenes Tavan Tolgoi,Эрдэнэс Тавантолгой ХК,Coal,Нүүрс,1/3 coking coal,1/3 коксжих нүүрс,USD,64.8,68.8,4.0,6.17,sold
1896,2025-09-19 10:00,2025-09-19,Энержи Ресурс ХХК,Energy Resources,Энержи Ресурс ХХК,Coal,Нүүрс,Washed coking coal,Баяжуулсан коксжих нүүрс,CNY,800.0,890.0,90.0,11.25,sold
1895,2025-09-19 10:00,2025-09-19,Эрдэнэс Тавантолгой ХК,Erdenes Tavan Tolgoi,Эрдэнэс Тавантолгой ХК,Coal,Нүүрс,"Thermal coal (bituminous, non-caking)","Эрчим хүчний нүүрс /Битумт, үл барьцалдах нүүрс/",USD,41.6,41.6,0.0,0.0,sold
1894,2025-09-18 15:00,2025-09-18,Эрдэнэс Тавантолгой ХК,Erdenes Tavan Tolgoi,Эрдэнэс Тавантолгой ХК,Coal,Нүүрс,1/3 coking coal,1/3 коксжих нүүрс,USD,64.8,68.3,3.5,5.4,sold
1893,2025-09-18 14:00,2025-09-18,Хангад Эксплорэйшн ХХК,Khangad Exploration,Хангад Эксплорэйшн ХХК,Coal,Нүүрс,Washed medium-ash semi-hard coking coal,"Баяжуулсан дунд зэрэг үнстэй, хагас хатуу коксжих нүүрс",CNY,330.0,350.0,20.0,6.06,sold
1892,2025-09-18 14:00,2025-09-18,Эрдэнэс Тавантолгой ХК,Erdenes Tavan Tolgoi,Эрдэнэс Тавантолгой ХК,Coal,Нүүрс,1/3 coking coal,1/3 коксжих нүүрс,USD,,,,,no_bid
1891,2025-09-18 11:00,2025-09-18,Эрдэнэс Тавантолгой ХК,Erdenes Tavan Tolgoi,Эрдэнэс Тавантолгой ХК,Coal,Нүүрс,"Thermal coal (bituminous, non-caking)","Эрчим хүчний нүүрс /Битумт, үл барьцалдах нүүрс/",USD,41.6,41.9,0.3,0.72,sold
1890,2025-09-18 10:00,2025-09-18,Хангад Эксплорэйшн ХХК,Khangad Exploration,Хангад Эксплорэйшн ХХК,Coal,Нүүрс,Washed semi-soft coking coal,Баяжуулсан сул коксжих нүүрс,CNY,600.0,715.0,115.0,19.17,sold
1889,2025-09-18 10:00,2025-09-18,Эрдэнэс Тавантолгой ХК,Erdenes Tavan Tolgoi,Эрдэнэс Тавантолгой ХК,Coal,Нүүрс,"Thermal coal (bituminous, non-caking)","Эрчим хүчний нүүрс /Битумт, үл барьцалдах нүүрс/",USD,36.4,36.4,0.0,0.0,sold
1888,2025-09-17 14:00,2025-09-17,Хангад Эксплорэйшн ХХК,Khangad Exploration,Хангад Эксплорэйшн ХХК,Coal,Нүүрс,Washed medium-ash semi-hard coking coal,"Баяжуулсан дунд зэрэг үнстэй, хагас хатуу коксжих нүүрс",CNY,330.0,350.0,20.0,6.06,sold
1887,2025-09-17 11:00,2025-09-17,Монголросцветмет ТӨҮГ,Mongolrostsvetmet (ex-Erdenes Critical Minerals),Монголросцветмет ТӨҮГ /Эрдэнэс критикал минералс ТӨҮГ/,Iron ore,Төмөр,Iron ore Fe 52%,Fe-52% Төмрийн хүдэр,USD,63.0,69.0,6.0,9.52,sold
1886,2025-09-17 10:00,2025-09-17,Хангад Эксплорэйшн ХХК,Khangad Exploration,Хангад Эксплорэйшн ХХК,Coal,Нүүрс,Washed semi-soft coking coal,Баяжуулсан сул коксжих нүүрс,CNY,600.0,715.0,115.0,19.17,sold
1885,2025-09-16 14:00,2025-09-16,Хангад Эксплорэйшн ХХК,Khangad Exploration,Хангад Эксплорэйшн ХХК,Coal,Нүүрс,Washed medium-ash semi-hard coking coal,"Баяжуулсан дунд зэрэг үнстэй, хагас хатуу коксжих нүүрс",CNY,330.0,345.0,15.0,4.55,sold
1884,2025-09-16 10:00,2025-09-16,Хангад Эксплорэйшн ХХК,Khangad Exploration,Хангад Эксплорэйшн ХХК,Coal,Нүүрс,Washed semi-soft coking coal,Баяжуулсан сул коксжих нүүрс,CNY,600.0,690.0,90.0,15.0,sold
1883,2025-09-15 14:00,2025-09-15,Хангад Эксплорэйшн ХХК,Khangad Exploration,Хангад Эксплорэйшн ХХК,Coal,Нүүрс,Washed medium-ash semi-hard coking coal,"Баяжуулсан дунд зэрэг үнстэй, хагас хатуу коксжих нүүрс",CNY,330.0,340.0,10.0,3.03,sold
1882,2025-09-15 11:00,2025-09-15,Монголросцветмет ТӨҮГ,Mongolrostsvetmet (ex-Erdenes Critical Minerals),Монголросцветмет ТӨҮГ /Эрдэнэс критикал минералс ТӨҮГ/,Iron ore,Төмөр,Iron ore Fe 52%,Fe-52% Төмрийн хүдэр,USD,63.0,68.5,5.5,8.73,sold
1881,2025-09-15 10:00,2025-09-15,Эрдэнэс Тавантолгой ХК,Erdenes Tavan Tolgoi,Эрдэнэс Тавантолгой ХК,Coal,Нүүрс,Washed semi-soft coking coal,Баяжуулсан сул коксжих нүүрс,USD,91.4,94.4,3.0,3.28,sold
1880,2025-09-15 10:00,2025-09-15,Энержи Ресурс ХХК,Energy Resources,Энержи Ресурс ХХК,Coal,Нүүрс,Washed coking coal,Баяжуулсан коксжих нүүрс,CNY,800.0,850.0,50.0,6.25,sold
1879,2025-09-12 16:00,2025-09-12,Эрдэнэс Тавантолгой ХК,Erdenes Tavan Tolgoi,Эрдэнэс Тавантолгой ХК,Coal,Нүүрс,Washed semi-soft coking coal,Баяжуулсан сул коксжих нүүрс,USD,91.4,91.4,0.0,0.0,sold
1878,2025-09-12 14:00,2025-09-12,Энержи Ресурс ХХК,Energy Resources,Энержи Ресурс ХХК,Coal,Нүүрс,Washed medium-ash semi-hard coking coal,"Баяжуулсан дунд зэрэг үнстэй, хагас хатуу коксжих нүүрс",CNY,330.0,335.0,5.0,1.52,sold
1877,2025-09-12 14:00,2025-09-12,Эрдэнэс Тавантолгой ХК,Erdenes Tavan Tolgoi,Эрдэнэс Тавантолгой ХК,Coal,Нүүрс,1/3 coking coal,1/3 коксжих нүүрс,USD,,,,,no_bid
1876,2025-09-12 11:00,2025-09-12,Эрдэнэс Тавантолгой ХК,Erdenes Tavan Tolgoi,Эрдэнэс Тавантолгой ХК,Coal,Нүүрс,1/3 coking coal,1/3 коксжих нүүрс,USD,,,,,no_bid
1875,2025-09-12 11:00,2025-09-12,Монголросцветмет ТӨҮГ,Mongolrostsvetmet (ex-Erdenes Critical Minerals),Монголросцветмет ТӨҮГ /Эрдэнэс критикал минералс ТӨҮГ/,Iron ore,Төмөр,Iron concentrate Fe 65%,Fe-65% Төмрийн баяжмал,USD,83.0,88.0,5.0,6.02,sold
1874,2025-09-12 10:00,2025-09-12,Эрдэнэс Тавантолгой ХК,Erdenes Tavan Tolgoi,Эрдэнэс Тавантолгой ХК,Coal,Нүүрс,"Thermal coal (bituminous, non-caking)","Эрчим хүчний нүүрс /Битумт, үл барьцалдах нүүрс/",USD,,,,,no_bid
1873,2025-09-11 15:00,2025-09-11,Эрдэнэс Тавантолгой ХК,Erdenes Tavan Tolgoi,Эрдэнэс Тавантолгой ХК,Coal,Нүүрс,Washed semi-soft coking coal,Баяжуулсан сул коксжих нүүрс,USD,91.4,96.9,5.5,6.02,sold
1872,2025-09-11 14:00,2025-09-11,Тавантолгой ХК,Tavan Tolgoi JSC,Тавантолгой ХК,Coal,Нүүрс,Medium-volatile coking coal,"Дэгдэмхий бодис дунд, коксжих нүүрс",USD,90.0,101.5,11.5,12.78,sold
1871,2025-09-11 13:00,2025-09-11,Тавантолгой ХК,Tavan Tolgoi JSC,Тавантолгой ХК,Coal,Нүүрс,Medium-volatile coking coal,"Дэгдэмхий бодис дунд, коксжих нүүрс",USD,90.0,101.0,11.0,12.22,sold
1870,2025-09-11 11:00,2025-09-11,Монголросцветмет ТӨҮГ,Mongolrostsvetmet (ex-Erdenes Critical Minerals),Монголросцветмет ТӨҮГ /Эрдэнэс критикал минералс ТӨҮГ/,Iron ore,Төмөр,Iron ore Fe 52%,Fe-52% Төмрийн хүдэр,USD,63.0,68.0,5.0,7.94,sold
1869,2025-09-11 11:00,2025-09-11,Эрдэнэс Тавантолгой ХК,Erdenes Tavan Tolgoi,Эрдэнэс Тавантолгой ХК,Coal,Нүүрс,1/3 coking coal,1/3 коксжих нүүрс,USD,,,,,no_bid
1868,2025-09-11 10:00,2025-09-11,Энержи Ресурс ХХК,Energy Resources,Энержи Ресурс ХХК,Coal,Нүүрс,Washed coking coal,Баяжуулсан коксжих нүүрс,CNY,800.0,840.0,40.0,5.0,sold
1867,2025-09-11 10:00,2025-09-11,Эрдэнэс Тавантолгой ХК,Erdenes Tavan Tolgoi,Эрдэнэс Тавантолгой ХК,Coal,Нүүрс,"Thermal coal (bituminous, non-caking)","Эрчим хүчний нүүрс /Битумт, үл барьцалдах нүүрс/",USD,,,,,no_bid
1866,2025-09-10 15:00,2025-09-10,Эрдэнэс Тавантолгой ХК,Erdenes Tavan Tolgoi,Эрдэнэс Тавантолгой ХК,Coal,Нүүрс,"Thermal coal (bituminous, non-caking)","Эрчим хүчний нүүрс /Битумт, үл барьцалдах нүүрс/",USD,,,,,no_bid
1865,2025-09-10 14:00,2025-09-10,Эрдэнэс Тавантолгой ХК,Erdenes Tavan Tolgoi,Эрдэнэс Тавантолгой ХК,Coal,Нүүрс,Washed non-coking-quality coal,Баяжуулсан коксжих чанаргүй нүүрс,USD,46.8,46.8,0.0,0.0,sold
1864,2025-09-10 11:00,2025-09-10,Монголросцветмет ТӨҮГ,Mongolrostsvetmet (ex-Erdenes Critical Minerals),Монголросцветмет ТӨҮГ /Эрдэнэс критикал минералс ТӨҮГ/,Fluorspar,Жонш,Fluorspar concentrate CaF2 95%,CaF2-95% Хайлуур жоншны баяжмал,USD,300.0,329.0,29.0,9.67,sold
1863,2025-09-10 11:00,2025-09-10,Эрдэнэс Тавантолгой ХК,Erdenes Tavan Tolgoi,Эрдэнэс Тавантолгой ХК,Coal,Нүүрс,1/3 coking coal,1/3 коксжих нүүрс,USD,64.8,64.8,0.0,0.0,sold
1862,2025-09-10 10:00,2025-09-10,Эрдэнэс Тавантолгой ХК,Erdenes Tavan Tolgoi,Эрдэнэс Тавантолгой ХК,Coal,Нүүрс,1/3 coking coal,1/3 коксжих нүүрс,USD,,,,,no_bid
1861,2025-09-09 15:00,2025-09-09,Эрдэнэс Тавантолгой ХК,Erdenes Tavan Tolgoi,Эрдэнэс Тавантолгой ХК,Coal,Нүүрс,Washed coking coal,Баяжуулсан коксжих нүүрс,USD,122.1,133.6,11.5,9.42,sold
1860,2025-09-09 14:00,2025-09-09,Энержи Ресурс ХХК,Energy Resources,Энержи Ресурс ХХК,Coal,Нүүрс,Washed medium-ash semi-hard coking coal,"Баяжуулсан дунд зэрэг үнстэй, хагас хатуу коксжих нүүрс",CNY,330.0,335.0,5.0,1.52,sold
1859,2025-09-09 14:00,2025-09-09,Эрдэнэс Тавантолгой ХК,Erdenes Tavan Tolgoi,Эрдэнэс Тавантолгой ХК,Coal,Нүүрс,1/3 coking coal,1/3 коксжих нүүрс,USD,,,,,no_bid
1858,2025-09-09 11:00,2025-09-09,Монголросцветмет ТӨҮГ,Mongolrostsvetmet (ex-Erdenes Critical Minerals),Монголросцветмет ТӨҮГ /Эрдэнэс критикал минералс ТӨҮГ/,Iron ore,Төмөр,Iron ore Fe 52%,Fe-52% Төмрийн хүдэр,USD,63.0,68.0,5.0,7.94,sold
1857,2025-09-09 11:00,2025-09-09,Эрдэнэс Тавантолгой ХК,Erdenes Tavan Tolgoi,Эрдэнэс Тавантолгой ХК,Coal,Нүүрс,"Thermal coal (bituminous, non-caking)","Эрчим хүчний нүүрс /Битумт, үл барьцалдах нүүрс/",USD,,,,,no_bid
1856,2025-09-09 10:00,2025-09-09,Эрдэнэс Тавантолгой ХК,Erdenes Tavan Tolgoi,Эрдэнэс Тавантолгой ХК,Coal,Нүүрс,"Thermal coal (bituminous, non-caking)","Эрчим хүчний нүүрс /Битумт, үл барьцалдах нүүрс/",USD,,,,,no_bid
1855,2025-09-08 11:00,2025-09-08,Монголросцветмет ТӨҮГ,Mongolrostsvetmet (ex-Erdenes Critical Minerals),Монголросцветмет ТӨҮГ /Эрдэнэс критикал минералс ТӨҮГ/,Iron ore,Төмөр,Iron concentrate Fe 65%,Fe-65% Төмрийн баяжмал,USD,83.0,83.0,0.0,0.0,sold
1854,2025-09-08 11:00,2025-09-08,Эрдэнэс Тавантолгой ХК,Erdenes Tavan Tolgoi,Эрдэнэс Тавантолгой ХК,Coal,Нүүрс,1/3 coking coal,1/3 коксжих нүүрс,USD,71.9,72.9,1.0,1.39,sold
1853,2025-09-08 10:00,2025-09-08,Энержи Ресурс ХХК,Energy Resources,Энержи Ресурс ХХК,Coal,Нүүрс,Washed coking coal,Баяжуулсан коксжих нүүрс,CNY,800.0,840.0,40.0,5.0,sold
1852,2025-09-08 10:00,2025-09-08,Эрдэнэс Тавантолгой ХК,Erdenes Tavan Tolgoi,Эрдэнэс Тавантолгой ХК,Coal,Нүүрс,"Thermal coal (bituminous, non-caking)","Эрчим хүчний нүүрс /Битумт, үл барьцалдах нүүрс/",USD,,,,,no_bid
1851,2025-09-05 14:00,2025-09-05,Энержи Ресурс ХХК,Energy Resources,Энержи Ресурс ХХК,Coal,Нүүрс,Washed medium-ash semi-hard coking coal,"Баяжуулсан дунд зэрэг үнстэй, хагас хатуу коксжих нүүрс",CNY,330.0,330.0,0.0,0.0,sold
1850,2025-09-05 14:00,2025-09-05,Эрдэнэс Тавантолгой ХК,Erdenes Tavan Tolgoi,Эрдэнэс Тавантолгой ХК,Coal,Нүүрс,1/3 coking coal,1/3 коксжих нүүрс,USD,,,,,no_bid
1849,2025-09-05 13:00,2025-09-05,Монголросцветмет ТӨҮГ,Mongolrostsvetmet (ex-Erdenes Critical Minerals),Монголросцветмет ТӨҮГ /Эрдэнэс критикал минералс ТӨҮГ/,Iron ore,Төмөр,Iron ore Fe 52%,Fe-52% Төмрийн хүдэр,USD,63.0,67.5,4.5,7.14,sold
1848,2025-09-05 11:00,2025-09-05,Монголросцветмет ТӨҮГ,Mongolrostsvetmet (ex-Erdenes Critical Minerals),Монголросцветмет ТӨҮГ /Эрдэнэс критикал минералс ТӨҮГ/,Iron ore,Төмөр,Iron ore Fe 52%,Fe-52% Төмрийн хүдэр,USD,63.0,66.5,3.5,5.56,sold
1847,2025-09-05 11:00,2025-09-05,Эрдэнэс Тавантолгой ХК,Erdenes Tavan Tolgoi,Эрдэнэс Тавантолгой ХК,Coal,Нүүрс,1/3 coking coal,1/3 коксжих нүүрс,USD,,,,,no_bid
1846,2025-09-05 10:00,2025-09-05,Энержи Ресурс ХХК,Energy Resources,Энержи Ресурс ХХК,Coal,Нүүрс,Washed coking coal,Баяжуулсан коксжих нүүрс,CNY,800.0,835.0,35.0,4.38,sold
1845,2025-09-05 10:00,2025-09-05,Эрдэнэс Тавантолгой ХК,Erdenes Tavan Tolgoi,Эрдэнэс Тавантолгой ХК,Coal,Нүүрс,"Thermal coal (bituminous, non-caking)","Эрчим хүчний нүүрс /Битумт, үл барьцалдах нүүрс/",USD,,,,,no_bid
1844,2025-09-04 15:00,2025-09-04,Эрдэнэс Тавантолгой ХК,Erdenes Tavan Tolgoi,Эрдэнэс Тавантолгой ХК,Coal,Нүүрс,1/3 coking coal,1/3 коксжих нүүрс,USD,,,,,no_bid
1843,2025-09-04 14:00,2025-09-04,Энержи Ресурс ХХК,Energy Resources,Энержи Ресурс ХХК,Coal,Нүүрс,Washed medium-ash semi-hard coking coal,"Баяжуулсан дунд зэрэг үнстэй, хагас хатуу коксжих нүүрс",CNY,330.0,330.0,0.0,0.0,sold
1842,2025-09-04 14:00,2025-09-04,Эрдэнэс Тавантолгой ХК,Erdenes Tavan Tolgoi,Эрдэнэс Тавантолгой ХК,Coal,Нүүрс,1/3 coking coal,1/3 коксжих нүүрс,USD,,,,,no_bid
1841,2025-09-04 11:00,2025-09-04,Монголросцветмет ТӨҮГ,Mongolrostsvetmet (ex-Erdenes Critical Minerals),Монголросцветмет ТӨҮГ /Эрдэнэс критикал минералс ТӨҮГ/,Fluorspar,Жонш,Fluorspar concentrate CaF2 95%,CaF2-95% Хайлуур жоншны баяжмал,USD,300.0,330.0,30.0,10.0,sold
1840,2025-09-04 11:00,2025-09-04,Эрдэнэс Тавантолгой ХК,Erdenes Tavan Tolgoi,Эрдэнэс Тавантолгой ХК,Coal,Нүүрс,"Thermal coal (bituminous, non-caking)","Эрчим хүчний нүүрс /Битумт, үл барьцалдах нүүрс/",USD,,,,,no_bid
1839,2025-09-04 10:00,2025-09-04,Энержи Ресурс ХХК,Energy Resources,Энержи Ресурс ХХК,Coal,Нүүрс,Washed coking coal,Баяжуулсан коксжих нүүрс,CNY,800.0,825.0,25.0,3.13,sold
1838,2025-09-04 10:00,2025-09-04,Эрдэнэс Тавантолгой ХК,Erdenes Tavan Tolgoi,Эрдэнэс Тавантолгой ХК,Coal,Нүүрс,"Thermal coal (bituminous, non-caking)","Эрчим хүчний нүүрс /Битумт, үл барьцалдах нүүрс/",USD,,,,,no_bid
1837,2025-09-03 14:00,2025-09-03,Энержи Ресурс ХХК,Energy Resources,Энержи Ресурс ХХК,Coal,Нүүрс,Washed medium-ash semi-hard coking coal,"Баяжуулсан дунд зэрэг үнстэй, хагас хатуу коксжих нүүрс",CNY,330.0,330.0,0.0,0.0,sold
1836,2025-09-03 14:00,2025-09-03,Эрдэнэс Тавантолгой ХК,Erdenes Tavan Tolgoi,Эрдэнэс Тавантолгой ХК,Coal,Нүүрс,1/3 coking coal,1/3 коксжих нүүрс,USD,73.4,73.4,0.0,0.0,sold
1835,2025-09-03 11:00,2025-09-03,Монголросцветмет ТӨҮГ,Mongolrostsvetmet (ex-Erdenes Critical Minerals),Монголросцветмет ТӨҮГ /Эрдэнэс критикал минералс ТӨҮГ/,Iron ore,Төмөр,Iron ore Fe 52%,Fe-52% Төмрийн хүдэр,USD,63.0,65.5,2.5,3.97,sold
1834,2025-09-03 11:00,2025-09-03,Эрдэнэс Тавантолгой ХК,Erdenes Tavan Tolgoi,Эрдэнэс Тавантолгой ХК,Coal,Нүүрс,1/3 coking coal,1/3 коксжих нүүрс,USD,,,,,no_bid
1833,2025-09-03 10:00,2025-09-03,Энержи Ресурс ХХК,Energy Resources,Энержи Ресурс ХХК,Coal,Нүүрс,Washed coking coal,Баяжуулсан коксжих нүүрс,CNY,800.0,840.0,40.0,5.0,sold
1832,2025-09-03 10:00,2025-09-03,Эрдэнэс Тавантолгой ХК,Erdenes Tavan Tolgoi,Эрдэнэс Тавантолгой ХК,Coal,Нүүрс,"Thermal coal (bituminous, non-caking)","Эрчим хүчний нүүрс /Битумт, үл барьцалдах нүүрс/",USD,,,,,no_bid
1831,2025-09-02 14:00,2025-09-02,Энержи Ресурс ХХК,Energy Resources,Энержи Ресурс ХХК,Coal,Нүүрс,Washed medium-ash semi-hard coking coal,"Баяжуулсан дунд зэрэг үнстэй, хагас хатуу коксжих нүүрс",CNY,330.0,330.0,0.0,0.0,sold
1830,2025-09-02 14:00,2025-09-02,Их говь энержи ХХК,Их говь энержи ХХК,Их говь энержи ХХК,Coal,Нүүрс,Хагас антрацит,Хагас антрацит,CNY,,,,,no_bid
1829,2025-09-02 12:00,2025-09-02,Их говь энержи ХХК,Их говь энержи ХХК,Их говь энержи ХХК,Coal,Нүүрс,Хагас антрацит,Хагас антрацит,CNY,,,,,no_bid
1828,2025-09-02 11:00,2025-09-02,Монголросцветмет ТӨҮГ,Mongolrostsvetmet (ex-Erdenes Critical Minerals),Монголросцветмет ТӨҮГ /Эрдэнэс критикал минералс ТӨҮГ/,Iron ore,Төмөр,Iron concentrate Fe 65%,Fe-65% Төмрийн баяжмал,USD,,,,,no_bid
1827,2025-09-02 11:00,2025-09-02,Их говь энержи ХХК,Их говь энержи ХХК,Их говь энержи ХХК,Coal,Нүүрс,Хагас антрацит,Хагас антрацит,CNY,,,,,no_bid
1826,2025-09-02 11:00,2025-09-02,Эрдэнэс Тавантолгой ХК,Erdenes Tavan Tolgoi,Эрдэнэс Тавантолгой ХК,Coal,Нүүрс,"Thermal coal (bituminous, non-caking)","Эрчим хүчний нүүрс /Битумт, үл барьцалдах нүүрс/",USD,44.1,46.2,2.1,4.76,sold
1825,2025-09-02 10:00,2025-09-02,Энержи Ресурс ХХК,Energy Resources,Энержи Ресурс ХХК,Coal,Нүүрс,Washed coking coal,Баяжуулсан коксжих нүүрс,CNY,800.0,835.0,35.0,4.38,sold
1824,2025-09-02 10:00,2025-09-02,Их говь энержи ХХК,Их говь энержи ХХК,Их говь энержи ХХК,Coal,Нүүрс,Хагас антрацит,Хагас антрацит,CNY,,,,,no_bid
1823,2025-09-02 10:00,2025-09-02,Эрдэнэс Тавантолгой ХК,Erdenes Tavan Tolgoi,Эрдэнэс Тавантолгой ХК,Coal,Нүүрс,"Thermal coal (bituminous, non-caking)","Эрчим хүчний нүүрс /Битумт, үл барьцалдах нүүрс/",USD,,,,,no_bid
1822,2025-09-01 14:00,2025-09-01,Энержи Ресурс ХХК,Energy Resources,Энержи Ресурс ХХК,Coal,Нүүрс,Washed medium-ash semi-hard coking coal,"Баяжуулсан дунд зэрэг үнстэй, хагас хатуу коксжих нүүрс",CNY,330.0,330.0,0.0,0.0,sold
1821,2025-09-01 11:00,2025-09-01,Монголросцветмет ТӨҮГ,Mongolrostsvetmet (ex-Erdenes Critical Minerals),Монголросцветмет ТӨҮГ /Эрдэнэс критикал минералс ТӨҮГ/,Iron ore,Төмөр,Iron ore Fe 52%,Fe-52% Төмрийн хүдэр,USD,63.0,66.5,3.5,5.56,sold
1820,2025-09-01 10:00,2025-09-01,Энержи Ресурс ХХК,Energy Resources,Энержи Ресурс ХХК,Coal,Нүүрс,Washed coking coal,Баяжуулсан коксжих нүүрс,CNY,800.0,840.0,40.0,5.0,sold
1819,2025-08-29 15:00,2025-08-29,Эрдэнэс Тавантолгой ХК,Erdenes Tavan Tolgoi,Эрдэнэс Тавантолгой ХК,Coal,Нүүрс,1/3 coking coal,1/3 коксжих нүүрс,USD,66.0,66.0,0.0,0.0,sold
1818,2025-08-29 14:00,2025-08-29,Энержи Ресурс ХХК,Energy Resources,Энержи Ресурс ХХК,Coal,Нүүрс,Washed medium-ash semi-hard coking coal,"Баяжуулсан дунд зэрэг үнстэй, хагас хатуу коксжих нүүрс",CNY,,,,,no_bid
1817,2025-08-29 14:00,2025-08-29,Эрдэнэс Тавантолгой ХК,Erdenes Tavan Tolgoi,Эрдэнэс Тавантолгой ХК,Coal,Нүүрс,1/3 coking coal,1/3 коксжих нүүрс,USD,,,,,no_bid
1816,2025-08-29 11:00,2025-08-29,Эрдэнэс Тавантолгой ХК,Erdenes Tavan Tolgoi,Эрдэнэс Тавантолгой ХК,Coal,Нүүрс,"Thermal coal (bituminous, non-caking)","Эрчим хүчний нүүрс /Битумт, үл барьцалдах нүүрс/",USD,,,,,no_bid
1815,2025-08-29 10:00,2025-08-29,Энержи Ресурс ХХК,Energy Resources,Энержи Ресурс ХХК,Coal,Нүүрс,Washed coking coal,Баяжуулсан коксжих нүүрс,CNY,800.0,835.0,35.0,4.38,sold
1814,2025-08-28 14:00,2025-08-28,Энержи Ресурс ХХК,Energy Resources,Энержи Ресурс ХХК,Coal,Нүүрс,Washed medium-ash semi-hard coking coal,"Баяжуулсан дунд зэрэг үнстэй, хагас хатуу коксжих нүүрс",CNY,330.0,330.0,0.0,0.0,sold
1813,2025-08-28 14:00,2025-08-28,Эрдэнэс Тавантолгой ХК,Erdenes Tavan Tolgoi,Эрдэнэс Тавантолгой ХК,Coal,Нүүрс,1/3 coking coal,1/3 коксжих нүүрс,USD,66.0,66.0,0.0,0.0,sold
1812,2025-08-28 11:00,2025-08-28,Монголросцветмет ТӨҮГ,Mongolrostsvetmet (ex-Erdenes Critical Minerals),Монголросцветмет ТӨҮГ /Эрдэнэс критикал минералс ТӨҮГ/,Iron ore,Төмөр,Iron ore Fe 52%,Fe-52% Төмрийн хүдэр,USD,63.0,65.0,2.0,3.17,sold
1811,2025-08-28 11:00,2025-08-28,Эрдэнэс Тавантолгой ХК,Erdenes Tavan Tolgoi,Эрдэнэс Тавантолгой ХК,Coal,Нүүрс,"Thermal coal (bituminous, non-caking)","Эрчим хүчний нүүрс /Битумт, үл барьцалдах нүүрс/",USD,46.0,46.0,0.0,0.0,sold
1810,2025-08-28 10:00,2025-08-28,Энержи Ресурс ХХК,Energy Resources,Энержи Ресурс ХХК,Coal,Нүүрс,Washed coking coal,Баяжуулсан коксжих нүүрс,CNY,800.0,835.0,35.0,4.38,sold
1809,2025-08-28 10:00,2025-08-28,Эрдэнэс Тавантолгой ХК,Erdenes Tavan Tolgoi,Эрдэнэс Тавантолгой ХК,Coal,Нүүрс,"Thermal coal (bituminous, non-caking)","Эрчим хүчний нүүрс /Битумт, үл барьцалдах нүүрс/",USD,,,,,no_bid
1808,2025-08-27 16:00,2025-08-27,Эрдэнэс Тавантолгой ХК,Erdenes Tavan Tolgoi,Эрдэнэс Тавантолгой ХК,Coal,Нүүрс,Washed non-coking-quality coal,Баяжуулсан коксжих чанаргүй нүүрс,USD,46.7,46.7,0.0,0.0,sold
1807,2025-08-27 15:00,2025-08-27,Эрдэнэт Үйлдвэр ТӨҮГ,Erdenet Mining Corporation,Эрдэнэт Үйлдвэр ТӨҮГ,Copper,Зэс,Copper concentrate (22.35% Cu),22.35%-ийн зэсийн агуулгатай баяжмал,USD,2179.99,2189.99,10.0,0.46,sold
1806,2025-08-27 14:00,2025-08-27,Энержи Ресурс ХХК,Energy Resources,Энержи Ресурс ХХК,Coal,Нүүрс,Washed medium-ash semi-hard coking coal,"Баяжуулсан дунд зэрэг үнстэй, хагас хатуу коксжих нүүрс",CNY,330.0,335.0,5.0,1.52,sold
1805,2025-08-27 14:00,2025-08-27,Эрдэнэс Тавантолгой ХК,Erdenes Tavan Tolgoi,Эрдэнэс Тавантолгой ХК,Coal,Нүүрс,1/3 coking coal,1/3 коксжих нүүрс,USD,,,,,no_bid
1804,2025-08-27 10:00,2025-08-27,Энержи Ресурс ХХК,Energy Resources,Энержи Ресурс ХХК,Coal,Нүүрс,Washed coking coal,Баяжуулсан коксжих нүүрс,CNY,800.0,825.0,25.0,3.13,sold
1803,2025-08-27 10:00,2025-08-27,Эрдэнэс Тавантолгой ХК,Erdenes Tavan Tolgoi,Эрдэнэс Тавантолгой ХК,Coal,Нүүрс,"Thermal coal (bituminous, non-caking)","Эрчим хүчний нүүрс /Битумт, үл барьцалдах нүүрс/",USD,,,,,no_bid
1802,2025-08-26 16:00,2025-08-26,Эрдэнэс Тавантолгой ХК,Erdenes Tavan Tolgoi,Эрдэнэс Тавантолгой ХК,Coal,Нүүрс,Washed coking coal,Баяжуулсан коксжих нүүрс,USD,122.9,131.9,9.0,7.32,sold
1801,2025-08-26 15:00,2025-08-26,Эрдэнэс Тавантолгой ХК,Erdenes Tavan Tolgoi,Эрдэнэс Тавантолгой ХК,Coal,Нүүрс,1/3 coking coal,1/3 коксжих нүүрс,USD,74.4,74.4,0.0,0.0,sold
1800,2025-08-26 14:00,2025-08-26,Энержи Ресурс ХХК,Energy Resources,Энержи Ресурс ХХК,Coal,Нүүрс,Washed medium-ash semi-hard coking coal,"Баяжуулсан дунд зэрэг үнстэй, хагас хатуу коксжих нүүрс",CNY,330.0,330.0,0.0,0.0,sold
1799,2025-08-26 14:00,2025-08-26,Эрдэнэс Тавантолгой ХК,Erdenes Tavan Tolgoi,Эрдэнэс Тавантолгой ХК,Coal,Нүүрс,1/3 coking coal,1/3 коксжих нүүрс,USD,67.0,67.0,0.0,0.0,sold
1798,2025-08-26 11:00,2025-08-26,Монголросцветмет ТӨҮГ,Mongolrostsvetmet (ex-Erdenes Critical Minerals),Монголросцветмет ТӨҮГ /Эрдэнэс критикал минералс ТӨҮГ/,Iron ore,Төмөр,Iron ore Fe 52%,Fe-52% Төмрийн хүдэр,USD,63.0,64.0,1.0,1.59,sold
1797,2025-08-26 11:00,2025-08-26,Эрдэнэс Тавантолгой ХК,Erdenes Tavan Tolgoi,Эрдэнэс Тавантолгой ХК,Coal,Нүүрс,"Thermal coal (bituminous, non-caking)","Эрчим хүчний нүүрс /Битумт, үл барьцалдах нүүрс/",USD,,,,,no_bid
1796,2025-08-26 10:00,2025-08-26,Энержи Ресурс ХХК,Energy Resources,Энержи Ресурс ХХК,Coal,Нүүрс,Washed coking coal,Баяжуулсан коксжих нүүрс,CNY,800.0,820.0,20.0,2.5,sold
1795,2025-08-26 10:00,2025-08-26,Эрдэнэс Тавантолгой ХК,Erdenes Tavan Tolgoi,Эрдэнэс Тавантолгой ХК,Coal,Нүүрс,"Thermal coal (bituminous, non-caking)","Эрчим хүчний нүүрс /Битумт, үл барьцалдах нүүрс/",USD,,,,,no_bid
1794,2025-08-25 15:00,2025-08-25,Андын Илч ХХК,Андын Илч ХХК,Андын Илч ХХК,Coal,Нүүрс,Чийг багатай хүрэн нүүрс,Чийг багатай хүрэн нүүрс,CNY,140.0,140.0,0.0,0.0,sold
1793,2025-08-25 14:00,2025-08-25,Энержи Ресурс ХХК,Energy Resources,Энержи Ресурс ХХК,Coal,Нүүрс,Washed medium-ash semi-hard coking coal,"Баяжуулсан дунд зэрэг үнстэй, хагас хатуу коксжих нүүрс",CNY,330.0,330.0,0.0,0.0,sold
1792,2025-08-25 10:00,2025-08-25,Энержи Ресурс ХХК,Energy Resources,Энержи Ресурс ХХК,Coal,Нүүрс,Washed coking coal,Баяжуулсан коксжих нүүрс,CNY,800.0,800.0,0.0,0.0,sold
1791,2025-08-22 14:00,2025-08-22,Энержи Ресурс ХХК,Energy Resources,Энержи Ресурс ХХК,Coal,Нүүрс,Washed medium-ash semi-hard coking coal,"Баяжуулсан дунд зэрэг үнстэй, хагас хатуу коксжих нүүрс",CNY,330.0,335.0,5.0,1.52,sold
1790,2025-08-22 12:00,2025-08-22,Эрдэнэс Тавантолгой ХК,Erdenes Tavan Tolgoi,Эрдэнэс Тавантолгой ХК,Coal,Нүүрс,"Thermal coal (bituminous, non-caking)","Эрчим хүчний нүүрс /Битумт, үл барьцалдах нүүрс/",USD,36.3,36.6,0.3,0.83,sold
1789,2025-08-22 11:00,2025-08-22,Монголросцветмет ТӨҮГ,Mongolrostsvetmet (ex-Erdenes Critical Minerals),Монголросцветмет ТӨҮГ /Эрдэнэс критикал минералс ТӨҮГ/,Iron ore,Төмөр,Iron ore Fe 52%,Fe-52% Төмрийн хүдэр,USD,63.0,66.0,3.0,4.76,sold
1788,2025-08-22 10:00,2025-08-22,Энержи Ресурс ХХК,Energy Resources,Энержи Ресурс ХХК,Coal,Нүүрс,Washed coking coal,Баяжуулсан коксжих нүүрс,CNY,800.0,825.0,25.0,3.13,sold
1787,2025-08-21 14:00,2025-08-21,Энержи Ресурс ХХК,Energy Resources,Энержи Ресурс ХХК,Coal,Нүүрс,Washed medium-ash semi-hard coking coal,"Баяжуулсан дунд зэрэг үнстэй, хагас хатуу коксжих нүүрс",CNY,330.0,340.0,10.0,3.03,sold
1786,2025-08-21 14:00,2025-08-21,Эрдэнэс Тавантолгой ХК,Erdenes Tavan Tolgoi,Эрдэнэс Тавантолгой ХК,Coal,Нүүрс,1/3 coking coal,1/3 коксжих нүүрс,USD,,,,,no_bid
1785,2025-08-21 12:00,2025-08-21,Эрдэнэс Тавантолгой ХК,Erdenes Tavan Tolgoi,Эрдэнэс Тавантолгой ХК,Coal,Нүүрс,"Thermal coal (bituminous, non-caking)","Эрчим хүчний нүүрс /Битумт, үл барьцалдах нүүрс/",USD,36.4,38.5,2.1,5.77,sold
1784,2025-08-21 10:00,2025-08-21,Энержи Ресурс ХХК,Energy Resources,Энержи Ресурс ХХК,Coal,Нүүрс,Washed coking coal,Баяжуулсан коксжих нүүрс,CNY,800.0,850.0,50.0,6.25,sold
1783,2025-08-20 14:00,2025-08-20,Энержи Ресурс ХХК,Energy Resources,Энержи Ресурс ХХК,Coal,Нүүрс,Washed medium-ash semi-hard coking coal,"Баяжуулсан дунд зэрэг үнстэй, хагас хатуу коксжих нүүрс",CNY,330.0,340.0,10.0,3.03,sold
1782,2025-08-20 14:00,2025-08-20,Эрдэнэс Тавантолгой ХК,Erdenes Tavan Tolgoi,Эрдэнэс Тавантолгой ХК,Coal,Нүүрс,1/3 coking coal,1/3 коксжих нүүрс,USD,,,,,no_bid
1781,2025-08-20 12:00,2025-08-20,Эрдэнэс Тавантолгой ХК,Erdenes Tavan Tolgoi,Эрдэнэс Тавантолгой ХК,Coal,Нүүрс,"Thermal coal (bituminous, non-caking)","Эрчим хүчний нүүрс /Битумт, үл барьцалдах нүүрс/",USD,36.4,37.0,0.6,1.65,sold
1780,2025-08-20 11:00,2025-08-20,Монголросцветмет ТӨҮГ,Mongolrostsvetmet (ex-Erdenes Critical Minerals),Монголросцветмет ТӨҮГ /Эрдэнэс критикал минералс ТӨҮГ/,Iron ore,Төмөр,Iron ore Fe 52%,Fe-52% Төмрийн хүдэр,USD,63.0,65.5,2.5,3.97,sold
1779,2025-08-20 10:00,2025-08-20,Энержи Ресурс ХХК,Energy Resources,Энержи Ресурс ХХК,Coal,Нүүрс,Washed coking coal,Баяжуулсан коксжих нүүрс,CNY,800.0,800.0,0.0,0.0,sold
1778,2025-08-19 14:00,2025-08-19,Энержи Ресурс ХХК,Energy Resources,Энержи Ресурс ХХК,Coal,Нүүрс,Washed medium-ash semi-hard coking coal,"Баяжуулсан дунд зэрэг үнстэй, хагас хатуу коксжих нүүрс",CNY,330.0,350.0,20.0,6.06,sold
1777,2025-08-19 14:00,2025-08-19,Эрдэнэс Тавантолгой ХК,Erdenes Tavan Tolgoi,Эрдэнэс Тавантолгой ХК,Coal,Нүүрс,1/3 coking coal,1/3 коксжих нүүрс,USD,,,,,no_bid
1776,2025-08-19 12:00,2025-08-19,Эрдэнэс Тавантолгой ХК,Erdenes Tavan Tolgoi,Эрдэнэс Тавантолгой ХК,Coal,Нүүрс,"Thermal coal (bituminous, non-caking)","Эрчим хүчний нүүрс /Битумт, үл барьцалдах нүүрс/",USD,36.4,37.3,0.9,2.47,sold
1775,2025-08-19 10:00,2025-08-19,Энержи Ресурс ХХК,Energy Resources,Энержи Ресурс ХХК,Coal,Нүүрс,Washed coking coal,Баяжуулсан коксжих нүүрс,CNY,800.0,835.0,35.0,4.38,sold
1774,2025-08-18 14:00,2025-08-18,Энержи Ресурс ХХК,Energy Resources,Энержи Ресурс ХХК,Coal,Нүүрс,Washed medium-ash semi-hard coking coal,"Баяжуулсан дунд зэрэг үнстэй, хагас хатуу коксжих нүүрс",CNY,330.0,350.0,20.0,6.06,sold
1773,2025-08-18 12:00,2025-08-18,Эрдэнэс Тавантолгой ХК,Erdenes Tavan Tolgoi,Эрдэнэс Тавантолгой ХК,Coal,Нүүрс,"Thermal coal (bituminous, non-caking)","Эрчим хүчний нүүрс /Битумт, үл барьцалдах нүүрс/",USD,36.4,36.4,0.0,0.0,sold
1772,2025-08-18 11:00,2025-08-18,Монголросцветмет ТӨҮГ,Mongolrostsvetmet (ex-Erdenes Critical Minerals),Монголросцветмет ТӨҮГ /Эрдэнэс критикал минералс ТӨҮГ/,Iron ore,Төмөр,Iron ore Fe 52%,Fe-52% Төмрийн хүдэр,USD,63.0,65.0,2.0,3.17,sold
1771,2025-08-18 10:00,2025-08-18,Энержи Ресурс ХХК,Energy Resources,Энержи Ресурс ХХК,Coal,Нүүрс,Washed coking coal,Баяжуулсан коксжих нүүрс,CNY,800.0,860.0,60.0,7.5,sold
1770,2025-08-15 14:00,2025-08-15,Энержи Ресурс ХХК,Energy Resources,Энержи Ресурс ХХК,Coal,Нүүрс,Washed medium-ash semi-hard coking coal,"Баяжуулсан дунд зэрэг үнстэй, хагас хатуу коксжих нүүрс",CNY,330.0,355.0,25.0,7.58,sold
1769,2025-08-15 12:00,2025-08-15,Эрдэнэс Тавантолгой ХК,Erdenes Tavan Tolgoi,Эрдэнэс Тавантолгой ХК,Coal,Нүүрс,Washed non-coking-quality coal,Баяжуулсан коксжих чанаргүй нүүрс,USD,44.7,51.6,6.9,15.44,sold
1768,2025-08-15 11:00,2025-08-15,Эрдэнэс Тавантолгой ХК,Erdenes Tavan Tolgoi,Эрдэнэс Тавантолгой ХК,Coal,Нүүрс,1/3 coking coal,1/3 коксжих нүүрс,USD,,,,,no_bid
1767,2025-08-15 10:00,2025-08-15,Энержи Ресурс ХХК,Energy Resources,Энержи Ресурс ХХК,Coal,Нүүрс,Washed coking coal,Баяжуулсан коксжих нүүрс,CNY,800.0,880.0,80.0,10.0,sold
1766,2025-08-14 15:00,2025-08-14,Эрдэнэс Тавантолгой ХК,Erdenes Tavan Tolgoi,Эрдэнэс Тавантолгой ХК,Coal,Нүүрс,Washed coking coal,Баяжуулсан коксжих нүүрс,USD,119.6,131.9,12.3,10.28,sold
1765,2025-08-14 14:00,2025-08-14,Энержи Ресурс ХХК,Energy Resources,Энержи Ресурс ХХК,Coal,Нүүрс,Washed medium-ash semi-hard coking coal,"Баяжуулсан дунд зэрэг үнстэй, хагас хатуу коксжих нүүрс",CNY,330.0,360.0,30.0,9.09,sold
1764,2025-08-14 14:00,2025-08-14,Дарханы Төмөрлөгийн Үйлдвэр ХХК,Дарханы Төмөрлөгийн Үйлдвэр ХХК,Дарханы Төмөрлөгийн Үйлдвэр ХХК,Iron ore,Төмөр,Iron concentrate Fe 65%,Fe-65% Төмрийн баяжмал,USD,78.0,78.0,0.0,0.0,sold
1763,2025-08-14 13:00,2025-08-14,Эрдэнэс Тавантолгой ХК,Erdenes Tavan Tolgoi,Эрдэнэс Тавантолгой ХК,Coal,Нүүрс,Washed non-coking-quality coal,Баяжуулсан коксжих чанаргүй нүүрс,USD,44.7,50.4,5.7,12.75,sold
1762,2025-08-14 12:00,2025-08-14,Эрдэнэс Тавантолгой ХК,Erdenes Tavan Tolgoi,Эрдэнэс Тавантолгой ХК,Coal,Нүүрс,1/3 coking coal,1/3 коксжих нүүрс,USD,,,,,no_bid
1761,2025-08-14 11:00,2025-08-14,Монголросцветмет ТӨҮГ,Mongolrostsvetmet (ex-Erdenes Critical Minerals),Монголросцветмет ТӨҮГ /Эрдэнэс критикал минералс ТӨҮГ/,Iron ore,Төмөр,Iron ore Fe 52%,Fe-52% Төмрийн хүдэр,USD,63.0,65.5,2.5,3.97,sold
1760,2025-08-14 11:00,2025-08-14,Дарханы Төмөрлөгийн Үйлдвэр ХХК,Дарханы Төмөрлөгийн Үйлдвэр ХХК,Дарханы Төмөрлөгийн Үйлдвэр ХХК,Iron ore,Төмөр,Fe-62% Төмрийн баяжмал,Fe-62% Төмрийн баяжмал,USD,70.0,70.0,0.0,0.0,sold
1759,2025-08-14 11:00,2025-08-14,Эрдэнэс Тавантолгой ХК,Erdenes Tavan Tolgoi,Эрдэнэс Тавантолгой ХК,Coal,Нүүрс,"Thermal coal (bituminous, non-caking)","Эрчим хүчний нүүрс /Битумт, үл барьцалдах нүүрс/",USD,34.2,39.9,5.7,16.67,sold
1758,2025-08-14 10:00,2025-08-14,Энержи Ресурс ХХК,Energy Resources,Энержи Ресурс ХХК,Coal,Нүүрс,Washed coking coal,Баяжуулсан коксжих нүүрс,CNY,800.0,865.0,65.0,8.13,sold
1757,2025-08-14 10:00,2025-08-14,Дарханы Төмөрлөгийн Үйлдвэр ХХК,Дарханы Төмөрлөгийн Үйлдвэр ХХК,Дарханы Төмөрлөгийн Үйлдвэр ХХК,Iron ore,Төмөр,Fe-58% Төмрийн баяжмал,Fe-58% Төмрийн баяжмал,USD,59.0,59.0,0.0,0.0,sold
1756,2025-08-13 14:00,2025-08-13,Энержи Ресурс ХХК,Energy Resources,Энержи Ресурс ХХК,Coal,Нүүрс,Washed medium-ash semi-hard coking coal,"Баяжуулсан дунд зэрэг үнстэй, хагас хатуу коксжих нүүрс",CNY,330.0,350.0,20.0,6.06,sold
1755,2025-08-13 14:00,2025-08-13,Дарханы Төмөрлөгийн Үйлдвэр ХХК,Дарханы Төмөрлөгийн Үйлдвэр ХХК,Дарханы Төмөрлөгийн Үйлдвэр ХХК,Iron ore,Төмөр,Fe-58% Төмрийн баяжмал,Fe-58% Төмрийн баяжмал,USD,59.0,65.0,6.0,10.17,sold
1754,2025-08-13 13:00,2025-08-13,Эрдэнэс Тавантолгой ХК,Erdenes Tavan Tolgoi,Эрдэнэс Тавантолгой ХК,Coal,Нүүрс,Washed coking coal,Баяжуулсан коксжих нүүрс,USD,119.6,140.3,20.7,17.31,sold
1753,2025-08-13 12:00,2025-08-13,Эрдэнэс Тавантолгой ХК,Erdenes Tavan Tolgoi,Эрдэнэс Тавантолгой ХК,Coal,Нүүрс,1/3 coking coal,1/3 коксжих нүүрс,USD,72.2,75.2,3.0,4.16,sold
1752,2025-08-13 11:00,2025-08-13,Монголросцветмет ТӨҮГ,Mongolrostsvetmet (ex-Erdenes Critical Minerals),Монголросцветмет ТӨҮГ /Эрдэнэс критикал минералс ТӨҮГ/,Fluorspar,Жонш,Fluorspar concentrate CaF2 95%,CaF2-95% Хайлуур жоншны баяжмал,USD,300.0,300.0,0.0,0.0,sold
1751,2025-08-13 11:00,2025-08-13,Дарханы Төмөрлөгийн Үйлдвэр ХХК,Дарханы Төмөрлөгийн Үйлдвэр ХХК,Дарханы Төмөрлөгийн Үйлдвэр ХХК,Iron ore,Төмөр,Fe-58% Төмрийн баяжмал,Fe-58% Төмрийн баяжмал,USD,55.0,64.0,9.0,16.36,sold
1750,2025-08-13 11:00,2025-08-13,Эрдэнэс Тавантолгой ХК,Erdenes Tavan Tolgoi,Эрдэнэс Тавантолгой ХК,Coal,Нүүрс,"Thermal coal (bituminous, non-caking)","Эрчим хүчний нүүрс /Битумт, үл барьцалдах нүүрс/",USD,34.2,40.2,6.0,17.54,sold
1749,2025-08-13 10:00,2025-08-13,Энержи Ресурс ХХК,Energy Resources,Энержи Ресурс ХХК,Coal,Нүүрс,Washed coking coal,Баяжуулсан коксжих нүүрс,CNY,800.0,900.0,100.0,12.5,sold
1748,2025-08-13 10:00,2025-08-13,Дарханы Төмөрлөгийн Үйлдвэр ХХК,Дарханы Төмөрлөгийн Үйлдвэр ХХК,Дарханы Төмөрлөгийн Үйлдвэр ХХК,Iron ore,Төмөр,Fe-58% Төмрийн баяжмал,Fe-58% Төмрийн баяжмал,USD,55.0,63.5,8.5,15.45,sold
1747,2025-08-12 15:00,2025-08-12,Эрдэнэс Тавантолгой ХК,Erdenes Tavan Tolgoi,Эрдэнэс Тавантолгой ХК,Coal,Нүүрс,"Thermal coal (bituminous, non-caking)","Эрчим хүчний нүүрс /Битумт, үл барьцалдах нүүрс/",USD,34.2,39.9,5.7,16.67,sold
1746,2025-08-12 14:00,2025-08-12,Энержи Ресурс ХХК,Energy Resources,Энержи Ресурс ХХК,Coal,Нүүрс,Washed medium-ash semi-hard coking coal,"Баяжуулсан дунд зэрэг үнстэй, хагас хатуу коксжих нүүрс",CNY,330.0,345.0,15.0,4.55,sold
1745,2025-08-12 14:00,2025-08-12,Дарханы Төмөрлөгийн Үйлдвэр ХХК,Дарханы Төмөрлөгийн Үйлдвэр ХХК,Дарханы Төмөрлөгийн Үйлдвэр ХХК,Iron ore,Төмөр,Fe-58% Төмрийн баяжмал,Fe-58% Төмрийн баяжмал,USD,55.0,55.0,0.0,0.0,sold
1744,2025-08-12 13:00,2025-08-12,Эрдэнэс Тавантолгой ХК,Erdenes Tavan Tolgoi,Эрдэнэс Тавантолгой ХК,Coal,Нүүрс,Washed coking coal,Баяжуулсан коксжих нүүрс,USD,119.6,133.4,13.8,11.54,sold
1743,2025-08-12 12:00,2025-08-12,Эрдэнэс Тавантолгой ХК,Erdenes Tavan Tolgoi,Эрдэнэс Тавантолгой ХК,Coal,Нүүрс,1/3 coking coal,1/3 коксжих нүүрс,USD,66.4,66.4,0.0,0.0,sold
1742,2025-08-12 11:00,2025-08-12,Монголросцветмет ТӨҮГ,Mongolrostsvetmet (ex-Erdenes Critical Minerals),Монголросцветмет ТӨҮГ /Эрдэнэс критикал минералс ТӨҮГ/,Iron ore,Төмөр,Iron ore Fe 52%,Fe-52% Төмрийн хүдэр,USD,63.0,63.0,0.0,0.0,sold
1741,2025-08-12 11:00,2025-08-12,Дарханы Төмөрлөгийн Үйлдвэр ХХК,Дарханы Төмөрлөгийн Үйлдвэр ХХК,Дарханы Төмөрлөгийн Үйлдвэр ХХК,Iron ore,Төмөр,Fe-58% Төмрийн баяжмал,Fe-58% Төмрийн баяжмал,USD,55.0,60.5,5.5,10.0,sold
1740,2025-08-12 11:00,2025-08-12,Эрдэнэс Тавантолгой ХК,Erdenes Tavan Tolgoi,Эрдэнэс Тавантолгой ХК,Coal,Нүүрс,"Thermal coal (bituminous, non-caking)","Эрчим хүчний нүүрс /Битумт, үл барьцалдах нүүрс/",USD,34.2,39.0,4.8,14.04,sold
1739,2025-08-12 10:00,2025-08-12,Энержи Ресурс ХХК,Energy Resources,Энержи Ресурс ХХК,Coal,Нүүрс,Washed coking coal,Баяжуулсан коксжих нүүрс,CNY,800.0,895.0,95.0,11.88,sold
1738,2025-08-12 10:00,2025-08-12,Дарханы Төмөрлөгийн Үйлдвэр ХХК,Дарханы Төмөрлөгийн Үйлдвэр ХХК,Дарханы Төмөрлөгийн Үйлдвэр ХХК,Iron ore,Төмөр,Fe-58% Төмрийн баяжмал,Fe-58% Төмрийн баяжмал,USD,55.0,55.0,0.0,0.0,sold
1737,2025-08-11 14:00,2025-08-11,Энержи Ресурс ХХК,Energy Resources,Энержи Ресурс ХХК,Coal,Нүүрс,Washed medium-ash semi-hard coking coal,"Баяжуулсан дунд зэрэг үнстэй, хагас хатуу коксжих нүүрс",CNY,330.0,350.0,20.0,6.06,sold
1736,2025-08-11 10:00,2025-08-11,Энержи Ресурс ХХК,Energy Resources,Энержи Ресурс ХХК,Coal,Нүүрс,Washed coking coal,Баяжуулсан коксжих нүүрс,CNY,800.0,880.0,80.0,10.0,sold
1735,2025-08-08 14:00,2025-08-08,Эрдэнэс Тавантолгой ХК,Erdenes Tavan Tolgoi,Эрдэнэс Тавантолгой ХК,Coal,Нүүрс,"Thermal coal (bituminous, non-caking)","Эрчим хүчний нүүрс /Битумт, үл барьцалдах нүүрс/",USD,34.2,38.1,3.9,11.4,sold
1734,2025-08-08 11:00,2025-08-08,Монголросцветмет ТӨҮГ,Mongolrostsvetmet (ex-Erdenes Critical Minerals),Монголросцветмет ТӨҮГ /Эрдэнэс критикал минералс ТӨҮГ/,Iron ore,Төмөр,Iron ore Fe 52%,Fe-52% Төмрийн хүдэр,USD,63.0,65.5,2.5,3.97,sold
1733,2025-08-08 11:00,2025-08-08,Эрдэнэс Тавантолгой ХК,Erdenes Tavan Tolgoi,Эрдэнэс Тавантолгой ХК,Coal,Нүүрс,1/3 coking coal,1/3 коксжих нүүрс,USD,,,,,no_bid
1732,2025-08-08 10:00,2025-08-08,Энержи Ресурс ХХК,Energy Resources,Энержи Ресурс ХХК,Coal,Нүүрс,Washed coking coal,Баяжуулсан коксжих нүүрс,CNY,800.0,840.0,40.0,5.0,sold
1731,2025-08-07 14:00,2025-08-07,Энержи Ресурс ХХК,Energy Resources,Энержи Ресурс ХХК,Coal,Нүүрс,Washed medium-ash semi-hard coking coal,"Баяжуулсан дунд зэрэг үнстэй, хагас хатуу коксжих нүүрс",CNY,330.0,360.0,30.0,9.09,sold
1730,2025-08-07 14:00,2025-08-07,Эрдэнэс Тавантолгой ХК,Erdenes Tavan Tolgoi,Эрдэнэс Тавантолгой ХК,Coal,Нүүрс,"Thermal coal (bituminous, non-caking)","Эрчим хүчний нүүрс /Битумт, үл барьцалдах нүүрс/",USD,34.2,35.7,1.5,4.39,sold
1729,2025-08-07 11:00,2025-08-07,Монголросцветмет ТӨҮГ,Mongolrostsvetmet (ex-Erdenes Critical Minerals),Монголросцветмет ТӨҮГ /Эрдэнэс критикал минералс ТӨҮГ/,Fluorspar,Жонш,Fluorspar concentrate CaF2 95%,CaF2-95% Хайлуур жоншны баяжмал,USD,300.0,300.0,0.0,0.0,sold
1728,2025-08-07 11:00,2025-08-07,Эрдэнэс Тавантолгой ХК,Erdenes Tavan Tolgoi,Эрдэнэс Тавантолгой ХК,Coal,Нүүрс,1/3 coking coal,1/3 коксжих нүүрс,USD,,,,,no_bid
1727,2025-08-06 14:00,2025-08-06,Эрдэнэс Тавантолгой ХК,Erdenes Tavan Tolgoi,Эрдэнэс Тавантолгой ХК,Coal,Нүүрс,"Thermal coal (bituminous, non-caking)","Эрчим хүчний нүүрс /Битумт, үл барьцалдах нүүрс/",USD,34.2,35.1,0.9,2.63,sold
1726,2025-08-06 11:00,2025-08-06,Монголросцветмет ТӨҮГ,Mongolrostsvetmet (ex-Erdenes Critical Minerals),Монголросцветмет ТӨҮГ /Эрдэнэс критикал минералс ТӨҮГ/,Iron ore,Төмөр,Iron ore Fe 52%,Fe-52% Төмрийн хүдэр,USD,63.0,65.5,2.5,3.97,sold
1725,2025-08-06 11:00,2025-08-06,Эрдэнэс Тавантолгой ХК,Erdenes Tavan Tolgoi,Эрдэнэс Тавантолгой ХК,Coal,Нүүрс,1/3 coking coal,1/3 коксжих нүүрс,USD,,,,,no_bid
1724,2025-08-06 10:00,2025-08-06,Энержи Ресурс ХХК,Energy Resources,Энержи Ресурс ХХК,Coal,Нүүрс,Washed coking coal,Баяжуулсан коксжих нүүрс,CNY,800.0,800.0,0.0,0.0,sold
1723,2025-08-05 14:00,2025-08-05,Тавантолгой ХК,Tavan Tolgoi JSC,Тавантолгой ХК,Coal,Нүүрс,Medium-volatile coking coal,"Дэгдэмхий бодис дунд, коксжих нүүрс",USD,78.0,90.5,12.5,16.03,sold
1722,2025-08-05 14:00,2025-08-05,Энержи Ресурс ХХК,Energy Resources,Энержи Ресурс ХХК,Coal,Нүүрс,Washed medium-ash semi-hard coking coal,"Баяжуулсан дунд зэрэг үнстэй, хагас хатуу коксжих нүүрс",CNY,330.0,355.0,25.0,7.58,sold
1721,2025-08-05 11:00,2025-08-05,Монголросцветмет ТӨҮГ,Mongolrostsvetmet (ex-Erdenes Critical Minerals),Монголросцветмет ТӨҮГ /Эрдэнэс критикал минералс ТӨҮГ/,Iron ore,Төмөр,Iron concentrate Fe 65%,Fe-65% Төмрийн баяжмал,USD,83.0,84.5,1.5,1.81,sold
1720,2025-08-04 11:00,2025-08-04,Монголросцветмет ТӨҮГ,Mongolrostsvetmet (ex-Erdenes Critical Minerals),Монголросцветмет ТӨҮГ /Эрдэнэс критикал минералс ТӨҮГ/,Iron ore,Төмөр,Iron ore Fe 52%,Fe-52% Төмрийн хүдэр,USD,63.0,65.0,2.0,3.17,sold
1719,2025-08-04 10:00,2025-08-04,Энержи Ресурс ХХК,Energy Resources,Энержи Ресурс ХХК,Coal,Нүүрс,Washed coking coal,Баяжуулсан коксжих нүүрс,CNY,800.0,800.0,0.0,0.0,sold
1718,2025-08-01 14:00,2025-08-01,Тавантолгой ХК,Tavan Tolgoi JSC,Тавантолгой ХК,Coal,Нүүрс,1/3 coking coal,1/3 коксжих нүүрс,USD,60.8,60.8,0.0,0.0,sold
1717,2025-08-01 14:00,2025-08-01,Энержи Ресурс ХХК,Energy Resources,Энержи Ресурс ХХК,Coal,Нүүрс,Washed medium-ash semi-hard coking coal,"Баяжуулсан дунд зэрэг үнстэй, хагас хатуу коксжих нүүрс",CNY,,,,,no_bid
1716,2025-07-31 14:00,2025-07-31,Эрдэнэс Тавантолгой ХК,Erdenes Tavan Tolgoi,Эрдэнэс Тавантолгой ХК,Coal,Нүүрс,1/3 coking coal,1/3 коксжих нүүрс,USD,63.2,75.5,12.3,19.46,sold
1715,2025-07-31 12:00,2025-07-31,Эрдэнэс Тавантолгой ХК,Erdenes Tavan Tolgoi,Эрдэнэс Тавантолгой ХК,Coal,Нүүрс,"Thermal coal (bituminous, non-caking)","Эрчим хүчний нүүрс /Битумт, үл барьцалдах нүүрс/",USD,,,,,no_bid
1714,2025-07-31 11:00,2025-07-31,Монголросцветмет ТӨҮГ,Mongolrostsvetmet (ex-Erdenes Critical Minerals),Монголросцветмет ТӨҮГ /Эрдэнэс критикал минералс ТӨҮГ/,Iron ore,Төмөр,Iron ore Fe 52%,Fe-52% Төмрийн хүдэр,USD,59.0,65.5,6.5,11.02,sold
1713,2025-07-30 16:00,2025-07-30,Эрдэнэт Үйлдвэр ТӨҮГ,Erdenet Mining Corporation,Эрдэнэт Үйлдвэр ТӨҮГ,Copper,Зэс,Copper concentrate (22.35% Cu),22.35%-ийн зэсийн агуулгатай баяжмал,USD,2211.36,2211.36,0.0,0.0,sold
1712,2025-07-30 15:00,2025-07-30,Эрдэнэс Тавантолгой ХК,Erdenes Tavan Tolgoi,Эрдэнэс Тавантолгой ХК,Coal,Нүүрс,Washed semi-soft coking coal,Баяжуулсан сул коксжих нүүрс,USD,86.8,95.2,8.4,9.68,sold
1711,2025-07-30 14:00,2025-07-30,Энержи Ресурс ХХК,Energy Resources,Энержи Ресурс ХХК,Coal,Нүүрс,Washed medium-ash semi-hard coking coal,"Баяжуулсан дунд зэрэг үнстэй, хагас хатуу коксжих нүүрс",CNY,,,,,no_bid
1710,2025-07-30 14:00,2025-07-30,Эрдэнэс Тавантолгой ХК,Erdenes Tavan Tolgoi,Эрдэнэс Тавантолгой ХК,Coal,Нүүрс,1/3 coking coal,1/3 коксжих нүүрс,USD,63.2,71.3,8.1,12.82,sold
1709,2025-07-30 12:00,2025-07-30,Эрдэнэс Тавантолгой ХК,Erdenes Tavan Tolgoi,Эрдэнэс Тавантолгой ХК,Coal,Нүүрс,1/3 coking coal,1/3 коксжих нүүрс,USD,63.2,72.2,9.0,14.24,sold
1708,2025-07-30 12:00,2025-07-30,Эрдэнэс Тавантолгой ХК,Erdenes Tavan Tolgoi,Эрдэнэс Тавантолгой ХК,Coal,Нүүрс,"Thermal coal (bituminous, non-caking)","Эрчим хүчний нүүрс /Битумт, үл барьцалдах нүүрс/",USD,33.9,33.9,0.0,0.0,sold
1707,2025-07-30 11:00,2025-07-30,Монголросцветмет ТӨҮГ,Mongolrostsvetmet (ex-Erdenes Critical Minerals),Монголросцветмет ТӨҮГ /Эрдэнэс критикал минералс ТӨҮГ/,Fluorspar,Жонш,CaF2 97% хайлуур жоншны баяжмал,CaF2 97% хайлуур жоншны баяжмал,USD,320.0,320.0,0.0,0.0,sold
1706,2025-07-29 14:00,2025-07-29,Тавантолгой ХК,Tavan Tolgoi JSC,Тавантолгой ХК,Coal,Нүүрс,Medium-volatile coking coal,"Дэгдэмхий бодис дунд, коксжих нүүрс",USD,78.0,78.5,0.5,0.64,sold
1705,2025-07-29 13:00,2025-07-29,Эрдэнэс Тавантолгой ХК,Erdenes Tavan Tolgoi,Эрдэнэс Тавантолгой ХК,Coal,Нүүрс,Washed coking coal,Баяжуулсан коксжих нүүрс,USD,98.2,122.2,24.0,24.44,sold
1704,2025-07-29 12:00,2025-07-29,Эрдэнэс Тавантолгой ХК,Erdenes Tavan Tolgoi,Эрдэнэс Тавантолгой ХК,Coal,Нүүрс,"Thermal coal (bituminous, non-caking)","Эрчим хүчний нүүрс /Битумт, үл барьцалдах нүүрс/",USD,33.9,33.9,0.0,0.0,sold
1703,2025-07-29 11:00,2025-07-29,Монголросцветмет ТӨҮГ,Mongolrostsvetmet (ex-Erdenes Critical Minerals),Монголросцветмет ТӨҮГ /Эрдэнэс критикал минералс ТӨҮГ/,Iron ore,Төмөр,Iron ore Fe 52%,Fe-52% Төмрийн хүдэр,USD,59.0,66.5,7.5,12.71,sold
1702,2025-07-28 15:00,2025-07-28,Дарханы Төмөрлөгийн Үйлдвэр ХХК,Дарханы Төмөрлөгийн Үйлдвэр ХХК,Дарханы Төмөрлөгийн Үйлдвэр ХХК,Iron ore,Төмөр,Fe-58% Төмрийн баяжмал,Fe-58% Төмрийн баяжмал,USD,59.0,59.0,0.0,0.0,sold
1701,2025-07-28 12:00,2025-07-28,Дарханы Төмөрлөгийн Үйлдвэр ХХК,Дарханы Төмөрлөгийн Үйлдвэр ХХК,Дарханы Төмөрлөгийн Үйлдвэр ХХК,Iron ore,Төмөр,Fe-58% Төмрийн баяжмал,Fe-58% Төмрийн баяжмал,USD,55.0,65.5,10.5,19.09,sold
1700,2025-07-28 11:00,2025-07-28,Монголросцветмет ТӨҮГ,Mongolrostsvetmet (ex-Erdenes Critical Minerals),Монголросцветмет ТӨҮГ /Эрдэнэс критикал минералс ТӨҮГ/,Iron ore,Төмөр,Iron ore Fe 52%,Fe-52% Төмрийн хүдэр,USD,59.0,66.5,7.5,12.71,sold
1699,2025-07-28 10:00,2025-07-28,Энержи Ресурс ХХК,Energy Resources,Энержи Ресурс ХХК,Coal,Нүүрс,Washed coking coal,Баяжуулсан коксжих нүүрс,CNY,750.0,840.0,90.0,12.0,sold
1698,2025-07-25 14:00,2025-07-25,Энержи Ресурс ХХК,Energy Resources,Энержи Ресурс ХХК,Coal,Нүүрс,Washed medium-ash semi-hard coking coal,"Баяжуулсан дунд зэрэг үнстэй, хагас хатуу коксжих нүүрс",CNY,,,,,no_bid
1697,2025-07-25 11:00,2025-07-25,Монголросцветмет ТӨҮГ,Mongolrostsvetmet (ex-Erdenes Critical Minerals),Монголросцветмет ТӨҮГ /Эрдэнэс критикал минералс ТӨҮГ/,Iron ore,Төмөр,Iron ore Fe 52%,Fe-52% Төмрийн хүдэр,USD,59.0,64.5,5.5,9.32,sold
1696,2025-07-24 11:00,2025-07-24,Монголросцветмет ТӨҮГ,Mongolrostsvetmet (ex-Erdenes Critical Minerals),Монголросцветмет ТӨҮГ /Эрдэнэс критикал минералс ТӨҮГ/,Iron ore,Төмөр,Iron ore Fe 52%,Fe-52% Төмрийн хүдэр,USD,59.0,64.0,5.0,8.47,sold
1695,2025-07-23 14:00,2025-07-23,Энержи Ресурс ХХК,Energy Resources,Энержи Ресурс ХХК,Coal,Нүүрс,Washed medium-ash semi-hard coking coal,"Баяжуулсан дунд зэрэг үнстэй, хагас хатуу коксжих нүүрс",CNY,,,,,no_bid
1694,2025-07-23 12:00,2025-07-23,Эрдэнэс Тавантолгой ХК,Erdenes Tavan Tolgoi,Эрдэнэс Тавантолгой ХК,Coal,Нүүрс,1/3 coking coal,1/3 коксжих нүүрс,USD,63.2,70.7,7.5,11.87,sold
1693,2025-07-23 11:00,2025-07-23,Монголросцветмет ТӨҮГ,Mongolrostsvetmet (ex-Erdenes Critical Minerals),Монголросцветмет ТӨҮГ /Эрдэнэс критикал минералс ТӨҮГ/,Iron ore,Төмөр,Iron ore Fe 52%,Fe-52% Төмрийн хүдэр,USD,59.0,64.0,5.0,8.47,sold
1692,2025-07-22 11:00,2025-07-22,Монголросцветмет ТӨҮГ,Mongolrostsvetmet (ex-Erdenes Critical Minerals),Монголросцветмет ТӨҮГ /Эрдэнэс критикал минералс ТӨҮГ/,Fluorspar,Жонш,Fluorspar concentrate CaF2 95%,CaF2-95% Хайлуур жоншны баяжмал,USD,300.0,300.0,0.0,0.0,sold
1691,2025-07-21 11:00,2025-07-21,Монголросцветмет ТӨҮГ,Mongolrostsvetmet (ex-Erdenes Critical Minerals),Монголросцветмет ТӨҮГ /Эрдэнэс критикал минералс ТӨҮГ/,Iron ore,Төмөр,Iron ore Fe 52%,Fe-52% Төмрийн хүдэр,USD,59.0,63.0,4.0,6.78,sold
1690,2025-07-21 10:00,2025-07-21,Энержи Ресурс ХХК,Energy Resources,Энержи Ресурс ХХК,Coal,Нүүрс,Washed coking coal,Баяжуулсан коксжих нүүрс,CNY,,,,,no_bid
1689,2025-07-18 15:00,2025-07-18,Тавантолгой ХК,Tavan Tolgoi JSC,Тавантолгой ХК,Coal,Нүүрс,Medium-volatile coking coal,"Дэгдэмхий бодис дунд, коксжих нүүрс",USD,78.0,82.0,4.0,5.13,sold
1688,2025-07-18 14:00,2025-07-18,Тавантолгой ХК,Tavan Tolgoi JSC,Тавантолгой ХК,Coal,Нүүрс,Medium-volatile coking coal,"Дэгдэмхий бодис дунд, коксжих нүүрс",USD,78.0,82.0,4.0,5.13,sold
1687,2025-07-09 15:00,2025-07-09,Дарханы Төмөрлөгийн Үйлдвэр ХХК,Дарханы Төмөрлөгийн Үйлдвэр ХХК,Дарханы Төмөрлөгийн Үйлдвэр ХХК,Iron ore,Төмөр,Fe-58% Төмрийн баяжмал,Fe-58% Төмрийн баяжмал,USD,55.0,64.5,9.5,17.27,sold
1686,2025-07-09 14:00,2025-07-09,Энержи Ресурс ХХК,Energy Resources,Энержи Ресурс ХХК,Coal,Нүүрс,Washed medium-ash semi-hard coking coal,"Баяжуулсан дунд зэрэг үнстэй, хагас хатуу коксжих нүүрс",CNY,,,,,no_bid
1685,2025-07-09 12:00,2025-07-09,Дарханы Төмөрлөгийн Үйлдвэр ХХК,Дарханы Төмөрлөгийн Үйлдвэр ХХК,Дарханы Төмөрлөгийн Үйлдвэр ХХК,Iron ore,Төмөр,Fe-58% Төмрийн баяжмал,Fe-58% Төмрийн баяжмал,USD,55.0,64.5,9.5,17.27,sold
1684,2025-07-09 12:00,2025-07-09,Эрдэнэс Тавантолгой ХК,Erdenes Tavan Tolgoi,Эрдэнэс Тавантолгой ХК,Coal,Нүүрс,1/3 coking coal,1/3 коксжих нүүрс,USD,,,,,no_bid
1683,2025-07-09 11:00,2025-07-09,Монголросцветмет ТӨҮГ,Mongolrostsvetmet (ex-Erdenes Critical Minerals),Монголросцветмет ТӨҮГ /Эрдэнэс критикал минералс ТӨҮГ/,Iron ore,Төмөр,Iron ore Fe 52%,Fe-52% Төмрийн хүдэр,USD,59.0,63.0,4.0,6.78,sold
1682,2025-07-09 11:00,2025-07-09,Эрдэнэс Тавантолгой ХК,Erdenes Tavan Tolgoi,Эрдэнэс Тавантолгой ХК,Coal,Нүүрс,Washed coking coal,Баяжуулсан коксжих нүүрс,USD,92.1,98.6,6.5,7.06,sold
1681,2025-07-09 10:00,2025-07-09,Андын Илч ХХК,Андын Илч ХХК,Андын Илч ХХК,Coal,Нүүрс,Чийг багатай хүрэн нүүрс,Чийг багатай хүрэн нүүрс,CNY,140.0,140.0,0.0,0.0,sold
1680,2025-07-08 14:00,2025-07-08,Энержи Ресурс ХХК,Energy Resources,Энержи Ресурс ХХК,Coal,Нүүрс,Washed medium-ash semi-hard coking coal,"Баяжуулсан дунд зэрэг үнстэй, хагас хатуу коксжих нүүрс",CNY,,,,,no_bid
1679,2025-07-08 14:00,2025-07-08,Эрдэнэс Тавантолгой ХК,Erdenes Tavan Tolgoi,Эрдэнэс Тавантолгой ХК,Coal,Нүүрс,Medium-volatile coking coal,"Дэгдэмхий бодис дунд, коксжих нүүрс",USD,80.2,90.2,10.0,12.47,sold
1678,2025-07-08 13:00,2025-07-08,Эрдэнэс Тавантолгой ХК,Erdenes Tavan Tolgoi,Эрдэнэс Тавантолгой ХК,Coal,Нүүрс,Medium-volatile coking coal,"Дэгдэмхий бодис дунд, коксжих нүүрс",USD,80.2,88.2,8.0,9.98,sold
1677,2025-07-08 12:00,2025-07-08,Эрдэнэс Тавантолгой ХК,Erdenes Tavan Tolgoi,Эрдэнэс Тавантолгой ХК,Coal,Нүүрс,Medium-volatile coking coal,"Дэгдэмхий бодис дунд, коксжих нүүрс",USD,80.2,87.7,7.5,9.35,sold
1676,2025-07-08 11:00,2025-07-08,Монголросцветмет ТӨҮГ,Mongolrostsvetmet (ex-Erdenes Critical Minerals),Монголросцветмет ТӨҮГ /Эрдэнэс критикал минералс ТӨҮГ/,Fluorspar,Жонш,Fluorspar concentrate CaF2 95%,CaF2-95% Хайлуур жоншны баяжмал,USD,300.0,300.0,0.0,0.0,sold
1675,2025-07-08 11:00,2025-07-08,Эрдэнэс Тавантолгой ХК,Erdenes Tavan Tolgoi,Эрдэнэс Тавантолгой ХК,Coal,Нүүрс,"Thermal coal (bituminous, non-caking)","Эрчим хүчний нүүрс /Битумт, үл барьцалдах нүүрс/",USD,32.9,32.9,0.0,0.0,sold
1674,2025-07-07 15:00,2025-07-07,Тавантолгой ХК,Tavan Tolgoi JSC,Тавантолгой ХК,Coal,Нүүрс,Medium-volatile coking coal,"Дэгдэмхий бодис дунд, коксжих нүүрс",USD,,,,,no_bid
1673,2025-07-07 14:00,2025-07-07,Тавантолгой ХК,Tavan Tolgoi JSC,Тавантолгой ХК,Coal,Нүүрс,1/3 coking coal,1/3 коксжих нүүрс,USD,,,,,no_bid
1672,2025-07-07 11:00,2025-07-07,Монголросцветмет ТӨҮГ,Mongolrostsvetmet (ex-Erdenes Critical Minerals),Монголросцветмет ТӨҮГ /Эрдэнэс критикал минералс ТӨҮГ/,Iron ore,Төмөр,Iron ore Fe 52%,Fe-52% Төмрийн хүдэр,USD,59.0,64.0,5.0,8.47,sold
1671,2025-07-07 10:00,2025-07-07,Энержи Ресурс ХХК,Energy Resources,Энержи Ресурс ХХК,Coal,Нүүрс,Washed coking coal,Баяжуулсан коксжих нүүрс,CNY,,,,,no_bid
1670,2025-07-04 15:00,2025-07-04,Тавантолгой ХК,Tavan Tolgoi JSC,Тавантолгой ХК,Coal,Нүүрс,Medium-volatile coking coal,"Дэгдэмхий бодис дунд, коксжих нүүрс",USD,78.0,78.0,0.0,0.0,sold
1669,2025-07-04 15:00,2025-07-04,Эрдэнэс Тавантолгой ХК,Erdenes Tavan Tolgoi,Эрдэнэс Тавантолгой ХК,Coal,Нүүрс,"Thermal coal (bituminous, non-caking)","Эрчим хүчний нүүрс /Битумт, үл барьцалдах нүүрс/",USD,,,,,no_bid
1668,2025-07-04 14:00,2025-07-04,Энержи Ресурс ХХК,Energy Resources,Энержи Ресурс ХХК,Coal,Нүүрс,Washed medium-ash semi-hard coking coal,"Баяжуулсан дунд зэрэг үнстэй, хагас хатуу коксжих нүүрс",CNY,,,,,no_bid
1667,2025-07-04 14:00,2025-07-04,Тавантолгой ХК,Tavan Tolgoi JSC,Тавантолгой ХК,Coal,Нүүрс,1/3 coking coal,1/3 коксжих нүүрс,USD,,,,,no_bid
1666,2025-07-04 14:00,2025-07-04,Эрдэнэс Тавантолгой ХК,Erdenes Tavan Tolgoi,Эрдэнэс Тавантолгой ХК,Coal,Нүүрс,"Thermal coal (bituminous, non-caking)","Эрчим хүчний нүүрс /Битумт, үл барьцалдах нүүрс/",USD,32.9,32.9,0.0,0.0,sold
1665,2025-07-04 11:00,2025-07-04,Монголросцветмет ТӨҮГ,Mongolrostsvetmet (ex-Erdenes Critical Minerals),Монголросцветмет ТӨҮГ /Эрдэнэс критикал минералс ТӨҮГ/,Iron ore,Төмөр,Iron ore Fe 52%,Fe-52% Төмрийн хүдэр,USD,59.0,64.5,5.5,9.32,sold
1664,2025-07-04 11:00,2025-07-04,Эрдэнэс Тавантолгой ХК,Erdenes Tavan Tolgoi,Эрдэнэс Тавантолгой ХК,Coal,Нүүрс,"Thermal coal (bituminous, non-caking)","Эрчим хүчний нүүрс /Битумт, үл барьцалдах нүүрс/",USD,32.9,33.2,0.3,0.91,sold
1663,2025-07-03 15:00,2025-07-03,Тавантолгой ХК,Tavan Tolgoi JSC,Тавантолгой ХК,Coal,Нүүрс,Medium-volatile coking coal,"Дэгдэмхий бодис дунд, коксжих нүүрс",USD,78.0,78.0,0.0,0.0,sold
1662,2025-07-03 14:00,2025-07-03,Тавантолгой ХК,Tavan Tolgoi JSC,Тавантолгой ХК,Coal,Нүүрс,1/3 coking coal,1/3 коксжих нүүрс,USD,,,,,no_bid
1661,2025-07-03 11:00,2025-07-03,Монголросцветмет ТӨҮГ,Mongolrostsvetmet (ex-Erdenes Critical Minerals),Монголросцветмет ТӨҮГ /Эрдэнэс критикал минералс ТӨҮГ/,Iron ore,Төмөр,Iron ore Fe 52%,Fe-52% Төмрийн хүдэр,USD,59.0,63.0,4.0,6.78,sold
1660,2025-07-03 11:00,2025-07-03,Эрдэнэс Тавантолгой ХК,Erdenes Tavan Tolgoi,Эрдэнэс Тавантолгой ХК,Coal,Нүүрс,Medium-volatile coking coal,"Дэгдэмхий бодис дунд, коксжих нүүрс",USD,80.0,87.0,7.0,8.75,sold
1659,2025-07-02 15:00,2025-07-02,Тавантолгой ХК,Tavan Tolgoi JSC,Тавантолгой ХК,Coal,Нүүрс,Medium-volatile coking coal,"Дэгдэмхий бодис дунд, коксжих нүүрс",USD,78.0,78.0,0.0,0.0,sold
1658,2025-07-02 14:00,2025-07-02,Энержи Ресурс ХХК,Energy Resources,Энержи Ресурс ХХК,Coal,Нүүрс,Washed medium-ash semi-hard coking coal,"Баяжуулсан дунд зэрэг үнстэй, хагас хатуу коксжих нүүрс",CNY,,,,,no_bid
1657,2025-07-02 14:00,2025-07-02,Тавантолгой ХК,Tavan Tolgoi JSC,Тавантолгой ХК,Coal,Нүүрс,1/3 coking coal,1/3 коксжих нүүрс,USD,,,,,no_bid
1656,2025-07-02 11:00,2025-07-02,Монголросцветмет ТӨҮГ,Mongolrostsvetmet (ex-Erdenes Critical Minerals),Монголросцветмет ТӨҮГ /Эрдэнэс критикал минералс ТӨҮГ/,Iron ore,Төмөр,Iron concentrate Fe 65%,Fe-65% Төмрийн баяжмал,USD,78.0,82.5,4.5,5.77,sold
1655,2025-07-01 11:00,2025-07-01,Монголросцветмет ТӨҮГ,Mongolrostsvetmet (ex-Erdenes Critical Minerals),Монголросцветмет ТӨҮГ /Эрдэнэс критикал минералс ТӨҮГ/,Iron ore,Төмөр,Iron ore Fe 52%,Fe-52% Төмрийн хүдэр,USD,59.0,63.0,4.0,6.78,sold
1654,2025-06-30 14:00,2025-06-30,Андын Илч ХХК,Андын Илч ХХК,Андын Илч ХХК,Coal,Нүүрс,Чийг багатай хүрэн нүүрс,Чийг багатай хүрэн нүүрс,CNY,,,,,no_bid
1653,2025-06-30 11:00,2025-06-30,Эрдэнэс Тавантолгой ХК,Erdenes Tavan Tolgoi,Эрдэнэс Тавантолгой ХК,Coal,Нүүрс,1/3 coking coal,1/3 коксжих нүүрс,USD,,,,,no_bid
1652,2025-06-30 10:00,2025-06-30,Энержи Ресурс ХХК,Energy Resources,Энержи Ресурс ХХК,Coal,Нүүрс,Washed coking coal,Баяжуулсан коксжих нүүрс,CNY,,,,,no_bid
1651,2025-06-27 14:00,2025-06-27,Хангад Эксплорэйшн ХХК,Khangad Exploration,Хангад Эксплорэйшн ХХК,Coal,Нүүрс,Washed semi-soft coking coal,Баяжуулсан сул коксжих нүүрс,CNY,,,,,no_bid
1650,2025-06-27 14:00,2025-06-27,Эрдэнэс Тавантолгой ХК,Erdenes Tavan Tolgoi,Эрдэнэс Тавантолгой ХК,Coal,Нүүрс,1/3 coking coal,1/3 коксжих нүүрс,USD,,,,,no_bid
1649,2025-06-27 11:00,2025-06-27,Монголросцветмет ТӨҮГ,Mongolrostsvetmet (ex-Erdenes Critical Minerals),Монголросцветмет ТӨҮГ /Эрдэнэс критикал минералс ТӨҮГ/,Iron ore,Төмөр,Iron ore Fe 52%,Fe-52% Төмрийн хүдэр,USD,59.0,62.0,3.0,5.08,sold
1648,2025-06-27 11:00,2025-06-27,Эрдэнэс Тавантолгой ХК,Erdenes Tavan Tolgoi,Эрдэнэс Тавантолгой ХК,Coal,Нүүрс,Washed non-coking-quality coal,Баяжуулсан коксжих чанаргүй нүүрс,USD,40.4,45.2,4.8,11.88,sold
1647,2025-06-27 10:00,2025-06-27,Энержи Ресурс ХХК,Energy Resources,Энержи Ресурс ХХК,Coal,Нүүрс,Washed coking coal,Баяжуулсан коксжих нүүрс,CNY,,,,,no_bid
1646,2025-06-26 15:00,2025-06-26,Тавантолгой ХК,Tavan Tolgoi JSC,Тавантолгой ХК,Coal,Нүүрс,Medium-volatile coking coal,"Дэгдэмхий бодис дунд, коксжих нүүрс",USD,78.0,78.0,0.0,0.0,sold
1645,2025-06-26 14:00,2025-06-26,Энержи Ресурс ХХК,Energy Resources,Энержи Ресурс ХХК,Coal,Нүүрс,Washed medium-ash semi-hard coking coal,"Баяжуулсан дунд зэрэг үнстэй, хагас хатуу коксжих нүүрс",CNY,,,,,no_bid
1644,2025-06-26 11:00,2025-06-26,Эрдэнэс Тавантолгой ХК,Erdenes Tavan Tolgoi,Эрдэнэс Тавантолгой ХК,Coal,Нүүрс,Washed non-coking-quality coal,Баяжуулсан коксжих чанаргүй нүүрс,USD,36.9,44.7,7.8,21.14,sold
1643,2025-06-26 11:00,2025-06-26,Монголросцветмет ТӨҮГ,Mongolrostsvetmet (ex-Erdenes Critical Minerals),Монголросцветмет ТӨҮГ /Эрдэнэс критикал минералс ТӨҮГ/,Iron ore,Төмөр,Iron ore Fe 52%,Fe-52% Төмрийн хүдэр,USD,59.0,61.5,2.5,4.24,sold
1642,2025-06-26 10:00,2025-06-26,Энержи Ресурс ХХК,Energy Resources,Энержи Ресурс ХХК,Coal,Нүүрс,Washed non-coking-quality coal,Баяжуулсан коксжих чанаргүй нүүрс,CNY,,,,,no_bid
1641,2025-06-25 16:00,2025-06-25,Эрдэнэт Үйлдвэр ТӨҮГ,Erdenet Mining Corporation,Эрдэнэт Үйлдвэр ТӨҮГ,Copper,Зэс,Copper concentrate (22.35% Cu),22.35%-ийн зэсийн агуулгатай баяжмал,USD,2193.74,2223.74,30.0,1.37,sold
1640,2025-06-25 15:00,2025-06-25,Тавантолгой ХК,Tavan Tolgoi JSC,Тавантолгой ХК,Coal,Нүүрс,1/3 coking coal,1/3 коксжих нүүрс,USD,,,,,no_bid
1639,2025-06-25 14:00,2025-06-25,Энержи Ресурс ХХК,Energy Resources,Энержи Ресурс ХХК,Coal,Нүүрс,Washed medium-ash semi-hard coking coal,"Баяжуулсан дунд зэрэг үнстэй, хагас хатуу коксжих нүүрс",CNY,,,,,no_bid
1638,2025-06-25 11:00,2025-06-25,Монголросцветмет ТӨҮГ,Mongolrostsvetmet (ex-Erdenes Critical Minerals),Монголросцветмет ТӨҮГ /Эрдэнэс критикал минералс ТӨҮГ/,Iron ore,Төмөр,Iron ore Fe 52%,Fe-52% Төмрийн хүдэр,USD,59.0,61.0,2.0,3.39,sold
1637,2025-06-25 10:00,2025-06-25,Энержи Ресурс ХХК,Energy Resources,Энержи Ресурс ХХК,Coal,Нүүрс,Washed medium-ash semi-hard coking coal,"Баяжуулсан дунд зэрэг үнстэй, хагас хатуу коксжих нүүрс",CNY,,,,,no_bid
1636,2025-06-24 14:00,2025-06-24,Энержи Ресурс ХХК,Energy Resources,Энержи Ресурс ХХК,Coal,Нүүрс,Washed medium-ash semi-hard coking coal,"Баяжуулсан дунд зэрэг үнстэй, хагас хатуу коксжих нүүрс",CNY,,,,,no_bid
1635,2025-06-24 11:00,2025-06-24,Монголросцветмет ТӨҮГ,Mongolrostsvetmet (ex-Erdenes Critical Minerals),Монголросцветмет ТӨҮГ /Эрдэнэс критикал минералс ТӨҮГ/,Iron ore,Төмөр,Iron concentrate Fe 65%,Fe-65% Төмрийн баяжмал,USD,78.0,80.5,2.5,3.21,sold
1634,2025-06-24 10:00,2025-06-24,Энержи Ресурс ХХК,Energy Resources,Энержи Ресурс ХХК,Coal,Нүүрс,Washed coking coal,Баяжуулсан коксжих нүүрс,CNY,,,,,no_bid
1632,2025-06-23 16:00,2025-06-23,Монголросцветмет ТӨҮГ,Mongolrostsvetmet (ex-Erdenes Critical Minerals),Монголросцветмет ТӨҮГ /Эрдэнэс критикал минералс ТӨҮГ/,Iron ore,Төмөр,Iron ore Fe 52%,Fe-52% Төмрийн хүдэр,USD,59.0,60.5,1.5,2.54,sold
1633,2025-06-23 14:00,2025-06-23,Энержи Ресурс ХХК,Energy Resources,Энержи Ресурс ХХК,Coal,Нүүрс,Washed medium-ash semi-hard coking coal,"Баяжуулсан дунд зэрэг үнстэй, хагас хатуу коксжих нүүрс",CNY,,,,,no_bid
1631,2025-06-23 11:00,2025-06-23,Эрдэнэс Тавантолгой ХК,Erdenes Tavan Tolgoi,Эрдэнэс Тавантолгой ХК,Coal,Нүүрс,"Thermal coal (bituminous, non-caking)","Эрчим хүчний нүүрс /Битумт, үл барьцалдах нүүрс/",USD,35.1,35.1,0.0,0.0,sold
1630,2025-06-23 10:00,2025-06-23,Энержи Ресурс ХХК,Energy Resources,Энержи Ресурс ХХК,Coal,Нүүрс,Washed coking coal,Баяжуулсан коксжих нүүрс,CNY,,,,,no_bid
1629,2025-06-20 14:00,2025-06-20,Хангад Эксплорэйшн ХХК,Khangad Exploration,Хангад Эксплорэйшн ХХК,Coal,Нүүрс,Washed semi-soft coking coal,Баяжуулсан сул коксжих нүүрс,CNY,,,,,no_bid
1628,2025-06-20 11:00,2025-06-20,Монголросцветмет ТӨҮГ,Mongolrostsvetmet (ex-Erdenes Critical Minerals),Монголросцветмет ТӨҮГ /Эрдэнэс критикал минералс ТӨҮГ/,Fluorspar,Жонш,Fluorspar concentrate CaF2 95%,CaF2-95% Хайлуур жоншны баяжмал,USD,300.0,300.0,0.0,0.0,sold
1627,2025-06-20 10:00,2025-06-20,Энержи Ресурс ХХК,Energy Resources,Энержи Ресурс ХХК,Coal,Нүүрс,Washed coking coal,Баяжуулсан коксжих нүүрс,CNY,,,,,no_bid
1626,2025-06-19 14:00,2025-06-19,Энержи Ресурс ХХК,Energy Resources,Энержи Ресурс ХХК,Coal,Нүүрс,Washed medium-ash semi-hard coking coal,"Баяжуулсан дунд зэрэг үнстэй, хагас хатуу коксжих нүүрс",CNY,,,,,no_bid
1625,2025-06-19 11:00,2025-06-19,Монголросцветмет ТӨҮГ,Mongolrostsvetmet (ex-Erdenes Critical Minerals),Монголросцветмет ТӨҮГ /Эрдэнэс критикал минералс ТӨҮГ/,Iron ore,Төмөр,Iron ore Fe 52%,Fe-52% Төмрийн хүдэр,USD,59.0,60.5,1.5,2.54,sold
1624,2025-06-19 10:00,2025-06-19,Хангад Эксплорэйшн ХХК,Khangad Exploration,Хангад Эксплорэйшн ХХК,Coal,Нүүрс,Washed non-coking-quality coal,Баяжуулсан коксжих чанаргүй нүүрс,CNY,,,,,no_bid
1623,2025-06-18 14:00,2025-06-18,Энержи Ресурс ХХК,Energy Resources,Энержи Ресурс ХХК,Coal,Нүүрс,Washed medium-ash semi-hard coking coal,"Баяжуулсан дунд зэрэг үнстэй, хагас хатуу коксжих нүүрс",CNY,,,,,no_bid
1622,2025-06-18 11:00,2025-06-18,Эрдэнэс Тавантолгой ХК,Erdenes Tavan Tolgoi,Эрдэнэс Тавантолгой ХК,Coal,Нүүрс,1/3 coking coal,1/3 коксжих нүүрс,USD,,,,,no_bid
1621,2025-06-18 10:00,2025-06-18,Энержи Ресурс ХХК,Energy Resources,Энержи Ресурс ХХК,Coal,Нүүрс,Washed medium-ash semi-hard coking coal,"Баяжуулсан дунд зэрэг үнстэй, хагас хатуу коксжих нүүрс",CNY,,,,,no_bid
1620,2025-06-17 14:00,2025-06-17,Энержи Ресурс ХХК,Energy Resources,Энержи Ресурс ХХК,Coal,Нүүрс,Washed medium-ash semi-hard coking coal,"Баяжуулсан дунд зэрэг үнстэй, хагас хатуу коксжих нүүрс",CNY,,,,,no_bid
1619,2025-06-17 11:00,2025-06-17,Монголросцветмет ТӨҮГ,Mongolrostsvetmet (ex-Erdenes Critical Minerals),Монголросцветмет ТӨҮГ /Эрдэнэс критикал минералс ТӨҮГ/,Iron ore,Төмөр,Iron ore Fe 52%,Fe-52% Төмрийн хүдэр,USD,59.0,60.5,1.5,2.54,sold
1618,2025-06-17 11:00,2025-06-17,Эрдэнэс Тавантолгой ХК,Erdenes Tavan Tolgoi,Эрдэнэс Тавантолгой ХК,Coal,Нүүрс,1/3 coking coal,1/3 коксжих нүүрс,USD,,,,,no_bid
1617,2025-06-17 10:00,2025-06-17,Энержи Ресурс ХХК,Energy Resources,Энержи Ресурс ХХК,Coal,Нүүрс,Washed coking coal,Баяжуулсан коксжих нүүрс,CNY,,,,,no_bid
1616,2025-06-16 14:00,2025-06-16,Эрдэнэс Тавантолгой ХК,Erdenes Tavan Tolgoi,Эрдэнэс Тавантолгой ХК,Coal,Нүүрс,Washed coking coal,Баяжуулсан коксжих нүүрс,USD,,,,,no_bid
1615,2025-06-16 14:00,2025-06-16,Энержи Ресурс ХХК,Energy Resources,Энержи Ресурс ХХК,Coal,Нүүрс,Washed medium-ash semi-hard coking coal,"Баяжуулсан дунд зэрэг үнстэй, хагас хатуу коксжих нүүрс",CNY,,,,,no_bid
1614,2025-06-16 11:00,2025-06-16,Эрдэнэс Тавантолгой ХК,Erdenes Tavan Tolgoi,Эрдэнэс Тавантолгой ХК,Coal,Нүүрс,Washed non-coking-quality coal,Баяжуулсан коксжих чанаргүй нүүрс,USD,,,,,no_bid
1613,2025-06-16 10:00,2025-06-16,Энержи Ресурс ХХК,Energy Resources,Энержи Ресурс ХХК,Coal,Нүүрс,Washed coking coal,Баяжуулсан коксжих нүүрс,CNY,,,,,no_bid
1612,2025-06-13 14:00,2025-06-13,Хангад Эксплорэйшн ХХК,Khangad Exploration,Хангад Эксплорэйшн ХХК,Coal,Нүүрс,Washed semi-soft coking coal,Баяжуулсан сул коксжих нүүрс,CNY,,,,,no_bid
1611,2025-06-13 12:00,2025-06-13,Дарханы Төмөрлөгийн Үйлдвэр ХХК,Дарханы Төмөрлөгийн Үйлдвэр ХХК,Дарханы Төмөрлөгийн Үйлдвэр ХХК,Iron ore,Төмөр,Iron concentrate Fe 65%,Fe-65% Төмрийн баяжмал,USD,,,,,no_bid
1610,2025-06-13 11:00,2025-06-13,Монголросцветмет ТӨҮГ,Mongolrostsvetmet (ex-Erdenes Critical Minerals),Монголросцветмет ТӨҮГ /Эрдэнэс критикал минералс ТӨҮГ/,Iron ore,Төмөр,Iron ore Fe 52%,Fe-52% Төмрийн хүдэр,USD,59.0,61.5,2.5,4.24,sold
1609,2025-06-13 10:00,2025-06-13,Энержи Ресурс ХХК,Energy Resources,Энержи Ресурс ХХК,Coal,Нүүрс,Washed coking coal,Баяжуулсан коксжих нүүрс,CNY,,,,,no_bid
1608,2025-06-12 14:00,2025-06-12,Энержи Ресурс ХХК,Energy Resources,Энержи Ресурс ХХК,Coal,Нүүрс,Washed medium-ash semi-hard coking coal,"Баяжуулсан дунд зэрэг үнстэй, хагас хатуу коксжих нүүрс",CNY,,,,,no_bid
1607,2025-06-12 14:00,2025-06-12,Тавантолгой ХК,Tavan Tolgoi JSC,Тавантолгой ХК,Coal,Нүүрс,1/3 coking coal,1/3 коксжих нүүрс,USD,,,,,no_bid
1606,2025-06-12 12:00,2025-06-12,Дарханы Төмөрлөгийн Үйлдвэр ХХК,Дарханы Төмөрлөгийн Үйлдвэр ХХК,Дарханы Төмөрлөгийн Үйлдвэр ХХК,Iron ore,Төмөр,Fe-62% Төмрийн баяжмал,Fe-62% Төмрийн баяжмал,USD,,,,,no_bid
1605,2025-06-12 11:00,2025-06-12,Монголросцветмет ТӨҮГ,Mongolrostsvetmet (ex-Erdenes Critical Minerals),Монголросцветмет ТӨҮГ /Эрдэнэс критикал минералс ТӨҮГ/,Fluorspar,Жонш,Fluorspar concentrate CaF2 95%,CaF2-95% Хайлуур жоншны баяжмал,USD,,,,,no_bid
1604,2025-06-12 11:00,2025-06-12,Монголросцветмет ТӨҮГ,Mongolrostsvetmet (ex-Erdenes Critical Minerals),Монголросцветмет ТӨҮГ /Эрдэнэс критикал минералс ТӨҮГ/,Iron ore,Төмөр,Iron ore Fe 52%,Fe-52% Төмрийн хүдэр,USD,59.0,61.5,2.5,4.24,sold
1603,2025-06-12 10:00,2025-06-12,Хангад Эксплорэйшн ХХК,Khangad Exploration,Хангад Эксплорэйшн ХХК,Coal,Нүүрс,Washed non-coking-quality coal,Баяжуулсан коксжих чанаргүй нүүрс,CNY,,,,,no_bid
1602,2025-06-10 14:00,2025-06-10,Тавантолгой ХК,Tavan Tolgoi JSC,Тавантолгой ХК,Coal,Нүүрс,1/3 coking coal,1/3 коксжих нүүрс,USD,,,,,no_bid
1601,2025-06-10 11:00,2025-06-10,Монголросцветмет ТӨҮГ,Mongolrostsvetmet (ex-Erdenes Critical Minerals),Монголросцветмет ТӨҮГ /Эрдэнэс критикал минералс ТӨҮГ/,Iron ore,Төмөр,Iron concentrate Fe 65%,Fe-65% Төмрийн баяжмал,USD,,,,,no_bid
1600,2025-06-09 11:00,2025-06-09,Монголросцветмет ТӨҮГ,Mongolrostsvetmet (ex-Erdenes Critical Minerals),Монголросцветмет ТӨҮГ /Эрдэнэс критикал минералс ТӨҮГ/,Iron ore,Төмөр,Iron ore Fe 52%,Fe-52% Төмрийн хүдэр,USD,59.0,60.0,1.0,1.69,sold
1599,2025-06-06 14:00,2025-06-06,Эрдэнэс Тавантолгой ХК,Erdenes Tavan Tolgoi,Эрдэнэс Тавантолгой ХК,Coal,Нүүрс,"Thermal coal (bituminous, non-caking)","Эрчим хүчний нүүрс /Битумт, үл барьцалдах нүүрс/",USD,34.7,35.0,0.3,0.86,sold
1598,2025-06-06 14:00,2025-06-06,Хангад Эксплорэйшн ХХК,Khangad Exploration,Хангад Эксплорэйшн ХХК,Coal,Нүүрс,Washed semi-soft coking coal,Баяжуулсан сул коксжих нүүрс,CNY,,,,,no_bid
1597,2025-06-06 11:00,2025-06-06,Эрдэнэс Тавантолгой ХК,Erdenes Tavan Tolgoi,Эрдэнэс Тавантолгой ХК,Coal,Нүүрс,"Thermal coal (bituminous, non-caking)","Эрчим хүчний нүүрс /Битумт, үл барьцалдах нүүрс/",USD,34.6,34.9,0.3,0.87,sold
1596,2025-06-06 11:00,2025-06-06,Монголросцветмет ТӨҮГ,Mongolrostsvetmet (ex-Erdenes Critical Minerals),Монголросцветмет ТӨҮГ /Эрдэнэс критикал минералс ТӨҮГ/,Fluorspar,Жонш,Fluorspar concentrate CaF2 95%,CaF2-95% Хайлуур жоншны баяжмал,USD,300.0,300.0,0.0,0.0,sold
1595,2025-06-06 10:00,2025-06-06,Энержи Ресурс ХХК,Energy Resources,Энержи Ресурс ХХК,Coal,Нүүрс,Washed coking coal,Баяжуулсан коксжих нүүрс,CNY,,,,,no_bid
1594,2025-06-05 14:00,2025-06-05,Тавантолгой ХК,Tavan Tolgoi JSC,Тавантолгой ХК,Coal,Нүүрс,Medium-volatile coking coal,"Дэгдэмхий бодис дунд, коксжих нүүрс",USD,,,,,no_bid
1593,2025-06-05 14:00,2025-06-05,Энержи Ресурс ХХК,Energy Resources,Энержи Ресурс ХХК,Coal,Нүүрс,Washed medium-ash semi-hard coking coal,"Баяжуулсан дунд зэрэг үнстэй, хагас хатуу коксжих нүүрс",CNY,,,,,no_bid
1592,2025-06-05 11:00,2025-06-05,Монголросцветмет ТӨҮГ,Mongolrostsvetmet (ex-Erdenes Critical Minerals),Монголросцветмет ТӨҮГ /Эрдэнэс критикал минералс ТӨҮГ/,Iron ore,Төмөр,Iron ore Fe 52%,Fe-52% Төмрийн хүдэр,USD,61.0,62.5,1.5,2.46,sold
1591,2025-06-05 10:00,2025-06-05,Хангад Эксплорэйшн ХХК,Khangad Exploration,Хангад Эксплорэйшн ХХК,Coal,Нүүрс,Washed non-coking-quality coal,Баяжуулсан коксжих чанаргүй нүүрс,CNY,,,,,no_bid
1590,2025-06-04 14:00,2025-06-04,Энержи Ресурс ХХК,Energy Resources,Энержи Ресурс ХХК,Coal,Нүүрс,Washed medium-ash semi-hard coking coal,"Баяжуулсан дунд зэрэг үнстэй, хагас хатуу коксжих нүүрс",CNY,,,,,no_bid
1589,2025-06-04 11:00,2025-06-04,Эрдэнэс Тавантолгой ХК,Erdenes Tavan Tolgoi,Эрдэнэс Тавантолгой ХК,Coal,Нүүрс,1/3 coking coal,1/3 коксжих нүүрс,USD,,,,,no_bid
1588,2025-06-04 11:00,2025-06-04,Монголросцветмет ТӨҮГ,Mongolrostsvetmet (ex-Erdenes Critical Minerals),Монголросцветмет ТӨҮГ /Эрдэнэс критикал минералс ТӨҮГ/,Iron ore,Төмөр,Iron concentrate Fe 65%,Fe-65% Төмрийн баяжмал,USD,83.0,84.0,1.0,1.2,sold
1587,2025-06-04 10:00,2025-06-04,Энержи Ресурс ХХК,Energy Resources,Энержи Ресурс ХХК,Coal,Нүүрс,Washed medium-ash semi-hard coking coal,"Баяжуулсан дунд зэрэг үнстэй, хагас хатуу коксжих нүүрс",CNY,,,,,no_bid
1586,2025-06-03 14:00,2025-06-03,Энержи Ресурс ХХК,Energy Resources,Энержи Ресурс ХХК,Coal,Нүүрс,Washed medium-ash semi-hard coking coal,"Баяжуулсан дунд зэрэг үнстэй, хагас хатуу коксжих нүүрс",CNY,,,,,no_bid
1585,2025-06-03 11:00,2025-06-03,Эрдэнэс Тавантолгой ХК,Erdenes Tavan Tolgoi,Эрдэнэс Тавантолгой ХК,Coal,Нүүрс,"Thermal coal (bituminous, non-caking)","Эрчим хүчний нүүрс /Битумт, үл барьцалдах нүүрс/",USD,,,,,no_bid
1584,2025-06-03 11:00,2025-06-03,Монголросцветмет ТӨҮГ,Mongolrostsvetmet (ex-Erdenes Critical Minerals),Монголросцветмет ТӨҮГ /Эрдэнэс критикал минералс ТӨҮГ/,Iron ore,Төмөр,Iron ore Fe 52%,Fe-52% Төмрийн хүдэр,USD,61.0,61.0,0.0,0.0,sold
1583,2025-06-03 10:00,2025-06-03,Энержи Ресурс ХХК,Energy Resources,Энержи Ресурс ХХК,Coal,Нүүрс,Washed coking coal,Баяжуулсан коксжих нүүрс,CNY,,,,,no_bid
1582,2025-06-02 14:00,2025-06-02,Энержи Ресурс ХХК,Energy Resources,Энержи Ресурс ХХК,Coal,Нүүрс,Washed medium-ash semi-hard coking coal,"Баяжуулсан дунд зэрэг үнстэй, хагас хатуу коксжих нүүрс",CNY,,,,,no_bid
1581,2025-06-02 11:00,2025-06-02,Эрдэнэс Тавантолгой ХК,Erdenes Tavan Tolgoi,Эрдэнэс Тавантолгой ХК,Coal,Нүүрс,"Thermal coal (bituminous, non-caking)","Эрчим хүчний нүүрс /Битумт, үл барьцалдах нүүрс/",USD,,,,,no_bid
1580,2025-06-02 10:00,2025-06-02,Энержи Ресурс ХХК,Energy Resources,Энержи Ресурс ХХК,Coal,Нүүрс,Washed coking coal,Баяжуулсан коксжих нүүрс,CNY,,,,,no_bid
1579,2025-05-30 15:00,2025-05-30,Эрдэнэт Үйлдвэр ТӨҮГ,Erdenet Mining Corporation,Эрдэнэт Үйлдвэр ТӨҮГ,Copper,Зэс,Copper concentrate (22.35% Cu),22.35%-ийн зэсийн агуулгатай баяжмал,USD,2138.08,2178.08,40.0,1.87,sold
1578,2025-05-30 14:00,2025-05-30,Хангад Эксплорэйшн ХХК,Khangad Exploration,Хангад Эксплорэйшн ХХК,Coal,Нүүрс,Washed semi-soft coking coal,Баяжуулсан сул коксжих нүүрс,CNY,,,,,no_bid
1577,2025-05-30 12:00,2025-05-30,Монголросцветмет ТӨҮГ,Mongolrostsvetmet (ex-Erdenes Critical Minerals),Монголросцветмет ТӨҮГ /Эрдэнэс критикал минералс ТӨҮГ/,Fluorspar,Жонш,Fluorspar concentrate CaF2 95%,CaF2-95% Хайлуур жоншны баяжмал,USD,,,,,no_bid
1576,2025-05-30 11:00,2025-05-30,Монголросцветмет ТӨҮГ,Mongolrostsvetmet (ex-Erdenes Critical Minerals),Монголросцветмет ТӨҮГ /Эрдэнэс критикал минералс ТӨҮГ/,Iron ore,Төмөр,Iron ore Fe 52%,Fe-52% Төмрийн хүдэр,USD,61.0,62.5,1.5,2.46,sold
1575,2025-05-30 10:00,2025-05-30,Энержи Ресурс ХХК,Energy Resources,Энержи Ресурс ХХК,Coal,Нүүрс,Washed coking coal,Баяжуулсан коксжих нүүрс,CNY,,,,,no_bid
1574,2025-05-29 15:00,2025-05-29,Тавантолгой ХК,Tavan Tolgoi JSC,Тавантолгой ХК,Coal,Нүүрс,1/3 coking coal,1/3 коксжих нүүрс,USD,,,,,no_bid
1573,2025-05-29 14:00,2025-05-29,Энержи Ресурс ХХК,Energy Resources,Энержи Ресурс ХХК,Coal,Нүүрс,Washed medium-ash semi-hard coking coal,"Баяжуулсан дунд зэрэг үнстэй, хагас хатуу коксжих нүүрс",CNY,,,,,no_bid
1572,2025-05-29 10:00,2025-05-29,Хангад Эксплорэйшн ХХК,Khangad Exploration,Хангад Эксплорэйшн ХХК,Coal,Нүүрс,Washed non-coking-quality coal,Баяжуулсан коксжих чанаргүй нүүрс,CNY,,,,,no_bid
1571,2025-05-28 14:00,2025-05-28,Энержи Ресурс ХХК,Energy Resources,Энержи Ресурс ХХК,Coal,Нүүрс,Washed medium-ash semi-hard coking coal,"Баяжуулсан дунд зэрэг үнстэй, хагас хатуу коксжих нүүрс",CNY,,,,,no_bid
1570,2025-05-28 14:00,2025-05-28,Эрдэнэс Тавантолгой ХК,Erdenes Tavan Tolgoi,Эрдэнэс Тавантолгой ХК,Coal,Нүүрс,"Thermal coal (bituminous, non-caking)","Эрчим хүчний нүүрс /Битумт, үл барьцалдах нүүрс/",USD,,,,,no_bid
1569,2025-05-28 11:00,2025-05-28,Монголросцветмет ТӨҮГ,Mongolrostsvetmet (ex-Erdenes Critical Minerals),Монголросцветмет ТӨҮГ /Эрдэнэс критикал минералс ТӨҮГ/,Iron ore,Төмөр,Iron ore Fe 52%,Fe-52% Төмрийн хүдэр,USD,61.0,63.0,2.0,3.28,sold
1568,2025-05-28 11:00,2025-05-28,Эрдэнэс Тавантолгой ХК,Erdenes Tavan Tolgoi,Эрдэнэс Тавантолгой ХК,Coal,Нүүрс,1/3 coking coal,1/3 коксжих нүүрс,USD,,,,,no_bid
1567,2025-05-28 10:00,2025-05-28,Энержи Ресурс ХХК,Energy Resources,Энержи Ресурс ХХК,Coal,Нүүрс,Washed medium-ash semi-hard coking coal,"Баяжуулсан дунд зэрэг үнстэй, хагас хатуу коксжих нүүрс",CNY,,,,,no_bid
1566,2025-05-27 14:00,2025-05-27,Эрдэнэс Тавантолгой ХК,Erdenes Tavan Tolgoi,Эрдэнэс Тавантолгой ХК,Coal,Нүүрс,"Thermal coal (bituminous, non-caking)","Эрчим хүчний нүүрс /Битумт, үл барьцалдах нүүрс/",USD,,,,,no_bid
1565,2025-05-27 14:00,2025-05-27,Энержи Ресурс ХХК,Energy Resources,Энержи Ресурс ХХК,Coal,Нүүрс,Washed medium-ash semi-hard coking coal,"Баяжуулсан дунд зэрэг үнстэй, хагас хатуу коксжих нүүрс",CNY,,,,,no_bid
1564,2025-05-27 11:00,2025-05-27,Эрдэнэс Тавантолгой ХК,Erdenes Tavan Tolgoi,Эрдэнэс Тавантолгой ХК,Coal,Нүүрс,1/3 coking coal,1/3 коксжих нүүрс,USD,,,,,no_bid
1563,2025-05-27 10:00,2025-05-27,Энержи Ресурс ХХК,Energy Resources,Энержи Ресурс ХХК,Coal,Нүүрс,Washed coking coal,Баяжуулсан коксжих нүүрс,CNY,,,,,no_bid
1562,2025-05-26 14:00,2025-05-26,Энержи Ресурс ХХК,Energy Resources,Энержи Ресурс ХХК,Coal,Нүүрс,Washed medium-ash semi-hard coking coal,"Баяжуулсан дунд зэрэг үнстэй, хагас хатуу коксжих нүүрс",CNY,,,,,no_bid
1561,2025-05-26 11:00,2025-05-26,Монголросцветмет ТӨҮГ,Mongolrostsvetmet (ex-Erdenes Critical Minerals),Монголросцветмет ТӨҮГ /Эрдэнэс критикал минералс ТӨҮГ/,Iron ore,Төмөр,Iron ore Fe 52%,Fe-52% Төмрийн хүдэр,USD,61.0,62.5,1.5,2.46,sold
1560,2025-05-26 10:00,2025-05-26,Энержи Ресурс ХХК,Energy Resources,Энержи Ресурс ХХК,Coal,Нүүрс,Washed coking coal,Баяжуулсан коксжих нүүрс,CNY,,,,,no_bid
1559,2025-05-23 14:00,2025-05-23,Хангад Эксплорэйшн ХХК,Khangad Exploration,Хангад Эксплорэйшн ХХК,Coal,Нүүрс,Washed semi-soft coking coal,Баяжуулсан сул коксжих нүүрс,CNY,600.0,605.0,5.0,0.83,sold
1558,2025-05-23 11:00,2025-05-23,Монголросцветмет ТӨҮГ,Mongolrostsvetmet (ex-Erdenes Critical Minerals),Монголросцветмет ТӨҮГ /Эрдэнэс критикал минералс ТӨҮГ/,Iron ore,Төмөр,Iron ore Fe 52%,Fe-52% Төмрийн хүдэр,USD,59.0,65.0,6.0,10.17,sold
1557,2025-05-23 10:00,2025-05-23,Энержи Ресурс ХХК,Energy Resources,Энержи Ресурс ХХК,Coal,Нүүрс,Washed coking coal,Баяжуулсан коксжих нүүрс,CNY,,,,,no_bid
1556,2025-05-22 14:00,2025-05-22,Тавантолгой ХК,Tavan Tolgoi JSC,Тавантолгой ХК,Coal,Нүүрс,1/3 coking coal,1/3 коксжих нүүрс,USD,,,,,no_bid
1555,2025-05-22 14:00,2025-05-22,Энержи Ресурс ХХК,Energy Resources,Энержи Ресурс ХХК,Coal,Нүүрс,Washed medium-ash semi-hard coking coal,"Баяжуулсан дунд зэрэг үнстэй, хагас хатуу коксжих нүүрс",CNY,,,,,no_bid
1554,2025-05-22 11:00,2025-05-22,Монголросцветмет ТӨҮГ,Mongolrostsvetmet (ex-Erdenes Critical Minerals),Монголросцветмет ТӨҮГ /Эрдэнэс критикал минералс ТӨҮГ/,Iron ore,Төмөр,Iron ore Fe 52%,Fe-52% Төмрийн хүдэр,USD,59.0,64.0,5.0,8.47,sold
1553,2025-05-22 10:00,2025-05-22,Хангад Эксплорэйшн ХХК,Khangad Exploration,Хангад Эксплорэйшн ХХК,Coal,Нүүрс,Washed non-coking-quality coal,Баяжуулсан коксжих чанаргүй нүүрс,CNY,,,,,no_bid
1552,2025-05-21 14:00,2025-05-21,Тавантолгой ХК,Tavan Tolgoi JSC,Тавантолгой ХК,Coal,Нүүрс,1/3 coking coal,1/3 коксжих нүүрс,USD,,,,,no_bid
1551,2025-05-21 14:00,2025-05-21,Энержи Ресурс ХХК,Energy Resources,Энержи Ресурс ХХК,Coal,Нүүрс,Washed medium-ash semi-hard coking coal,"Баяжуулсан дунд зэрэг үнстэй, хагас хатуу коксжих нүүрс",CNY,,,,,no_bid
1550,2025-05-21 11:00,2025-05-21,Монголросцветмет ТӨҮГ,Mongolrostsvetmet (ex-Erdenes Critical Minerals),Монголросцветмет ТӨҮГ /Эрдэнэс критикал минералс ТӨҮГ/,Fluorspar,Жонш,Fluorspar concentrate CaF2 95%,CaF2-95% Хайлуур жоншны баяжмал,USD,,,,,no_bid
1549,2025-05-21 10:00,2025-05-21,Энержи Ресурс ХХК,Energy Resources,Энержи Ресурс ХХК,Coal,Нүүрс,Washed medium-ash semi-hard coking coal,"Баяжуулсан дунд зэрэг үнстэй, хагас хатуу коксжих нүүрс",CNY,,,,,no_bid
1548,2025-05-20 14:00,2025-05-20,Энержи Ресурс ХХК,Energy Resources,Энержи Ресурс ХХК,Coal,Нүүрс,Washed medium-ash semi-hard coking coal,"Баяжуулсан дунд зэрэг үнстэй, хагас хатуу коксжих нүүрс",CNY,,,,,no_bid
1547,2025-05-20 11:00,2025-05-20,Монголросцветмет ТӨҮГ,Mongolrostsvetmet (ex-Erdenes Critical Minerals),Монголросцветмет ТӨҮГ /Эрдэнэс критикал минералс ТӨҮГ/,Iron ore,Төмөр,Iron ore Fe 52%,Fe-52% Төмрийн хүдэр,USD,59.0,64.0,5.0,8.47,sold
1546,2025-05-20 10:00,2025-05-20,Энержи Ресурс ХХК,Energy Resources,Энержи Ресурс ХХК,Coal,Нүүрс,Washed coking coal,Баяжуулсан коксжих нүүрс,CNY,,,,,no_bid
1545,2025-05-19 14:00,2025-05-19,Энержи Ресурс ХХК,Energy Resources,Энержи Ресурс ХХК,Coal,Нүүрс,Washed medium-ash semi-hard coking coal,"Баяжуулсан дунд зэрэг үнстэй, хагас хатуу коксжих нүүрс",CNY,,,,,no_bid
1544,2025-05-19 11:00,2025-05-19,Монголросцветмет ТӨҮГ,Mongolrostsvetmet (ex-Erdenes Critical Minerals),Монголросцветмет ТӨҮГ /Эрдэнэс критикал минералс ТӨҮГ/,Iron ore,Төмөр,Iron ore Fe 52%,Fe-52% Төмрийн хүдэр,USD,59.0,64.0,5.0,8.47,sold
1543,2025-05-19 10:00,2025-05-19,Энержи Ресурс ХХК,Energy Resources,Энержи Ресурс ХХК,Coal,Нүүрс,Washed coking coal,Баяжуулсан коксжих нүүрс,CNY,,,,,no_bid
1542,2025-05-16 14:00,2025-05-16,Хангад Эксплорэйшн ХХК,Khangad Exploration,Хангад Эксплорэйшн ХХК,Coal,Нүүрс,Washed semi-soft coking coal,Баяжуулсан сул коксжих нүүрс,CNY,600.0,670.0,70.0,11.67,sold
1541,2025-05-16 11:00,2025-05-16,Монголросцветмет ТӨҮГ,Mongolrostsvetmet (ex-Erdenes Critical Minerals),Монголросцветмет ТӨҮГ /Эрдэнэс критикал минералс ТӨҮГ/,Iron ore,Төмөр,Iron ore Fe 52%,Fe-52% Төмрийн хүдэр,USD,59.0,62.5,3.5,5.93,sold
1540,2025-05-16 11:00,2025-05-16,Эрдэнэс Тавантолгой ХК,Erdenes Tavan Tolgoi,Эрдэнэс Тавантолгой ХК,Coal,Нүүрс,"Thermal coal (bituminous, non-caking)","Эрчим хүчний нүүрс /Битумт, үл барьцалдах нүүрс/",USD,,,,,no_bid
1539,2025-05-16 10:00,2025-05-16,Энержи Ресурс ХХК,Energy Resources,Энержи Ресурс ХХК,Coal,Нүүрс,Washed coking coal,Баяжуулсан коксжих нүүрс,CNY,,,,,no_bid
1538,2025-05-15 14:00,2025-05-15,Энержи Ресурс ХХК,Energy Resources,Энержи Ресурс ХХК,Coal,Нүүрс,Washed medium-ash semi-hard coking coal,"Баяжуулсан дунд зэрэг үнстэй, хагас хатуу коксжих нүүрс",CNY,,,,,no_bid
1537,2025-05-15 14:00,2025-05-15,Тавантолгой ХК,Tavan Tolgoi JSC,Тавантолгой ХК,Coal,Нүүрс,1/3 coking coal,1/3 коксжих нүүрс,USD,,,,,no_bid
1536,2025-05-15 11:00,2025-05-15,Эрдэнэс Тавантолгой ХК,Erdenes Tavan Tolgoi,Эрдэнэс Тавантолгой ХК,Coal,Нүүрс,"Thermal coal (bituminous, non-caking)","Эрчим хүчний нүүрс /Битумт, үл барьцалдах нүүрс/",USD,,,,,no_bid
1535,2025-05-15 10:00,2025-05-15,Хангад Эксплорэйшн ХХК,Khangad Exploration,Хангад Эксплорэйшн ХХК,Coal,Нүүрс,Washed non-coking-quality coal,Баяжуулсан коксжих чанаргүй нүүрс,CNY,,,,,no_bid
1534,2025-05-14 15:00,2025-05-14,Эрдэнэт Үйлдвэр ТӨҮГ,Erdenet Mining Corporation,Эрдэнэт Үйлдвэр ТӨҮГ,Copper,Зэс,Copper concentrate (22.35% Cu),22.35%-ийн зэсийн агуулгатай баяжмал,USD,2087.41,2172.41,85.0,4.07,sold
1533,2025-05-14 14:00,2025-05-14,Энержи Ресурс ХХК,Energy Resources,Энержи Ресурс ХХК,Coal,Нүүрс,Washed medium-ash semi-hard coking coal,"Баяжуулсан дунд зэрэг үнстэй, хагас хатуу коксжих нүүрс",CNY,,,,,no_bid
1532,2025-05-14 11:00,2025-05-14,Монголросцветмет ТӨҮГ,Mongolrostsvetmet (ex-Erdenes Critical Minerals),Монголросцветмет ТӨҮГ /Эрдэнэс критикал минералс ТӨҮГ/,Iron ore,Төмөр,Iron ore Fe 52%,Fe-52% Төмрийн хүдэр,USD,59.0,61.0,2.0,3.39,sold
1531,2025-05-14 11:00,2025-05-14,Эрдэнэс Тавантолгой ХК,Erdenes Tavan Tolgoi,Эрдэнэс Тавантолгой ХК,Coal,Нүүрс,"Thermal coal (bituminous, non-caking)","Эрчим хүчний нүүрс /Битумт, үл барьцалдах нүүрс/",USD,,,,,no_bid
1530,2025-05-14 10:00,2025-05-14,Энержи Ресурс ХХК,Energy Resources,Энержи Ресурс ХХК,Coal,Нүүрс,Washed medium-ash semi-hard coking coal,"Баяжуулсан дунд зэрэг үнстэй, хагас хатуу коксжих нүүрс",CNY,,,,,no_bid
1529,2025-05-13 14:00,2025-05-13,Энержи Ресурс ХХК,Energy Resources,Энержи Ресурс ХХК,Coal,Нүүрс,Washed medium-ash semi-hard coking coal,"Баяжуулсан дунд зэрэг үнстэй, хагас хатуу коксжих нүүрс",CNY,,,,,no_bid
1528,2025-05-13 10:00,2025-05-13,Энержи Ресурс ХХК,Energy Resources,Энержи Ресурс ХХК,Coal,Нүүрс,Washed coking coal,Баяжуулсан коксжих нүүрс,CNY,,,,,no_bid
1527,2025-05-12 14:00,2025-05-12,Энержи Ресурс ХХК,Energy Resources,Энержи Ресурс ХХК,Coal,Нүүрс,Washed medium-ash semi-hard coking coal,"Баяжуулсан дунд зэрэг үнстэй, хагас хатуу коксжих нүүрс",CNY,,,,,no_bid
1526,2025-05-12 11:00,2025-05-12,Монголросцветмет ТӨҮГ,Mongolrostsvetmet (ex-Erdenes Critical Minerals),Монголросцветмет ТӨҮГ /Эрдэнэс критикал минералс ТӨҮГ/,Iron ore,Төмөр,Iron ore Fe 52%,Fe-52% Төмрийн хүдэр,USD,59.0,59.5,0.5,0.85,sold
1525,2025-05-12 10:00,2025-05-12,Энержи Ресурс ХХК,Energy Resources,Энержи Ресурс ХХК,Coal,Нүүрс,Washed coking coal,Баяжуулсан коксжих нүүрс,CNY,,,,,no_bid
1524,2025-05-09 15:00,2025-05-09,Тавантолгой ХК,Tavan Tolgoi JSC,Тавантолгой ХК,Coal,Нүүрс,1/3 coking coal,1/3 коксжих нүүрс,USD,,,,,no_bid
1523,2025-05-09 14:00,2025-05-09,Хангад Эксплорэйшн ХХК,Khangad Exploration,Хангад Эксплорэйшн ХХК,Coal,Нүүрс,Washed semi-soft coking coal,Баяжуулсан сул коксжих нүүрс,CNY,600.0,660.0,60.0,10.0,sold
1522,2025-05-09 13:00,2025-05-09,Тавантолгой ХК,Tavan Tolgoi JSC,Тавантолгой ХК,Coal,Нүүрс,Medium-volatile coking coal,"Дэгдэмхий бодис дунд, коксжих нүүрс",USD,,,,,no_bid
1521,2025-05-09 12:00,2025-05-09,Эрдэнэс Тавантолгой ХК,Erdenes Tavan Tolgoi,Эрдэнэс Тавантолгой ХК,Coal,Нүүрс,1/3 coking coal,1/3 коксжих нүүрс,USD,,,,,no_bid
1520,2025-05-09 11:00,2025-05-09,Монголросцветмет ТӨҮГ,Mongolrostsvetmet (ex-Erdenes Critical Minerals),Монголросцветмет ТӨҮГ /Эрдэнэс критикал минералс ТӨҮГ/,Fluorspar,Жонш,CaF2 97% хайлуур жоншны баяжмал,CaF2 97% хайлуур жоншны баяжмал,USD,,,,,no_bid
1519,2025-05-09 10:00,2025-05-09,Энержи Ресурс ХХК,Energy Resources,Энержи Ресурс ХХК,Coal,Нүүрс,Washed coking coal,Баяжуулсан коксжих нүүрс,CNY,,,,,no_bid
1518,2025-05-08 14:00,2025-05-08,Энержи Ресурс ХХК,Energy Resources,Энержи Ресурс ХХК,Coal,Нүүрс,Washed medium-ash semi-hard coking coal,"Баяжуулсан дунд зэрэг үнстэй, хагас хатуу коксжих нүүрс",CNY,,,,,no_bid
1517,2025-05-08 12:00,2025-05-08,Эрдэнэс Тавантолгой ХК,Erdenes Tavan Tolgoi,Эрдэнэс Тавантолгой ХК,Coal,Нүүрс,1/3 coking coal,1/3 коксжих нүүрс,USD,,,,,no_bid
1516,2025-05-08 11:00,2025-05-08,Монголросцветмет ТӨҮГ,Mongolrostsvetmet (ex-Erdenes Critical Minerals),Монголросцветмет ТӨҮГ /Эрдэнэс критикал минералс ТӨҮГ/,Iron ore,Төмөр,Iron ore Fe 52%,Fe-52% Төмрийн хүдэр,USD,59.0,61.5,2.5,4.24,sold
1515,2025-05-08 10:00,2025-05-08,Хангад Эксплорэйшн ХХК,Khangad Exploration,Хангад Эксплорэйшн ХХК,Coal,Нүүрс,Washed non-coking-quality coal,Баяжуулсан коксжих чанаргүй нүүрс,CNY,,,,,no_bid
1514,2025-05-07 14:00,2025-05-07,Энержи Ресурс ХХК,Energy Resources,Энержи Ресурс ХХК,Coal,Нүүрс,Washed medium-ash semi-hard coking coal,"Баяжуулсан дунд зэрэг үнстэй, хагас хатуу коксжих нүүрс",CNY,,,,,no_bid
1513,2025-05-07 12:00,2025-05-07,Эрдэнэс Тавантолгой ХК,Erdenes Tavan Tolgoi,Эрдэнэс Тавантолгой ХК,Coal,Нүүрс,1/3 coking coal,1/3 коксжих нүүрс,USD,,,,,no_bid
1512,2025-05-07 11:00,2025-05-07,Монголросцветмет ТӨҮГ,Mongolrostsvetmet (ex-Erdenes Critical Minerals),Монголросцветмет ТӨҮГ /Эрдэнэс критикал минералс ТӨҮГ/,Iron ore,Төмөр,Iron concentrate Fe 65%,Fe-65% Төмрийн баяжмал,USD,79.0,79.0,0.0,0.0,sold
1511,2025-05-07 10:00,2025-05-07,Энержи Ресурс ХХК,Energy Resources,Энержи Ресурс ХХК,Coal,Нүүрс,Washed medium-ash semi-hard coking coal,"Баяжуулсан дунд зэрэг үнстэй, хагас хатуу коксжих нүүрс",CNY,,,,,no_bid
1510,2025-05-06 14:00,2025-05-06,Энержи Ресурс ХХК,Energy Resources,Энержи Ресурс ХХК,Coal,Нүүрс,Washed medium-ash semi-hard coking coal,"Баяжуулсан дунд зэрэг үнстэй, хагас хатуу коксжих нүүрс",CNY,,,,,no_bid
1509,2025-05-06 11:00,2025-05-06,Монголросцветмет ТӨҮГ,Mongolrostsvetmet (ex-Erdenes Critical Minerals),Монголросцветмет ТӨҮГ /Эрдэнэс критикал минералс ТӨҮГ/,Iron ore,Төмөр,Iron ore Fe 52%,Fe-52% Төмрийн хүдэр,USD,,,,,no_bid
1508,2025-05-06 10:00,2025-05-06,Энержи Ресурс ХХК,Energy Resources,Энержи Ресурс ХХК,Coal,Нүүрс,Washed coking coal,Баяжуулсан коксжих нүүрс,CNY,,,,,no_bid
1507,2025-05-05 14:00,2025-05-05,Энержи Ресурс ХХК,Energy Resources,Энержи Ресурс ХХК,Coal,Нүүрс,Washed medium-ash semi-hard coking coal,"Баяжуулсан дунд зэрэг үнстэй, хагас хатуу коксжих нүүрс",CNY,,,,,no_bid
1506,2025-05-05 10:00,2025-05-05,Энержи Ресурс ХХК,Energy Resources,Энержи Ресурс ХХК,Coal,Нүүрс,Washed coking coal,Баяжуулсан коксжих нүүрс,CNY,,,,,no_bid
1505,2025-05-02 14:00,2025-05-02,Хангад Эксплорэйшн ХХК,Khangad Exploration,Хангад Эксплорэйшн ХХК,Coal,Нүүрс,Washed semi-soft coking coal,Баяжуулсан сул коксжих нүүрс,CNY,600.0,645.0,45.0,7.5,sold
1504,2025-05-02 11:00,2025-05-02,Монголросцветмет ТӨҮГ,Mongolrostsvetmet (ex-Erdenes Critical Minerals),Монголросцветмет ТӨҮГ /Эрдэнэс критикал минералс ТӨҮГ/,Iron ore,Төмөр,Iron ore Fe 52%,Fe-52% Төмрийн хүдэр,USD,,,,,no_bid
1503,2025-05-02 10:00,2025-05-02,Энержи Ресурс ХХК,Energy Resources,Энержи Ресурс ХХК,Coal,Нүүрс,Washed coking coal,Баяжуулсан коксжих нүүрс,CNY,,,,,no_bid
1502,2025-05-01 14:00,2025-05-01,Энержи Ресурс ХХК,Energy Resources,Энержи Ресурс ХХК,Coal,Нүүрс,Washed medium-ash semi-hard coking coal,"Баяжуулсан дунд зэрэг үнстэй, хагас хатуу коксжих нүүрс",CNY,,,,,no_bid
1501,2025-05-01 13:00,2025-05-01,Тавантолгой ХК,Tavan Tolgoi JSC,Тавантолгой ХК,Coal,Нүүрс,1/3 coking coal,1/3 коксжих нүүрс,USD,,,,,no_bid
1500,2025-05-01 10:00,2025-05-01,Хангад Эксплорэйшн ХХК,Khangad Exploration,Хангад Эксплорэйшн ХХК,Coal,Нүүрс,Washed non-coking-quality coal,Баяжуулсан коксжих чанаргүй нүүрс,CNY,,,,,no_bid
1499,2025-04-30 16:00,2025-04-30,Эрдэнэт Үйлдвэр ТӨҮГ,Erdenet Mining Corporation,Эрдэнэт Үйлдвэр ТӨҮГ,Copper,Зэс,Copper concentrate (22.35% Cu),22.35%-ийн зэсийн агуулгатай баяжмал,USD,,,,,no_bid
1498,2025-04-30 15:00,2025-04-30,Эрдэнэс Тавантолгой ХК,Erdenes Tavan Tolgoi,Эрдэнэс Тавантолгой ХК,Coal,Нүүрс,1/3 coking coal,1/3 коксжих нүүрс,USD,,,,,no_bid
1497,2025-04-30 14:00,2025-04-30,Энержи Ресурс ХХК,Energy Resources,Энержи Ресурс ХХК,Coal,Нүүрс,Washed medium-ash semi-hard coking coal,"Баяжуулсан дунд зэрэг үнстэй, хагас хатуу коксжих нүүрс",CNY,,,,,no_bid
1496,2025-04-30 14:00,2025-04-30,Эрдэнэс Тавантолгой ХК,Erdenes Tavan Tolgoi,Эрдэнэс Тавантолгой ХК,Coal,Нүүрс,1/3 coking coal,1/3 коксжих нүүрс,USD,,,,,no_bid
1495,2025-04-30 13:00,2025-04-30,Тавантолгой ХК,Tavan Tolgoi JSC,Тавантолгой ХК,Coal,Нүүрс,Medium-volatile coking coal,"Дэгдэмхий бодис дунд, коксжих нүүрс",USD,,,,,no_bid
1494,2025-04-30 12:00,2025-04-30,Эрдэнэс Тавантолгой ХК,Erdenes Tavan Tolgoi,Эрдэнэс Тавантолгой ХК,Coal,Нүүрс,"Thermal coal (bituminous, non-caking)","Эрчим хүчний нүүрс /Битумт, үл барьцалдах нүүрс/",USD,,,,,no_bid
1493,2025-04-30 11:00,2025-04-30,Монголросцветмет ТӨҮГ,Mongolrostsvetmet (ex-Erdenes Critical Minerals),Монголросцветмет ТӨҮГ /Эрдэнэс критикал минералс ТӨҮГ/,Iron ore,Төмөр,Iron ore Fe 52%,Fe-52% Төмрийн хүдэр,USD,61.0,61.0,0.0,0.0,sold
1492,2025-04-30 10:00,2025-04-30,Энержи Ресурс ХХК,Energy Resources,Энержи Ресурс ХХК,Coal,Нүүрс,Washed non-coking-quality coal,Баяжуулсан коксжих чанаргүй нүүрс,CNY,,,,,no_bid
1490,2025-04-29 16:00,2025-04-29,Дарханы Төмөрлөгийн Үйлдвэр ХХК,Дарханы Төмөрлөгийн Үйлдвэр ХХК,Дарханы Төмөрлөгийн Үйлдвэр ХХК,Iron ore,Төмөр,Fe-58% Төмрийн баяжмал,Fe-58% Төмрийн баяжмал,USD,55.0,64.5,9.5,17.27,sold
1491,2025-04-29 14:00,2025-04-29,Энержи Ресурс ХХК,Energy Resources,Энержи Ресурс ХХК,Coal,Нүүрс,Washed medium-ash semi-hard coking coal,"Баяжуулсан дунд зэрэг үнстэй, хагас хатуу коксжих нүүрс",CNY,,,,,no_bid
1489,2025-04-29 11:00,2025-04-29,Монголросцветмет ТӨҮГ,Mongolrostsvetmet (ex-Erdenes Critical Minerals),Монголросцветмет ТӨҮГ /Эрдэнэс критикал минералс ТӨҮГ/,Fluorspar,Жонш,CaF2 97% хайлуур жоншны баяжмал,CaF2 97% хайлуур жоншны баяжмал,USD,,,,,no_bid
1488,2025-04-29 10:00,2025-04-29,Энержи Ресурс ХХК,Energy Resources,Энержи Ресурс ХХК,Coal,Нүүрс,Washed coking coal,Баяжуулсан коксжих нүүрс,CNY,,,,,no_bid
1487,2025-04-28 14:00,2025-04-28,Энержи Ресурс ХХК,Energy Resources,Энержи Ресурс ХХК,Coal,Нүүрс,Washed medium-ash semi-hard coking coal,"Баяжуулсан дунд зэрэг үнстэй, хагас хатуу коксжих нүүрс",CNY,,,,,no_bid
1486,2025-04-28 13:00,2025-04-28,Монголросцветмет ТӨҮГ,Mongolrostsvetmet (ex-Erdenes Critical Minerals),Монголросцветмет ТӨҮГ /Эрдэнэс критикал минералс ТӨҮГ/,Iron ore,Төмөр,Iron ore Fe 52%,Fe-52% Төмрийн хүдэр,USD,61.0,61.5,0.5,0.82,sold
1485,2025-04-28 12:00,2025-04-28,Дарханы Төмөрлөгийн Үйлдвэр ХХК,Дарханы Төмөрлөгийн Үйлдвэр ХХК,Дарханы Төмөрлөгийн Үйлдвэр ХХК,Iron ore,Төмөр,Fe-58% Төмрийн баяжмал,Fe-58% Төмрийн баяжмал,USD,55.0,59.5,4.5,8.18,sold
1484,2025-04-28 11:00,2025-04-28,Монголросцветмет ТӨҮГ,Mongolrostsvetmet (ex-Erdenes Critical Minerals),Монголросцветмет ТӨҮГ /Эрдэнэс критикал минералс ТӨҮГ/,Iron ore,Төмөр,Iron ore Fe 52%,Fe-52% Төмрийн хүдэр,USD,61.0,61.0,0.0,0.0,sold
1483,2025-04-28 10:00,2025-04-28,Энержи Ресурс ХХК,Energy Resources,Энержи Ресурс ХХК,Coal,Нүүрс,Washed coking coal,Баяжуулсан коксжих нүүрс,CNY,,,,,no_bid
1482,2025-04-25 16:00,2025-04-25,Эрдэнэс Тавантолгой ХК,Erdenes Tavan Tolgoi,Эрдэнэс Тавантолгой ХК,Coal,Нүүрс,1/3 coking coal,1/3 коксжих нүүрс,USD,67.4,67.4,0.0,0.0,sold
1481,2025-04-25 16:00,2025-04-25,Эрдэнэс Тавантолгой ХК,Erdenes Tavan Tolgoi,Эрдэнэс Тавантолгой ХК,Coal,Нүүрс,1/3 coking coal,1/3 коксжих нүүрс,USD,,,,,no_bid
1480,2025-04-25 15:00,2025-04-25,Эрдэнэс Тавантолгой ХК,Erdenes Tavan Tolgoi,Эрдэнэс Тавантолгой ХК,Coal,Нүүрс,1/3 coking coal,1/3 коксжих нүүрс,USD,,,,,no_bid
1479,2025-04-25 14:00,2025-04-25,Хангад Эксплорэйшн ХХК,Khangad Exploration,Хангад Эксплорэйшн ХХК,Coal,Нүүрс,Washed semi-soft coking coal,Баяжуулсан сул коксжих нүүрс,CNY,600.0,630.0,30.0,5.0,sold
1478,2025-04-25 14:00,2025-04-25,Эрдэнэс Тавантолгой ХК,Erdenes Tavan Tolgoi,Эрдэнэс Тавантолгой ХК,Coal,Нүүрс,1/3 coking coal,1/3 коксжих нүүрс,USD,,,,,no_bid
1477,2025-04-25 12:00,2025-04-25,Дарханы Төмөрлөгийн Үйлдвэр ХХК,Дарханы Төмөрлөгийн Үйлдвэр ХХК,Дарханы Төмөрлөгийн Үйлдвэр ХХК,Iron ore,Төмөр,Fe-58% Төмрийн баяжмал,Fe-58% Төмрийн баяжмал,USD,59.0,63.5,4.5,7.63,sold
1476,2025-04-25 12:00,2025-04-25,Эрдэнэс Тавантолгой ХК,Erdenes Tavan Tolgoi,Эрдэнэс Тавантолгой ХК,Coal,Нүүрс,1/3 coking coal,1/3 коксжих нүүрс,USD,,,,,no_bid
1475,2025-04-25 11:00,2025-04-25,Монголросцветмет ТӨҮГ,Mongolrostsvetmet (ex-Erdenes Critical Minerals),Монголросцветмет ТӨҮГ /Эрдэнэс критикал минералс ТӨҮГ/,Iron ore,Төмөр,Iron ore Fe 52%,Fe-52% Төмрийн хүдэр,USD,60.0,61.5,1.5,2.5,sold
1474,2025-04-25 10:00,2025-04-25,Энержи Ресурс ХХК,Energy Resources,Энержи Ресурс ХХК,Coal,Нүүрс,Washed coking coal,Баяжуулсан коксжих нүүрс,CNY,,,,,no_bid
1473,2025-04-24 14:00,2025-04-24,Энержи Ресурс ХХК,Energy Resources,Энержи Ресурс ХХК,Coal,Нүүрс,Washed medium-ash semi-hard coking coal,"Баяжуулсан дунд зэрэг үнстэй, хагас хатуу коксжих нүүрс",CNY,,,,,no_bid
1472,2025-04-24 13:00,2025-04-24,Тавантолгой ХК,Tavan Tolgoi JSC,Тавантолгой ХК,Coal,Нүүрс,Medium-volatile coking coal,"Дэгдэмхий бодис дунд, коксжих нүүрс",USD,,,,,no_bid
1471,2025-04-24 12:00,2025-04-24,Дарханы Төмөрлөгийн Үйлдвэр ХХК,Дарханы Төмөрлөгийн Үйлдвэр ХХК,Дарханы Төмөрлөгийн Үйлдвэр ХХК,Iron ore,Төмөр,Fe-58% Төмрийн баяжмал,Fe-58% Төмрийн баяжмал,USD,59.0,63.0,4.0,6.78,sold
1470,2025-04-24 11:00,2025-04-24,Монголросцветмет ТӨҮГ,Mongolrostsvetmet (ex-Erdenes Critical Minerals),Монголросцветмет ТӨҮГ /Эрдэнэс критикал минералс ТӨҮГ/,Iron ore,Төмөр,Iron ore Fe 52%,Fe-52% Төмрийн хүдэр,USD,60.0,61.5,1.5,2.5,sold
1469,2025-04-24 10:00,2025-04-24,Хангад Эксплорэйшн ХХК,Khangad Exploration,Хангад Эксплорэйшн ХХК,Coal,Нүүрс,Washed non-coking-quality coal,Баяжуулсан коксжих чанаргүй нүүрс,CNY,,,,,no_bid
1468,2025-04-23 14:00,2025-04-23,Энержи Ресурс ХХК,Energy Resources,Энержи Ресурс ХХК,Coal,Нүүрс,Washed medium-ash semi-hard coking coal,"Баяжуулсан дунд зэрэг үнстэй, хагас хатуу коксжих нүүрс",CNY,,,,,no_bid
1467,2025-04-23 13:00,2025-04-23,Тавантолгой ХК,Tavan Tolgoi JSC,Тавантолгой ХК,Coal,Нүүрс,Medium-volatile coking coal,"Дэгдэмхий бодис дунд, коксжих нүүрс",USD,,,,,no_bid
1466,2025-04-23 12:00,2025-04-23,Дарханы Төмөрлөгийн Үйлдвэр ХХК,Дарханы Төмөрлөгийн Үйлдвэр ХХК,Дарханы Төмөрлөгийн Үйлдвэр ХХК,Iron ore,Төмөр,Fe-58% Төмрийн баяжмал,Fe-58% Төмрийн баяжмал,USD,55.0,60.5,5.5,10.0,sold
1465,2025-04-23 11:00,2025-04-23,Монголросцветмет ТӨҮГ,Mongolrostsvetmet (ex-Erdenes Critical Minerals),Монголросцветмет ТӨҮГ /Эрдэнэс критикал минералс ТӨҮГ/,Iron ore,Төмөр,Iron ore Fe 52%,Fe-52% Төмрийн хүдэр,USD,60.0,60.0,0.0,0.0,sold
1464,2025-04-23 10:00,2025-04-23,Энержи Ресурс ХХК,Energy Resources,Энержи Ресурс ХХК,Coal,Нүүрс,Washed non-coking-quality coal,Баяжуулсан коксжих чанаргүй нүүрс,CNY,,,,,no_bid
1463,2025-04-22 14:00,2025-04-22,Энержи Ресурс ХХК,Energy Resources,Энержи Ресурс ХХК,Coal,Нүүрс,Washed medium-ash semi-hard coking coal,"Баяжуулсан дунд зэрэг үнстэй, хагас хатуу коксжих нүүрс",CNY,,,,,no_bid
1462,2025-04-22 12:00,2025-04-22,Дарханы Төмөрлөгийн Үйлдвэр ХХК,Дарханы Төмөрлөгийн Үйлдвэр ХХК,Дарханы Төмөрлөгийн Үйлдвэр ХХК,Iron ore,Төмөр,Fe-58% Төмрийн баяжмал,Fe-58% Төмрийн баяжмал,USD,55.0,59.5,4.5,8.18,sold
1461,2025-04-22 11:00,2025-04-22,Монголросцветмет ТӨҮГ,Mongolrostsvetmet (ex-Erdenes Critical Minerals),Монголросцветмет ТӨҮГ /Эрдэнэс критикал минералс ТӨҮГ/,Iron ore,Төмөр,Iron ore Fe 52%,Fe-52% Төмрийн хүдэр,USD,60.0,60.0,0.0,0.0,sold
1460,2025-04-22 10:00,2025-04-22,Энержи Ресурс ХХК,Energy Resources,Энержи Ресурс ХХК,Coal,Нүүрс,Washed coking coal,Баяжуулсан коксжих нүүрс,CNY,800.0,800.0,0.0,0.0,sold
1459,2025-04-21 14:00,2025-04-21,Энержи Ресурс ХХК,Energy Resources,Энержи Ресурс ХХК,Coal,Нүүрс,Washed medium-ash semi-hard coking coal,"Баяжуулсан дунд зэрэг үнстэй, хагас хатуу коксжих нүүрс",CNY,,,,,no_bid
1458,2025-04-21 12:00,2025-04-21,Дарханы Төмөрлөгийн Үйлдвэр ХХК,Дарханы Төмөрлөгийн Үйлдвэр ХХК,Дарханы Төмөрлөгийн Үйлдвэр ХХК,Iron ore,Төмөр,Fe-58% Төмрийн баяжмал,Fe-58% Төмрийн баяжмал,USD,55.0,61.0,6.0,10.91,sold
1457,2025-04-21 12:00,2025-04-21,Андын Илч ХХК,Андын Илч ХХК,Андын Илч ХХК,Coal,Нүүрс,Чийг багатай хүрэн нүүрс,Чийг багатай хүрэн нүүрс,CNY,140.0,140.0,0.0,0.0,sold
1456,2025-04-21 10:00,2025-04-21,Энержи Ресурс ХХК,Energy Resources,Энержи Ресурс ХХК,Coal,Нүүрс,Washed coking coal,Баяжуулсан коксжих нүүрс,CNY,,,,,no_bid
1455,2025-04-18 14:00,2025-04-18,Хангад Эксплорэйшн ХХК,Khangad Exploration,Хангад Эксплорэйшн ХХК,Coal,Нүүрс,Washed semi-soft coking coal,Баяжуулсан сул коксжих нүүрс,CNY,600.0,640.0,40.0,6.67,sold
1454,2025-04-18 12:00,2025-04-18,Эрдэнэс Тавантолгой ХК,Erdenes Tavan Tolgoi,Эрдэнэс Тавантолгой ХК,Coal,Нүүрс,1/3 coking coal,1/3 коксжих нүүрс,USD,,,,,no_bid
1453,2025-04-18 12:00,2025-04-18,Дарханы Төмөрлөгийн Үйлдвэр ХХК,Дарханы Төмөрлөгийн Үйлдвэр ХХК,Дарханы Төмөрлөгийн Үйлдвэр ХХК,Iron ore,Төмөр,Fe-58% Төмрийн баяжмал,Fe-58% Төмрийн баяжмал,USD,55.0,58.0,3.0,5.45,sold
1452,2025-04-18 11:00,2025-04-18,Монголросцветмет ТӨҮГ,Mongolrostsvetmet (ex-Erdenes Critical Minerals),Монголросцветмет ТӨҮГ /Эрдэнэс критикал минералс ТӨҮГ/,Iron ore,Төмөр,Iron ore Fe 52%,Fe-52% Төмрийн хүдэр,USD,,,,,no_bid
1451,2025-04-18 11:00,2025-04-18,Эрдэнэс Тавантолгой ХК,Erdenes Tavan Tolgoi,Эрдэнэс Тавантолгой ХК,Coal,Нүүрс,1/3 coking coal,1/3 коксжих нүүрс,USD,67.4,67.4,0.0,0.0,sold
1450,2025-04-18 10:00,2025-04-18,Энержи Ресурс ХХК,Energy Resources,Энержи Ресурс ХХК,Coal,Нүүрс,Washed coking coal,Баяжуулсан коксжих нүүрс,CNY,,,,,no_bid
1449,2025-04-17 15:00,2025-04-17,Тавантолгой ХК,Tavan Tolgoi JSC,Тавантолгой ХК,Coal,Нүүрс,1/3 coking coal,1/3 коксжих нүүрс,USD,,,,,no_bid
1448,2025-04-17 14:00,2025-04-17,Энержи Ресурс ХХК,Energy Resources,Энержи Ресурс ХХК,Coal,Нүүрс,Washed medium-ash semi-hard coking coal,"Баяжуулсан дунд зэрэг үнстэй, хагас хатуу коксжих нүүрс",CNY,,,,,no_bid
1447,2025-04-17 12:00,2025-04-17,Дарханы Төмөрлөгийн Үйлдвэр ХХК,Дарханы Төмөрлөгийн Үйлдвэр ХХК,Дарханы Төмөрлөгийн Үйлдвэр ХХК,Iron ore,Төмөр,Fe-58% Төмрийн баяжмал,Fe-58% Төмрийн баяжмал,USD,55.0,57.5,2.5,4.55,sold
1446,2025-04-17 11:00,2025-04-17,Монголросцветмет ТӨҮГ,Mongolrostsvetmet (ex-Erdenes Critical Minerals),Монголросцветмет ТӨҮГ /Эрдэнэс критикал минералс ТӨҮГ/,Iron ore,Төмөр,Iron concentrate Fe 65%,Fe-65% Төмрийн баяжмал,USD,,,,,no_bid
1445,2025-04-17 10:00,2025-04-17,Хангад Эксплорэйшн ХХК,Khangad Exploration,Хангад Эксплорэйшн ХХК,Coal,Нүүрс,Washed non-coking-quality coal,Баяжуулсан коксжих чанаргүй нүүрс,CNY,,,,,no_bid
1444,2025-04-16 14:00,2025-04-16,Энержи Ресурс ХХК,Energy Resources,Энержи Ресурс ХХК,Coal,Нүүрс,Washed medium-ash semi-hard coking coal,"Баяжуулсан дунд зэрэг үнстэй, хагас хатуу коксжих нүүрс",CNY,,,,,no_bid
1443,2025-04-16 11:00,2025-04-16,Монголросцветмет ТӨҮГ,Mongolrostsvetmet (ex-Erdenes Critical Minerals),Монголросцветмет ТӨҮГ /Эрдэнэс критикал минералс ТӨҮГ/,Iron ore,Төмөр,Iron ore Fe 52%,Fe-52% Төмрийн хүдэр,USD,63.0,63.0,0.0,0.0,sold
1442,2025-04-16 10:00,2025-04-16,Энержи Ресурс ХХК,Energy Resources,Энержи Ресурс ХХК,Coal,Нүүрс,Washed non-coking-quality coal,Баяжуулсан коксжих чанаргүй нүүрс,CNY,350.0,350.0,0.0,0.0,sold
1441,2025-04-15 15:00,2025-04-15,Тавантолгой ХК,Tavan Tolgoi JSC,Тавантолгой ХК,Coal,Нүүрс,Medium-volatile coking coal,"Дэгдэмхий бодис дунд, коксжих нүүрс",USD,,,,,no_bid
1440,2025-04-15 14:00,2025-04-15,Хангад Эксплорэйшн ХХК,Khangad Exploration,Хангад Эксплорэйшн ХХК,Coal,Нүүрс,Washed semi-soft coking coal,Баяжуулсан сул коксжих нүүрс,CNY,600.0,600.0,0.0,0.0,sold
1439,2025-04-15 10:00,2025-04-15,Энержи Ресурс ХХК,Energy Resources,Энержи Ресурс ХХК,Coal,Нүүрс,Washed coking coal,Баяжуулсан коксжих нүүрс,CNY,,,,,no_bid
1438,2025-04-14 14:00,2025-04-14,Энержи Ресурс ХХК,Energy Resources,Энержи Ресурс ХХК,Coal,Нүүрс,Washed medium-ash semi-hard coking coal,"Баяжуулсан дунд зэрэг үнстэй, хагас хатуу коксжих нүүрс",CNY,,,,,no_bid
1437,2025-04-14 11:00,2025-04-14,Монголросцветмет ТӨҮГ,Mongolrostsvetmet (ex-Erdenes Critical Minerals),Монголросцветмет ТӨҮГ /Эрдэнэс критикал минералс ТӨҮГ/,Iron ore,Төмөр,Iron ore Fe 52%,Fe-52% Төмрийн хүдэр,USD,63.0,63.0,0.0,0.0,sold
1436,2025-04-14 10:00,2025-04-14,Энержи Ресурс ХХК,Energy Resources,Энержи Ресурс ХХК,Coal,Нүүрс,Washed coking coal,Баяжуулсан коксжих нүүрс,CNY,,,,,no_bid
1435,2025-04-11 14:00,2025-04-11,Эрдэнэс Тавантолгой ХК,Erdenes Tavan Tolgoi,Эрдэнэс Тавантолгой ХК,Coal,Нүүрс,"Thermal coal (bituminous, non-caking)","Эрчим хүчний нүүрс /Битумт, үл барьцалдах нүүрс/",USD,,,,,no_bid
1434,2025-04-11 14:00,2025-04-11,Хангад Эксплорэйшн ХХК,Khangad Exploration,Хангад Эксплорэйшн ХХК,Coal,Нүүрс,Washed semi-soft coking coal,Баяжуулсан сул коксжих нүүрс,CNY,600.0,600.0,0.0,0.0,sold
1433,2025-04-11 10:00,2025-04-11,Энержи Ресурс ХХК,Energy Resources,Энержи Ресурс ХХК,Coal,Нүүрс,Washed coking coal,Баяжуулсан коксжих нүүрс,CNY,,,,,no_bid
1432,2025-04-10 15:00,2025-04-10,Тавантолгой ХК,Tavan Tolgoi JSC,Тавантолгой ХК,Coal,Нүүрс,Medium-volatile coking coal,"Дэгдэмхий бодис дунд, коксжих нүүрс",USD,90.0,90.0,0.0,0.0,sold
1431,2025-04-10 14:00,2025-04-10,Энержи Ресурс ХХК,Energy Resources,Энержи Ресурс ХХК,Coal,Нүүрс,Washed coking coal,Баяжуулсан коксжих нүүрс,CNY,,,,,no_bid
1430,2025-04-10 11:00,2025-04-10,Монголросцветмет ТӨҮГ,Mongolrostsvetmet (ex-Erdenes Critical Minerals),Монголросцветмет ТӨҮГ /Эрдэнэс критикал минералс ТӨҮГ/,Iron ore,Төмөр,Iron ore Fe 52%,Fe-52% Төмрийн хүдэр,USD,,,,,no_bid
1429,2025-04-10 10:00,2025-04-10,Хангад Эксплорэйшн ХХК,Khangad Exploration,Хангад Эксплорэйшн ХХК,Coal,Нүүрс,Washed non-coking-quality coal,Баяжуулсан коксжих чанаргүй нүүрс,CNY,350.0,350.0,0.0,0.0,sold
1428,2025-04-09 14:00,2025-04-09,Хангад Эксплорэйшн ХХК,Khangad Exploration,Хангад Эксплорэйшн ХХК,Coal,Нүүрс,Washed semi-soft coking coal,Баяжуулсан сул коксжих нүүрс,CNY,600.0,600.0,0.0,0.0,sold
1427,2025-04-09 11:00,2025-04-09,Монголросцветмет ТӨҮГ,Mongolrostsvetmet (ex-Erdenes Critical Minerals),Монголросцветмет ТӨҮГ /Эрдэнэс критикал минералс ТӨҮГ/,Iron ore,Төмөр,Iron concentrate Fe 65%,Fe-65% Төмрийн баяжмал,USD,,,,,no_bid
1426,2025-04-09 10:00,2025-04-09,Энержи Ресурс ХХК,Energy Resources,Энержи Ресурс ХХК,Coal,Нүүрс,Washed non-coking-quality coal,Баяжуулсан коксжих чанаргүй нүүрс,CNY,350.0,350.0,0.0,0.0,sold
1425,2025-04-08 14:00,2025-04-08,Хангад Эксплорэйшн ХХК,Khangad Exploration,Хангад Эксплорэйшн ХХК,Coal,Нүүрс,Washed semi-soft coking coal,Баяжуулсан сул коксжих нүүрс,CNY,600.0,635.0,35.0,5.83,sold
1424,2025-04-08 12:00,2025-04-08,Эрдэнэс Тавантолгой ХК,Erdenes Tavan Tolgoi,Эрдэнэс Тавантолгой ХК,Coal,Нүүрс,1/3 coking coal,1/3 коксжих нүүрс,USD,,,,,no_bid
1423,2025-04-08 11:00,2025-04-08,Эрдэнэс Тавантолгой ХК,Erdenes Tavan Tolgoi,Эрдэнэс Тавантолгой ХК,Coal,Нүүрс,Medium-volatile coking coal,"Дэгдэмхий бодис дунд, коксжих нүүрс",USD,90.3,94.3,4.0,4.43,sold
1422,2025-04-08 11:00,2025-04-08,Монголросцветмет ТӨҮГ,Mongolrostsvetmet (ex-Erdenes Critical Minerals),Монголросцветмет ТӨҮГ /Эрдэнэс критикал минералс ТӨҮГ/,Iron ore,Төмөр,Iron ore Fe 52%,Fe-52% Төмрийн хүдэр,USD,,,,,no_bid
1421,2025-04-08 10:00,2025-04-08,Энержи Ресурс ХХК,Energy Resources,Энержи Ресурс ХХК,Coal,Нүүрс,Washed medium-ash semi-hard coking coal,"Баяжуулсан дунд зэрэг үнстэй, хагас хатуу коксжих нүүрс",CNY,,,,,no_bid
1420,2025-04-07 14:00,2025-04-07,Хангад Эксплорэйшн ХХК,Khangad Exploration,Хангад Эксплорэйшн ХХК,Coal,Нүүрс,Washed semi-soft coking coal,Баяжуулсан сул коксжих нүүрс,CNY,600.0,645.0,45.0,7.5,sold
1419,2025-04-07 10:00,2025-04-07,Энержи Ресурс ХХК,Energy Resources,Энержи Ресурс ХХК,Coal,Нүүрс,Washed coking coal,Баяжуулсан коксжих нүүрс,CNY,,,,,no_bid
1418,2025-04-04 14:00,2025-04-04,Эрдэнэт Үйлдвэр ТӨҮГ,Erdenet Mining Corporation,Эрдэнэт Үйлдвэр ТӨҮГ,Copper,Зэс,Copper concentrate (22.35% Cu),22.35%-ийн зэсийн агуулгатай баяжмал,USD,,,,,no_bid
1417,2025-04-04 14:00,2025-04-04,Хангад Эксплорэйшн ХХК,Khangad Exploration,Хангад Эксплорэйшн ХХК,Coal,Нүүрс,Washed semi-soft coking coal,Баяжуулсан сул коксжих нүүрс,CNY,600.0,650.0,50.0,8.33,sold
1416,2025-04-04 11:00,2025-04-04,Монголросцветмет ТӨҮГ,Mongolrostsvetmet (ex-Erdenes Critical Minerals),Монголросцветмет ТӨҮГ /Эрдэнэс критикал минералс ТӨҮГ/,Iron ore,Төмөр,Iron ore Fe 52%,Fe-52% Төмрийн хүдэр,USD,,,,,no_bid
1415,2025-04-04 10:00,2025-04-04,Энержи Ресурс ХХК,Energy Resources,Энержи Ресурс ХХК,Coal,Нүүрс,Washed coking coal,Баяжуулсан коксжих нүүрс,CNY,,,,,no_bid
1414,2025-04-03 14:00,2025-04-03,Эрдэнэс Тавантолгой ХК,Erdenes Tavan Tolgoi,Эрдэнэс Тавантолгой ХК,Coal,Нүүрс,"Thermal coal (bituminous, non-caking)","Эрчим хүчний нүүрс /Битумт, үл барьцалдах нүүрс/",USD,,,,,no_bid
1413,2025-04-03 14:00,2025-04-03,Энержи Ресурс ХХК,Energy Resources,Энержи Ресурс ХХК,Coal,Нүүрс,Washed coking coal,Баяжуулсан коксжих нүүрс,CNY,800.0,800.0,0.0,0.0,sold
1412,2025-04-03 11:00,2025-04-03,Монголросцветмет ТӨҮГ,Mongolrostsvetmet (ex-Erdenes Critical Minerals),Монголросцветмет ТӨҮГ /Эрдэнэс критикал минералс ТӨҮГ/,Iron ore,Төмөр,Iron concentrate Fe 65%,Fe-65% Төмрийн баяжмал,USD,88.0,88.5,0.5,0.57,sold
1411,2025-04-03 10:00,2025-04-03,Хангад Эксплорэйшн ХХК,Khangad Exploration,Хангад Эксплорэйшн ХХК,Coal,Нүүрс,Washed non-coking-quality coal,Баяжуулсан коксжих чанаргүй нүүрс,CNY,350.0,350.0,0.0,0.0,sold
1410,2025-04-02 14:00,2025-04-02,Хангад Эксплорэйшн ХХК,Khangad Exploration,Хангад Эксплорэйшн ХХК,Coal,Нүүрс,Washed semi-soft coking coal,Баяжуулсан сул коксжих нүүрс,CNY,600.0,625.0,25.0,4.17,sold
1409,2025-04-02 11:00,2025-04-02,Монголросцветмет ТӨҮГ,Mongolrostsvetmet (ex-Erdenes Critical Minerals),Монголросцветмет ТӨҮГ /Эрдэнэс критикал минералс ТӨҮГ/,Iron ore,Төмөр,Iron ore Fe 52%,Fe-52% Төмрийн хүдэр,USD,,,,,no_bid
1408,2025-04-02 10:00,2025-04-02,Энержи Ресурс ХХК,Energy Resources,Энержи Ресурс ХХК,Coal,Нүүрс,Washed non-coking-quality coal,Баяжуулсан коксжих чанаргүй нүүрс,CNY,,,,,no_bid
1407,2025-04-01 14:00,2025-04-01,Хангад Эксплорэйшн ХХК,Khangad Exploration,Хангад Эксплорэйшн ХХК,Coal,Нүүрс,Washed semi-soft coking coal,Баяжуулсан сул коксжих нүүрс,CNY,600.0,600.0,0.0,0.0,sold
1406,2025-04-01 10:00,2025-04-01,Энержи Ресурс ХХК,Energy Resources,Энержи Ресурс ХХК,Coal,Нүүрс,Washed medium-ash semi-hard coking coal,"Баяжуулсан дунд зэрэг үнстэй, хагас хатуу коксжих нүүрс",CNY,,,,,no_bid
1405,2025-03-31 14:00,2025-03-31,Хангад Эксплорэйшн ХХК,Khangad Exploration,Хангад Эксплорэйшн ХХК,Coal,Нүүрс,Washed semi-soft coking coal,Баяжуулсан сул коксжих нүүрс,CNY,600.0,600.0,0.0,0.0,sold
1404,2025-03-31 11:00,2025-03-31,Монголросцветмет ТӨҮГ,Mongolrostsvetmet (ex-Erdenes Critical Minerals),Монголросцветмет ТӨҮГ /Эрдэнэс критикал минералс ТӨҮГ/,Iron ore,Төмөр,Iron ore Fe 52%,Fe-52% Төмрийн хүдэр,USD,65.0,65.0,0.0,0.0,sold
1403,2025-03-31 10:00,2025-03-31,Энержи Ресурс ХХК,Energy Resources,Энержи Ресурс ХХК,Coal,Нүүрс,Washed coking coal,Баяжуулсан коксжих нүүрс,CNY,,,,,no_bid
1402,2025-03-28 16:00,2025-03-28,Эрдэнэс Тавантолгой ХК,Erdenes Tavan Tolgoi,Эрдэнэс Тавантолгой ХК,Coal,Нүүрс,1/3 coking coal,1/3 коксжих нүүрс,USD,,,,,no_bid
1401,2025-03-28 15:00,2025-03-28,Тавантолгой ХК,Tavan Tolgoi JSC,Тавантолгой ХК,Coal,Нүүрс,Medium-volatile coking coal,"Дэгдэмхий бодис дунд, коксжих нүүрс",USD,,,,,no_bid
1400,2025-03-28 15:00,2025-03-28,Эрдэнэс Тавантолгой ХК,Erdenes Tavan Tolgoi,Эрдэнэс Тавантолгой ХК,Coal,Нүүрс,1/3 coking coal,1/3 коксжих нүүрс,USD,,,,,no_bid
1399,2025-03-28 14:00,2025-03-28,Тавантолгой ХК,Tavan Tolgoi JSC,Тавантолгой ХК,Coal,Нүүрс,1/3 coking coal,1/3 коксжих нүүрс,USD,,,,,no_bid
1398,2025-03-28 14:00,2025-03-28,Энержи Ресурс ХХК,Energy Resources,Энержи Ресурс ХХК,Coal,Нүүрс,Washed medium-ash semi-hard coking coal,"Баяжуулсан дунд зэрэг үнстэй, хагас хатуу коксжих нүүрс",CNY,,,,,no_bid
1397,2025-03-28 12:00,2025-03-28,Эрдэнэс Тавантолгой ХК,Erdenes Tavan Tolgoi,Эрдэнэс Тавантолгой ХК,Coal,Нүүрс,1/3 coking coal,1/3 коксжих нүүрс,USD,,,,,no_bid
1396,2025-03-28 11:00,2025-03-28,Эрдэнэс Тавантолгой ХК,Erdenes Tavan Tolgoi,Эрдэнэс Тавантолгой ХК,Coal,Нүүрс,"Thermal coal (bituminous, non-caking)","Эрчим хүчний нүүрс /Битумт, үл барьцалдах нүүрс/",USD,,,,,no_bid
1395,2025-03-28 10:00,2025-03-28,Энержи Ресурс ХХК,Energy Resources,Энержи Ресурс ХХК,Coal,Нүүрс,Washed coking coal,Баяжуулсан коксжих нүүрс,CNY,,,,,no_bid
1394,2025-03-27 14:00,2025-03-27,Энержи Ресурс ХХК,Energy Resources,Энержи Ресурс ХХК,Coal,Нүүрс,Washed coking coal,Баяжуулсан коксжих нүүрс,CNY,,,,,no_bid
1393,2025-03-27 12:00,2025-03-27,Очир мандал хайрхан ХХК,Очир мандал хайрхан ХХК,Очир мандал хайрхан ХХК,Fluorspar,Жонш,Fluorspar ore CaF2 <55%,CaF2 <55% Хайлуур жоншны хүдэр,CNY,720.0,1002.0,282.0,39.17,sold
1392,2025-03-27 11:00,2025-03-27,Монголросцветмет ТӨҮГ,Mongolrostsvetmet (ex-Erdenes Critical Minerals),Монголросцветмет ТӨҮГ /Эрдэнэс критикал минералс ТӨҮГ/,Iron ore,Төмөр,Iron ore Fe 52%,Fe-52% Төмрийн хүдэр,USD,,,,,no_bid
1391,2025-03-27 10:00,2025-03-27,Хангад Эксплорэйшн ХХК,Khangad Exploration,Хангад Эксплорэйшн ХХК,Coal,Нүүрс,Washed non-coking-quality coal,Баяжуулсан коксжих чанаргүй нүүрс,CNY,,,,,no_bid
1390,2025-03-26 14:00,2025-03-26,Эрдэнэт Үйлдвэр ТӨҮГ,Erdenet Mining Corporation,Эрдэнэт Үйлдвэр ТӨҮГ,Copper,Зэс,Copper concentrate (22.35% Cu),22.35%-ийн зэсийн агуулгатай баяжмал,USD,,,,,no_bid
1389,2025-03-26 14:00,2025-03-26,Хангад Эксплорэйшн ХХК,Khangad Exploration,Хангад Эксплорэйшн ХХК,Coal,Нүүрс,Washed semi-soft coking coal,Баяжуулсан сул коксжих нүүрс,CNY,600.0,600.0,0.0,0.0,sold
1388,2025-03-26 11:00,2025-03-26,Монголросцветмет ТӨҮГ,Mongolrostsvetmet (ex-Erdenes Critical Minerals),Монголросцветмет ТӨҮГ /Эрдэнэс критикал минералс ТӨҮГ/,Iron ore,Төмөр,Iron concentrate Fe 65%,Fe-65% Төмрийн баяжмал,USD,88.0,89.0,1.0,1.14,sold
1387,2025-03-26 10:00,2025-03-26,Энержи Ресурс ХХК,Energy Resources,Энержи Ресурс ХХК,Coal,Нүүрс,Washed non-coking-quality coal,Баяжуулсан коксжих чанаргүй нүүрс,CNY,,,,,no_bid
1386,2025-03-25 14:00,2025-03-25,Энержи Ресурс ХХК,Energy Resources,Энержи Ресурс ХХК,Coal,Нүүрс,Washed medium-ash semi-hard coking coal,"Баяжуулсан дунд зэрэг үнстэй, хагас хатуу коксжих нүүрс",CNY,,,,,no_bid
1385,2025-03-25 11:00,2025-03-25,Монголросцветмет ТӨҮГ,Mongolrostsvetmet (ex-Erdenes Critical Minerals),Монголросцветмет ТӨҮГ /Эрдэнэс критикал минералс ТӨҮГ/,Iron ore,Төмөр,Iron ore Fe 52%,Fe-52% Төмрийн хүдэр,USD,65.0,65.0,0.0,0.0,sold
1384,2025-03-25 10:00,2025-03-25,Хангад Эксплорэйшн ХХК,Khangad Exploration,Хангад Эксплорэйшн ХХК,Coal,Нүүрс,Washed non-coking-quality coal,Баяжуулсан коксжих чанаргүй нүүрс,CNY,,,,,no_bid
1383,2025-03-24 15:00,2025-03-24,Тавантолгой ХК,Tavan Tolgoi JSC,Тавантолгой ХК,Coal,Нүүрс,1/3 coking coal,1/3 коксжих нүүрс,USD,,,,,no_bid
1382,2025-03-24 14:00,2025-03-24,Очир мандал хайрхан ХХК,Очир мандал хайрхан ХХК,Очир мандал хайрхан ХХК,Fluorspar,Жонш,CaF2- <42% Хайлуур жоншны хүдэр,CaF2- <42% Хайлуур жоншны хүдэр,CNY,550.0,583.0,33.0,6.0,sold
1381,2025-03-24 14:00,2025-03-24,Хангад Эксплорэйшн ХХК,Khangad Exploration,Хангад Эксплорэйшн ХХК,Coal,Нүүрс,Washed semi-soft coking coal,Баяжуулсан сул коксжих нүүрс,CNY,600.0,610.0,10.0,1.67,sold
1380,2025-03-24 10:00,2025-03-24,Эрдэнэс Тавантолгой ХК,Erdenes Tavan Tolgoi,Эрдэнэс Тавантолгой ХК,Coal,Нүүрс,"Thermal coal (bituminous, non-caking)","Эрчим хүчний нүүрс /Битумт, үл барьцалдах нүүрс/",USD,,,,,no_bid
1379,2025-03-24 10:00,2025-03-24,Энержи Ресурс ХХК,Energy Resources,Энержи Ресурс ХХК,Coal,Нүүрс,Washed coking coal,Баяжуулсан коксжих нүүрс,CNY,,,,,no_bid
1378,2025-03-21 15:00,2025-03-21,Тавантолгой ХК,Tavan Tolgoi JSC,Тавантолгой ХК,Coal,Нүүрс,Medium-volatile coking coal,"Дэгдэмхий бодис дунд, коксжих нүүрс",USD,,,,,no_bid
1377,2025-03-21 14:00,2025-03-21,Эрдэнэс Тавантолгой ХК,Erdenes Tavan Tolgoi,Эрдэнэс Тавантолгой ХК,Coal,Нүүрс,1/3 coking coal,1/3 коксжих нүүрс,USD,,,,,no_bid
1376,2025-03-21 14:00,2025-03-21,Энержи Ресурс ХХК,Energy Resources,Энержи Ресурс ХХК,Coal,Нүүрс,Washed medium-ash semi-hard coking coal,"Баяжуулсан дунд зэрэг үнстэй, хагас хатуу коксжих нүүрс",CNY,,,,,no_bid
1375,2025-03-21 13:00,2025-03-21,Эрдэнэс Тавантолгой ХК,Erdenes Tavan Tolgoi,Эрдэнэс Тавантолгой ХК,Coal,Нүүрс,1/3 coking coal,1/3 коксжих нүүрс,USD,,,,,no_bid
1374,2025-03-21 12:00,2025-03-21,Эрдэнэс Тавантолгой ХК,Erdenes Tavan Tolgoi,Эрдэнэс Тавантолгой ХК,Coal,Нүүрс,1/3 coking coal,1/3 коксжих нүүрс,USD,,,,,no_bid
1373,2025-03-21 11:00,2025-03-21,Монголросцветмет ТӨҮГ,Mongolrostsvetmet (ex-Erdenes Critical Minerals),Монголросцветмет ТӨҮГ /Эрдэнэс критикал минералс ТӨҮГ/,Iron ore,Төмөр,Iron ore Fe 52%,Fe-52% Төмрийн хүдэр,USD,65.0,65.0,0.0,0.0,sold
1372,2025-03-21 10:00,2025-03-21,Эрдэнэс Тавантолгой ХК,Erdenes Tavan Tolgoi,Эрдэнэс Тавантолгой ХК,Coal,Нүүрс,1/3 coking coal,1/3 коксжих нүүрс,USD,,,,,no_bid
1371,2025-03-21 10:00,2025-03-21,Энержи Ресурс ХХК,Energy Resources,Энержи Ресурс ХХК,Coal,Нүүрс,Washed coking coal,Баяжуулсан коксжих нүүрс,CNY,,,,,no_bid
1370,2025-03-20 14:00,2025-03-20,Энержи Ресурс ХХК,Energy Resources,Энержи Ресурс ХХК,Coal,Нүүрс,Washed medium-ash semi-hard coking coal,"Баяжуулсан дунд зэрэг үнстэй, хагас хатуу коксжих нүүрс",CNY,,,,,no_bid
1369,2025-03-20 10:00,2025-03-20,Хангад Эксплорэйшн ХХК,Khangad Exploration,Хангад Эксплорэйшн ХХК,Coal,Нүүрс,Washed non-coking-quality coal,Баяжуулсан коксжих чанаргүй нүүрс,CNY,,,,,no_bid
1368,2025-03-19 14:00,2025-03-19,Хангад Эксплорэйшн ХХК,Khangad Exploration,Хангад Эксплорэйшн ХХК,Coal,Нүүрс,Washed semi-soft coking coal,Баяжуулсан сул коксжих нүүрс,CNY,600.0,610.0,10.0,1.67,sold
1367,2025-03-19 11:00,2025-03-19,Монголросцветмет ТӨҮГ,Mongolrostsvetmet (ex-Erdenes Critical Minerals),Монголросцветмет ТӨҮГ /Эрдэнэс критикал минералс ТӨҮГ/,Iron ore,Төмөр,Iron ore Fe 52%,Fe-52% Төмрийн хүдэр,USD,65.0,66.0,1.0,1.54,sold
1366,2025-03-19 10:00,2025-03-19,Энержи Ресурс ХХК,Energy Resources,Энержи Ресурс ХХК,Coal,Нүүрс,Washed non-coking-quality coal,Баяжуулсан коксжих чанаргүй нүүрс,CNY,,,,,no_bid
1365,2025-03-18 14:00,2025-03-18,Энержи Ресурс ХХК,Energy Resources,Энержи Ресурс ХХК,Coal,Нүүрс,Washed medium-ash semi-hard coking coal,"Баяжуулсан дунд зэрэг үнстэй, хагас хатуу коксжих нүүрс",CNY,,,,,no_bid
1364,2025-03-18 10:00,2025-03-18,Андын Илч ХХК,Андын Илч ХХК,Андын Илч ХХК,Coal,Нүүрс,Чийг багатай хүрэн нүүрс,Чийг багатай хүрэн нүүрс,CNY,180.0,180.0,0.0,0.0,sold
1363,2025-03-18 10:00,2025-03-18,Хангад Эксплорэйшн ХХК,Khangad Exploration,Хангад Эксплорэйшн ХХК,Coal,Нүүрс,Washed non-coking-quality coal,Баяжуулсан коксжих чанаргүй нүүрс,CNY,,,,,no_bid
1362,2025-03-17 14:00,2025-03-17,Хангад Эксплорэйшн ХХК,Khangad Exploration,Хангад Эксплорэйшн ХХК,Coal,Нүүрс,Washed semi-soft coking coal,Баяжуулсан сул коксжих нүүрс,CNY,,,,,no_bid
1361,2025-03-17 11:00,2025-03-17,Монголросцветмет ТӨҮГ,Mongolrostsvetmet (ex-Erdenes Critical Minerals),Монголросцветмет ТӨҮГ /Эрдэнэс критикал минералс ТӨҮГ/,Iron ore,Төмөр,Iron ore Fe 52%,Fe-52% Төмрийн хүдэр,USD,65.0,65.5,0.5,0.77,sold
1360,2025-03-17 10:00,2025-03-17,Энержи Ресурс ХХК,Energy Resources,Энержи Ресурс ХХК,Coal,Нүүрс,Washed coking coal,Баяжуулсан коксжих нүүрс,CNY,,,,,no_bid
1359,2025-03-14 14:00,2025-03-14,Энержи Ресурс ХХК,Energy Resources,Энержи Ресурс ХХК,Coal,Нүүрс,Washed medium-ash semi-hard coking coal,"Баяжуулсан дунд зэрэг үнстэй, хагас хатуу коксжих нүүрс",CNY,,,,,no_bid
1358,2025-03-14 10:00,2025-03-14,Энержи Ресурс ХХК,Energy Resources,Энержи Ресурс ХХК,Coal,Нүүрс,Washed coking coal,Баяжуулсан коксжих нүүрс,CNY,,,,,no_bid
1357,2025-03-13 14:00,2025-03-13,Эрдэнэс Тавантолгой ХК,Erdenes Tavan Tolgoi,Эрдэнэс Тавантолгой ХК,Coal,Нүүрс,Washed coking coal,Баяжуулсан коксжих нүүрс,USD,114.7,114.7,0.0,0.0,sold
1356,2025-03-13 14:00,2025-03-13,Энержи Ресурс ХХК,Energy Resources,Энержи Ресурс ХХК,Coal,Нүүрс,Washed medium-ash semi-hard coking coal,"Баяжуулсан дунд зэрэг үнстэй, хагас хатуу коксжих нүүрс",CNY,,,,,no_bid
1355,2025-03-13 12:00,2025-03-13,Эрдэнэс Тавантолгой ХК,Erdenes Tavan Tolgoi,Эрдэнэс Тавантолгой ХК,Coal,Нүүрс,Washed coking coal,Баяжуулсан коксжих нүүрс,USD,114.7,114.7,0.0,0.0,sold
1354,2025-03-13 11:00,2025-03-13,Монголросцветмет ТӨҮГ,Mongolrostsvetmet (ex-Erdenes Critical Minerals),Монголросцветмет ТӨҮГ /Эрдэнэс критикал минералс ТӨҮГ/,Iron ore,Төмөр,Iron ore Fe 52%,Fe-52% Төмрийн хүдэр,USD,65.0,66.5,1.5,2.31,sold
1353,2025-03-13 10:00,2025-03-13,Хангад Эксплорэйшн ХХК,Khangad Exploration,Хангад Эксплорэйшн ХХК,Coal,Нүүрс,Washed non-coking-quality coal,Баяжуулсан коксжих чанаргүй нүүрс,CNY,,,,,no_bid
1352,2025-03-12 14:00,2025-03-12,Хангад Эксплорэйшн ХХК,Khangad Exploration,Хангад Эксплорэйшн ХХК,Coal,Нүүрс,Washed semi-soft coking coal,Баяжуулсан сул коксжих нүүрс,CNY,,,,,no_bid
1351,2025-03-12 14:00,2025-03-12,Эрдэнэс Тавантолгой ХК,Erdenes Tavan Tolgoi,Эрдэнэс Тавантолгой ХК,Coal,Нүүрс,"Thermal coal (bituminous, non-caking)","Эрчим хүчний нүүрс /Битумт, үл барьцалдах нүүрс/",USD,,,,,no_bid
1350,2025-03-12 12:00,2025-03-12,Эрдэнэс Тавантолгой ХК,Erdenes Tavan Tolgoi,Эрдэнэс Тавантолгой ХК,Coal,Нүүрс,"Thermal coal (bituminous, non-caking)","Эрчим хүчний нүүрс /Битумт, үл барьцалдах нүүрс/",USD,,,,,no_bid
1349,2025-03-12 11:00,2025-03-12,Монголросцветмет ТӨҮГ,Mongolrostsvetmet (ex-Erdenes Critical Minerals),Монголросцветмет ТӨҮГ /Эрдэнэс критикал минералс ТӨҮГ/,Iron ore,Төмөр,Iron concentrate Fe 65%,Fe-65% Төмрийн баяжмал,USD,88.0,88.0,0.0,0.0,sold
1348,2025-03-12 10:00,2025-03-12,Энержи Ресурс ХХК,Energy Resources,Энержи Ресурс ХХК,Coal,Нүүрс,Washed non-coking-quality coal,Баяжуулсан коксжих чанаргүй нүүрс,CNY,360.0,360.0,0.0,0.0,sold
1347,2025-03-12 10:00,2025-03-12,Монголросцветмет ТӨҮГ,Mongolrostsvetmet (ex-Erdenes Critical Minerals),Монголросцветмет ТӨҮГ /Эрдэнэс критикал минералс ТӨҮГ/,Iron ore,Төмөр,Iron ore Fe 52%,Fe-52% Төмрийн хүдэр,USD,65.0,66.5,1.5,2.31,sold
1346,2025-03-11 14:00,2025-03-11,Энержи Ресурс ХХК,Energy Resources,Энержи Ресурс ХХК,Coal,Нүүрс,Washed medium-ash semi-hard coking coal,"Баяжуулсан дунд зэрэг үнстэй, хагас хатуу коксжих нүүрс",CNY,,,,,no_bid
1345,2025-03-11 11:00,2025-03-11,Монголросцветмет ТӨҮГ,Mongolrostsvetmet (ex-Erdenes Critical Minerals),Монголросцветмет ТӨҮГ /Эрдэнэс критикал минералс ТӨҮГ/,Iron ore,Төмөр,Iron ore Fe 52%,Fe-52% Төмрийн хүдэр,USD,65.0,66.0,1.0,1.54,sold
1344,2025-03-11 10:00,2025-03-11,Хангад Эксплорэйшн ХХК,Khangad Exploration,Хангад Эксплорэйшн ХХК,Coal,Нүүрс,Washed non-coking-quality coal,Баяжуулсан коксжих чанаргүй нүүрс,CNY,360.0,360.0,0.0,0.0,sold
1343,2025-03-10 14:00,2025-03-10,Хангад Эксплорэйшн ХХК,Khangad Exploration,Хангад Эксплорэйшн ХХК,Coal,Нүүрс,Washed semi-soft coking coal,Баяжуулсан сул коксжих нүүрс,CNY,,,,,no_bid
1342,2025-03-10 10:00,2025-03-10,Энержи Ресурс ХХК,Energy Resources,Энержи Ресурс ХХК,Coal,Нүүрс,Washed coking coal,Баяжуулсан коксжих нүүрс,CNY,800.0,800.0,0.0,0.0,sold
1341,2025-03-07 14:00,2025-03-07,Энержи Ресурс ХХК,Energy Resources,Энержи Ресурс ХХК,Coal,Нүүрс,Washed medium-ash semi-hard coking coal,"Баяжуулсан дунд зэрэг үнстэй, хагас хатуу коксжих нүүрс",CNY,,,,,no_bid
1340,2025-03-07 11:00,2025-03-07,Монголросцветмет ТӨҮГ,Mongolrostsvetmet (ex-Erdenes Critical Minerals),Монголросцветмет ТӨҮГ /Эрдэнэс критикал минералс ТӨҮГ/,Iron ore,Төмөр,Iron ore Fe 52%,Fe-52% Төмрийн хүдэр,USD,65.0,66.5,1.5,2.31,sold
1339,2025-03-07 11:00,2025-03-07,Монголросцветмет ТӨҮГ,Mongolrostsvetmet (ex-Erdenes Critical Minerals),Монголросцветмет ТӨҮГ /Эрдэнэс критикал минералс ТӨҮГ/,Fluorspar,Жонш,CaF2 97% хайлуур жоншны баяжмал,CaF2 97% хайлуур жоншны баяжмал,USD,360.0,382.0,22.0,6.11,sold
1338,2025-03-07 10:00,2025-03-07,Монголросцветмет ТӨҮГ,Mongolrostsvetmet (ex-Erdenes Critical Minerals),Монголросцветмет ТӨҮГ /Эрдэнэс критикал минералс ТӨҮГ/,Iron ore,Төмөр,Iron ore Fe 52%,Fe-52% Төмрийн хүдэр,USD,65.0,66.0,1.0,1.54,sold
1337,2025-03-07 10:00,2025-03-07,Энержи Ресурс ХХК,Energy Resources,Энержи Ресурс ХХК,Coal,Нүүрс,Washed coking coal,Баяжуулсан коксжих нүүрс,CNY,,,,,no_bid
1336,2025-03-06 14:00,2025-03-06,Энержи Ресурс ХХК,Energy Resources,Энержи Ресурс ХХК,Coal,Нүүрс,Washed medium-ash semi-hard coking coal,"Баяжуулсан дунд зэрэг үнстэй, хагас хатуу коксжих нүүрс",CNY,,,,,no_bid
1335,2025-03-06 11:00,2025-03-06,Монголросцветмет ТӨҮГ,Mongolrostsvetmet (ex-Erdenes Critical Minerals),Монголросцветмет ТӨҮГ /Эрдэнэс критикал минералс ТӨҮГ/,Iron ore,Төмөр,Iron concentrate Fe 65%,Fe-65% Төмрийн баяжмал,USD,88.0,88.0,0.0,0.0,sold
1334,2025-03-06 10:00,2025-03-06,Монголросцветмет ТӨҮГ,Mongolrostsvetmet (ex-Erdenes Critical Minerals),Монголросцветмет ТӨҮГ /Эрдэнэс критикал минералс ТӨҮГ/,Iron ore,Төмөр,Iron ore Fe 52%,Fe-52% Төмрийн хүдэр,USD,65.0,65.0,0.0,0.0,sold
1333,2025-03-06 10:00,2025-03-06,Хангад Эксплорэйшн ХХК,Khangad Exploration,Хангад Эксплорэйшн ХХК,Coal,Нүүрс,Washed non-coking-quality coal,Баяжуулсан коксжих чанаргүй нүүрс,CNY,,,,,no_bid
1332,2025-02-28 14:00,2025-02-28,Энержи Ресурс ХХК,Energy Resources,Энержи Ресурс ХХК,Coal,Нүүрс,Washed medium-ash semi-hard coking coal,"Баяжуулсан дунд зэрэг үнстэй, хагас хатуу коксжих нүүрс",CNY,,,,,no_bid
1331,2025-02-28 14:00,2025-02-28,Эрдэнэс Тавантолгой ХК,Erdenes Tavan Tolgoi,Эрдэнэс Тавантолгой ХК,Coal,Нүүрс,Washed coking coal,Баяжуулсан коксжих нүүрс,USD,114.4,114.4,0.0,0.0,sold
1330,2025-02-28 12:00,2025-02-28,Андын Илч ХХК,Андын Илч ХХК,Андын Илч ХХК,Coal,Нүүрс,Чийг багатай хүрэн нүүрс,Чийг багатай хүрэн нүүрс,CNY,,,,,no_bid
1329,2025-02-28 12:00,2025-02-28,Эрдэнэс Тавантолгой ХК,Erdenes Tavan Tolgoi,Эрдэнэс Тавантолгой ХК,Coal,Нүүрс,Washed coking coal,Баяжуулсан коксжих нүүрс,USD,114.4,114.4,0.0,0.0,sold
1328,2025-02-28 11:00,2025-02-28,Эрдэнэт Үйлдвэр ТӨҮГ,Erdenet Mining Corporation,Эрдэнэт Үйлдвэр ТӨҮГ,Copper,Зэс,Copper concentrate (22.35% Cu),22.35%-ийн зэсийн агуулгатай баяжмал,USD,2104.91,2104.91,0.0,0.0,sold
1327,2025-02-28 11:00,2025-02-28,Эрдэнэс Тавантолгой ХК,Erdenes Tavan Tolgoi,Эрдэнэс Тавантолгой ХК,Coal,Нүүрс,Washed coking coal,Баяжуулсан коксжих нүүрс,USD,114.4,114.4,0.0,0.0,sold
1326,2025-02-28 10:00,2025-02-28,Энержи Ресурс ХХК,Energy Resources,Энержи Ресурс ХХК,Coal,Нүүрс,Washed coking coal,Баяжуулсан коксжих нүүрс,CNY,,,,,no_bid
1325,2025-02-27 14:00,2025-02-27,Энержи Ресурс ХХК,Energy Resources,Энержи Ресурс ХХК,Coal,Нүүрс,Washed medium-ash semi-hard coking coal,"Баяжуулсан дунд зэрэг үнстэй, хагас хатуу коксжих нүүрс",CNY,,,,,no_bid
1324,2025-02-27 11:00,2025-02-27,Монголросцветмет ТӨҮГ,Mongolrostsvetmet (ex-Erdenes Critical Minerals),Монголросцветмет ТӨҮГ /Эрдэнэс критикал минералс ТӨҮГ/,Iron ore,Төмөр,Iron ore Fe 52%,Fe-52% Төмрийн хүдэр,USD,65.0,65.5,0.5,0.77,sold
1323,2025-02-27 10:00,2025-02-27,Хангад Эксплорэйшн ХХК,Khangad Exploration,Хангад Эксплорэйшн ХХК,Coal,Нүүрс,Washed non-coking-quality coal,Баяжуулсан коксжих чанаргүй нүүрс,CNY,,,,,no_bid
1322,2025-02-26 14:00,2025-02-26,Хангад Эксплорэйшн ХХК,Khangad Exploration,Хангад Эксплорэйшн ХХК,Coal,Нүүрс,Washed semi-soft coking coal,Баяжуулсан сул коксжих нүүрс,CNY,,,,,no_bid
1321,2025-02-26 10:00,2025-02-26,Энержи Ресурс ХХК,Energy Resources,Энержи Ресурс ХХК,Coal,Нүүрс,Washed non-coking-quality coal,Баяжуулсан коксжих чанаргүй нүүрс,CNY,,,,,no_bid
1320,2025-02-25 14:00,2025-02-25,Энержи Ресурс ХХК,Energy Resources,Энержи Ресурс ХХК,Coal,Нүүрс,Washed medium-ash semi-hard coking coal,"Баяжуулсан дунд зэрэг үнстэй, хагас хатуу коксжих нүүрс",CNY,,,,,no_bid
1319,2025-02-25 11:00,2025-02-25,Монголросцветмет ТӨҮГ,Mongolrostsvetmet (ex-Erdenes Critical Minerals),Монголросцветмет ТӨҮГ /Эрдэнэс критикал минералс ТӨҮГ/,Iron ore,Төмөр,Iron ore Fe 52%,Fe-52% Төмрийн хүдэр,USD,65.0,65.0,0.0,0.0,sold
1318,2025-02-25 10:00,2025-02-25,Хангад Эксплорэйшн ХХК,Khangad Exploration,Хангад Эксплорэйшн ХХК,Coal,Нүүрс,Washed non-coking-quality coal,Баяжуулсан коксжих чанаргүй нүүрс,CNY,,,,,no_bid
1317,2025-02-24 14:00,2025-02-24,Хангад Эксплорэйшн ХХК,Khangad Exploration,Хангад Эксплорэйшн ХХК,Coal,Нүүрс,Washed semi-soft coking coal,Баяжуулсан сул коксжих нүүрс,CNY,,,,,no_bid
1316,2025-02-24 10:00,2025-02-24,Энержи Ресурс ХХК,Energy Resources,Энержи Ресурс ХХК,Coal,Нүүрс,Washed coking coal,Баяжуулсан коксжих нүүрс,CNY,,,,,no_bid
1315,2025-02-21 16:00,2025-02-21,Эрдэнэс Тавантолгой ХК,Erdenes Tavan Tolgoi,Эрдэнэс Тавантолгой ХК,Coal,Нүүрс,1/3 coking coal,1/3 коксжих нүүрс,USD,,,,,no_bid
1314,2025-02-21 15:00,2025-02-21,Эрдэнэс Тавантолгой ХК,Erdenes Tavan Tolgoi,Эрдэнэс Тавантолгой ХК,Coal,Нүүрс,1/3 coking coal,1/3 коксжих нүүрс,USD,,,,,no_bid
1313,2025-02-21 14:00,2025-02-21,Эрдэнэс Тавантолгой ХК,Erdenes Tavan Tolgoi,Эрдэнэс Тавантолгой ХК,Coal,Нүүрс,1/3 coking coal,1/3 коксжих нүүрс,USD,,,,,no_bid
1312,2025-02-21 12:00,2025-02-21,Эрдэнэс Тавантолгой ХК,Erdenes Tavan Tolgoi,Эрдэнэс Тавантолгой ХК,Coal,Нүүрс,"Thermal coal (bituminous, non-caking)","Эрчим хүчний нүүрс /Битумт, үл барьцалдах нүүрс/",USD,,,,,no_bid
1311,2025-02-21 11:00,2025-02-21,Монголросцветмет ТӨҮГ,Mongolrostsvetmet (ex-Erdenes Critical Minerals),Монголросцветмет ТӨҮГ /Эрдэнэс критикал минералс ТӨҮГ/,Iron ore,Төмөр,Iron ore Fe 52%,Fe-52% Төмрийн хүдэр,USD,65.0,65.5,0.5,0.77,sold
1310,2025-02-21 11:00,2025-02-21,Монголросцветмет ТӨҮГ,Mongolrostsvetmet (ex-Erdenes Critical Minerals),Монголросцветмет ТӨҮГ /Эрдэнэс критикал минералс ТӨҮГ/,Fluorspar,Жонш,CaF2 97% хайлуур жоншны баяжмал,CaF2 97% хайлуур жоншны баяжмал,USD,360.0,360.0,0.0,0.0,sold
1309,2025-02-21 10:00,2025-02-21,Энержи Ресурс ХХК,Energy Resources,Энержи Ресурс ХХК,Coal,Нүүрс,Washed coking coal,Баяжуулсан коксжих нүүрс,CNY,,,,,no_bid
1308,2025-02-20 15:00,2025-02-20,Эрдэнэс Тавантолгой ХК,Erdenes Tavan Tolgoi,Эрдэнэс Тавантолгой ХК,Coal,Нүүрс,1/3 coking coal,1/3 коксжих нүүрс,USD,72.4,72.4,0.0,0.0,sold
1307,2025-02-20 14:00,2025-02-20,Эрдэнэс Тавантолгой ХК,Erdenes Tavan Tolgoi,Эрдэнэс Тавантолгой ХК,Coal,Нүүрс,1/3 coking coal,1/3 коксжих нүүрс,USD,,,,,no_bid
1306,2025-02-20 12:00,2025-02-20,Эрдэнэс Тавантолгой ХК,Erdenes Tavan Tolgoi,Эрдэнэс Тавантолгой ХК,Coal,Нүүрс,1/3 coking coal,1/3 коксжих нүүрс,USD,,,,,no_bid
1305,2025-02-20 11:00,2025-02-20,Монголросцветмет ТӨҮГ,Mongolrostsvetmet (ex-Erdenes Critical Minerals),Монголросцветмет ТӨҮГ /Эрдэнэс критикал минералс ТӨҮГ/,Fluorspar,Жонш,CaF2 97% хайлуур жоншны баяжмал,CaF2 97% хайлуур жоншны баяжмал,USD,,,,,no_bid
1304,2025-02-20 10:00,2025-02-20,Хангад Эксплорэйшн ХХК,Khangad Exploration,Хангад Эксплорэйшн ХХК,Coal,Нүүрс,Washed non-coking-quality coal,Баяжуулсан коксжих чанаргүй нүүрс,CNY,,,,,no_bid
1303,2025-02-19 11:00,2025-02-19,Монголросцветмет ТӨҮГ,Mongolrostsvetmet (ex-Erdenes Critical Minerals),Монголросцветмет ТӨҮГ /Эрдэнэс критикал минералс ТӨҮГ/,Iron ore,Төмөр,Iron ore Fe 52%,Fe-52% Төмрийн хүдэр,USD,65.0,65.0,0.0,0.0,sold
1302,2025-02-19 10:00,2025-02-19,Энержи Ресурс ХХК,Energy Resources,Энержи Ресурс ХХК,Coal,Нүүрс,Washed non-coking-quality coal,Баяжуулсан коксжих чанаргүй нүүрс,CNY,,,,,no_bid
1301,2025-02-18 14:00,2025-02-18,Хангад Эксплорэйшн ХХК,Khangad Exploration,Хангад Эксплорэйшн ХХК,Coal,Нүүрс,Washed semi-soft coking coal,Баяжуулсан сул коксжих нүүрс,CNY,,,,,no_bid
1300,2025-02-18 10:00,2025-02-18,Хангад Эксплорэйшн ХХК,Khangad Exploration,Хангад Эксплорэйшн ХХК,Coal,Нүүрс,Washed non-coking-quality coal,Баяжуулсан коксжих чанаргүй нүүрс,CNY,,,,,no_bid
1299,2025-02-17 11:00,2025-02-17,Монголросцветмет ТӨҮГ,Mongolrostsvetmet (ex-Erdenes Critical Minerals),Монголросцветмет ТӨҮГ /Эрдэнэс критикал минералс ТӨҮГ/,Iron ore,Төмөр,Iron ore Fe 52%,Fe-52% Төмрийн хүдэр,USD,65.0,65.0,0.0,0.0,sold
1298,2025-02-17 10:00,2025-02-17,Энержи Ресурс ХХК,Energy Resources,Энержи Ресурс ХХК,Coal,Нүүрс,Washed coking coal,Баяжуулсан коксжих нүүрс,CNY,,,,,no_bid
1297,2025-02-14 16:00,2025-02-14,Эрдэнэс Тавантолгой ХК,Erdenes Tavan Tolgoi,Эрдэнэс Тавантолгой ХК,Coal,Нүүрс,Washed coking coal,Баяжуулсан коксжих нүүрс,USD,,,,,no_bid
1296,2025-02-14 15:00,2025-02-14,Эрдэнэс Тавантолгой ХК,Erdenes Tavan Tolgoi,Эрдэнэс Тавантолгой ХК,Coal,Нүүрс,Washed coking coal,Баяжуулсан коксжих нүүрс,USD,,,,,no_bid
1295,2025-02-14 14:00,2025-02-14,Эрдэнэс Тавантолгой ХК,Erdenes Tavan Tolgoi,Эрдэнэс Тавантолгой ХК,Coal,Нүүрс,Washed coking coal,Баяжуулсан коксжих нүүрс,USD,,,,,no_bid
1294,2025-02-14 11:00,2025-02-14,Монголросцветмет ТӨҮГ,Mongolrostsvetmet (ex-Erdenes Critical Minerals),Монголросцветмет ТӨҮГ /Эрдэнэс критикал минералс ТӨҮГ/,Iron ore,Төмөр,Iron concentrate Fe 65%,Fe-65% Төмрийн баяжмал,USD,88.0,88.0,0.0,0.0,sold
1293,2025-02-14 10:00,2025-02-14,Энержи Ресурс ХХК,Energy Resources,Энержи Ресурс ХХК,Coal,Нүүрс,Washed coking coal,Баяжуулсан коксжих нүүрс,CNY,,,,,no_bid
1292,2025-02-13 16:00,2025-02-13,Эрдэнэс Тавантолгой ХК,Erdenes Tavan Tolgoi,Эрдэнэс Тавантолгой ХК,Coal,Нүүрс,1/3 coking coal,1/3 коксжих нүүрс,USD,,,,,no_bid
1291,2025-02-13 15:00,2025-02-13,Эрдэнэс Тавантолгой ХК,Erdenes Tavan Tolgoi,Эрдэнэс Тавантолгой ХК,Coal,Нүүрс,1/3 coking coal,1/3 коксжих нүүрс,USD,,,,,no_bid
1290,2025-02-13 14:00,2025-02-13,Эрдэнэс Тавантолгой ХК,Erdenes Tavan Tolgoi,Эрдэнэс Тавантолгой ХК,Coal,Нүүрс,1/3 coking coal,1/3 коксжих нүүрс,USD,,,,,no_bid
1289,2025-02-13 11:00,2025-02-13,Монголросцветмет ТӨҮГ,Mongolrostsvetmet (ex-Erdenes Critical Minerals),Монголросцветмет ТӨҮГ /Эрдэнэс критикал минералс ТӨҮГ/,Iron ore,Төмөр,Iron ore Fe 52%,Fe-52% Төмрийн хүдэр,USD,63.0,63.5,0.5,0.79,sold
1288,2025-02-13 10:00,2025-02-13,Хангад Эксплорэйшн ХХК,Khangad Exploration,Хангад Эксплорэйшн ХХК,Coal,Нүүрс,Washed non-coking-quality coal,Баяжуулсан коксжих чанаргүй нүүрс,CNY,,,,,no_bid
1287,2025-02-12 16:00,2025-02-12,Эрдэнэс Тавантолгой ХК,Erdenes Tavan Tolgoi,Эрдэнэс Тавантолгой ХК,Coal,Нүүрс,1/3 coking coal,1/3 коксжих нүүрс,USD,,,,,no_bid
1286,2025-02-12 15:00,2025-02-12,Дарханы Төмөрлөгийн Үйлдвэр ХХК,Дарханы Төмөрлөгийн Үйлдвэр ХХК,Дарханы Төмөрлөгийн Үйлдвэр ХХК,Iron ore,Төмөр,Fe-58% Төмрийн баяжмал,Fe-58% Төмрийн баяжмал,USD,,,,,no_bid
1285,2025-02-12 14:00,2025-02-12,Эрдэнэс Тавантолгой ХК,Erdenes Tavan Tolgoi,Эрдэнэс Тавантолгой ХК,Coal,Нүүрс,1/3 coking coal,1/3 коксжих нүүрс,USD,,,,,no_bid
1284,2025-02-12 11:00,2025-02-12,Эрдэнэс Тавантолгой ХК,Erdenes Tavan Tolgoi,Эрдэнэс Тавантолгой ХК,Coal,Нүүрс,1/3 coking coal,1/3 коксжих нүүрс,USD,,,,,no_bid
1283,2025-02-12 10:00,2025-02-12,Энержи Ресурс ХХК,Energy Resources,Энержи Ресурс ХХК,Coal,Нүүрс,Washed non-coking-quality coal,Баяжуулсан коксжих чанаргүй нүүрс,CNY,,,,,no_bid
1282,2025-02-11 16:00,2025-02-11,Эрдэнэс Тавантолгой ХК,Erdenes Tavan Tolgoi,Эрдэнэс Тавантолгой ХК,Coal,Нүүрс,1/3 coking coal,1/3 коксжих нүүрс,USD,,,,,no_bid
1281,2025-02-11 15:00,2025-02-11,Дарханы Төмөрлөгийн Үйлдвэр ХХК,Дарханы Төмөрлөгийн Үйлдвэр ХХК,Дарханы Төмөрлөгийн Үйлдвэр ХХК,Iron ore,Төмөр,Fe-58% Төмрийн баяжмал,Fe-58% Төмрийн баяжмал,USD,59.0,59.0,0.0,0.0,sold
1280,2025-02-11 15:00,2025-02-11,Эрдэнэс Тавантолгой ХК,Erdenes Tavan Tolgoi,Эрдэнэс Тавантолгой ХК,Coal,Нүүрс,1/3 coking coal,1/3 коксжих нүүрс,USD,,,,,no_bid
1279,2025-02-11 14:00,2025-02-11,Хангад Эксплорэйшн ХХК,Khangad Exploration,Хангад Эксплорэйшн ХХК,Coal,Нүүрс,Washed semi-soft coking coal,Баяжуулсан сул коксжих нүүрс,CNY,,,,,no_bid
1278,2025-02-11 11:00,2025-02-11,Монголросцветмет ТӨҮГ,Mongolrostsvetmet (ex-Erdenes Critical Minerals),Монголросцветмет ТӨҮГ /Эрдэнэс критикал минералс ТӨҮГ/,Iron ore,Төмөр,Iron ore Fe 52%,Fe-52% Төмрийн хүдэр,USD,63.0,64.0,1.0,1.59,sold
1277,2025-02-11 10:00,2025-02-11,Хангад Эксплорэйшн ХХК,Khangad Exploration,Хангад Эксплорэйшн ХХК,Coal,Нүүрс,Washed non-coking-quality coal,Баяжуулсан коксжих чанаргүй нүүрс,CNY,,,,,no_bid
1276,2025-02-10 15:00,2025-02-10,Дарханы Төмөрлөгийн Үйлдвэр ХХК,Дарханы Төмөрлөгийн Үйлдвэр ХХК,Дарханы Төмөрлөгийн Үйлдвэр ХХК,Iron ore,Төмөр,Fe-58% Төмрийн баяжмал,Fe-58% Төмрийн баяжмал,USD,59.0,59.0,0.0,0.0,sold
1275,2025-02-10 10:00,2025-02-10,Энержи Ресурс ХХК,Energy Resources,Энержи Ресурс ХХК,Coal,Нүүрс,Washed coking coal,Баяжуулсан коксжих нүүрс,CNY,,,,,no_bid
1274,2025-02-07 15:00,2025-02-07,Дарханы Төмөрлөгийн Үйлдвэр ХХК,Дарханы Төмөрлөгийн Үйлдвэр ХХК,Дарханы Төмөрлөгийн Үйлдвэр ХХК,Iron ore,Төмөр,Fe-58% Төмрийн баяжмал,Fe-58% Төмрийн баяжмал,USD,59.0,59.0,0.0,0.0,sold
1273,2025-02-07 11:00,2025-02-07,Монголросцветмет ТӨҮГ,Mongolrostsvetmet (ex-Erdenes Critical Minerals),Монголросцветмет ТӨҮГ /Эрдэнэс критикал минералс ТӨҮГ/,Iron ore,Төмөр,Iron ore Fe 52%,Fe-52% Төмрийн хүдэр,USD,63.0,66.0,3.0,4.76,sold
1272,2025-02-07 10:00,2025-02-07,Энержи Ресурс ХХК,Energy Resources,Энержи Ресурс ХХК,Coal,Нүүрс,Washed coking coal,Баяжуулсан коксжих нүүрс,CNY,,,,,no_bid
1271,2025-02-06 15:00,2025-02-06,Дарханы Төмөрлөгийн Үйлдвэр ХХК,Дарханы Төмөрлөгийн Үйлдвэр ХХК,Дарханы Төмөрлөгийн Үйлдвэр ХХК,Iron ore,Төмөр,Fe-58% Төмрийн баяжмал,Fe-58% Төмрийн баяжмал,USD,59.0,59.0,0.0,0.0,sold
1270,2025-02-06 10:00,2025-02-06,Хангад Эксплорэйшн ХХК,Khangad Exploration,Хангад Эксплорэйшн ХХК,Coal,Нүүрс,Washed non-coking-quality coal,Баяжуулсан коксжих чанаргүй нүүрс,CNY,,,,,no_bid
1269,2025-02-05 15:00,2025-02-05,Дарханы Төмөрлөгийн Үйлдвэр ХХК,Дарханы Төмөрлөгийн Үйлдвэр ХХК,Дарханы Төмөрлөгийн Үйлдвэр ХХК,Iron ore,Төмөр,Fe-58% Төмрийн баяжмал,Fe-58% Төмрийн баяжмал,USD,55.0,55.0,0.0,0.0,sold
1268,2025-02-05 12:00,2025-02-05,Дарханы Төмөрлөгийн Үйлдвэр ХХК,Дарханы Төмөрлөгийн Үйлдвэр ХХК,Дарханы Төмөрлөгийн Үйлдвэр ХХК,Iron ore,Төмөр,Fe-58% Төмрийн баяжмал,Fe-58% Төмрийн баяжмал,USD,55.0,55.0,0.0,0.0,sold
1267,2025-02-05 11:00,2025-02-05,Монголросцветмет ТӨҮГ,Mongolrostsvetmet (ex-Erdenes Critical Minerals),Монголросцветмет ТӨҮГ /Эрдэнэс критикал минералс ТӨҮГ/,Iron ore,Төмөр,Iron ore Fe 52%,Fe-52% Төмрийн хүдэр,USD,63.0,65.0,2.0,3.17,sold
1266,2025-02-05 10:00,2025-02-05,Энержи Ресурс ХХК,Energy Resources,Энержи Ресурс ХХК,Coal,Нүүрс,Washed non-coking-quality coal,Баяжуулсан коксжих чанаргүй нүүрс,CNY,,,,,no_bid
1265,2025-02-04 15:00,2025-02-04,Дарханы Төмөрлөгийн Үйлдвэр ХХК,Дарханы Төмөрлөгийн Үйлдвэр ХХК,Дарханы Төмөрлөгийн Үйлдвэр ХХК,Iron ore,Төмөр,Fe-58% Төмрийн баяжмал,Fe-58% Төмрийн баяжмал,USD,55.0,55.0,0.0,0.0,sold
1264,2025-02-04 14:00,2025-02-04,Хангад Эксплорэйшн ХХК,Khangad Exploration,Хангад Эксплорэйшн ХХК,Coal,Нүүрс,Washed semi-soft coking coal,Баяжуулсан сул коксжих нүүрс,CNY,,,,,no_bid
1263,2025-02-04 12:00,2025-02-04,Дарханы Төмөрлөгийн Үйлдвэр ХХК,Дарханы Төмөрлөгийн Үйлдвэр ХХК,Дарханы Төмөрлөгийн Үйлдвэр ХХК,Iron ore,Төмөр,Fe-58% Төмрийн баяжмал,Fe-58% Төмрийн баяжмал,USD,55.0,55.0,0.0,0.0,sold
1262,2025-02-04 10:00,2025-02-04,Хангад Эксплорэйшн ХХК,Khangad Exploration,Хангад Эксплорэйшн ХХК,Coal,Нүүрс,Washed non-coking-quality coal,Баяжуулсан коксжих чанаргүй нүүрс,CNY,,,,,no_bid
1261,2025-02-03 15:00,2025-02-03,Дарханы Төмөрлөгийн Үйлдвэр ХХК,Дарханы Төмөрлөгийн Үйлдвэр ХХК,Дарханы Төмөрлөгийн Үйлдвэр ХХК,Iron ore,Төмөр,Fe-58% Төмрийн баяжмал,Fe-58% Төмрийн баяжмал,USD,55.0,55.0,0.0,0.0,sold
1260,2025-02-03 12:00,2025-02-03,Дарханы Төмөрлөгийн Үйлдвэр ХХК,Дарханы Төмөрлөгийн Үйлдвэр ХХК,Дарханы Төмөрлөгийн Үйлдвэр ХХК,Iron ore,Төмөр,Fe-58% Төмрийн баяжмал,Fe-58% Төмрийн баяжмал,USD,55.0,55.0,0.0,0.0,sold
1259,2025-02-03 11:00,2025-02-03,Монголросцветмет ТӨҮГ,Mongolrostsvetmet (ex-Erdenes Critical Minerals),Монголросцветмет ТӨҮГ /Эрдэнэс критикал минералс ТӨҮГ/,Iron ore,Төмөр,Iron ore Fe 52%,Fe-52% Төмрийн хүдэр,USD,63.0,65.0,2.0,3.17,sold
1258,2025-02-03 10:00,2025-02-03,Энержи Ресурс ХХК,Energy Resources,Энержи Ресурс ХХК,Coal,Нүүрс,Washed coking coal,Баяжуулсан коксжих нүүрс,CNY,,,,,no_bid
1257,2025-01-31 16:00,2025-01-31,Эрдэнэс Тавантолгой ХК,Erdenes Tavan Tolgoi,Эрдэнэс Тавантолгой ХК,Coal,Нүүрс,1/3 coking coal,1/3 коксжих нүүрс,USD,,,,,no_bid
1256,2025-01-31 15:00,2025-01-31,Эрдэнэс Тавантолгой ХК,Erdenes Tavan Tolgoi,Эрдэнэс Тавантолгой ХК,Coal,Нүүрс,1/3 coking coal,1/3 коксжих нүүрс,USD,72.4,72.4,0.0,0.0,sold
1255,2025-01-31 14:00,2025-01-31,Энержи Ресурс ХХК,Energy Resources,Энержи Ресурс ХХК,Coal,Нүүрс,Washed medium-ash semi-hard coking coal,"Баяжуулсан дунд зэрэг үнстэй, хагас хатуу коксжих нүүрс",CNY,,,,,no_bid
1254,2025-01-31 13:00,2025-01-31,Эрдэнэс Тавантолгой ХК,Erdenes Tavan Tolgoi,Эрдэнэс Тавантолгой ХК,Coal,Нүүрс,1/3 coking coal,1/3 коксжих нүүрс,USD,,,,,no_bid
1253,2025-01-31 12:00,2025-01-31,Эрдэнэс Тавантолгой ХК,Erdenes Tavan Tolgoi,Эрдэнэс Тавантолгой ХК,Coal,Нүүрс,1/3 coking coal,1/3 коксжих нүүрс,USD,72.4,72.4,0.0,0.0,sold
1252,2025-01-31 11:00,2025-01-31,Эрдэнэс Тавантолгой ХК,Erdenes Tavan Tolgoi,Эрдэнэс Тавантолгой ХК,Coal,Нүүрс,1/3 coking coal,1/3 коксжих нүүрс,USD,72.4,72.4,0.0,0.0,sold
1251,2025-01-31 10:00,2025-01-31,Энержи Ресурс ХХК,Energy Resources,Энержи Ресурс ХХК,Coal,Нүүрс,Washed non-coking-quality coal,Баяжуулсан коксжих чанаргүй нүүрс,CNY,,,,,no_bid
1250,2025-01-30 15:00,2025-01-30,Дарханы Төмөрлөгийн Үйлдвэр ХХК,Дарханы Төмөрлөгийн Үйлдвэр ХХК,Дарханы Төмөрлөгийн Үйлдвэр ХХК,Iron ore,Төмөр,Fe-58% Төмрийн баяжмал,Fe-58% Төмрийн баяжмал,USD,55.0,55.0,0.0,0.0,sold
1249,2025-01-30 14:00,2025-01-30,Хангад Эксплорэйшн ХХК,Khangad Exploration,Хангад Эксплорэйшн ХХК,Coal,Нүүрс,Washed non-coking-quality coal,Баяжуулсан коксжих чанаргүй нүүрс,CNY,,,,,no_bid
1248,2025-01-30 12:00,2025-01-30,Дарханы Төмөрлөгийн Үйлдвэр ХХК,Дарханы Төмөрлөгийн Үйлдвэр ХХК,Дарханы Төмөрлөгийн Үйлдвэр ХХК,Iron ore,Төмөр,Fe-58% Төмрийн баяжмал,Fe-58% Төмрийн баяжмал,USD,55.0,55.0,0.0,0.0,sold
1247,2025-01-30 11:00,2025-01-30,Монголросцветмет ТӨҮГ,Mongolrostsvetmet (ex-Erdenes Critical Minerals),Монголросцветмет ТӨҮГ /Эрдэнэс критикал минералс ТӨҮГ/,Iron ore,Төмөр,Iron ore Fe 52%,Fe-52% Төмрийн хүдэр,USD,60.0,64.5,4.5,7.5,sold
1246,2025-01-30 10:00,2025-01-30,Энержи Ресурс ХХК,Energy Resources,Энержи Ресурс ХХК,Coal,Нүүрс,Washed coking coal,Баяжуулсан коксжих нүүрс,CNY,,,,,no_bid
1245,2025-01-29 16:00,2025-01-29,Дарханы Төмөрлөгийн Үйлдвэр ХХК,Дарханы Төмөрлөгийн Үйлдвэр ХХК,Дарханы Төмөрлөгийн Үйлдвэр ХХК,Iron ore,Төмөр,Fe-58% Төмрийн баяжмал,Fe-58% Төмрийн баяжмал,USD,55.0,56.0,1.0,1.82,sold
1244,2025-01-29 15:00,2025-01-29,Эрдэнэт Үйлдвэр ТӨҮГ,Erdenet Mining Corporation,Эрдэнэт Үйлдвэр ТӨҮГ,Copper,Зэс,Copper concentrate (22.35% Cu),22.35%-ийн зэсийн агуулгатай баяжмал,USD,,,,,no_bid
1243,2025-01-29 14:00,2025-01-29,Энержи Ресурс ХХК,Energy Resources,Энержи Ресурс ХХК,Coal,Нүүрс,Washed non-coking-quality coal,Баяжуулсан коксжих чанаргүй нүүрс,CNY,,,,,no_bid
1242,2025-01-29 13:00,2025-01-29,Хангад Эксплорэйшн ХХК,Khangad Exploration,Хангад Эксплорэйшн ХХК,Coal,Нүүрс,Washed non-coking-quality coal,Баяжуулсан коксжих чанаргүй нүүрс,CNY,,,,,no_bid
1241,2025-01-29 12:00,2025-01-29,Дарханы Төмөрлөгийн Үйлдвэр ХХК,Дарханы Төмөрлөгийн Үйлдвэр ХХК,Дарханы Төмөрлөгийн Үйлдвэр ХХК,Iron ore,Төмөр,Fe-58% Төмрийн баяжмал,Fe-58% Төмрийн баяжмал,USD,55.0,56.5,1.5,2.73,sold
1240,2025-01-29 10:00,2025-01-29,Энержи Ресурс ХХК,Energy Resources,Энержи Ресурс ХХК,Coal,Нүүрс,Washed coking coal,Баяжуулсан коксжих нүүрс,CNY,,,,,no_bid
1239,2025-01-28 16:00,2025-01-28,Эрдэнэс Тавантолгой ХК,Erdenes Tavan Tolgoi,Эрдэнэс Тавантолгой ХК,Coal,Нүүрс,Washed coking coal,Баяжуулсан коксжих нүүрс,USD,,,,,no_bid
1238,2025-01-28 14:00,2025-01-28,Хангад Эксплорэйшн ХХК,Khangad Exploration,Хангад Эксплорэйшн ХХК,Coal,Нүүрс,Washed semi-soft coking coal,Баяжуулсан сул коксжих нүүрс,CNY,,,,,no_bid
1237,2025-01-28 13:00,2025-01-28,Эрдэнэс Тавантолгой ХК,Erdenes Tavan Tolgoi,Эрдэнэс Тавантолгой ХК,Coal,Нүүрс,1/3 coking coal,1/3 коксжих нүүрс,USD,,,,,no_bid
1236,2025-01-28 12:00,2025-01-28,Эрдэнэс Тавантолгой ХК,Erdenes Tavan Tolgoi,Эрдэнэс Тавантолгой ХК,Coal,Нүүрс,Washed coking coal,Баяжуулсан коксжих нүүрс,USD,,,,,no_bid
1235,2025-01-28 11:00,2025-01-28,Монголросцветмет ТӨҮГ,Mongolrostsvetmet (ex-Erdenes Critical Minerals),Монголросцветмет ТӨҮГ /Эрдэнэс критикал минералс ТӨҮГ/,Iron ore,Төмөр,Iron ore Fe 52%,Fe-52% Төмрийн хүдэр,USD,60.0,64.5,4.5,7.5,sold
1234,2025-01-28 10:00,2025-01-28,Энержи Ресурс ХХК,Energy Resources,Энержи Ресурс ХХК,Coal,Нүүрс,Washed non-coking-quality coal,Баяжуулсан коксжих чанаргүй нүүрс,CNY,,,,,no_bid
1233,2025-01-27 14:00,2025-01-27,Хангад Эксплорэйшн ХХК,Khangad Exploration,Хангад Эксплорэйшн ХХК,Coal,Нүүрс,Washed non-coking-quality coal,Баяжуулсан коксжих чанаргүй нүүрс,CNY,,,,,no_bid
1232,2025-01-27 10:00,2025-01-27,Энержи Ресурс ХХК,Energy Resources,Энержи Ресурс ХХК,Coal,Нүүрс,Washed coking coal,Баяжуулсан коксжих нүүрс,CNY,,,,,no_bid
1231,2025-01-24 15:00,2025-01-24,Дарханы Төмөрлөгийн Үйлдвэр ХХК,Дарханы Төмөрлөгийн Үйлдвэр ХХК,Дарханы Төмөрлөгийн Үйлдвэр ХХК,Iron ore,Төмөр,Fe-58% Төмрийн баяжмал,Fe-58% Төмрийн баяжмал,USD,,,,,no_bid
1230,2025-01-24 14:00,2025-01-24,Энержи Ресурс ХХК,Energy Resources,Энержи Ресурс ХХК,Coal,Нүүрс,Washed medium-ash semi-hard coking coal,"Баяжуулсан дунд зэрэг үнстэй, хагас хатуу коксжих нүүрс",CNY,,,,,no_bid
1229,2025-01-24 12:00,2025-01-24,Дарханы Төмөрлөгийн Үйлдвэр ХХК,Дарханы Төмөрлөгийн Үйлдвэр ХХК,Дарханы Төмөрлөгийн Үйлдвэр ХХК,Iron ore,Төмөр,Fe-58% Төмрийн баяжмал,Fe-58% Төмрийн баяжмал,USD,59.0,59.0,0.0,0.0,sold
1228,2025-01-24 11:00,2025-01-24,Монголросцветмет ТӨҮГ,Mongolrostsvetmet (ex-Erdenes Critical Minerals),Монголросцветмет ТӨҮГ /Эрдэнэс критикал минералс ТӨҮГ/,Iron ore,Төмөр,Iron ore Fe 52%,Fe-52% Төмрийн хүдэр,USD,60.0,64.5,4.5,7.5,sold
1227,2025-01-24 10:00,2025-01-24,Энержи Ресурс ХХК,Energy Resources,Энержи Ресурс ХХК,Coal,Нүүрс,Washed non-coking-quality coal,Баяжуулсан коксжих чанаргүй нүүрс,CNY,,,,,no_bid
1226,2025-01-23 15:00,2025-01-23,Дарханы Төмөрлөгийн Үйлдвэр ХХК,Дарханы Төмөрлөгийн Үйлдвэр ХХК,Дарханы Төмөрлөгийн Үйлдвэр ХХК,Iron ore,Төмөр,Fe-58% Төмрийн баяжмал,Fe-58% Төмрийн баяжмал,USD,59.0,59.0,0.0,0.0,sold
1225,2025-01-23 14:00,2025-01-23,Хангад Эксплорэйшн ХХК,Khangad Exploration,Хангад Эксплорэйшн ХХК,Coal,Нүүрс,Washed non-coking-quality coal,Баяжуулсан коксжих чанаргүй нүүрс,CNY,,,,,no_bid
1224,2025-01-23 12:00,2025-01-23,Дарханы Төмөрлөгийн Үйлдвэр ХХК,Дарханы Төмөрлөгийн Үйлдвэр ХХК,Дарханы Төмөрлөгийн Үйлдвэр ХХК,Iron ore,Төмөр,Fe-58% Төмрийн баяжмал,Fe-58% Төмрийн баяжмал,USD,59.0,59.0,0.0,0.0,sold
1223,2025-01-23 10:00,2025-01-23,Энержи Ресурс ХХК,Energy Resources,Энержи Ресурс ХХК,Coal,Нүүрс,Washed coking coal,Баяжуулсан коксжих нүүрс,CNY,,,,,no_bid
1222,2025-01-22 15:00,2025-01-22,Дарханы Төмөрлөгийн Үйлдвэр ХХК,Дарханы Төмөрлөгийн Үйлдвэр ХХК,Дарханы Төмөрлөгийн Үйлдвэр ХХК,Iron ore,Төмөр,Fe-58% Төмрийн баяжмал,Fe-58% Төмрийн баяжмал,USD,59.0,59.0,0.0,0.0,sold
1221,2025-01-22 14:00,2025-01-22,Энержи Ресурс ХХК,Energy Resources,Энержи Ресурс ХХК,Coal,Нүүрс,Washed non-coking-quality coal,Баяжуулсан коксжих чанаргүй нүүрс,CNY,,,,,no_bid
1220,2025-01-22 13:00,2025-01-22,Хангад Эксплорэйшн ХХК,Khangad Exploration,Хангад Эксплорэйшн ХХК,Coal,Нүүрс,Washed non-coking-quality coal,Баяжуулсан коксжих чанаргүй нүүрс,CNY,,,,,no_bid
1219,2025-01-22 12:00,2025-01-22,Дарханы Төмөрлөгийн Үйлдвэр ХХК,Дарханы Төмөрлөгийн Үйлдвэр ХХК,Дарханы Төмөрлөгийн Үйлдвэр ХХК,Iron ore,Төмөр,Fe-58% Төмрийн баяжмал,Fe-58% Төмрийн баяжмал,USD,59.0,59.0,0.0,0.0,sold
1218,2025-01-22 11:00,2025-01-22,Монголросцветмет ТӨҮГ,Mongolrostsvetmet (ex-Erdenes Critical Minerals),Монголросцветмет ТӨҮГ /Эрдэнэс критикал минералс ТӨҮГ/,Iron ore,Төмөр,Iron ore Fe 52%,Fe-52% Төмрийн хүдэр,USD,60.0,64.5,4.5,7.5,sold
1217,2025-01-22 10:00,2025-01-22,Энержи Ресурс ХХК,Energy Resources,Энержи Ресурс ХХК,Coal,Нүүрс,Washed coking coal,Баяжуулсан коксжих нүүрс,CNY,,,,,no_bid
1216,2025-01-21 15:00,2025-01-21,Дарханы Төмөрлөгийн Үйлдвэр ХХК,Дарханы Төмөрлөгийн Үйлдвэр ХХК,Дарханы Төмөрлөгийн Үйлдвэр ХХК,Iron ore,Төмөр,Fe-58% Төмрийн баяжмал,Fe-58% Төмрийн баяжмал,USD,59.0,59.0,0.0,0.0,sold
1215,2025-01-21 14:00,2025-01-21,Хангад Эксплорэйшн ХХК,Khangad Exploration,Хангад Эксплорэйшн ХХК,Coal,Нүүрс,Washed semi-soft coking coal,Баяжуулсан сул коксжих нүүрс,CNY,,,,,no_bid
1214,2025-01-21 12:00,2025-01-21,Дарханы Төмөрлөгийн Үйлдвэр ХХК,Дарханы Төмөрлөгийн Үйлдвэр ХХК,Дарханы Төмөрлөгийн Үйлдвэр ХХК,Iron ore,Төмөр,Fe-58% Төмрийн баяжмал,Fe-58% Төмрийн баяжмал,USD,59.0,59.0,0.0,0.0,sold
1213,2025-01-21 11:00,2025-01-21,Монголросцветмет ТӨҮГ,Mongolrostsvetmet (ex-Erdenes Critical Minerals),Монголросцветмет ТӨҮГ /Эрдэнэс критикал минералс ТӨҮГ/,Iron ore,Төмөр,Iron ore Fe 52%,Fe-52% Төмрийн хүдэр,USD,60.0,64.0,4.0,6.67,sold
1212,2025-01-21 10:00,2025-01-21,Энержи Ресурс ХХК,Energy Resources,Энержи Ресурс ХХК,Coal,Нүүрс,Washed non-coking-quality coal,Баяжуулсан коксжих чанаргүй нүүрс,CNY,,,,,no_bid
1211,2025-01-20 15:00,2025-01-20,Дарханы Төмөрлөгийн Үйлдвэр ХХК,Дарханы Төмөрлөгийн Үйлдвэр ХХК,Дарханы Төмөрлөгийн Үйлдвэр ХХК,Iron ore,Төмөр,Fe-58% Төмрийн баяжмал,Fe-58% Төмрийн баяжмал,USD,59.0,59.0,0.0,0.0,sold
1210,2025-01-20 14:00,2025-01-20,Хангад Эксплорэйшн ХХК,Khangad Exploration,Хангад Эксплорэйшн ХХК,Coal,Нүүрс,Washed non-coking-quality coal,Баяжуулсан коксжих чанаргүй нүүрс,CNY,,,,,no_bid
1209,2025-01-20 13:00,2025-01-20,Монголросцветмет ТӨҮГ,Mongolrostsvetmet (ex-Erdenes Critical Minerals),Монголросцветмет ТӨҮГ /Эрдэнэс критикал минералс ТӨҮГ/,Fluorspar,Жонш,CaF2 97% хайлуур жоншны баяжмал,CaF2 97% хайлуур жоншны баяжмал,USD,,,,,no_bid
1208,2025-01-20 12:00,2025-01-20,Дарханы Төмөрлөгийн Үйлдвэр ХХК,Дарханы Төмөрлөгийн Үйлдвэр ХХК,Дарханы Төмөрлөгийн Үйлдвэр ХХК,Iron ore,Төмөр,Fe-58% Төмрийн баяжмал,Fe-58% Төмрийн баяжмал,USD,59.0,59.0,0.0,0.0,sold
1207,2025-01-20 11:00,2025-01-20,Монголросцветмет ТӨҮГ,Mongolrostsvetmet (ex-Erdenes Critical Minerals),Монголросцветмет ТӨҮГ /Эрдэнэс критикал минералс ТӨҮГ/,Iron ore,Төмөр,Iron ore Fe 52%,Fe-52% Төмрийн хүдэр,USD,60.0,66.5,6.5,10.83,sold
1206,2025-01-20 10:00,2025-01-20,Энержи Ресурс ХХК,Energy Resources,Энержи Ресурс ХХК,Coal,Нүүрс,Washed coking coal,Баяжуулсан коксжих нүүрс,CNY,,,,,no_bid
1205,2025-01-17 15:00,2025-01-17,Дарханы Төмөрлөгийн Үйлдвэр ХХК,Дарханы Төмөрлөгийн Үйлдвэр ХХК,Дарханы Төмөрлөгийн Үйлдвэр ХХК,Iron ore,Төмөр,Fe-58% Төмрийн баяжмал,Fe-58% Төмрийн баяжмал,USD,59.0,59.0,0.0,0.0,sold
1204,2025-01-17 14:00,2025-01-17,Энержи Ресурс ХХК,Energy Resources,Энержи Ресурс ХХК,Coal,Нүүрс,Washed medium-ash semi-hard coking coal,"Баяжуулсан дунд зэрэг үнстэй, хагас хатуу коксжих нүүрс",CNY,,,,,no_bid
1203,2025-01-17 13:00,2025-01-17,Энержи Ресурс ХХК,Energy Resources,Энержи Ресурс ХХК,Coal,Нүүрс,Washed non-coking-quality coal,Баяжуулсан коксжих чанаргүй нүүрс,CNY,,,,,no_bid
1202,2025-01-17 11:00,2025-01-17,Монголросцветмет ТӨҮГ,Mongolrostsvetmet (ex-Erdenes Critical Minerals),Монголросцветмет ТӨҮГ /Эрдэнэс критикал минералс ТӨҮГ/,Iron ore,Төмөр,Iron concentrate Fe 65%,Fe-65% Төмрийн баяжмал,USD,85.0,85.0,0.0,0.0,sold
1201,2025-01-17 10:00,2025-01-17,Энержи Ресурс ХХК,Energy Resources,Энержи Ресурс ХХК,Coal,Нүүрс,Washed coking coal,Баяжуулсан коксжих нүүрс,CNY,,,,,no_bid
1200,2025-01-16 16:00,2025-01-16,Эрдэнэс Тавантолгой ХК,Erdenes Tavan Tolgoi,Эрдэнэс Тавантолгой ХК,Coal,Нүүрс,1/3 coking coal,1/3 коксжих нүүрс,USD,,,,,no_bid
1199,2025-01-16 15:00,2025-01-16,Дарханы Төмөрлөгийн Үйлдвэр ХХК,Дарханы Төмөрлөгийн Үйлдвэр ХХК,Дарханы Төмөрлөгийн Үйлдвэр ХХК,Iron ore,Төмөр,Fe-58% Төмрийн баяжмал,Fe-58% Төмрийн баяжмал,USD,,,,,no_bid
1198,2025-01-16 14:00,2025-01-16,Хангад Эксплорэйшн ХХК,Khangad Exploration,Хангад Эксплорэйшн ХХК,Coal,Нүүрс,Washed non-coking-quality coal,Баяжуулсан коксжих чанаргүй нүүрс,CNY,,,,,no_bid
1197,2025-01-16 12:00,2025-01-16,Эрдэнэс Тавантолгой ХК,Erdenes Tavan Tolgoi,Эрдэнэс Тавантолгой ХК,Coal,Нүүрс,Washed non-coking-quality coal,Баяжуулсан коксжих чанаргүй нүүрс,USD,48.8,48.8,0.0,0.0,sold
1196,2025-01-16 11:00,2025-01-16,Монголросцветмет ТӨҮГ,Mongolrostsvetmet (ex-Erdenes Critical Minerals),Монголросцветмет ТӨҮГ /Эрдэнэс критикал минералс ТӨҮГ/,Iron ore,Төмөр,Iron ore Fe 52%,Fe-52% Төмрийн хүдэр,USD,60.0,65.0,5.0,8.33,sold
1195,2025-01-16 10:00,2025-01-16,Энержи Ресурс ХХК,Energy Resources,Энержи Ресурс ХХК,Coal,Нүүрс,Washed coking coal,Баяжуулсан коксжих нүүрс,CNY,,,,,no_bid
1194,2025-01-15 16:00,2025-01-15,Эрдэнэс Тавантолгой ХК,Erdenes Tavan Tolgoi,Эрдэнэс Тавантолгой ХК,Coal,Нүүрс,Washed coking coal,Баяжуулсан коксжих нүүрс,USD,122.0,122.0,0.0,0.0,sold
1193,2025-01-15 15:00,2025-01-15,Дарханы Төмөрлөгийн Үйлдвэр ХХК,Дарханы Төмөрлөгийн Үйлдвэр ХХК,Дарханы Төмөрлөгийн Үйлдвэр ХХК,Iron ore,Төмөр,Fe-58% Төмрийн баяжмал,Fe-58% Төмрийн баяжмал,USD,,,,,no_bid
1192,2025-01-15 14:00,2025-01-15,Энержи Ресурс ХХК,Energy Resources,Энержи Ресурс ХХК,Coal,Нүүрс,Washed non-coking-quality coal,Баяжуулсан коксжих чанаргүй нүүрс,CNY,380.0,380.0,0.0,0.0,sold
1191,2025-01-15 12:00,2025-01-15,Эрдэнэс Тавантолгой ХК,Erdenes Tavan Tolgoi,Эрдэнэс Тавантолгой ХК,Coal,Нүүрс,Washed coking coal,Баяжуулсан коксжих нүүрс,USD,122.0,122.0,0.0,0.0,sold
1190,2025-01-15 11:00,2025-01-15,Монголросцветмет ТӨҮГ,Mongolrostsvetmet (ex-Erdenes Critical Minerals),Монголросцветмет ТӨҮГ /Эрдэнэс критикал минералс ТӨҮГ/,Iron ore,Төмөр,Iron ore Fe 52%,Fe-52% Төмрийн хүдэр,USD,60.0,64.0,4.0,6.67,sold
1189,2025-01-15 10:00,2025-01-15,Энержи Ресурс ХХК,Energy Resources,Энержи Ресурс ХХК,Coal,Нүүрс,Washed coking coal,Баяжуулсан коксжих нүүрс,CNY,,,,,no_bid
1188,2025-01-14 15:00,2025-01-14,Дарханы Төмөрлөгийн Үйлдвэр ХХК,Дарханы Төмөрлөгийн Үйлдвэр ХХК,Дарханы Төмөрлөгийн Үйлдвэр ХХК,Iron ore,Төмөр,Fe-58% Төмрийн баяжмал,Fe-58% Төмрийн баяжмал,USD,,,,,no_bid
1187,2025-01-14 14:00,2025-01-14,Хангад Эксплорэйшн ХХК,Khangad Exploration,Хангад Эксплорэйшн ХХК,Coal,Нүүрс,Washed semi-soft coking coal,Баяжуулсан сул коксжих нүүрс,CNY,,,,,no_bid
1186,2025-01-14 11:00,2025-01-14,Монголросцветмет ТӨҮГ,Mongolrostsvetmet (ex-Erdenes Critical Minerals),Монголросцветмет ТӨҮГ /Эрдэнэс критикал минералс ТӨҮГ/,Iron ore,Төмөр,Iron ore Fe 52%,Fe-52% Төмрийн хүдэр,USD,60.0,64.5,4.5,7.5,sold
1185,2025-01-14 10:00,2025-01-14,Энержи Ресурс ХХК,Energy Resources,Энержи Ресурс ХХК,Coal,Нүүрс,Washed coking coal,Баяжуулсан коксжих нүүрс,CNY,,,,,no_bid
1184,2025-01-13 14:00,2025-01-13,Энержи Ресурс ХХК,Energy Resources,Энержи Ресурс ХХК,Coal,Нүүрс,Washed non-coking-quality coal,Баяжуулсан коксжих чанаргүй нүүрс,CNY,380.0,380.0,0.0,0.0,sold
1183,2025-01-13 10:00,2025-01-13,Энержи Ресурс ХХК,Energy Resources,Энержи Ресурс ХХК,Coal,Нүүрс,Washed coking coal,Баяжуулсан коксжих нүүрс,CNY,,,,,no_bid
1182,2025-01-10 14:00,2025-01-10,Энержи Ресурс ХХК,Energy Resources,Энержи Ресурс ХХК,Coal,Нүүрс,Washed medium-ash semi-hard coking coal,"Баяжуулсан дунд зэрэг үнстэй, хагас хатуу коксжих нүүрс",CNY,,,,,no_bid
1181,2025-01-10 11:00,2025-01-10,Монголросцветмет ТӨҮГ,Mongolrostsvetmet (ex-Erdenes Critical Minerals),Монголросцветмет ТӨҮГ /Эрдэнэс критикал минералс ТӨҮГ/,Iron ore,Төмөр,Iron ore Fe 52%,Fe-52% Төмрийн хүдэр,USD,60.0,62.5,2.5,4.17,sold
1180,2025-01-10 10:00,2025-01-10,Энержи Ресурс ХХК,Energy Resources,Энержи Ресурс ХХК,Coal,Нүүрс,Washed coking coal,Баяжуулсан коксжих нүүрс,CNY,,,,,no_bid
1179,2025-01-09 14:00,2025-01-09,Хангад Эксплорэйшн ХХК,Khangad Exploration,Хангад Эксплорэйшн ХХК,Coal,Нүүрс,Washed non-coking-quality coal,Баяжуулсан коксжих чанаргүй нүүрс,CNY,380.0,380.0,0.0,0.0,sold
1178,2025-01-09 11:00,2025-01-09,Монголросцветмет ТӨҮГ,Mongolrostsvetmet (ex-Erdenes Critical Minerals),Монголросцветмет ТӨҮГ /Эрдэнэс критикал минералс ТӨҮГ/,Iron ore,Төмөр,Iron ore Fe 52%,Fe-52% Төмрийн хүдэр,USD,60.0,61.0,1.0,1.67,sold
1177,2025-01-09 10:00,2025-01-09,Энержи Ресурс ХХК,Energy Resources,Энержи Ресурс ХХК,Coal,Нүүрс,Washed coking coal,Баяжуулсан коксжих нүүрс,CNY,,,,,no_bid
1176,2025-01-08 14:00,2025-01-08,Энержи Ресурс ХХК,Energy Resources,Энержи Ресурс ХХК,Coal,Нүүрс,Washed non-coking-quality coal,Баяжуулсан коксжих чанаргүй нүүрс,CNY,380.0,380.0,0.0,0.0,sold
1175,2025-01-08 12:00,2025-01-08,Монголросцветмет ТӨҮГ,Mongolrostsvetmet (ex-Erdenes Critical Minerals),Монголросцветмет ТӨҮГ /Эрдэнэс критикал минералс ТӨҮГ/,Iron ore,Төмөр,Iron concentrate Fe 65%,Fe-65% Төмрийн баяжмал,USD,85.0,86.0,1.0,1.18,sold
1174,2025-01-08 11:00,2025-01-08,Монголросцветмет ТӨҮГ,Mongolrostsvetmet (ex-Erdenes Critical Minerals),Монголросцветмет ТӨҮГ /Эрдэнэс критикал минералс ТӨҮГ/,Iron ore,Төмөр,Iron ore Fe 52%,Fe-52% Төмрийн хүдэр,USD,60.0,61.0,1.0,1.67,sold
1173,2025-01-08 10:00,2025-01-08,Энержи Ресурс ХХК,Energy Resources,Энержи Ресурс ХХК,Coal,Нүүрс,Washed coking coal,Баяжуулсан коксжих нүүрс,CNY,,,,,no_bid
1172,2025-01-07 14:00,2025-01-07,Хангад Эксплорэйшн ХХК,Khangad Exploration,Хангад Эксплорэйшн ХХК,Coal,Нүүрс,Washed semi-soft coking coal,Баяжуулсан сул коксжих нүүрс,CNY,,,,,no_bid
1171,2025-01-07 10:00,2025-01-07,Энержи Ресурс ХХК,Energy Resources,Энержи Ресурс ХХК,Coal,Нүүрс,Washed coking coal,Баяжуулсан коксжих нүүрс,CNY,,,,,no_bid
1170,2025-01-06 14:00,2025-01-06,Энержи Ресурс ХХК,Energy Resources,Энержи Ресурс ХХК,Coal,Нүүрс,Washed non-coking-quality coal,Баяжуулсан коксжих чанаргүй нүүрс,CNY,,,,,no_bid
1169,2025-01-06 11:00,2025-01-06,Монголросцветмет ТӨҮГ,Mongolrostsvetmet (ex-Erdenes Critical Minerals),Монголросцветмет ТӨҮГ /Эрдэнэс критикал минералс ТӨҮГ/,Iron ore,Төмөр,Iron ore Fe 52%,Fe-52% Төмрийн хүдэр,USD,60.0,60.5,0.5,0.83,sold
1168,2025-01-06 10:00,2025-01-06,Энержи Ресурс ХХК,Energy Resources,Энержи Ресурс ХХК,Coal,Нүүрс,Washed coking coal,Баяжуулсан коксжих нүүрс,CNY,,,,,no_bid
1167,2025-01-03 15:00,2025-01-03,Эрдэнэс Тавантолгой ХК,Erdenes Tavan Tolgoi,Эрдэнэс Тавантолгой ХК,Coal,Нүүрс,1/3 coking coal,1/3 коксжих нүүрс,USD,,,,,no_bid
1166,2025-01-03 14:00,2025-01-03,Энержи Ресурс ХХК,Energy Resources,Энержи Ресурс ХХК,Coal,Нүүрс,Washed non-coking-quality coal,Баяжуулсан коксжих чанаргүй нүүрс,CNY,,,,,no_bid
1165,2025-01-03 12:00,2025-01-03,Монголросцветмет ТӨҮГ,Mongolrostsvetmet (ex-Erdenes Critical Minerals),Монголросцветмет ТӨҮГ /Эрдэнэс критикал минералс ТӨҮГ/,Fluorspar,Жонш,CaF2 97% хайлуур жоншны баяжмал,CaF2 97% хайлуур жоншны баяжмал,USD,,,,,no_bid
1164,2025-01-03 11:00,2025-01-03,Монголросцветмет ТӨҮГ,Mongolrostsvetmet (ex-Erdenes Critical Minerals),Монголросцветмет ТӨҮГ /Эрдэнэс критикал минералс ТӨҮГ/,Iron ore,Төмөр,Iron ore Fe 52%,Fe-52% Төмрийн хүдэр,USD,60.0,60.5,0.5,0.83,sold
1163,2025-01-03 10:00,2025-01-03,Энержи Ресурс ХХК,Energy Resources,Энержи Ресурс ХХК,Coal,Нүүрс,Washed coking coal,Баяжуулсан коксжих нүүрс,CNY,,,,,no_bid
1162,2025-01-02 14:00,2025-01-02,Хангад Эксплорэйшн ХХК,Khangad Exploration,Хангад Эксплорэйшн ХХК,Coal,Нүүрс,Washed semi-soft coking coal,Баяжуулсан сул коксжих нүүрс,CNY,,,,,no_bid
1161,2025-01-02 10:00,2025-01-02,Энержи Ресурс ХХК,Energy Resources,Энержи Ресурс ХХК,Coal,Нүүрс,Washed coking coal,Баяжуулсан коксжих нүүрс,CNY,,,,,no_bid
1160,2024-12-31 11:00,2024-12-31,Монголросцветмет ТӨҮГ,Mongolrostsvetmet (ex-Erdenes Critical Minerals),Монголросцветмет ТӨҮГ /Эрдэнэс критикал минералс ТӨҮГ/,Iron ore,Төмөр,Iron ore Fe 52%,Fe-52% Төмрийн хүдэр,USD,60.0,60.0,0.0,0.0,sold
1159,2024-12-31 10:00,2024-12-31,Энержи Ресурс ХХК,Energy Resources,Энержи Ресурс ХХК,Coal,Нүүрс,Washed coking coal,Баяжуулсан коксжих нүүрс,CNY,,,,,no_bid
1158,2024-12-30 16:00,2024-12-30,Дарханы Төмөрлөгийн Үйлдвэр ХХК,Дарханы Төмөрлөгийн Үйлдвэр ХХК,Дарханы Төмөрлөгийн Үйлдвэр ХХК,Iron ore,Төмөр,Fe-58% Төмрийн баяжмал,Fe-58% Төмрийн баяжмал,USD,,,,,no_bid
1157,2024-12-30 15:00,2024-12-30,Дарханы Төмөрлөгийн Үйлдвэр ХХК,Дарханы Төмөрлөгийн Үйлдвэр ХХК,Дарханы Төмөрлөгийн Үйлдвэр ХХК,Iron ore,Төмөр,Fe-58% Төмрийн баяжмал,Fe-58% Төмрийн баяжмал,USD,,,,,no_bid
1156,2024-12-30 14:00,2024-12-30,Эрдэнэс Тавантолгой ХК,Erdenes Tavan Tolgoi,Эрдэнэс Тавантолгой ХК,Coal,Нүүрс,"Thermal coal (bituminous, non-caking)","Эрчим хүчний нүүрс /Битумт, үл барьцалдах нүүрс/",USD,,,,,no_bid
1155,2024-12-30 13:00,2024-12-30,Энержи Ресурс ХХК,Energy Resources,Энержи Ресурс ХХК,Coal,Нүүрс,Washed medium-ash semi-hard coking coal,"Баяжуулсан дунд зэрэг үнстэй, хагас хатуу коксжих нүүрс",CNY,,,,,no_bid
1154,2024-12-30 12:00,2024-12-30,Дарханы Төмөрлөгийн Үйлдвэр ХХК,Дарханы Төмөрлөгийн Үйлдвэр ХХК,Дарханы Төмөрлөгийн Үйлдвэр ХХК,Iron ore,Төмөр,Fe-58% Төмрийн баяжмал,Fe-58% Төмрийн баяжмал,USD,56.0,56.0,0.0,0.0,sold
1153,2024-12-30 11:00,2024-12-30,Монголросцветмет ТӨҮГ,Mongolrostsvetmet (ex-Erdenes Critical Minerals),Монголросцветмет ТӨҮГ /Эрдэнэс критикал минералс ТӨҮГ/,Iron ore,Төмөр,Iron ore Fe 52%,Fe-52% Төмрийн хүдэр,USD,60.0,60.0,0.0,0.0,sold
1152,2024-12-30 10:00,2024-12-30,Энержи Ресурс ХХК,Energy Resources,Энержи Ресурс ХХК,Coal,Нүүрс,Washed coking coal,Баяжуулсан коксжих нүүрс,CNY,,,,,no_bid
1151,2024-12-27 10:00,2024-12-27,Энержи Ресурс ХХК,Energy Resources,Энержи Ресурс ХХК,Coal,Нүүрс,Washed coking coal,Баяжуулсан коксжих нүүрс,CNY,,,,,no_bid
1150,2024-12-26 16:00,2024-12-26,Эрдэнэт Үйлдвэр ТӨҮГ,Erdenet Mining Corporation,Эрдэнэт Үйлдвэр ТӨҮГ,Copper,Зэс,Copper concentrate (22.35% Cu),22.35%-ийн зэсийн агуулгатай баяжмал,USD,,,,,no_bid
1149,2024-12-26 14:00,2024-12-26,Энержи Ресурс ХХК,Energy Resources,Энержи Ресурс ХХК,Coal,Нүүрс,Washed medium-ash semi-hard coking coal,"Баяжуулсан дунд зэрэг үнстэй, хагас хатуу коксжих нүүрс",CNY,,,,,no_bid
1148,2024-12-26 11:00,2024-12-26,Монголросцветмет ТӨҮГ,Mongolrostsvetmet (ex-Erdenes Critical Minerals),Монголросцветмет ТӨҮГ /Эрдэнэс критикал минералс ТӨҮГ/,Iron ore,Төмөр,Iron ore Fe 52%,Fe-52% Төмрийн хүдэр,USD,,,,,no_bid
1147,2024-12-26 10:00,2024-12-26,Энержи Ресурс ХХК,Energy Resources,Энержи Ресурс ХХК,Coal,Нүүрс,Washed coking coal,Баяжуулсан коксжих нүүрс,CNY,,,,,no_bid
1146,2024-12-25 15:00,2024-12-25,Эрдэнэс Тавантолгой ХК,Erdenes Tavan Tolgoi,Эрдэнэс Тавантолгой ХК,Coal,Нүүрс,"Thermal coal (bituminous, non-caking)","Эрчим хүчний нүүрс /Битумт, үл барьцалдах нүүрс/",USD,,,,,no_bid
1145,2024-12-25 14:00,2024-12-25,Хангад Эксплорэйшн ХХК,Khangad Exploration,Хангад Эксплорэйшн ХХК,Coal,Нүүрс,Washed semi-soft coking coal,Баяжуулсан сул коксжих нүүрс,CNY,,,,,no_bid
1144,2024-12-25 10:00,2024-12-25,Энержи Ресурс ХХК,Energy Resources,Энержи Ресурс ХХК,Coal,Нүүрс,Washed coking coal,Баяжуулсан коксжих нүүрс,CNY,,,,,no_bid
1143,2024-12-24 14:00,2024-12-24,Энержи Ресурс ХХК,Energy Resources,Энержи Ресурс ХХК,Coal,Нүүрс,Washed medium-ash semi-hard coking coal,"Баяжуулсан дунд зэрэг үнстэй, хагас хатуу коксжих нүүрс",CNY,,,,,no_bid
1142,2024-12-24 11:00,2024-12-24,Монголросцветмет ТӨҮГ,Mongolrostsvetmet (ex-Erdenes Critical Minerals),Монголросцветмет ТӨҮГ /Эрдэнэс критикал минералс ТӨҮГ/,Iron ore,Төмөр,Iron ore Fe 52%,Fe-52% Төмрийн хүдэр,USD,,,,,no_bid
1141,2024-12-23 14:00,2024-12-23,Энержи Ресурс ХХК,Energy Resources,Энержи Ресурс ХХК,Coal,Нүүрс,Washed medium-ash semi-hard coking coal,"Баяжуулсан дунд зэрэг үнстэй, хагас хатуу коксжих нүүрс",CNY,,,,,no_bid
1140,2024-12-20 15:00,2024-12-20,Дарханы Төмөрлөгийн Үйлдвэр ХХК,Дарханы Төмөрлөгийн Үйлдвэр ХХК,Дарханы Төмөрлөгийн Үйлдвэр ХХК,Iron ore,Төмөр,Fe-58% Төмрийн баяжмал,Fe-58% Төмрийн баяжмал,USD,,,,,no_bid
1139,2024-12-20 14:00,2024-12-20,Хангад Эксплорэйшн ХХК,Khangad Exploration,Хангад Эксплорэйшн ХХК,Coal,Нүүрс,Washed semi-soft coking coal,Баяжуулсан сул коксжих нүүрс,CNY,,,,,no_bid
1138,2024-12-20 13:00,2024-12-20,Монголросцветмет ТӨҮГ,Mongolrostsvetmet (ex-Erdenes Critical Minerals),Монголросцветмет ТӨҮГ /Эрдэнэс критикал минералс ТӨҮГ/,Fluorspar,Жонш,CaF2 97% хайлуур жоншны баяжмал,CaF2 97% хайлуур жоншны баяжмал,USD,,,,,no_bid
1137,2024-12-20 12:00,2024-12-20,Андын Илч ХХК,Андын Илч ХХК,Андын Илч ХХК,Coal,Нүүрс,Чийг багатай хүрэн нүүрс,Чийг багатай хүрэн нүүрс,CNY,190.0,190.0,0.0,0.0,sold
1136,2024-12-20 11:00,2024-12-20,Монголросцветмет ТӨҮГ,Mongolrostsvetmet (ex-Erdenes Critical Minerals),Монголросцветмет ТӨҮГ /Эрдэнэс критикал минералс ТӨҮГ/,Iron ore,Төмөр,Iron ore Fe 52%,Fe-52% Төмрийн хүдэр,USD,,,,,no_bid
1135,2024-12-20 10:00,2024-12-20,Энержи Ресурс ХХК,Energy Resources,Энержи Ресурс ХХК,Coal,Нүүрс,Washed coking coal,Баяжуулсан коксжих нүүрс,CNY,,,,,no_bid
1134,2024-12-19 15:00,2024-12-19,Дарханы Төмөрлөгийн Үйлдвэр ХХК,Дарханы Төмөрлөгийн Үйлдвэр ХХК,Дарханы Төмөрлөгийн Үйлдвэр ХХК,Iron ore,Төмөр,Fe-58% Төмрийн баяжмал,Fe-58% Төмрийн баяжмал,USD,,,,,no_bid
1133,2024-12-19 14:00,2024-12-19,Энержи Ресурс ХХК,Energy Resources,Энержи Ресурс ХХК,Coal,Нүүрс,Washed medium-ash semi-hard coking coal,"Баяжуулсан дунд зэрэг үнстэй, хагас хатуу коксжих нүүрс",CNY,,,,,no_bid
1132,2024-12-19 12:00,2024-12-19,Монголросцветмет ТӨҮГ,Mongolrostsvetmet (ex-Erdenes Critical Minerals),Монголросцветмет ТӨҮГ /Эрдэнэс критикал минералс ТӨҮГ/,Iron ore,Төмөр,Iron ore Fe 52%,Fe-52% Төмрийн хүдэр,USD,63.5,63.5,0.0,0.0,sold
1131,2024-12-19 11:00,2024-12-19,Монголросцветмет ТӨҮГ,Mongolrostsvetmet (ex-Erdenes Critical Minerals),Монголросцветмет ТӨҮГ /Эрдэнэс критикал минералс ТӨҮГ/,Iron ore,Төмөр,Iron concentrate Fe 65%,Fe-65% Төмрийн баяжмал,USD,85.0,85.0,0.0,0.0,sold
1130,2024-12-19 10:00,2024-12-19,Энержи Ресурс ХХК,Energy Resources,Энержи Ресурс ХХК,Coal,Нүүрс,Washed coking coal,Баяжуулсан коксжих нүүрс,CNY,,,,,no_bid
1129,2024-12-18 15:00,2024-12-18,Дарханы Төмөрлөгийн Үйлдвэр ХХК,Дарханы Төмөрлөгийн Үйлдвэр ХХК,Дарханы Төмөрлөгийн Үйлдвэр ХХК,Iron ore,Төмөр,Fe-58% Төмрийн баяжмал,Fe-58% Төмрийн баяжмал,USD,56.0,56.0,0.0,0.0,sold
1128,2024-12-18 13:00,2024-12-18,Премиумкөүл Корпораци ХХК,Премиумкөүл Корпораци ХХК,Премиумкөүл Корпораци ХХК,Coal,Нүүрс,Чийг багатай хүрэн нүүрс,Чийг багатай хүрэн нүүрс,CNY,180.0,180.0,0.0,0.0,sold
1127,2024-12-18 11:00,2024-12-18,Монголросцветмет ТӨҮГ,Mongolrostsvetmet (ex-Erdenes Critical Minerals),Монголросцветмет ТӨҮГ /Эрдэнэс критикал минералс ТӨҮГ/,Iron ore,Төмөр,Iron ore Fe 52%,Fe-52% Төмрийн хүдэр,USD,63.5,63.5,0.0,0.0,sold
1126,2024-12-18 10:00,2024-12-18,Энержи Ресурс ХХК,Energy Resources,Энержи Ресурс ХХК,Coal,Нүүрс,Washed coking coal,Баяжуулсан коксжих нүүрс,CNY,,,,,no_bid
1125,2024-12-17 15:00,2024-12-17,Дарханы Төмөрлөгийн Үйлдвэр ХХК,Дарханы Төмөрлөгийн Үйлдвэр ХХК,Дарханы Төмөрлөгийн Үйлдвэр ХХК,Iron ore,Төмөр,Fe-58% Төмрийн баяжмал,Fe-58% Төмрийн баяжмал,USD,56.0,56.0,0.0,0.0,sold
1124,2024-12-17 14:00,2024-12-17,Хангад Эксплорэйшн ХХК,Khangad Exploration,Хангад Эксплорэйшн ХХК,Coal,Нүүрс,Washed semi-soft coking coal,Баяжуулсан сул коксжих нүүрс,CNY,,,,,no_bid
1123,2024-12-17 10:00,2024-12-17,Энержи Ресурс ХХК,Energy Resources,Энержи Ресурс ХХК,Coal,Нүүрс,Washed coking coal,Баяжуулсан коксжих нүүрс,CNY,,,,,no_bid
1122,2024-12-16 15:00,2024-12-16,Дарханы Төмөрлөгийн Үйлдвэр ХХК,Дарханы Төмөрлөгийн Үйлдвэр ХХК,Дарханы Төмөрлөгийн Үйлдвэр ХХК,Iron ore,Төмөр,Fe-58% Төмрийн баяжмал,Fe-58% Төмрийн баяжмал,USD,,,,,no_bid
1121,2024-12-16 14:00,2024-12-16,Энержи Ресурс ХХК,Energy Resources,Энержи Ресурс ХХК,Coal,Нүүрс,Washed medium-ash semi-hard coking coal,"Баяжуулсан дунд зэрэг үнстэй, хагас хатуу коксжих нүүрс",CNY,,,,,no_bid
1120,2024-12-16 11:00,2024-12-16,Монголросцветмет ТӨҮГ,Mongolrostsvetmet (ex-Erdenes Critical Minerals),Монголросцветмет ТӨҮГ /Эрдэнэс критикал минералс ТӨҮГ/,Iron ore,Төмөр,Iron ore Fe 52%,Fe-52% Төмрийн хүдэр,USD,,,,,no_bid
1119,2024-12-16 10:00,2024-12-16,Энержи Ресурс ХХК,Energy Resources,Энержи Ресурс ХХК,Coal,Нүүрс,Washed coking coal,Баяжуулсан коксжих нүүрс,CNY,,,,,no_bid
1118,2024-12-13 12:00,2024-12-13,Эрдэнэс Тавантолгой ХК,Erdenes Tavan Tolgoi,Эрдэнэс Тавантолгой ХК,Coal,Нүүрс,1/3 coking coal,1/3 коксжих нүүрс,USD,72.1,72.6,0.5,0.69,sold
1117,2024-12-13 10:00,2024-12-13,Энержи Ресурс ХХК,Energy Resources,Энержи Ресурс ХХК,Coal,Нүүрс,Washed coking coal,Баяжуулсан коксжих нүүрс,CNY,,,,,no_bid
1116,2024-12-12 14:00,2024-12-12,Хангад Эксплорэйшн ХХК,Khangad Exploration,Хангад Эксплорэйшн ХХК,Coal,Нүүрс,Washed semi-soft coking coal,Баяжуулсан сул коксжих нүүрс,CNY,,,,,no_bid
1115,2024-12-12 11:00,2024-12-12,Монголросцветмет ТӨҮГ,Mongolrostsvetmet (ex-Erdenes Critical Minerals),Монголросцветмет ТӨҮГ /Эрдэнэс критикал минералс ТӨҮГ/,Iron ore,Төмөр,Iron ore Fe 52%,Fe-52% Төмрийн хүдэр,USD,63.5,63.5,0.0,0.0,sold
1114,2024-12-12 10:00,2024-12-12,Энержи Ресурс ХХК,Energy Resources,Энержи Ресурс ХХК,Coal,Нүүрс,Washed coking coal,Баяжуулсан коксжих нүүрс,CNY,,,,,no_bid
1113,2024-12-11 10:00,2024-12-11,Энержи Ресурс ХХК,Energy Resources,Энержи Ресурс ХХК,Coal,Нүүрс,Washed coking coal,Баяжуулсан коксжих нүүрс,CNY,,,,,no_bid
1112,2024-12-10 12:00,2024-12-10,Монголросцветмет ТӨҮГ,Mongolrostsvetmet (ex-Erdenes Critical Minerals),Монголросцветмет ТӨҮГ /Эрдэнэс критикал минералс ТӨҮГ/,Fluorspar,Жонш,CaF2 97% хайлуур жоншны баяжмал,CaF2 97% хайлуур жоншны баяжмал,USD,,,,,no_bid
1111,2024-12-10 11:00,2024-12-10,Монголросцветмет ТӨҮГ,Mongolrostsvetmet (ex-Erdenes Critical Minerals),Монголросцветмет ТӨҮГ /Эрдэнэс критикал минералс ТӨҮГ/,Iron ore,Төмөр,Iron ore Fe 52%,Fe-52% Төмрийн хүдэр,USD,63.5,63.5,0.0,0.0,sold
1110,2024-12-10 10:00,2024-12-10,Энержи Ресурс ХХК,Energy Resources,Энержи Ресурс ХХК,Coal,Нүүрс,Washed coking coal,Баяжуулсан коксжих нүүрс,CNY,,,,,no_bid
1109,2024-12-09 10:00,2024-12-09,Энержи Ресурс ХХК,Energy Resources,Энержи Ресурс ХХК,Coal,Нүүрс,Washed coking coal,Баяжуулсан коксжих нүүрс,CNY,,,,,no_bid
1108,2024-12-06 11:00,2024-12-06,Монголросцветмет ТӨҮГ,Mongolrostsvetmet (ex-Erdenes Critical Minerals),Монголросцветмет ТӨҮГ /Эрдэнэс критикал минералс ТӨҮГ/,Iron ore,Төмөр,Iron ore Fe 52%,Fe-52% Төмрийн хүдэр,USD,,,,,no_bid
1107,2024-12-06 10:00,2024-12-06,Энержи Ресурс ХХК,Energy Resources,Энержи Ресурс ХХК,Coal,Нүүрс,Washed coking coal,Баяжуулсан коксжих нүүрс,CNY,,,,,no_bid
1106,2024-12-05 16:00,2024-12-05,Эрдэнэс Тавантолгой ХК,Erdenes Tavan Tolgoi,Эрдэнэс Тавантолгой ХК,Coal,Нүүрс,1/3 coking coal,1/3 коксжих нүүрс,USD,,,,,no_bid
1105,2024-12-05 15:00,2024-12-05,Дарханы Төмөрлөгийн Үйлдвэр ХХК,Дарханы Төмөрлөгийн Үйлдвэр ХХК,Дарханы Төмөрлөгийн Үйлдвэр ХХК,Iron ore,Төмөр,Fe-58% Төмрийн баяжмал,Fe-58% Төмрийн баяжмал,USD,,,,,no_bid
1104,2024-12-05 14:00,2024-12-05,Энержи Ресурс ХХК,Energy Resources,Энержи Ресурс ХХК,Coal,Нүүрс,Washed medium-ash semi-hard coking coal,"Баяжуулсан дунд зэрэг үнстэй, хагас хатуу коксжих нүүрс",CNY,,,,,no_bid
1103,2024-12-05 12:00,2024-12-05,Премиумкөүл Корпораци ХХК,Премиумкөүл Корпораци ХХК,Премиумкөүл Корпораци ХХК,Coal,Нүүрс,Чийг багатай хүрэн нүүрс,Чийг багатай хүрэн нүүрс,CNY,180.0,180.0,0.0,0.0,sold
1102,2024-12-05 11:00,2024-12-05,Монголросцветмет ТӨҮГ,Mongolrostsvetmet (ex-Erdenes Critical Minerals),Монголросцветмет ТӨҮГ /Эрдэнэс критикал минералс ТӨҮГ/,Iron ore,Төмөр,Iron concentrate Fe 65%,Fe-65% Төмрийн баяжмал,USD,,,,,no_bid
1101,2024-12-05 10:00,2024-12-05,Энержи Ресурс ХХК,Energy Resources,Энержи Ресурс ХХК,Coal,Нүүрс,Washed coking coal,Баяжуулсан коксжих нүүрс,CNY,,,,,no_bid
1100,2024-12-04 15:00,2024-12-04,Дарханы Төмөрлөгийн Үйлдвэр ХХК,Дарханы Төмөрлөгийн Үйлдвэр ХХК,Дарханы Төмөрлөгийн Үйлдвэр ХХК,Iron ore,Төмөр,Fe-58% Төмрийн баяжмал,Fe-58% Төмрийн баяжмал,USD,,,,,no_bid
1099,2024-12-04 11:00,2024-12-04,Монголросцветмет ТӨҮГ,Mongolrostsvetmet (ex-Erdenes Critical Minerals),Монголросцветмет ТӨҮГ /Эрдэнэс критикал минералс ТӨҮГ/,Iron ore,Төмөр,Iron ore Fe 52%,Fe-52% Төмрийн хүдэр,USD,,,,,no_bid
1098,2024-12-04 10:00,2024-12-04,Энержи Ресурс ХХК,Energy Resources,Энержи Ресурс ХХК,Coal,Нүүрс,Washed coking coal,Баяжуулсан коксжих нүүрс,CNY,,,,,no_bid
1097,2024-12-03 15:00,2024-12-03,Дарханы Төмөрлөгийн Үйлдвэр ХХК,Дарханы Төмөрлөгийн Үйлдвэр ХХК,Дарханы Төмөрлөгийн Үйлдвэр ХХК,Iron ore,Төмөр,Fe-58% Төмрийн баяжмал,Fe-58% Төмрийн баяжмал,USD,,,,,no_bid
1096,2024-12-03 10:00,2024-12-03,Энержи Ресурс ХХК,Energy Resources,Энержи Ресурс ХХК,Coal,Нүүрс,Washed coking coal,Баяжуулсан коксжих нүүрс,CNY,,,,,no_bid
1095,2024-12-02 15:00,2024-12-02,Дарханы Төмөрлөгийн Үйлдвэр ХХК,Дарханы Төмөрлөгийн Үйлдвэр ХХК,Дарханы Төмөрлөгийн Үйлдвэр ХХК,Iron ore,Төмөр,Fe-58% Төмрийн баяжмал,Fe-58% Төмрийн баяжмал,USD,,,,,no_bid
1094,2024-12-02 11:00,2024-12-02,Монголросцветмет ТӨҮГ,Mongolrostsvetmet (ex-Erdenes Critical Minerals),Монголросцветмет ТӨҮГ /Эрдэнэс критикал минералс ТӨҮГ/,Iron ore,Төмөр,Iron ore Fe 52%,Fe-52% Төмрийн хүдэр,USD,65.0,65.0,0.0,0.0,sold
1093,2024-12-02 10:00,2024-12-02,Энержи Ресурс ХХК,Energy Resources,Энержи Ресурс ХХК,Coal,Нүүрс,Washed coking coal,Баяжуулсан коксжих нүүрс,CNY,,,,,no_bid
1092,2024-11-29 15:00,2024-11-29,Дарханы Төмөрлөгийн Үйлдвэр ХХК,Дарханы Төмөрлөгийн Үйлдвэр ХХК,Дарханы Төмөрлөгийн Үйлдвэр ХХК,Iron ore,Төмөр,Fe-58% Төмрийн баяжмал,Fe-58% Төмрийн баяжмал,USD,,,,,no_bid
1091,2024-11-29 14:00,2024-11-29,Энержи Ресурс ХХК,Energy Resources,Энержи Ресурс ХХК,Coal,Нүүрс,Washed medium-ash semi-hard coking coal,"Баяжуулсан дунд зэрэг үнстэй, хагас хатуу коксжих нүүрс",CNY,,,,,no_bid
1090,2024-11-29 11:00,2024-11-29,Монголросцветмет ТӨҮГ,Mongolrostsvetmet (ex-Erdenes Critical Minerals),Монголросцветмет ТӨҮГ /Эрдэнэс критикал минералс ТӨҮГ/,Fluorspar,Жонш,CaF2 97% хайлуур жоншны баяжмал,CaF2 97% хайлуур жоншны баяжмал,USD,,,,,no_bid
1089,2024-11-29 10:00,2024-11-29,Энержи Ресурс ХХК,Energy Resources,Энержи Ресурс ХХК,Coal,Нүүрс,Washed coking coal,Баяжуулсан коксжих нүүрс,CNY,,,,,no_bid
1088,2024-11-28 16:00,2024-11-28,Эрдэнэт Үйлдвэр ТӨҮГ,Erdenet Mining Corporation,Эрдэнэт Үйлдвэр ТӨҮГ,Copper,Зэс,Copper concentrate (22.35% Cu),22.35%-ийн зэсийн агуулгатай баяжмал,USD,,,,,no_bid
1087,2024-11-28 15:00,2024-11-28,Дарханы Төмөрлөгийн Үйлдвэр ХХК,Дарханы Төмөрлөгийн Үйлдвэр ХХК,Дарханы Төмөрлөгийн Үйлдвэр ХХК,Iron ore,Төмөр,Fe-58% Төмрийн баяжмал,Fe-58% Төмрийн баяжмал,USD,,,,,no_bid
1086,2024-11-28 14:00,2024-11-28,Хангад Эксплорэйшн ХХК,Khangad Exploration,Хангад Эксплорэйшн ХХК,Coal,Нүүрс,Washed semi-soft coking coal,Баяжуулсан сул коксжих нүүрс,CNY,850.0,850.0,0.0,0.0,sold
1085,2024-11-28 11:00,2024-11-28,Саусгоби Даймонд ХХК,Саусгоби Даймонд ХХК,Саусгоби Даймонд ХХК,Coal,Нүүрс,"Баяжуулсан дунд зэрэг үнслэгтэй, сул коксжих нүүрс","Баяжуулсан дунд зэрэг үнслэгтэй, сул коксжих нүүрс",USD,70.0,70.0,0.0,0.0,sold
1084,2024-11-28 10:00,2024-11-28,Энержи Ресурс ХХК,Energy Resources,Энержи Ресурс ХХК,Coal,Нүүрс,Washed coking coal,Баяжуулсан коксжих нүүрс,CNY,,,,,no_bid
1083,2024-11-27 15:00,2024-11-27,Дарханы Төмөрлөгийн Үйлдвэр ХХК,Дарханы Төмөрлөгийн Үйлдвэр ХХК,Дарханы Төмөрлөгийн Үйлдвэр ХХК,Iron ore,Төмөр,Fe-58% Төмрийн баяжмал,Fe-58% Төмрийн баяжмал,USD,56.0,56.0,0.0,0.0,sold
1082,2024-11-27 12:00,2024-11-27,Дарханы Төмөрлөгийн Үйлдвэр ХХК,Дарханы Төмөрлөгийн Үйлдвэр ХХК,Дарханы Төмөрлөгийн Үйлдвэр ХХК,Iron ore,Төмөр,Fe-58% Төмрийн баяжмал,Fe-58% Төмрийн баяжмал,USD,56.0,58.5,2.5,4.46,sold
1081,2024-11-27 11:00,2024-11-27,Монголросцветмет ТӨҮГ,Mongolrostsvetmet (ex-Erdenes Critical Minerals),Монголросцветмет ТӨҮГ /Эрдэнэс критикал минералс ТӨҮГ/,Iron ore,Төмөр,Iron ore Fe 52%,Fe-52% Төмрийн хүдэр,USD,65.0,65.0,0.0,0.0,sold
1080,2024-11-27 10:00,2024-11-27,Энержи Ресурс ХХК,Energy Resources,Энержи Ресурс ХХК,Coal,Нүүрс,Washed coking coal,Баяжуулсан коксжих нүүрс,CNY,,,,,no_bid
1079,2024-11-25 15:00,2024-11-25,Дарханы Төмөрлөгийн Үйлдвэр ХХК,Дарханы Төмөрлөгийн Үйлдвэр ХХК,Дарханы Төмөрлөгийн Үйлдвэр ХХК,Iron ore,Төмөр,Fe-58% Төмрийн баяжмал,Fe-58% Төмрийн баяжмал,USD,,,,,no_bid
1078,2024-11-25 11:00,2024-11-25,Монголросцветмет ТӨҮГ,Mongolrostsvetmet (ex-Erdenes Critical Minerals),Монголросцветмет ТӨҮГ /Эрдэнэс критикал минералс ТӨҮГ/,Iron ore,Төмөр,Iron ore Fe 52%,Fe-52% Төмрийн хүдэр,USD,65.0,65.5,0.5,0.77,sold
1077,2024-11-25 10:00,2024-11-25,Энержи Ресурс ХХК,Energy Resources,Энержи Ресурс ХХК,Coal,Нүүрс,Washed coking coal,Баяжуулсан коксжих нүүрс,CNY,,,,,no_bid
1076,2024-11-22 15:00,2024-11-22,Тавантолгой ХК,Tavan Tolgoi JSC,Тавантолгой ХК,Coal,Нүүрс,Medium-volatile coking coal,"Дэгдэмхий бодис дунд, коксжих нүүрс",USD,,,,,no_bid
1075,2024-11-22 14:00,2024-11-22,Эрдэнэс Тавантолгой ХК,Erdenes Tavan Tolgoi,Эрдэнэс Тавантолгой ХК,Coal,Нүүрс,"Thermal coal (bituminous, non-caking)","Эрчим хүчний нүүрс /Битумт, үл барьцалдах нүүрс/",USD,48.8,49.8,1.0,2.05,sold
1074,2024-11-22 12:00,2024-11-22,Дарханы Төмөрлөгийн Үйлдвэр ХХК,Дарханы Төмөрлөгийн Үйлдвэр ХХК,Дарханы Төмөрлөгийн Үйлдвэр ХХК,Iron ore,Төмөр,Fe-58% Төмрийн баяжмал,Fe-58% Төмрийн баяжмал,USD,56.0,58.0,2.0,3.57,sold
1073,2024-11-22 11:00,2024-11-22,Монголросцветмет ТӨҮГ,Mongolrostsvetmet (ex-Erdenes Critical Minerals),Монголросцветмет ТӨҮГ /Эрдэнэс критикал минералс ТӨҮГ/,Iron ore,Төмөр,Iron ore Fe 52%,Fe-52% Төмрийн хүдэр,USD,65.0,65.5,0.5,0.77,sold
1072,2024-11-22 10:00,2024-11-22,Энержи Ресурс ХХК,Energy Resources,Энержи Ресурс ХХК,Coal,Нүүрс,Washed coking coal,Баяжуулсан коксжих нүүрс,CNY,,,,,no_bid
1071,2024-11-21 16:00,2024-11-21,Очир мандал хайрхан ХХК,Очир мандал хайрхан ХХК,Очир мандал хайрхан ХХК,Fluorspar,Жонш,CaF2 85% Бүхэллэг хайлуур жонш,CaF2 85% Бүхэллэг хайлуур жонш,CNY,1900.0,1900.0,0.0,0.0,sold
1070,2024-11-21 15:00,2024-11-21,Очир мандал хайрхан ХХК,Очир мандал хайрхан ХХК,Очир мандал хайрхан ХХК,Fluorspar,Жонш,CaF2 78% Бүхэллэг хайлуур жонш,CaF2 78% Бүхэллэг хайлуур жонш,CNY,1700.0,1700.0,0.0,0.0,sold
1069,2024-11-21 14:00,2024-11-21,Энержи Ресурс ХХК,Energy Resources,Энержи Ресурс ХХК,Coal,Нүүрс,Washed medium-ash semi-hard coking coal,"Баяжуулсан дунд зэрэг үнстэй, хагас хатуу коксжих нүүрс",CNY,450.0,460.0,10.0,2.22,sold
1068,2024-11-21 12:00,2024-11-21,Дарханы Төмөрлөгийн Үйлдвэр ХХК,Дарханы Төмөрлөгийн Үйлдвэр ХХК,Дарханы Төмөрлөгийн Үйлдвэр ХХК,Iron ore,Төмөр,Fe-58% Төмрийн баяжмал,Fe-58% Төмрийн баяжмал,USD,56.0,57.5,1.5,2.68,sold
1067,2024-11-21 10:00,2024-11-21,Энержи Ресурс ХХК,Energy Resources,Энержи Ресурс ХХК,Coal,Нүүрс,Washed coking coal,Баяжуулсан коксжих нүүрс,CNY,,,,,no_bid
1066,2024-11-20 12:00,2024-11-20,Дарханы Төмөрлөгийн Үйлдвэр ХХК,Дарханы Төмөрлөгийн Үйлдвэр ХХК,Дарханы Төмөрлөгийн Үйлдвэр ХХК,Iron ore,Төмөр,Fe-58% Төмрийн баяжмал,Fe-58% Төмрийн баяжмал,USD,56.0,58.5,2.5,4.46,sold
1065,2024-11-20 11:00,2024-11-20,Монголросцветмет ТӨҮГ,Mongolrostsvetmet (ex-Erdenes Critical Minerals),Монголросцветмет ТӨҮГ /Эрдэнэс критикал минералс ТӨҮГ/,Iron ore,Төмөр,Iron ore Fe 52%,Fe-52% Төмрийн хүдэр,USD,65.0,67.5,2.5,3.85,sold
1064,2024-11-20 10:00,2024-11-20,Энержи Ресурс ХХК,Energy Resources,Энержи Ресурс ХХК,Coal,Нүүрс,Washed coking coal,Баяжуулсан коксжих нүүрс,CNY,,,,,no_bid
1063,2024-11-19 12:00,2024-11-19,Дарханы Төмөрлөгийн Үйлдвэр ХХК,Дарханы Төмөрлөгийн Үйлдвэр ХХК,Дарханы Төмөрлөгийн Үйлдвэр ХХК,Iron ore,Төмөр,Fe-58% Төмрийн баяжмал,Fe-58% Төмрийн баяжмал,USD,56.0,60.0,4.0,7.14,sold
1062,2024-11-19 10:00,2024-11-19,Энержи Ресурс ХХК,Energy Resources,Энержи Ресурс ХХК,Coal,Нүүрс,Washed coking coal,Баяжуулсан коксжих нүүрс,CNY,,,,,no_bid
1061,2024-11-18 15:00,2024-11-18,Эрдэнэс Тавантолгой ХК,Erdenes Tavan Tolgoi,Эрдэнэс Тавантолгой ХК,Coal,Нүүрс,1/3 coking coal,1/3 коксжих нүүрс,USD,83.3,83.3,0.0,0.0,sold
1060,2024-11-18 12:00,2024-11-18,Дарханы Төмөрлөгийн Үйлдвэр ХХК,Дарханы Төмөрлөгийн Үйлдвэр ХХК,Дарханы Төмөрлөгийн Үйлдвэр ХХК,Iron ore,Төмөр,Fe-58% Төмрийн баяжмал,Fe-58% Төмрийн баяжмал,USD,56.0,57.0,1.0,1.79,sold
1059,2024-11-18 11:00,2024-11-18,Монголросцветмет ТӨҮГ,Mongolrostsvetmet (ex-Erdenes Critical Minerals),Монголросцветмет ТӨҮГ /Эрдэнэс критикал минералс ТӨҮГ/,Iron ore,Төмөр,Iron ore Fe 52%,Fe-52% Төмрийн хүдэр,USD,65.0,65.0,0.0,0.0,sold
1058,2024-11-18 10:00,2024-11-18,Энержи Ресурс ХХК,Energy Resources,Энержи Ресурс ХХК,Coal,Нүүрс,Washed coking coal,Баяжуулсан коксжих нүүрс,CNY,,,,,no_bid
1057,2024-11-15 14:00,2024-11-15,Эрдэнэс Тавантолгой ХК,Erdenes Tavan Tolgoi,Эрдэнэс Тавантолгой ХК,Coal,Нүүрс,1/3 coking coal,1/3 коксжих нүүрс,USD,,,,,no_bid
1056,2024-11-15 11:00,2024-11-15,Монголросцветмет ТӨҮГ,Mongolrostsvetmet (ex-Erdenes Critical Minerals),Монголросцветмет ТӨҮГ /Эрдэнэс критикал минералс ТӨҮГ/,Iron ore,Төмөр,Iron concentrate Fe 65%,Fe-65% Төмрийн баяжмал,USD,85.0,90.5,5.5,6.47,sold
1055,2024-11-15 10:00,2024-11-15,Энержи Ресурс ХХК,Energy Resources,Энержи Ресурс ХХК,Coal,Нүүрс,Washed coking coal,Баяжуулсан коксжих нүүрс,CNY,,,,,no_bid
1054,2024-11-14 16:00,2024-11-14,Эрдэнэс Тавантолгой ХК,Erdenes Tavan Tolgoi,Эрдэнэс Тавантолгой ХК,Coal,Нүүрс,"Thermal coal (bituminous, non-caking)","Эрчим хүчний нүүрс /Битумт, үл барьцалдах нүүрс/",USD,48.8,54.3,5.5,11.27,sold
1053,2024-11-14 15:00,2024-11-14,Тавантолгой ХК,Tavan Tolgoi JSC,Тавантолгой ХК,Coal,Нүүрс,Medium-volatile coking coal,"Дэгдэмхий бодис дунд, коксжих нүүрс",USD,,,,,no_bid
1052,2024-11-14 14:00,2024-11-14,Хангад Эксплорэйшн ХХК,Khangad Exploration,Хангад Эксплорэйшн ХХК,Coal,Нүүрс,Washed semi-soft coking coal,Баяжуулсан сул коксжих нүүрс,CNY,850.0,860.0,10.0,1.18,sold
1051,2024-11-14 11:00,2024-11-14,Монголросцветмет ТӨҮГ,Mongolrostsvetmet (ex-Erdenes Critical Minerals),Монголросцветмет ТӨҮГ /Эрдэнэс критикал минералс ТӨҮГ/,Iron ore,Төмөр,Iron ore Fe 52%,Fe-52% Төмрийн хүдэр,USD,65.0,65.0,0.0,0.0,sold
1050,2024-11-14 10:00,2024-11-14,Энержи Ресурс ХХК,Energy Resources,Энержи Ресурс ХХК,Coal,Нүүрс,Washed coking coal,Баяжуулсан коксжих нүүрс,CNY,,,,,no_bid
1049,2024-11-13 12:00,2024-11-13,Премиумкөүл Корпораци ХХК,Премиумкөүл Корпораци ХХК,Премиумкөүл Корпораци ХХК,Coal,Нүүрс,Чийг багатай хүрэн нүүрс,Чийг багатай хүрэн нүүрс,CNY,180.0,200.0,20.0,11.11,sold
1048,2024-11-13 11:00,2024-11-13,Монголросцветмет ТӨҮГ,Mongolrostsvetmet (ex-Erdenes Critical Minerals),Монголросцветмет ТӨҮГ /Эрдэнэс критикал минералс ТӨҮГ/,Iron ore,Төмөр,Iron concentrate Fe 65%,Fe-65% Төмрийн баяжмал,USD,85.0,88.5,3.5,4.12,sold
1047,2024-11-13 10:00,2024-11-13,Энержи Ресурс ХХК,Energy Resources,Энержи Ресурс ХХК,Coal,Нүүрс,Washed coking coal,Баяжуулсан коксжих нүүрс,CNY,,,,,no_bid
1046,2024-11-12 11:00,2024-11-12,Монголросцветмет ТӨҮГ,Mongolrostsvetmet (ex-Erdenes Critical Minerals),Монголросцветмет ТӨҮГ /Эрдэнэс критикал минералс ТӨҮГ/,Iron ore,Төмөр,Iron ore Fe 52%,Fe-52% Төмрийн хүдэр,USD,65.0,65.0,0.0,0.0,sold
1045,2024-11-12 10:00,2024-11-12,Энержи Ресурс ХХК,Energy Resources,Энержи Ресурс ХХК,Coal,Нүүрс,Washed coking coal,Баяжуулсан коксжих нүүрс,CNY,,,,,no_bid
1044,2024-11-11 10:00,2024-11-11,Энержи Ресурс ХХК,Energy Resources,Энержи Ресурс ХХК,Coal,Нүүрс,Washed coking coal,Баяжуулсан коксжих нүүрс,CNY,1050.0,1050.0,0.0,0.0,sold
1043,2024-11-08 12:00,2024-11-08,Дарханы Төмөрлөгийн Үйлдвэр ХХК,Дарханы Төмөрлөгийн Үйлдвэр ХХК,Дарханы Төмөрлөгийн Үйлдвэр ХХК,Iron ore,Төмөр,Fe-58% Төмрийн баяжмал,Fe-58% Төмрийн баяжмал,USD,56.0,60.5,4.5,8.04,sold
1042,2024-11-08 11:00,2024-11-08,Монголросцветмет ТӨҮГ,Mongolrostsvetmet (ex-Erdenes Critical Minerals),Монголросцветмет ТӨҮГ /Эрдэнэс критикал минералс ТӨҮГ/,Iron ore,Төмөр,Iron ore Fe 52%,Fe-52% Төмрийн хүдэр,USD,65.0,67.5,2.5,3.85,sold
1041,2024-11-08 10:00,2024-11-08,Энержи Ресурс ХХК,Energy Resources,Энержи Ресурс ХХК,Coal,Нүүрс,Washed coking coal,Баяжуулсан коксжих нүүрс,CNY,1050.0,1050.0,0.0,0.0,sold
1040,2024-11-07 14:00,2024-11-07,Энержи Ресурс ХХК,Energy Resources,Энержи Ресурс ХХК,Coal,Нүүрс,Washed medium-ash semi-hard coking coal,"Баяжуулсан дунд зэрэг үнстэй, хагас хатуу коксжих нүүрс",CNY,450.0,470.0,20.0,4.44,sold
1039,2024-11-07 12:00,2024-11-07,Дарханы Төмөрлөгийн Үйлдвэр ХХК,Дарханы Төмөрлөгийн Үйлдвэр ХХК,Дарханы Төмөрлөгийн Үйлдвэр ХХК,Iron ore,Төмөр,Fe-58% Төмрийн баяжмал,Fe-58% Төмрийн баяжмал,USD,56.0,60.5,4.5,8.04,sold
1038,2024-11-07 11:00,2024-11-07,Монголросцветмет ТӨҮГ,Mongolrostsvetmet (ex-Erdenes Critical Minerals),Монголросцветмет ТӨҮГ /Эрдэнэс критикал минералс ТӨҮГ/,Iron ore,Төмөр,Iron ore Fe 52%,Fe-52% Төмрийн хүдэр,USD,65.0,67.0,2.0,3.08,sold
1037,2024-11-07 10:00,2024-11-07,Энержи Ресурс ХХК,Energy Resources,Энержи Ресурс ХХК,Coal,Нүүрс,Washed coking coal,Баяжуулсан коксжих нүүрс,CNY,1050.0,1050.0,0.0,0.0,sold
1036,2024-11-06 12:00,2024-11-06,Дарханы Төмөрлөгийн Үйлдвэр ХХК,Дарханы Төмөрлөгийн Үйлдвэр ХХК,Дарханы Төмөрлөгийн Үйлдвэр ХХК,Iron ore,Төмөр,Fe-58% Төмрийн баяжмал,Fe-58% Төмрийн баяжмал,USD,56.0,60.5,4.5,8.04,sold
1035,2024-11-06 11:00,2024-11-06,Монголросцветмет ТӨҮГ,Mongolrostsvetmet (ex-Erdenes Critical Minerals),Монголросцветмет ТӨҮГ /Эрдэнэс критикал минералс ТӨҮГ/,Iron ore,Төмөр,Iron ore Fe 52%,Fe-52% Төмрийн хүдэр,USD,65.0,67.5,2.5,3.85,sold
1034,2024-11-06 10:00,2024-11-06,Энержи Ресурс ХХК,Energy Resources,Энержи Ресурс ХХК,Coal,Нүүрс,Washed coking coal,Баяжуулсан коксжих нүүрс,CNY,1050.0,1050.0,0.0,0.0,sold
1033,2024-11-05 14:00,2024-11-05,Эрдэнэс Тавантолгой ХК,Erdenes Tavan Tolgoi,Эрдэнэс Тавантолгой ХК,Coal,Нүүрс,"Thermal coal (bituminous, non-caking)","Эрчим хүчний нүүрс /Битумт, үл барьцалдах нүүрс/",USD,48.8,56.3,7.5,15.37,sold
1032,2024-11-05 12:00,2024-11-05,Дарханы Төмөрлөгийн Үйлдвэр ХХК,Дарханы Төмөрлөгийн Үйлдвэр ХХК,Дарханы Төмөрлөгийн Үйлдвэр ХХК,Iron ore,Төмөр,Fe-58% Төмрийн баяжмал,Fe-58% Төмрийн баяжмал,USD,56.0,60.0,4.0,7.14,sold
1031,2024-11-05 11:00,2024-11-05,Монголросцветмет ТӨҮГ,Mongolrostsvetmet (ex-Erdenes Critical Minerals),Монголросцветмет ТӨҮГ /Эрдэнэс критикал минералс ТӨҮГ/,Iron ore,Төмөр,Iron ore Fe 52%,Fe-52% Төмрийн хүдэр,USD,65.0,66.0,1.0,1.54,sold
1030,2024-11-05 10:00,2024-11-05,Энержи Ресурс ХХК,Energy Resources,Энержи Ресурс ХХК,Coal,Нүүрс,Washed coking coal,Баяжуулсан коксжих нүүрс,CNY,1050.0,1050.0,0.0,0.0,sold
1029,2024-11-04 14:00,2024-11-04,Премиумкөүл Корпораци ХХК,Премиумкөүл Корпораци ХХК,Премиумкөүл Корпораци ХХК,Coal,Нүүрс,Чийг багатай хүрэн нүүрс,Чийг багатай хүрэн нүүрс,CNY,,,,,no_bid
1028,2024-11-04 12:00,2024-11-04,Дарханы Төмөрлөгийн Үйлдвэр ХХК,Дарханы Төмөрлөгийн Үйлдвэр ХХК,Дарханы Төмөрлөгийн Үйлдвэр ХХК,Iron ore,Төмөр,Fe-58% Төмрийн баяжмал,Fe-58% Төмрийн баяжмал,USD,56.0,56.0,0.0,0.0,sold
1027,2024-11-04 11:00,2024-11-04,Монголросцветмет ТӨҮГ,Mongolrostsvetmet (ex-Erdenes Critical Minerals),Монголросцветмет ТӨҮГ /Эрдэнэс критикал минералс ТӨҮГ/,Iron ore,Төмөр,Iron ore Fe 52%,Fe-52% Төмрийн хүдэр,USD,65.0,67.5,2.5,3.85,sold
1026,2024-11-04 10:00,2024-11-04,Энержи Ресурс ХХК,Energy Resources,Энержи Ресурс ХХК,Coal,Нүүрс,Washed coking coal,Баяжуулсан коксжих нүүрс,CNY,1050.0,1050.0,0.0,0.0,sold
1025,2024-11-01 16:00,2024-11-01,Эрдэнэс Тавантолгой ХК,Erdenes Tavan Tolgoi,Эрдэнэс Тавантолгой ХК,Coal,Нүүрс,1/3 coking coal,1/3 коксжих нүүрс,USD,83.3,86.3,3.0,3.6,sold
1024,2024-11-01 15:00,2024-11-01,Тавантолгой ХК,Tavan Tolgoi JSC,Тавантолгой ХК,Coal,Нүүрс,1/3 coking coal,1/3 коксжих нүүрс,USD,83.0,87.5,4.5,5.42,sold
1023,2024-11-01 12:00,2024-11-01,Эрдэнэс Тавантолгой ХК,Erdenes Tavan Tolgoi,Эрдэнэс Тавантолгой ХК,Coal,Нүүрс,1/3 coking coal,1/3 коксжих нүүрс,USD,83.3,93.8,10.5,12.61,sold
1022,2024-11-01 11:00,2024-11-01,Монголросцветмет ТӨҮГ,Mongolrostsvetmet (ex-Erdenes Critical Minerals),Монголросцветмет ТӨҮГ /Эрдэнэс критикал минералс ТӨҮГ/,Fluorspar,Жонш,CaF2 78% Бүхэллэг хайлуур жонш,CaF2 78% Бүхэллэг хайлуур жонш,USD,200.0,200.0,0.0,0.0,sold
1021,2024-11-01 10:00,2024-11-01,Энержи Ресурс ХХК,Energy Resources,Энержи Ресурс ХХК,Coal,Нүүрс,Washed coking coal,Баяжуулсан коксжих нүүрс,CNY,1050.0,1050.0,0.0,0.0,sold
1020,2024-10-31 15:00,2024-10-31,Тавантолгой ХК,Tavan Tolgoi JSC,Тавантолгой ХК,Coal,Нүүрс,1/3 coking coal,1/3 коксжих нүүрс,USD,83.0,86.5,3.5,4.22,sold
1019,2024-10-31 14:00,2024-10-31,Хангад Эксплорэйшн ХХК,Khangad Exploration,Хангад Эксплорэйшн ХХК,Coal,Нүүрс,Washed semi-soft coking coal,Баяжуулсан сул коксжих нүүрс,CNY,850.0,930.0,80.0,9.41,sold
1018,2024-10-31 11:00,2024-10-31,Монголросцветмет ТӨҮГ,Mongolrostsvetmet (ex-Erdenes Critical Minerals),Монголросцветмет ТӨҮГ /Эрдэнэс критикал минералс ТӨҮГ/,Iron ore,Төмөр,Iron ore Fe 52%,Fe-52% Төмрийн хүдэр,USD,65.0,67.5,2.5,3.85,sold
1017,2024-10-31 10:00,2024-10-31,Энержи Ресурс ХХК,Energy Resources,Энержи Ресурс ХХК,Coal,Нүүрс,Washed coking coal,Баяжуулсан коксжих нүүрс,CNY,1050.0,1070.0,20.0,1.9,sold
1016,2024-10-30 15:00,2024-10-30,Тавантолгой ХК,Tavan Tolgoi JSC,Тавантолгой ХК,Coal,Нүүрс,1/3 coking coal,1/3 коксжих нүүрс,USD,83.0,87.0,4.0,4.82,sold
1015,2024-10-30 14:00,2024-10-30,Эрдэнэт Үйлдвэр ТӨҮГ,Erdenet Mining Corporation,Эрдэнэт Үйлдвэр ТӨҮГ,Copper,Зэс,Copper concentrate (22.35% Cu),22.35%-ийн зэсийн агуулгатай баяжмал,USD,,,,,no_bid
1014,2024-10-30 10:00,2024-10-30,Энержи Ресурс ХХК,Energy Resources,Энержи Ресурс ХХК,Coal,Нүүрс,Washed coking coal,Баяжуулсан коксжих нүүрс,CNY,1050.0,1060.0,10.0,0.95,sold
1013,2024-10-29 11:00,2024-10-29,Монголросцветмет ТӨҮГ,Mongolrostsvetmet (ex-Erdenes Critical Minerals),Монголросцветмет ТӨҮГ /Эрдэнэс критикал минералс ТӨҮГ/,Iron ore,Төмөр,Iron ore Fe 52%,Fe-52% Төмрийн хүдэр,USD,65.0,67.5,2.5,3.85,sold
1012,2024-10-29 10:00,2024-10-29,Энержи Ресурс ХХК,Energy Resources,Энержи Ресурс ХХК,Coal,Нүүрс,Washed coking coal,Баяжуулсан коксжих нүүрс,CNY,1050.0,1060.0,10.0,0.95,sold
1011,2024-10-28 10:00,2024-10-28,Энержи Ресурс ХХК,Energy Resources,Энержи Ресурс ХХК,Coal,Нүүрс,Washed coking coal,Баяжуулсан коксжих нүүрс,CNY,1050.0,1070.0,20.0,1.9,sold
1010,2024-10-25 16:00,2024-10-25,Эрдэнэс Тавантолгой ХК,Erdenes Tavan Tolgoi,Эрдэнэс Тавантолгой ХК,Coal,Нүүрс,Washed coking coal,Баяжуулсан коксжих нүүрс,USD,163.5,163.5,0.0,0.0,sold
1009,2024-10-25 14:00,2024-10-25,Эрдэнэс Тавантолгой ХК,Erdenes Tavan Tolgoi,Эрдэнэс Тавантолгой ХК,Coal,Нүүрс,"Thermal coal (bituminous, non-caking)","Эрчим хүчний нүүрс /Битумт, үл барьцалдах нүүрс/",USD,48.8,55.8,7.0,14.34,sold
1008,2024-10-25 11:00,2024-10-25,Монголросцветмет ТӨҮГ,Mongolrostsvetmet (ex-Erdenes Critical Minerals),Монголросцветмет ТӨҮГ /Эрдэнэс критикал минералс ТӨҮГ/,Iron ore,Төмөр,Iron ore Fe 52%,Fe-52% Төмрийн хүдэр,USD,,,,,no_bid
1007,2024-10-25 10:00,2024-10-25,Энержи Ресурс ХХК,Energy Resources,Энержи Ресурс ХХК,Coal,Нүүрс,Washed coking coal,Баяжуулсан коксжих нүүрс,CNY,1050.0,1070.0,20.0,1.9,sold
1006,2024-10-24 14:00,2024-10-24,Энержи Ресурс ХХК,Energy Resources,Энержи Ресурс ХХК,Coal,Нүүрс,Washed medium-ash semi-hard coking coal,"Баяжуулсан дунд зэрэг үнстэй, хагас хатуу коксжих нүүрс",CNY,450.0,470.0,20.0,4.44,sold
1005,2024-10-23 15:00,2024-10-23,Тавантолгой ХК,Tavan Tolgoi JSC,Тавантолгой ХК,Coal,Нүүрс,Medium-volatile coking coal,"Дэгдэмхий бодис дунд, коксжих нүүрс",USD,,,,,no_bid
1004,2024-10-23 11:00,2024-10-23,Монголросцветмет ТӨҮГ,Mongolrostsvetmet (ex-Erdenes Critical Minerals),Монголросцветмет ТӨҮГ /Эрдэнэс критикал минералс ТӨҮГ/,Iron ore,Төмөр,Iron ore Fe 52%,Fe-52% Төмрийн хүдэр,USD,65.0,65.0,0.0,0.0,sold
1003,2024-10-23 10:00,2024-10-23,Энержи Ресурс ХХК,Energy Resources,Энержи Ресурс ХХК,Coal,Нүүрс,Washed coking coal,Баяжуулсан коксжих нүүрс,CNY,1050.0,1070.0,20.0,1.9,sold
1002,2024-10-22 15:00,2024-10-22,Тавантолгой ХК,Tavan Tolgoi JSC,Тавантолгой ХК,Coal,Нүүрс,Medium-volatile coking coal,"Дэгдэмхий бодис дунд, коксжих нүүрс",USD,125.0,131.0,6.0,4.8,sold
1001,2024-10-22 12:00,2024-10-22,Тавантолгой ХК,Tavan Tolgoi JSC,Тавантолгой ХК,Coal,Нүүрс,Medium-volatile coking coal,"Дэгдэмхий бодис дунд, коксжих нүүрс",USD,125.0,132.5,7.5,6.0,sold
1000,2024-10-22 11:00,2024-10-22,Дарханы Төмөрлөгийн Үйлдвэр ХХК,Дарханы Төмөрлөгийн Үйлдвэр ХХК,Дарханы Төмөрлөгийн Үйлдвэр ХХК,Iron ore,Төмөр,Fe-58% Төмрийн баяжмал,Fe-58% Төмрийн баяжмал,USD,56.0,64.0,8.0,14.29,sold
999,2024-10-22 10:00,2024-10-22,Энержи Ресурс ХХК,Energy Resources,Энержи Ресурс ХХК,Coal,Нүүрс,Washed coking coal,Баяжуулсан коксжих нүүрс,CNY,1050.0,1070.0,20.0,1.9,sold
998,2024-10-21 11:00,2024-10-21,Монголросцветмет ТӨҮГ,Mongolrostsvetmet (ex-Erdenes Critical Minerals),Монголросцветмет ТӨҮГ /Эрдэнэс критикал минералс ТӨҮГ/,Iron ore,Төмөр,Iron ore Fe 52%,Fe-52% Төмрийн хүдэр,USD,65.0,67.0,2.0,3.08,sold
997,2024-10-21 10:00,2024-10-21,Энержи Ресурс ХХК,Energy Resources,Энержи Ресурс ХХК,Coal,Нүүрс,Washed coking coal,Баяжуулсан коксжих нүүрс,CNY,1050.0,1060.0,10.0,0.95,sold
996,2024-10-18 14:00,2024-10-18,Эрдэнэс Тавантолгой ХК,Erdenes Tavan Tolgoi,Эрдэнэс Тавантолгой ХК,Coal,Нүүрс,1/3 coking coal,1/3 коксжих нүүрс,USD,90.2,96.2,6.0,6.65,sold
995,2024-10-18 11:00,2024-10-18,Эрдэнэс Тавантолгой ХК,Erdenes Tavan Tolgoi,Эрдэнэс Тавантолгой ХК,Coal,Нүүрс,1/3 coking coal,1/3 коксжих нүүрс,USD,90.2,93.7,3.5,3.88,sold
994,2024-10-18 10:00,2024-10-18,Энержи Ресурс ХХК,Energy Resources,Энержи Ресурс ХХК,Coal,Нүүрс,Washed coking coal,Баяжуулсан коксжих нүүрс,CNY,1050.0,1100.0,50.0,4.76,sold
993,2024-10-17 14:00,2024-10-17,Хангад Эксплорэйшн ХХК,Khangad Exploration,Хангад Эксплорэйшн ХХК,Coal,Нүүрс,Washed semi-soft coking coal,Баяжуулсан сул коксжих нүүрс,CNY,850.0,930.0,80.0,9.41,sold
992,2024-10-17 11:00,2024-10-17,Монголросцветмет ТӨҮГ,Mongolrostsvetmet (ex-Erdenes Critical Minerals),Монголросцветмет ТӨҮГ /Эрдэнэс критикал минералс ТӨҮГ/,Iron ore,Төмөр,Iron ore Fe 52%,Fe-52% Төмрийн хүдэр,USD,65.0,67.5,2.5,3.85,sold
991,2024-10-16 15:00,2024-10-16,Дарханы Төмөрлөгийн Үйлдвэр ХХК,Дарханы Төмөрлөгийн Үйлдвэр ХХК,Дарханы Төмөрлөгийн Үйлдвэр ХХК,Iron ore,Төмөр,Fe-58% Төмрийн баяжмал,Fe-58% Төмрийн баяжмал,USD,56.0,63.5,7.5,13.39,sold
990,2024-10-16 10:00,2024-10-16,Энержи Ресурс ХХК,Energy Resources,Энержи Ресурс ХХК,Coal,Нүүрс,Washed coking coal,Баяжуулсан коксжих нүүрс,CNY,1050.0,1090.0,40.0,3.81,sold
989,2024-10-15 11:00,2024-10-15,Монголросцветмет ТӨҮГ,Mongolrostsvetmet (ex-Erdenes Critical Minerals),Монголросцветмет ТӨҮГ /Эрдэнэс критикал минералс ТӨҮГ/,Iron ore,Төмөр,Iron ore Fe 52%,Fe-52% Төмрийн хүдэр,USD,65.0,65.0,0.0,0.0,sold
988,2024-10-15 10:00,2024-10-15,Энержи Ресурс ХХК,Energy Resources,Энержи Ресурс ХХК,Coal,Нүүрс,Washed coking coal,Баяжуулсан коксжих нүүрс,CNY,1050.0,1090.0,40.0,3.81,sold
987,2024-10-14 10:00,2024-10-14,Энержи Ресурс ХХК,Energy Resources,Энержи Ресурс ХХК,Coal,Нүүрс,Washed coking coal,Баяжуулсан коксжих нүүрс,CNY,1050.0,1130.0,80.0,7.62,sold
986,2024-10-10 14:00,2024-10-10,Энержи Ресурс ХХК,Energy Resources,Энержи Ресурс ХХК,Coal,Нүүрс,Washed medium-ash semi-hard coking coal,"Баяжуулсан дунд зэрэг үнстэй, хагас хатуу коксжих нүүрс",CNY,450.0,470.0,20.0,4.44,sold
985,2024-10-10 11:00,2024-10-10,Монголросцветмет ТӨҮГ,Mongolrostsvetmet (ex-Erdenes Critical Minerals),Монголросцветмет ТӨҮГ /Эрдэнэс критикал минералс ТӨҮГ/,Iron ore,Төмөр,Iron ore Fe 52%,Fe-52% Төмрийн хүдэр,USD,65.0,65.0,0.0,0.0,sold
984,2024-10-10 10:00,2024-10-10,Энержи Ресурс ХХК,Energy Resources,Энержи Ресурс ХХК,Coal,Нүүрс,Washed coking coal,Баяжуулсан коксжих нүүрс,CNY,1050.0,1050.0,0.0,0.0,sold
983,2024-10-09 15:00,2024-10-09,Тавантолгой ХК,Tavan Tolgoi JSC,Тавантолгой ХК,Coal,Нүүрс,Medium-volatile coking coal,"Дэгдэмхий бодис дунд, коксжих нүүрс",USD,125.0,125.0,0.0,0.0,sold
982,2024-10-09 14:00,2024-10-09,Эрдэнэс Тавантолгой ХК,Erdenes Tavan Tolgoi,Эрдэнэс Тавантолгой ХК,Coal,Нүүрс,Medium-volatile coking coal,"Дэгдэмхий бодис дунд, коксжих нүүрс",USD,130.3,136.3,6.0,4.6,sold
981,2024-10-09 11:00,2024-10-09,Монголросцветмет ТӨҮГ,Mongolrostsvetmet (ex-Erdenes Critical Minerals),Монголросцветмет ТӨҮГ /Эрдэнэс критикал минералс ТӨҮГ/,Iron ore,Төмөр,Iron ore Fe 52%,Fe-52% Төмрийн хүдэр,USD,65.0,65.0,0.0,0.0,sold
980,2024-10-09 10:00,2024-10-09,Энержи Ресурс ХХК,Energy Resources,Энержи Ресурс ХХК,Coal,Нүүрс,Washed coking coal,Баяжуулсан коксжих нүүрс,CNY,1050.0,1050.0,0.0,0.0,sold
979,2024-10-08 15:00,2024-10-08,Тавантолгой ХК,Tavan Tolgoi JSC,Тавантолгой ХК,Coal,Нүүрс,Medium-volatile coking coal,"Дэгдэмхий бодис дунд, коксжих нүүрс",USD,125.0,125.0,0.0,0.0,sold
978,2024-10-08 11:00,2024-10-08,Эрдэнэс Тавантолгой ХК,Erdenes Tavan Tolgoi,Эрдэнэс Тавантолгой ХК,Coal,Нүүрс,1/3 coking coal,1/3 коксжих нүүрс,USD,83.0,83.0,0.0,0.0,sold
977,2024-10-08 10:00,2024-10-08,Энержи Ресурс ХХК,Energy Resources,Энержи Ресурс ХХК,Coal,Нүүрс,Washed coking coal,Баяжуулсан коксжих нүүрс,CNY,1050.0,1050.0,0.0,0.0,sold
976,2024-10-07 15:00,2024-10-07,Тавантолгой ХК,Tavan Tolgoi JSC,Тавантолгой ХК,Coal,Нүүрс,Medium-volatile coking coal,"Дэгдэмхий бодис дунд, коксжих нүүрс",USD,125.0,125.0,0.0,0.0,sold
975,2024-10-07 11:00,2024-10-07,Монголросцветмет ТӨҮГ,Mongolrostsvetmet (ex-Erdenes Critical Minerals),Монголросцветмет ТӨҮГ /Эрдэнэс критикал минералс ТӨҮГ/,Iron ore,Төмөр,Iron ore Fe 52%,Fe-52% Төмрийн хүдэр,USD,65.0,71.0,6.0,9.23,sold
974,2024-10-07 10:00,2024-10-07,Энержи Ресурс ХХК,Energy Resources,Энержи Ресурс ХХК,Coal,Нүүрс,Washed coking coal,Баяжуулсан коксжих нүүрс,CNY,1050.0,1050.0,0.0,0.0,sold
973,2024-10-04 16:00,2024-10-04,Эрдэнэс Тавантолгой ХК,Erdenes Tavan Tolgoi,Эрдэнэс Тавантолгой ХК,Coal,Нүүрс,"Thermal coal (bituminous, non-caking)","Эрчим хүчний нүүрс /Битумт, үл барьцалдах нүүрс/",USD,49.3,55.3,6.0,12.17,sold
972,2024-10-04 10:00,2024-10-04,Энержи Ресурс ХХК,Energy Resources,Энержи Ресурс ХХК,Coal,Нүүрс,Washed coking coal,Баяжуулсан коксжих нүүрс,CNY,1050.0,1160.0,110.0,10.48,sold
971,2024-10-03 15:00,2024-10-03,Андын Илч ХХК,Андын Илч ХХК,Андын Илч ХХК,Coal,Нүүрс,Чийг багатай хүрэн нүүрс,Чийг багатай хүрэн нүүрс,CNY,190.0,190.0,0.0,0.0,sold
970,2024-10-03 14:00,2024-10-03,Энержи Ресурс ХХК,Energy Resources,Энержи Ресурс ХХК,Coal,Нүүрс,Washed medium-ash semi-hard coking coal,"Баяжуулсан дунд зэрэг үнстэй, хагас хатуу коксжих нүүрс",CNY,450.0,470.0,20.0,4.44,sold
969,2024-10-03 11:00,2024-10-03,Монголросцветмет ТӨҮГ,Mongolrostsvetmet (ex-Erdenes Critical Minerals),Монголросцветмет ТӨҮГ /Эрдэнэс критикал минералс ТӨҮГ/,Iron ore,Төмөр,Iron ore Fe 52%,Fe-52% Төмрийн хүдэр,USD,65.0,66.0,1.0,1.54,sold
968,2024-10-03 10:00,2024-10-03,Энержи Ресурс ХХК,Energy Resources,Энержи Ресурс ХХК,Coal,Нүүрс,Washed coking coal,Баяжуулсан коксжих нүүрс,CNY,1050.0,1150.0,100.0,9.52,sold
967,2024-10-02 15:00,2024-10-02,Андын Илч ХХК,Андын Илч ХХК,Андын Илч ХХК,Coal,Нүүрс,Чийг багатай хүрэн нүүрс,Чийг багатай хүрэн нүүрс,CNY,190.0,190.0,0.0,0.0,sold
966,2024-10-02 14:00,2024-10-02,Хангад Эксплорэйшн ХХК,Khangad Exploration,Хангад Эксплорэйшн ХХК,Coal,Нүүрс,Washed semi-soft coking coal,Баяжуулсан сул коксжих нүүрс,CNY,850.0,950.0,100.0,11.76,sold
965,2024-10-02 11:00,2024-10-02,Монголросцветмет ТӨҮГ,Mongolrostsvetmet (ex-Erdenes Critical Minerals),Монголросцветмет ТӨҮГ /Эрдэнэс критикал минералс ТӨҮГ/,Iron ore,Төмөр,Iron concentrate Fe 65%,Fe-65% Төмрийн баяжмал,USD,85.0,85.0,0.0,0.0,sold
964,2024-10-02 10:00,2024-10-02,Энержи Ресурс ХХК,Energy Resources,Энержи Ресурс ХХК,Coal,Нүүрс,Washed coking coal,Баяжуулсан коксжих нүүрс,CNY,1050.0,1170.0,120.0,11.43,sold
963,2024-10-01 12:00,2024-10-01,Монголросцветмет ТӨҮГ,Mongolrostsvetmet (ex-Erdenes Critical Minerals),Монголросцветмет ТӨҮГ /Эрдэнэс критикал минералс ТӨҮГ/,Iron ore,Төмөр,Iron concentrate Fe 65%,Fe-65% Төмрийн баяжмал,USD,85.0,85.0,0.0,0.0,sold
962,2024-10-01 11:00,2024-10-01,Монголросцветмет ТӨҮГ,Mongolrostsvetmet (ex-Erdenes Critical Minerals),Монголросцветмет ТӨҮГ /Эрдэнэс критикал минералс ТӨҮГ/,Iron ore,Төмөр,Iron ore Fe 52%,Fe-52% Төмрийн хүдэр,USD,65.0,69.0,4.0,6.15,sold
961,2024-09-30 11:00,2024-09-30,Монголросцветмет ТӨҮГ,Mongolrostsvetmet (ex-Erdenes Critical Minerals),Монголросцветмет ТӨҮГ /Эрдэнэс критикал минералс ТӨҮГ/,Iron ore,Төмөр,Iron concentrate Fe 65%,Fe-65% Төмрийн баяжмал,USD,85.0,85.0,0.0,0.0,sold
960,2024-09-30 10:00,2024-09-30,Энержи Ресурс ХХК,Energy Resources,Энержи Ресурс ХХК,Coal,Нүүрс,Washed coking coal,Баяжуулсан коксжих нүүрс,CNY,1050.0,1140.0,90.0,8.57,sold
959,2024-09-27 14:00,2024-09-27,Тавантолгой ХК,Tavan Tolgoi JSC,Тавантолгой ХК,Coal,Нүүрс,Medium-volatile coking coal,"Дэгдэмхий бодис дунд, коксжих нүүрс",USD,125.0,125.5,0.5,0.4,sold
958,2024-09-27 12:00,2024-09-27,Монголросцветмет ТӨҮГ,Mongolrostsvetmet (ex-Erdenes Critical Minerals),Монголросцветмет ТӨҮГ /Эрдэнэс критикал минералс ТӨҮГ/,Iron ore,Төмөр,Iron concentrate Fe 65%,Fe-65% Төмрийн баяжмал,USD,85.0,85.0,0.0,0.0,sold
957,2024-09-27 11:00,2024-09-27,Монголросцветмет ТӨҮГ,Mongolrostsvetmet (ex-Erdenes Critical Minerals),Монголросцветмет ТӨҮГ /Эрдэнэс критикал минералс ТӨҮГ/,Iron ore,Төмөр,Iron ore Fe 52%,Fe-52% Төмрийн хүдэр,USD,65.0,65.0,0.0,0.0,sold
956,2024-09-27 10:00,2024-09-27,Энержи Ресурс ХХК,Energy Resources,Энержи Ресурс ХХК,Coal,Нүүрс,Washed coking coal,Баяжуулсан коксжих нүүрс,CNY,,,,,no_bid
955,2024-09-26 12:00,2024-09-26,Тавантолгой ХК,Tavan Tolgoi JSC,Тавантолгой ХК,Coal,Нүүрс,Medium-volatile coking coal,"Дэгдэмхий бодис дунд, коксжих нүүрс",USD,125.0,128.5,3.5,2.8,sold
954,2024-09-26 10:00,2024-09-26,Энержи Ресурс ХХК,Energy Resources,Энержи Ресурс ХХК,Coal,Нүүрс,Washed coking coal,Баяжуулсан коксжих нүүрс,CNY,1050.0,1050.0,0.0,0.0,sold
953,2024-09-25 16:00,2024-09-25,Эрдэнэт Үйлдвэр ТӨҮГ,Erdenet Mining Corporation,Эрдэнэт Үйлдвэр ТӨҮГ,Copper,Зэс,Copper concentrate (22.35% Cu),22.35%-ийн зэсийн агуулгатай баяжмал,USD,,,,,no_bid
952,2024-09-25 15:00,2024-09-25,Дарханы Төмөрлөгийн Үйлдвэр ХХК,Дарханы Төмөрлөгийн Үйлдвэр ХХК,Дарханы Төмөрлөгийн Үйлдвэр ХХК,Iron ore,Төмөр,Fe-58% Төмрийн баяжмал,Fe-58% Төмрийн баяжмал,USD,60.0,60.0,0.0,0.0,sold
951,2024-09-25 11:00,2024-09-25,Монголросцветмет ТӨҮГ,Mongolrostsvetmet (ex-Erdenes Critical Minerals),Монголросцветмет ТӨҮГ /Эрдэнэс критикал минералс ТӨҮГ/,Iron ore,Төмөр,Iron ore Fe 52%,Fe-52% Төмрийн хүдэр,USD,65.0,66.0,1.0,1.54,sold
950,2024-09-25 10:00,2024-09-25,Энержи Ресурс ХХК,Energy Resources,Энержи Ресурс ХХК,Coal,Нүүрс,Washed coking coal,Баяжуулсан коксжих нүүрс,CNY,,,,,no_bid
949,2024-09-24 14:00,2024-09-24,Энержи Ресурс ХХК,Energy Resources,Энержи Ресурс ХХК,Coal,Нүүрс,Washed medium-ash semi-hard coking coal,"Баяжуулсан дунд зэрэг үнстэй, хагас хатуу коксжих нүүрс",CNY,450.0,470.0,20.0,4.44,sold
948,2024-09-23 16:00,2024-09-23,Эрдэнэс Тавантолгой ХК,Erdenes Tavan Tolgoi,Эрдэнэс Тавантолгой ХК,Coal,Нүүрс,1/3 coking coal,1/3 коксжих нүүрс,USD,83.4,83.4,0.0,0.0,sold
946,2024-09-23 11:00,2024-09-23,Монголросцветмет ТӨҮГ,Mongolrostsvetmet (ex-Erdenes Critical Minerals),Монголросцветмет ТӨҮГ /Эрдэнэс критикал минералс ТӨҮГ/,Iron ore,Төмөр,Iron ore Fe 52%,Fe-52% Төмрийн хүдэр,USD,65.0,65.5,0.5,0.77,sold
945,2024-09-23 10:00,2024-09-23,Энержи Ресурс ХХК,Energy Resources,Энержи Ресурс ХХК,Coal,Нүүрс,Washed coking coal,Баяжуулсан коксжих нүүрс,CNY,,,,,no_bid
944,2024-09-20 10:00,2024-09-20,Энержи Ресурс ХХК,Energy Resources,Энержи Ресурс ХХК,Coal,Нүүрс,Washed coking coal,Баяжуулсан коксжих нүүрс,CNY,,,,,no_bid
943,2024-09-19 11:00,2024-09-19,Монголросцветмет ТӨҮГ,Mongolrostsvetmet (ex-Erdenes Critical Minerals),Монголросцветмет ТӨҮГ /Эрдэнэс критикал минералс ТӨҮГ/,Iron ore,Төмөр,Iron ore Fe 52%,Fe-52% Төмрийн хүдэр,USD,65.0,65.5,0.5,0.77,sold
942,2024-09-18 15:00,2024-09-18,Дарханы Төмөрлөгийн Үйлдвэр ХХК,Дарханы Төмөрлөгийн Үйлдвэр ХХК,Дарханы Төмөрлөгийн Үйлдвэр ХХК,Iron ore,Төмөр,Fe-58% Төмрийн баяжмал,Fe-58% Төмрийн баяжмал,USD,60.0,60.0,0.0,0.0,sold
941,2024-09-18 14:00,2024-09-18,Тавантолгой ХК,Tavan Tolgoi JSC,Тавантолгой ХК,Coal,Нүүрс,Medium-volatile coking coal,"Дэгдэмхий бодис дунд, коксжих нүүрс",USD,,,,,no_bid
940,2024-09-18 10:00,2024-09-18,Энержи Ресурс ХХК,Energy Resources,Энержи Ресурс ХХК,Coal,Нүүрс,Washed coking coal,Баяжуулсан коксжих нүүрс,CNY,,,,,no_bid
939,2024-09-17 14:00,2024-09-17,Энержи Ресурс ХХК,Energy Resources,Энержи Ресурс ХХК,Coal,Нүүрс,Washed medium-ash semi-hard coking coal,"Баяжуулсан дунд зэрэг үнстэй, хагас хатуу коксжих нүүрс",CNY,450.0,470.0,20.0,4.44,sold
938,2024-09-17 11:00,2024-09-17,Монголросцветмет ТӨҮГ,Mongolrostsvetmet (ex-Erdenes Critical Minerals),Монголросцветмет ТӨҮГ /Эрдэнэс критикал минералс ТӨҮГ/,Iron ore,Төмөр,Iron ore Fe 52%,Fe-52% Төмрийн хүдэр,USD,65.0,67.5,2.5,3.85,sold
937,2024-09-16 10:00,2024-09-16,Хангад Эксплорэйшн ХХК,Khangad Exploration,Хангад Эксплорэйшн ХХК,Coal,Нүүрс,Washed semi-soft coking coal,Баяжуулсан сул коксжих нүүрс,CNY,,,,,no_bid
936,2024-09-13 15:00,2024-09-13,Дарханы Төмөрлөгийн Үйлдвэр ХХК,Дарханы Төмөрлөгийн Үйлдвэр ХХК,Дарханы Төмөрлөгийн Үйлдвэр ХХК,Iron ore,Төмөр,Fe-58% Төмрийн баяжмал,Fe-58% Төмрийн баяжмал,USD,60.0,66.5,6.5,10.83,sold
935,2024-09-13 14:00,2024-09-13,Эрдэнэс Тавантолгой ХК,Erdenes Tavan Tolgoi,Эрдэнэс Тавантолгой ХК,Coal,Нүүрс,1/3 coking coal,1/3 коксжих нүүрс,USD,,,,,no_bid
934,2024-09-13 11:00,2024-09-13,Монголросцветмет ТӨҮГ,Mongolrostsvetmet (ex-Erdenes Critical Minerals),Монголросцветмет ТӨҮГ /Эрдэнэс критикал минералс ТӨҮГ/,Iron ore,Төмөр,Iron ore Fe 52%,Fe-52% Төмрийн хүдэр,USD,65.0,66.5,1.5,2.31,sold
933,2024-09-13 10:00,2024-09-13,Энержи Ресурс ХХК,Energy Resources,Энержи Ресурс ХХК,Coal,Нүүрс,Washed coking coal,Баяжуулсан коксжих нүүрс,CNY,,,,,no_bid
932,2024-09-12 13:00,2024-09-12,Монголросцветмет ТӨҮГ,Mongolrostsvetmet (ex-Erdenes Critical Minerals),Монголросцветмет ТӨҮГ /Эрдэнэс критикал минералс ТӨҮГ/,Iron ore,Төмөр,Iron ore Fe 52%,Fe-52% Төмрийн хүдэр,USD,65.0,67.0,2.0,3.08,sold
931,2024-09-12 12:00,2024-09-12,Мөнх тэнүүн оргил ХХК,Мөнх тэнүүн оргил ХХК,Мөнх тэнүүн оргил ХХК,Coal,Нүүрс,Washed medium-ash semi-hard coking coal,"Баяжуулсан дунд зэрэг үнстэй, хагас хатуу коксжих нүүрс",USD,105.0,105.0,0.0,0.0,sold
930,2024-09-12 10:00,2024-09-12,Энержи Ресурс ХХК,Energy Resources,Энержи Ресурс ХХК,Coal,Нүүрс,Washed coking coal,Баяжуулсан коксжих нүүрс,CNY,,,,,no_bid
929,2024-09-11 11:00,2024-09-11,Монголросцветмет ТӨҮГ,Mongolrostsvetmet (ex-Erdenes Critical Minerals),Монголросцветмет ТӨҮГ /Эрдэнэс критикал минералс ТӨҮГ/,Iron ore,Төмөр,Iron ore Fe 52%,Fe-52% Төмрийн хүдэр,USD,65.0,67.5,2.5,3.85,sold
928,2024-09-10 14:00,2024-09-10,Энержи Ресурс ХХК,Energy Resources,Энержи Ресурс ХХК,Coal,Нүүрс,Washed medium-ash semi-hard coking coal,"Баяжуулсан дунд зэрэг үнстэй, хагас хатуу коксжих нүүрс",CNY,450.0,460.0,10.0,2.22,sold
927,2024-09-10 13:00,2024-09-10,Монголросцветмет ТӨҮГ,Mongolrostsvetmet (ex-Erdenes Critical Minerals),Монголросцветмет ТӨҮГ /Эрдэнэс критикал минералс ТӨҮГ/,Iron ore,Төмөр,Iron ore Fe 52%,Fe-52% Төмрийн хүдэр,USD,65.0,66.5,1.5,2.31,sold
926,2024-09-09 15:00,2024-09-09,Тавантолгой ХК,Tavan Tolgoi JSC,Тавантолгой ХК,Coal,Нүүрс,1/3 coking coal,1/3 коксжих нүүрс,USD,,,,,no_bid
925,2024-09-09 13:00,2024-09-09,Монголросцветмет ТӨҮГ,Mongolrostsvetmet (ex-Erdenes Critical Minerals),Монголросцветмет ТӨҮГ /Эрдэнэс критикал минералс ТӨҮГ/,Iron ore,Төмөр,Iron ore Fe 52%,Fe-52% Төмрийн хүдэр,USD,65.0,65.0,0.0,0.0,sold
924,2024-09-09 11:00,2024-09-09,Монголросцветмет ТӨҮГ,Mongolrostsvetmet (ex-Erdenes Critical Minerals),Монголросцветмет ТӨҮГ /Эрдэнэс критикал минералс ТӨҮГ/,Iron ore,Төмөр,Iron ore Fe 52%,Fe-52% Төмрийн хүдэр,USD,65.0,71.0,6.0,9.23,sold
923,2024-09-09 10:00,2024-09-09,Энержи Ресурс ХХК,Energy Resources,Энержи Ресурс ХХК,Coal,Нүүрс,Washed coking coal,Баяжуулсан коксжих нүүрс,CNY,,,,,no_bid
922,2024-09-06 14:00,2024-09-06,Эрдэнэс Тавантолгой ХК,Erdenes Tavan Tolgoi,Эрдэнэс Тавантолгой ХК,Coal,Нүүрс,1/3 coking coal,1/3 коксжих нүүрс,USD,88.5,91.5,3.0,3.39,sold
921,2024-09-06 12:00,2024-09-06,Эрд гео ХХК,Эрд гео ХХК,Эрд гео ХХК,Fluorspar,Жонш,CaF2 35-40% Хайлуур жоншны хүдэр,CaF2 35-40% Хайлуур жоншны хүдэр,CNY,500.0,503.0,3.0,0.6,sold
920,2024-09-06 10:00,2024-09-06,Энержи Ресурс ХХК,Energy Resources,Энержи Ресурс ХХК,Coal,Нүүрс,Washed coking coal,Баяжуулсан коксжих нүүрс,CNY,,,,,no_bid
919,2024-09-05 11:00,2024-09-05,Монголросцветмет ТӨҮГ,Mongolrostsvetmet (ex-Erdenes Critical Minerals),Монголросцветмет ТӨҮГ /Эрдэнэс критикал минералс ТӨҮГ/,Iron ore,Төмөр,Iron ore Fe 52%,Fe-52% Төмрийн хүдэр,USD,65.0,70.5,5.5,8.46,sold
918,2024-09-04 10:00,2024-09-04,Энержи Ресурс ХХК,Energy Resources,Энержи Ресурс ХХК,Coal,Нүүрс,Washed coking coal,Баяжуулсан коксжих нүүрс,CNY,,,,,no_bid
917,2024-09-03 14:00,2024-09-03,Энержи Ресурс ХХК,Energy Resources,Энержи Ресурс ХХК,Coal,Нүүрс,Washed medium-ash semi-hard coking coal,"Баяжуулсан дунд зэрэг үнстэй, хагас хатуу коксжих нүүрс",CNY,450.0,460.0,10.0,2.22,sold
916,2024-09-03 12:00,2024-09-03,Андын Илч ХХК,Андын Илч ХХК,Андын Илч ХХК,Coal,Нүүрс,Чийг багатай хүрэн нүүрс,Чийг багатай хүрэн нүүрс,CNY,180.0,180.0,0.0,0.0,sold
915,2024-09-03 11:00,2024-09-03,Монголросцветмет ТӨҮГ,Mongolrostsvetmet (ex-Erdenes Critical Minerals),Монголросцветмет ТӨҮГ /Эрдэнэс критикал минералс ТӨҮГ/,Iron ore,Төмөр,Iron ore Fe 52%,Fe-52% Төмрийн хүдэр,USD,65.0,71.0,6.0,9.23,sold
914,2024-09-03 10:00,2024-09-03,Энержи Ресурс ХХК,Energy Resources,Энержи Ресурс ХХК,Coal,Нүүрс,Washed coking coal,Баяжуулсан коксжих нүүрс,CNY,,,,,no_bid
913,2024-08-30 16:00,2024-08-30,Эрдэнэс Тавантолгой ХК,Erdenes Tavan Tolgoi,Эрдэнэс Тавантолгой ХК,Coal,Нүүрс,1/3 coking coal,1/3 коксжих нүүрс,USD,87.6,92.1,4.5,5.14,sold
912,2024-08-30 11:00,2024-08-30,Монголросцветмет ТӨҮГ,Mongolrostsvetmet (ex-Erdenes Critical Minerals),Монголросцветмет ТӨҮГ /Эрдэнэс критикал минералс ТӨҮГ/,Iron ore,Төмөр,Iron ore Fe 52%,Fe-52% Төмрийн хүдэр,USD,65.0,72.5,7.5,11.54,sold
911,2024-08-30 10:00,2024-08-30,Энержи Ресурс ХХК,Energy Resources,Энержи Ресурс ХХК,Coal,Нүүрс,Washed coking coal,Баяжуулсан коксжих нүүрс,CNY,,,,,no_bid
910,2024-08-29 14:00,2024-08-29,Энержи Ресурс ХХК,Energy Resources,Энержи Ресурс ХХК,Coal,Нүүрс,Washed medium-ash semi-hard coking coal,"Баяжуулсан дунд зэрэг үнстэй, хагас хатуу коксжих нүүрс",CNY,450.0,460.0,10.0,2.22,sold
909,2024-08-28 14:00,2024-08-28,Эрдэнэт Үйлдвэр ТӨҮГ,Erdenet Mining Corporation,Эрдэнэт Үйлдвэр ТӨҮГ,Copper,Зэс,Copper concentrate (22.35% Cu),22.35%-ийн зэсийн агуулгатай баяжмал,USD,,,,,no_bid
908,2024-08-28 12:00,2024-08-28,Мөнх тэнүүн оргил ХХК,Мөнх тэнүүн оргил ХХК,Мөнх тэнүүн оргил ХХК,Coal,Нүүрс,Washed medium-ash semi-hard coking coal,"Баяжуулсан дунд зэрэг үнстэй, хагас хатуу коксжих нүүрс",CNY,,,,,no_bid
907,2024-08-28 11:00,2024-08-28,Монголросцветмет ТӨҮГ,Mongolrostsvetmet (ex-Erdenes Critical Minerals),Монголросцветмет ТӨҮГ /Эрдэнэс критикал минералс ТӨҮГ/,Iron ore,Төмөр,Iron ore Fe 52%,Fe-52% Төмрийн хүдэр,USD,65.0,71.0,6.0,9.23,sold
906,2024-08-28 10:00,2024-08-28,Энержи Ресурс ХХК,Energy Resources,Энержи Ресурс ХХК,Coal,Нүүрс,Washed coking coal,Баяжуулсан коксжих нүүрс,CNY,,,,,no_bid
905,2024-08-27 14:00,2024-08-27,Энержи Ресурс ХХК,Energy Resources,Энержи Ресурс ХХК,Coal,Нүүрс,Washed medium-ash semi-hard coking coal,"Баяжуулсан дунд зэрэг үнстэй, хагас хатуу коксжих нүүрс",CNY,450.0,460.0,10.0,2.22,sold
904,2024-08-26 11:00,2024-08-26,Монголросцветмет ТӨҮГ,Mongolrostsvetmet (ex-Erdenes Critical Minerals),Монголросцветмет ТӨҮГ /Эрдэнэс критикал минералс ТӨҮГ/,Iron ore,Төмөр,Iron ore Fe 52%,Fe-52% Төмрийн хүдэр,USD,65.0,68.0,3.0,4.62,sold
903,2024-08-26 10:00,2024-08-26,Энержи Ресурс ХХК,Energy Resources,Энержи Ресурс ХХК,Coal,Нүүрс,Washed coking coal,Баяжуулсан коксжих нүүрс,CNY,,,,,no_bid
902,2024-08-23 16:00,2024-08-23,Эрдэнэс Тавантолгой ХК,Erdenes Tavan Tolgoi,Эрдэнэс Тавантолгой ХК,Coal,Нүүрс,"Thermal coal (bituminous, non-caking)","Эрчим хүчний нүүрс /Битумт, үл барьцалдах нүүрс/",USD,50.8,52.8,2.0,3.94,sold
901,2024-08-23 15:00,2024-08-23,Дарханы Төмөрлөгийн Үйлдвэр ХХК,Дарханы Төмөрлөгийн Үйлдвэр ХХК,Дарханы Төмөрлөгийн Үйлдвэр ХХК,Iron ore,Төмөр,Fe-58% Төмрийн баяжмал,Fe-58% Төмрийн баяжмал,USD,60.0,70.0,10.0,16.67,sold
900,2024-08-23 10:00,2024-08-23,Энержи Ресурс ХХК,Energy Resources,Энержи Ресурс ХХК,Coal,Нүүрс,Washed coking coal,Баяжуулсан коксжих нүүрс,CNY,,,,,no_bid
899,2024-08-22 15:00,2024-08-22,Дарханы Төмөрлөгийн Үйлдвэр ХХК,Дарханы Төмөрлөгийн Үйлдвэр ХХК,Дарханы Төмөрлөгийн Үйлдвэр ХХК,Iron ore,Төмөр,Fe-58% Төмрийн баяжмал,Fe-58% Төмрийн баяжмал,USD,60.0,69.0,9.0,15.0,sold
898,2024-08-22 14:00,2024-08-22,Энержи Ресурс ХХК,Energy Resources,Энержи Ресурс ХХК,Coal,Нүүрс,Washed medium-ash semi-hard coking coal,"Баяжуулсан дунд зэрэг үнстэй, хагас хатуу коксжих нүүрс",CNY,450.0,450.0,0.0,0.0,sold
897,2024-08-22 11:00,2024-08-22,Монголросцветмет ТӨҮГ,Mongolrostsvetmet (ex-Erdenes Critical Minerals),Монголросцветмет ТӨҮГ /Эрдэнэс критикал минералс ТӨҮГ/,Iron ore,Төмөр,Iron ore Fe 52%,Fe-52% Төмрийн хүдэр,USD,65.0,65.0,0.0,0.0,sold
896,2024-08-21 10:00,2024-08-21,Энержи Ресурс ХХК,Energy Resources,Энержи Ресурс ХХК,Coal,Нүүрс,Washed coking coal,Баяжуулсан коксжих нүүрс,CNY,,,,,no_bid
895,2024-08-20 14:00,2024-08-20,Энержи Ресурс ХХК,Energy Resources,Энержи Ресурс ХХК,Coal,Нүүрс,Washed medium-ash semi-hard coking coal,"Баяжуулсан дунд зэрэг үнстэй, хагас хатуу коксжих нүүрс",CNY,450.0,460.0,10.0,2.22,sold
894,2024-08-20 11:00,2024-08-20,Монголросцветмет ТӨҮГ,Mongolrostsvetmet (ex-Erdenes Critical Minerals),Монголросцветмет ТӨҮГ /Эрдэнэс критикал минералс ТӨҮГ/,Iron ore,Төмөр,Iron ore Fe 52%,Fe-52% Төмрийн хүдэр,USD,,,,,no_bid
893,2024-08-19 10:00,2024-08-19,Энержи Ресурс ХХК,Energy Resources,Энержи Ресурс ХХК,Coal,Нүүрс,Washed coking coal,Баяжуулсан коксжих нүүрс,CNY,,,,,no_bid
892,2024-08-16 16:00,2024-08-16,Тавантолгой ХК,Tavan Tolgoi JSC,Тавантолгой ХК,Coal,Нүүрс,Medium-volatile coking coal,"Дэгдэмхий бодис дунд, коксжих нүүрс",USD,,,,,no_bid
891,2024-08-16 15:00,2024-08-16,Эрдэнэс Тавантолгой ХК,Erdenes Tavan Tolgoi,Эрдэнэс Тавантолгой ХК,Coal,Нүүрс,"Thermal coal (bituminous, non-caking)","Эрчим хүчний нүүрс /Битумт, үл барьцалдах нүүрс/",USD,52.2,54.7,2.5,4.79,sold
890,2024-08-16 14:00,2024-08-16,Энержи Ресурс ХХК,Energy Resources,Энержи Ресурс ХХК,Coal,Нүүрс,Washed medium-ash semi-hard coking coal,"Баяжуулсан дунд зэрэг үнстэй, хагас хатуу коксжих нүүрс",CNY,450.0,460.0,10.0,2.22,sold
889,2024-08-16 11:00,2024-08-16,Монголросцветмет ТӨҮГ,Mongolrostsvetmet (ex-Erdenes Critical Minerals),Монголросцветмет ТӨҮГ /Эрдэнэс критикал минералс ТӨҮГ/,Iron ore,Төмөр,Iron ore Fe 52%,Fe-52% Төмрийн хүдэр,USD,,,,,no_bid
888,2024-08-16 10:00,2024-08-16,Дарханы Төмөрлөгийн Үйлдвэр ХХК,Дарханы Төмөрлөгийн Үйлдвэр ХХК,Дарханы Төмөрлөгийн Үйлдвэр ХХК,Iron ore,Төмөр,Fe-58% Төмрийн баяжмал,Fe-58% Төмрийн баяжмал,USD,58.0,58.0,0.0,0.0,sold
887,2024-08-15 15:00,2024-08-15,Монголросцветмет ТӨҮГ,Mongolrostsvetmet (ex-Erdenes Critical Minerals),Монголросцветмет ТӨҮГ /Эрдэнэс критикал минералс ТӨҮГ/,Iron ore,Төмөр,Iron ore Fe 52%,Fe-52% Төмрийн хүдэр,USD,,,,,no_bid
886,2024-08-15 14:00,2024-08-15,Дарханы Төмөрлөгийн Үйлдвэр ХХК,Дарханы Төмөрлөгийн Үйлдвэр ХХК,Дарханы Төмөрлөгийн Үйлдвэр ХХК,Iron ore,Төмөр,Fe-58% Төмрийн баяжмал,Fe-58% Төмрийн баяжмал,USD,58.0,70.0,12.0,20.69,sold
885,2024-08-15 13:00,2024-08-15,Өсөх Зоос ХХК,Өсөх Зоос ХХК,Өсөх Зоос ХХК,Coal,Нүүрс,"Дэгдэмхий бодис их, хийн нүүрс","Дэгдэмхий бодис их, хийн нүүрс",CNY,500.0,500.0,0.0,0.0,sold
884,2024-08-15 11:00,2024-08-15,Монголросцветмет ТӨҮГ,Mongolrostsvetmet (ex-Erdenes Critical Minerals),Монголросцветмет ТӨҮГ /Эрдэнэс критикал минералс ТӨҮГ/,Iron ore,Төмөр,Iron ore Fe 52%,Fe-52% Төмрийн хүдэр,USD,,,,,no_bid
883,2024-08-15 10:00,2024-08-15,Хангад Эксплорэйшн ХХК,Khangad Exploration,Хангад Эксплорэйшн ХХК,Coal,Нүүрс,Washed semi-soft coking coal,Баяжуулсан сул коксжих нүүрс,CNY,900.0,950.0,50.0,5.56,sold
882,2024-08-14 10:00,2024-08-14,Энержи Ресурс ХХК,Energy Resources,Энержи Ресурс ХХК,Coal,Нүүрс,Washed coking coal,Баяжуулсан коксжих нүүрс,CNY,,,,,no_bid
881,2024-08-13 14:00,2024-08-13,Энержи Ресурс ХХК,Energy Resources,Энержи Ресурс ХХК,Coal,Нүүрс,Washed medium-ash semi-hard coking coal,"Баяжуулсан дунд зэрэг үнстэй, хагас хатуу коксжих нүүрс",CNY,450.0,470.0,20.0,4.44,sold
880,2024-08-12 12:00,2024-08-12,Эрд гео ХХК,Эрд гео ХХК,Эрд гео ХХК,Fluorspar,Жонш,CaF2- 55-63% Хайлуур жонш,CaF2- 55-63% Хайлуур жонш,USD,85.0,85.0,0.0,0.0,sold
879,2024-08-12 10:00,2024-08-12,Энержи Ресурс ХХК,Energy Resources,Энержи Ресурс ХХК,Coal,Нүүрс,Washed coking coal,Баяжуулсан коксжих нүүрс,CNY,1150.0,1150.0,0.0,0.0,sold
878,2024-08-09 11:00,2024-08-09,Монголросцветмет ТӨҮГ,Mongolrostsvetmet (ex-Erdenes Critical Minerals),Монголросцветмет ТӨҮГ /Эрдэнэс критикал минералс ТӨҮГ/,Iron ore,Төмөр,Iron ore Fe 52%,Fe-52% Төмрийн хүдэр,USD,70.0,70.0,0.0,0.0,sold
877,2024-08-09 10:00,2024-08-09,Энержи Ресурс ХХК,Energy Resources,Энержи Ресурс ХХК,Coal,Нүүрс,Washed coking coal,Баяжуулсан коксжих нүүрс,CNY,1150.0,1160.0,10.0,0.87,sold
876,2024-08-08 14:00,2024-08-08,Энержи Ресурс ХХК,Energy Resources,Энержи Ресурс ХХК,Coal,Нүүрс,Washed medium-ash semi-hard coking coal,"Баяжуулсан дунд зэрэг үнстэй, хагас хатуу коксжих нүүрс",CNY,450.0,470.0,20.0,4.44,sold
875,2024-08-08 11:00,2024-08-08,Монголросцветмет ТӨҮГ,Mongolrostsvetmet (ex-Erdenes Critical Minerals),Монголросцветмет ТӨҮГ /Эрдэнэс критикал минералс ТӨҮГ/,Iron ore,Төмөр,Iron ore Fe 52%,Fe-52% Төмрийн хүдэр,USD,70.0,70.0,0.0,0.0,sold
874,2024-08-07 11:00,2024-08-07,Монголросцветмет ТӨҮГ,Mongolrostsvetmet (ex-Erdenes Critical Minerals),Монголросцветмет ТӨҮГ /Эрдэнэс критикал минералс ТӨҮГ/,Iron ore,Төмөр,Iron ore Fe 52%,Fe-52% Төмрийн хүдэр,USD,70.0,70.0,0.0,0.0,sold
873,2024-08-07 10:00,2024-08-07,Энержи Ресурс ХХК,Energy Resources,Энержи Ресурс ХХК,Coal,Нүүрс,Washed coking coal,Баяжуулсан коксжих нүүрс,CNY,1150.0,1160.0,10.0,0.87,sold
872,2024-08-06 14:00,2024-08-06,Энержи Ресурс ХХК,Energy Resources,Энержи Ресурс ХХК,Coal,Нүүрс,Washed medium-ash semi-hard coking coal,"Баяжуулсан дунд зэрэг үнстэй, хагас хатуу коксжих нүүрс",CNY,450.0,470.0,20.0,4.44,sold
871,2024-08-06 11:00,2024-08-06,Монголросцветмет ТӨҮГ,Mongolrostsvetmet (ex-Erdenes Critical Minerals),Монголросцветмет ТӨҮГ /Эрдэнэс критикал минералс ТӨҮГ/,Iron ore,Төмөр,Iron ore Fe 52%,Fe-52% Төмрийн хүдэр,USD,70.0,72.0,2.0,2.86,sold
870,2024-08-06 10:00,2024-08-06,Тавантолгой ХК,Tavan Tolgoi JSC,Тавантолгой ХК,Coal,Нүүрс,Medium-volatile coking coal,"Дэгдэмхий бодис дунд, коксжих нүүрс",USD,,,,,no_bid
869,2024-08-05 15:00,2024-08-05,Дарханы Төмөрлөгийн Үйлдвэр ХХК,Дарханы Төмөрлөгийн Үйлдвэр ХХК,Дарханы Төмөрлөгийн Үйлдвэр ХХК,Iron ore,Төмөр,Fe-58% Төмрийн баяжмал,Fe-58% Төмрийн баяжмал,USD,58.0,72.5,14.5,25.0,sold
868,2024-08-05 12:00,2024-08-05,Очир мандал хайрхан ХХК,Очир мандал хайрхан ХХК,Очир мандал хайрхан ХХК,Fluorspar,Жонш,CaF2- <42% Хайлуур жоншны хүдэр,CaF2- <42% Хайлуур жоншны хүдэр,CNY,550.0,550.0,0.0,0.0,sold
867,2024-08-05 11:00,2024-08-05,Монголросцветмет ТӨҮГ,Mongolrostsvetmet (ex-Erdenes Critical Minerals),Монголросцветмет ТӨҮГ /Эрдэнэс критикал минералс ТӨҮГ/,Iron ore,Төмөр,Iron ore Fe 52%,Fe-52% Төмрийн хүдэр,USD,70.0,70.0,0.0,0.0,sold
866,2024-08-05 10:00,2024-08-05,Энержи Ресурс ХХК,Energy Resources,Энержи Ресурс ХХК,Coal,Нүүрс,Washed coking coal,Баяжуулсан коксжих нүүрс,CNY,1150.0,1170.0,20.0,1.74,sold
865,2024-08-02 16:00,2024-08-02,Эрдэнэс Тавантолгой ХК,Erdenes Tavan Tolgoi,Эрдэнэс Тавантолгой ХК,Coal,Нүүрс,"Thermal coal (bituminous, non-caking)","Эрчим хүчний нүүрс /Битумт, үл барьцалдах нүүрс/",USD,52.2,55.2,3.0,5.75,sold
864,2024-08-02 15:00,2024-08-02,Дарханы Төмөрлөгийн Үйлдвэр ХХК,Дарханы Төмөрлөгийн Үйлдвэр ХХК,Дарханы Төмөрлөгийн Үйлдвэр ХХК,Iron ore,Төмөр,Fe-58% Төмрийн баяжмал,Fe-58% Төмрийн баяжмал,USD,58.0,63.0,5.0,8.62,sold
863,2024-08-02 11:00,2024-08-02,Монголросцветмет ТӨҮГ,Mongolrostsvetmet (ex-Erdenes Critical Minerals),Монголросцветмет ТӨҮГ /Эрдэнэс критикал минералс ТӨҮГ/,Iron ore,Төмөр,Iron ore Fe 52%,Fe-52% Төмрийн хүдэр,USD,70.0,70.0,0.0,0.0,sold
862,2024-08-02 10:00,2024-08-02,Энержи Ресурс ХХК,Energy Resources,Энержи Ресурс ХХК,Coal,Нүүрс,Washed coking coal,Баяжуулсан коксжих нүүрс,CNY,1150.0,1170.0,20.0,1.74,sold
861,2024-08-01 14:00,2024-08-01,Энержи Ресурс ХХК,Energy Resources,Энержи Ресурс ХХК,Coal,Нүүрс,Washed medium-ash semi-hard coking coal,"Баяжуулсан дунд зэрэг үнстэй, хагас хатуу коксжих нүүрс",CNY,450.0,470.0,20.0,4.44,sold
860,2024-08-01 11:00,2024-08-01,Монголросцветмет ТӨҮГ,Mongolrostsvetmet (ex-Erdenes Critical Minerals),Монголросцветмет ТӨҮГ /Эрдэнэс критикал минералс ТӨҮГ/,Iron ore,Төмөр,Iron ore Fe 52%,Fe-52% Төмрийн хүдэр,USD,,,,,no_bid
859,2024-07-31 16:00,2024-07-31,Эрдэнэт Үйлдвэр ТӨҮГ,Erdenet Mining Corporation,Эрдэнэт Үйлдвэр ТӨҮГ,Copper,Зэс,Copper concentrate (22.35% Cu),22.35%-ийн зэсийн агуулгатай баяжмал,USD,,,,,no_bid
858,2024-07-31 11:00,2024-07-31,Монголросцветмет ТӨҮГ,Mongolrostsvetmet (ex-Erdenes Critical Minerals),Монголросцветмет ТӨҮГ /Эрдэнэс критикал минералс ТӨҮГ/,Iron ore,Төмөр,Iron ore Fe 52%,Fe-52% Төмрийн хүдэр,USD,70.0,70.0,0.0,0.0,sold
857,2024-07-31 10:00,2024-07-31,Энержи Ресурс ХХК,Energy Resources,Энержи Ресурс ХХК,Coal,Нүүрс,Washed coking coal,Баяжуулсан коксжих нүүрс,CNY,1150.0,1170.0,20.0,1.74,sold
856,2024-07-30 14:00,2024-07-30,Энержи Ресурс ХХК,Energy Resources,Энержи Ресурс ХХК,Coal,Нүүрс,Washed medium-ash semi-hard coking coal,"Баяжуулсан дунд зэрэг үнстэй, хагас хатуу коксжих нүүрс",CNY,450.0,470.0,20.0,4.44,sold
855,2024-07-30 12:00,2024-07-30,Тавантолгой ХК,Tavan Tolgoi JSC,Тавантолгой ХК,Coal,Нүүрс,Medium-volatile coking coal,"Дэгдэмхий бодис дунд, коксжих нүүрс",USD,,,,,no_bid
854,2024-07-30 11:00,2024-07-30,Монголросцветмет ТӨҮГ,Mongolrostsvetmet (ex-Erdenes Critical Minerals),Монголросцветмет ТӨҮГ /Эрдэнэс критикал минералс ТӨҮГ/,Iron ore,Төмөр,Iron ore Fe 52%,Fe-52% Төмрийн хүдэр,USD,,,,,no_bid
853,2024-07-29 11:00,2024-07-29,Монголросцветмет ТӨҮГ,Mongolrostsvetmet (ex-Erdenes Critical Minerals),Монголросцветмет ТӨҮГ /Эрдэнэс критикал минералс ТӨҮГ/,Iron ore,Төмөр,Iron ore Fe 52%,Fe-52% Төмрийн хүдэр,USD,,,,,no_bid
852,2024-07-29 10:00,2024-07-29,Энержи Ресурс ХХК,Energy Resources,Энержи Ресурс ХХК,Coal,Нүүрс,Washed coking coal,Баяжуулсан коксжих нүүрс,CNY,1150.0,1180.0,30.0,2.61,sold
851,2024-07-26 11:00,2024-07-26,Монголросцветмет ТӨҮГ,Mongolrostsvetmet (ex-Erdenes Critical Minerals),Монголросцветмет ТӨҮГ /Эрдэнэс критикал минералс ТӨҮГ/,Iron ore,Төмөр,Iron ore Fe 52%,Fe-52% Төмрийн хүдэр,USD,70.0,70.0,0.0,0.0,sold
850,2024-07-26 10:00,2024-07-26,Энержи Ресурс ХХК,Energy Resources,Энержи Ресурс ХХК,Coal,Нүүрс,Washed coking coal,Баяжуулсан коксжих нүүрс,CNY,1150.0,1190.0,40.0,3.48,sold
849,2024-07-25 14:00,2024-07-25,Энержи Ресурс ХХК,Energy Resources,Энержи Ресурс ХХК,Coal,Нүүрс,Washed medium-ash semi-hard coking coal,"Баяжуулсан дунд зэрэг үнстэй, хагас хатуу коксжих нүүрс",CNY,450.0,480.0,30.0,6.67,sold
848,2024-07-25 11:00,2024-07-25,Монголросцветмет ТӨҮГ,Mongolrostsvetmet (ex-Erdenes Critical Minerals),Монголросцветмет ТӨҮГ /Эрдэнэс критикал минералс ТӨҮГ/,Iron ore,Төмөр,Iron ore Fe 52%,Fe-52% Төмрийн хүдэр,USD,70.0,70.0,0.0,0.0,sold
847,2024-07-24 12:00,2024-07-24,Эрдэнэс Тавантолгой ХК,Erdenes Tavan Tolgoi,Эрдэнэс Тавантолгой ХК,Coal,Нүүрс,"Thermal coal (bituminous, non-caking)","Эрчим хүчний нүүрс /Битумт, үл барьцалдах нүүрс/",USD,52.2,54.2,2.0,3.83,sold
846,2024-07-24 11:00,2024-07-24,Монголросцветмет ТӨҮГ,Mongolrostsvetmet (ex-Erdenes Critical Minerals),Монголросцветмет ТӨҮГ /Эрдэнэс критикал минералс ТӨҮГ/,Iron ore,Төмөр,Iron ore Fe 52%,Fe-52% Төмрийн хүдэр,USD,70.0,72.5,2.5,3.57,sold
845,2024-07-24 10:00,2024-07-24,Энержи Ресурс ХХК,Energy Resources,Энержи Ресурс ХХК,Coal,Нүүрс,Washed coking coal,Баяжуулсан коксжих нүүрс,CNY,1150.0,1220.0,70.0,6.09,sold
844,2024-07-23 14:00,2024-07-23,Энержи Ресурс ХХК,Energy Resources,Энержи Ресурс ХХК,Coal,Нүүрс,Washed medium-ash semi-hard coking coal,"Баяжуулсан дунд зэрэг үнстэй, хагас хатуу коксжих нүүрс",CNY,450.0,480.0,30.0,6.67,sold
843,2024-07-23 11:00,2024-07-23,Монголросцветмет ТӨҮГ,Mongolrostsvetmet (ex-Erdenes Critical Minerals),Монголросцветмет ТӨҮГ /Эрдэнэс критикал минералс ТӨҮГ/,Iron ore,Төмөр,Iron ore Fe 52%,Fe-52% Төмрийн хүдэр,USD,70.0,74.0,4.0,5.71,sold
842,2024-07-22 11:00,2024-07-22,Монголросцветмет ТӨҮГ,Mongolrostsvetmet (ex-Erdenes Critical Minerals),Монголросцветмет ТӨҮГ /Эрдэнэс критикал минералс ТӨҮГ/,Iron ore,Төмөр,Iron ore Fe 52%,Fe-52% Төмрийн хүдэр,USD,70.0,73.0,3.0,4.29,sold
841,2024-07-22 10:00,2024-07-22,Энержи Ресурс ХХК,Energy Resources,Энержи Ресурс ХХК,Coal,Нүүрс,Washed coking coal,Баяжуулсан коксжих нүүрс,CNY,1150.0,1220.0,70.0,6.09,sold
840,2024-07-19 16:00,2024-07-19,Эрдэнэс Тавантолгой ХК,Erdenes Tavan Tolgoi,Эрдэнэс Тавантолгой ХК,Coal,Нүүрс,Дэгдэмхий бодис дундаас их хийн нүүрс,Дэгдэмхий бодис дундаас их хийн нүүрс,USD,80.0,80.0,0.0,0.0,sold
839,2024-07-19 12:00,2024-07-19,Тавантолгой ХК,Tavan Tolgoi JSC,Тавантолгой ХК,Coal,Нүүрс,Medium-volatile coking coal,"Дэгдэмхий бодис дунд, коксжих нүүрс",USD,145.0,150.5,5.5,3.79,sold
838,2024-07-19 11:00,2024-07-19,Монголросцветмет ТӨҮГ,Mongolrostsvetmet (ex-Erdenes Critical Minerals),Монголросцветмет ТӨҮГ /Эрдэнэс критикал минералс ТӨҮГ/,Iron ore,Төмөр,Iron ore Fe 52%,Fe-52% Төмрийн хүдэр,USD,70.0,73.0,3.0,4.29,sold
837,2024-07-19 10:00,2024-07-19,Энержи Ресурс ХХК,Energy Resources,Энержи Ресурс ХХК,Coal,Нүүрс,Washed coking coal,Баяжуулсан коксжих нүүрс,CNY,1150.0,1230.0,80.0,6.96,sold
836,2024-07-18 14:00,2024-07-18,Энержи Ресурс ХХК,Energy Resources,Энержи Ресурс ХХК,Coal,Нүүрс,Washed medium-ash semi-hard coking coal,"Баяжуулсан дунд зэрэг үнстэй, хагас хатуу коксжих нүүрс",CNY,450.0,480.0,30.0,6.67,sold
835,2024-07-18 11:00,2024-07-18,Монголросцветмет ТӨҮГ,Mongolrostsvetmet (ex-Erdenes Critical Minerals),Монголросцветмет ТӨҮГ /Эрдэнэс критикал минералс ТӨҮГ/,Iron ore,Төмөр,Iron ore Fe 52%,Fe-52% Төмрийн хүдэр,USD,70.0,70.0,0.0,0.0,sold
834,2024-07-17 11:00,2024-07-17,Монголросцветмет ТӨҮГ,Mongolrostsvetmet (ex-Erdenes Critical Minerals),Монголросцветмет ТӨҮГ /Эрдэнэс критикал минералс ТӨҮГ/,Iron ore,Төмөр,Iron ore Fe 52%,Fe-52% Төмрийн хүдэр,USD,70.0,73.5,3.5,5.0,sold
833,2024-07-17 10:00,2024-07-17,Энержи Ресурс ХХК,Energy Resources,Энержи Ресурс ХХК,Coal,Нүүрс,Washed coking coal,Баяжуулсан коксжих нүүрс,CNY,1150.0,1230.0,80.0,6.96,sold
832,2024-07-16 14:00,2024-07-16,Энержи Ресурс ХХК,Energy Resources,Энержи Ресурс ХХК,Coal,Нүүрс,Washed medium-ash semi-hard coking coal,"Баяжуулсан дунд зэрэг үнстэй, хагас хатуу коксжих нүүрс",CNY,450.0,480.0,30.0,6.67,sold
831,2024-07-16 11:00,2024-07-16,Монголросцветмет ТӨҮГ,Mongolrostsvetmet (ex-Erdenes Critical Minerals),Монголросцветмет ТӨҮГ /Эрдэнэс критикал минералс ТӨҮГ/,Iron ore,Төмөр,Iron ore Fe 52%,Fe-52% Төмрийн хүдэр,USD,70.0,72.0,2.0,2.86,sold
830,2024-07-16 10:00,2024-07-16,Хангад Эксплорэйшн ХХК,Khangad Exploration,Хангад Эксплорэйшн ХХК,Coal,Нүүрс,Washed semi-soft coking coal,Баяжуулсан сул коксжих нүүрс,CNY,900.0,950.0,50.0,5.56,sold
829,2024-07-09 14:00,2024-07-09,Энержи Ресурс ХХК,Energy Resources,Энержи Ресурс ХХК,Coal,Нүүрс,Washed medium-ash semi-hard coking coal,"Баяжуулсан дунд зэрэг үнстэй, хагас хатуу коксжих нүүрс",CNY,450.0,490.0,40.0,8.89,sold
828,2024-07-09 11:00,2024-07-09,Монголросцветмет ТӨҮГ,Mongolrostsvetmet (ex-Erdenes Critical Minerals),Монголросцветмет ТӨҮГ /Эрдэнэс критикал минералс ТӨҮГ/,Iron ore,Төмөр,Iron ore Fe 52%,Fe-52% Төмрийн хүдэр,USD,70.0,75.0,5.0,7.14,sold
827,2024-07-09 10:00,2024-07-09,Энержи Ресурс ХХК,Energy Resources,Энержи Ресурс ХХК,Coal,Нүүрс,Washed coking coal,Баяжуулсан коксжих нүүрс,CNY,1150.0,1200.0,50.0,4.35,sold
826,2024-07-08 14:00,2024-07-08,Энержи Ресурс ХХК,Energy Resources,Энержи Ресурс ХХК,Coal,Нүүрс,Washed medium-ash semi-hard coking coal,"Баяжуулсан дунд зэрэг үнстэй, хагас хатуу коксжих нүүрс",CNY,450.0,490.0,40.0,8.89,sold
825,2024-07-08 12:00,2024-07-08,Эрдэнэс Тавантолгой ХК,Erdenes Tavan Tolgoi,Эрдэнэс Тавантолгой ХК,Coal,Нүүрс,"Thermal coal (bituminous, non-caking)","Эрчим хүчний нүүрс /Битумт, үл барьцалдах нүүрс/",USD,52.2,52.2,0.0,0.0,sold
824,2024-07-08 11:00,2024-07-08,Монголросцветмет ТӨҮГ,Mongolrostsvetmet (ex-Erdenes Critical Minerals),Монголросцветмет ТӨҮГ /Эрдэнэс критикал минералс ТӨҮГ/,Iron ore,Төмөр,Iron ore Fe 52%,Fe-52% Төмрийн хүдэр,USD,70.0,72.5,2.5,3.57,sold
823,2024-07-08 10:00,2024-07-08,Энержи Ресурс ХХК,Energy Resources,Энержи Ресурс ХХК,Coal,Нүүрс,Washed coking coal,Баяжуулсан коксжих нүүрс,CNY,1150.0,1200.0,50.0,4.35,sold
822,2024-07-05 14:00,2024-07-05,Тавантолгой ХК,Tavan Tolgoi JSC,Тавантолгой ХК,Coal,Нүүрс,Medium-volatile coking coal,"Дэгдэмхий бодис дунд, коксжих нүүрс",USD,145.0,146.5,1.5,1.03,sold
821,2024-07-05 11:00,2024-07-05,Монголросцветмет ТӨҮГ,Mongolrostsvetmet (ex-Erdenes Critical Minerals),Монголросцветмет ТӨҮГ /Эрдэнэс критикал минералс ТӨҮГ/,Iron ore,Төмөр,Iron ore Fe 52%,Fe-52% Төмрийн хүдэр,USD,70.0,70.0,0.0,0.0,sold
820,2024-07-05 10:00,2024-07-05,Энержи Ресурс ХХК,Energy Resources,Энержи Ресурс ХХК,Coal,Нүүрс,Washed coking coal,Баяжуулсан коксжих нүүрс,CNY,1150.0,1190.0,40.0,3.48,sold
819,2024-07-04 14:00,2024-07-04,Энержи Ресурс ХХК,Energy Resources,Энержи Ресурс ХХК,Coal,Нүүрс,Washed medium-ash semi-hard coking coal,"Баяжуулсан дунд зэрэг үнстэй, хагас хатуу коксжих нүүрс",CNY,450.0,460.0,10.0,2.22,sold
818,2024-07-04 11:00,2024-07-04,Монголросцветмет ТӨҮГ,Mongolrostsvetmet (ex-Erdenes Critical Minerals),Монголросцветмет ТӨҮГ /Эрдэнэс критикал минералс ТӨҮГ/,Iron ore,Төмөр,Iron ore Fe 52%,Fe-52% Төмрийн хүдэр,USD,70.0,71.0,1.0,1.43,sold
817,2024-07-04 10:00,2024-07-04,Энержи Ресурс ХХК,Energy Resources,Энержи Ресурс ХХК,Coal,Нүүрс,Washed coking coal,Баяжуулсан коксжих нүүрс,CNY,1150.0,1190.0,40.0,3.48,sold
816,2024-07-03 14:00,2024-07-03,Энержи Ресурс ХХК,Energy Resources,Энержи Ресурс ХХК,Coal,Нүүрс,Washed medium-ash semi-hard coking coal,"Баяжуулсан дунд зэрэг үнстэй, хагас хатуу коксжих нүүрс",CNY,450.0,460.0,10.0,2.22,sold
815,2024-07-03 11:00,2024-07-03,Монголросцветмет ТӨҮГ,Mongolrostsvetmet (ex-Erdenes Critical Minerals),Монголросцветмет ТӨҮГ /Эрдэнэс критикал минералс ТӨҮГ/,Iron ore,Төмөр,Iron ore Fe 52%,Fe-52% Төмрийн хүдэр,USD,70.0,70.5,0.5,0.71,sold
814,2024-07-03 10:00,2024-07-03,Энержи Ресурс ХХК,Energy Resources,Энержи Ресурс ХХК,Coal,Нүүрс,Washed coking coal,Баяжуулсан коксжих нүүрс,CNY,1150.0,1180.0,30.0,2.61,sold
813,2024-07-02 11:00,2024-07-02,Монголросцветмет ТӨҮГ,Mongolrostsvetmet (ex-Erdenes Critical Minerals),Монголросцветмет ТӨҮГ /Эрдэнэс критикал минералс ТӨҮГ/,Iron ore,Төмөр,Iron ore Fe 52%,Fe-52% Төмрийн хүдэр,USD,70.0,70.0,0.0,0.0,sold
812,2024-07-01 11:00,2024-07-01,Монголросцветмет ТӨҮГ,Mongolrostsvetmet (ex-Erdenes Critical Minerals),Монголросцветмет ТӨҮГ /Эрдэнэс критикал минералс ТӨҮГ/,Iron ore,Төмөр,Iron ore Fe 52%,Fe-52% Төмрийн хүдэр,USD,,,,,no_bid
811,2024-06-27 16:00,2024-06-27,Эрдэнэт Үйлдвэр ТӨҮГ,Erdenet Mining Corporation,Эрдэнэт Үйлдвэр ТӨҮГ,Copper,Зэс,Copper concentrate (22.35% Cu),22.35%-ийн зэсийн агуулгатай баяжмал,USD,,,,,no_bid
810,2024-06-27 15:00,2024-06-27,Дарханы Төмөрлөгийн Үйлдвэр ХХК,Дарханы Төмөрлөгийн Үйлдвэр ХХК,Дарханы Төмөрлөгийн Үйлдвэр ХХК,Iron ore,Төмөр,Fe-58% Төмрийн баяжмал,Fe-58% Төмрийн баяжмал,USD,61.0,61.0,0.0,0.0,sold
809,2024-06-27 14:00,2024-06-27,Энержи Ресурс ХХК,Energy Resources,Энержи Ресурс ХХК,Coal,Нүүрс,Washed medium-ash semi-hard coking coal,"Баяжуулсан дунд зэрэг үнстэй, хагас хатуу коксжих нүүрс",CNY,420.0,470.0,50.0,11.9,sold
808,2024-06-27 13:00,2024-06-27,Дарханы Төмөрлөгийн Үйлдвэр ХХК,Дарханы Төмөрлөгийн Үйлдвэр ХХК,Дарханы Төмөрлөгийн Үйлдвэр ХХК,Iron ore,Төмөр,Fe-58% Төмрийн баяжмал,Fe-58% Төмрийн баяжмал,USD,,,,,no_bid
807,2024-06-27 12:00,2024-06-27,Монголросцветмет ТӨҮГ,Mongolrostsvetmet (ex-Erdenes Critical Minerals),Монголросцветмет ТӨҮГ /Эрдэнэс критикал минералс ТӨҮГ/,Iron ore,Төмөр,Iron ore Fe 52%,Fe-52% Төмрийн хүдэр,USD,,,,,no_bid
806,2024-06-27 11:00,2024-06-27,Монголросцветмет ТӨҮГ,Mongolrostsvetmet (ex-Erdenes Critical Minerals),Монголросцветмет ТӨҮГ /Эрдэнэс критикал минералс ТӨҮГ/,Iron ore,Төмөр,Iron ore Fe 52%,Fe-52% Төмрийн хүдэр,USD,,,,,no_bid
805,2024-06-27 10:00,2024-06-27,Энержи Ресурс ХХК,Energy Resources,Энержи Ресурс ХХК,Coal,Нүүрс,Washed coking coal,Баяжуулсан коксжих нүүрс,CNY,1100.0,1210.0,110.0,10.0,sold
804,2024-06-26 16:00,2024-06-26,Эрдэнэс Тавантолгой ХК,Erdenes Tavan Tolgoi,Эрдэнэс Тавантолгой ХК,Coal,Нүүрс,"Thermal coal (bituminous, non-caking)","Эрчим хүчний нүүрс /Битумт, үл барьцалдах нүүрс/",USD,52.2,54.7,2.5,4.79,sold
803,2024-06-26 15:00,2024-06-26,Дарханы Төмөрлөгийн Үйлдвэр ХХК,Дарханы Төмөрлөгийн Үйлдвэр ХХК,Дарханы Төмөрлөгийн Үйлдвэр ХХК,Iron ore,Төмөр,Fe-58% Төмрийн баяжмал,Fe-58% Төмрийн баяжмал,USD,,,,,no_bid
802,2024-06-26 14:00,2024-06-26,Энержи Ресурс ХХК,Energy Resources,Энержи Ресурс ХХК,Coal,Нүүрс,Washed medium-ash semi-hard coking coal,"Баяжуулсан дунд зэрэг үнстэй, хагас хатуу коксжих нүүрс",CNY,420.0,470.0,50.0,11.9,sold
801,2024-06-26 12:00,2024-06-26,Дарханы Төмөрлөгийн Үйлдвэр ХХК,Дарханы Төмөрлөгийн Үйлдвэр ХХК,Дарханы Төмөрлөгийн Үйлдвэр ХХК,Iron ore,Төмөр,Fe-58% Төмрийн баяжмал,Fe-58% Төмрийн баяжмал,USD,,,,,no_bid
800,2024-06-26 11:00,2024-06-26,Монголросцветмет ТӨҮГ,Mongolrostsvetmet (ex-Erdenes Critical Minerals),Монголросцветмет ТӨҮГ /Эрдэнэс критикал минералс ТӨҮГ/,Iron ore,Төмөр,Iron ore Fe 52%,Fe-52% Төмрийн хүдэр,USD,70.0,70.0,0.0,0.0,sold
799,2024-06-25 15:00,2024-06-25,Дарханы Төмөрлөгийн Үйлдвэр ХХК,Дарханы Төмөрлөгийн Үйлдвэр ХХК,Дарханы Төмөрлөгийн Үйлдвэр ХХК,Iron ore,Төмөр,Fe-58% Төмрийн баяжмал,Fe-58% Төмрийн баяжмал,USD,61.0,61.0,0.0,0.0,sold
798,2024-06-25 12:00,2024-06-25,Дарханы Төмөрлөгийн Үйлдвэр ХХК,Дарханы Төмөрлөгийн Үйлдвэр ХХК,Дарханы Төмөрлөгийн Үйлдвэр ХХК,Iron ore,Төмөр,Fe-58% Төмрийн баяжмал,Fe-58% Төмрийн баяжмал,USD,,,,,no_bid
797,2024-06-25 11:00,2024-06-25,Монголросцветмет ТӨҮГ,Mongolrostsvetmet (ex-Erdenes Critical Minerals),Монголросцветмет ТӨҮГ /Эрдэнэс критикал минералс ТӨҮГ/,Iron ore,Төмөр,Iron ore Fe 52%,Fe-52% Төмрийн хүдэр,USD,,,,,no_bid
796,2024-06-25 10:00,2024-06-25,Энержи Ресурс ХХК,Energy Resources,Энержи Ресурс ХХК,Coal,Нүүрс,Washed coking coal,Баяжуулсан коксжих нүүрс,CNY,1100.0,1200.0,100.0,9.09,sold
795,2024-06-24 15:00,2024-06-24,Дарханы Төмөрлөгийн Үйлдвэр ХХК,Дарханы Төмөрлөгийн Үйлдвэр ХХК,Дарханы Төмөрлөгийн Үйлдвэр ХХК,Iron ore,Төмөр,Fe-58% Төмрийн баяжмал,Fe-58% Төмрийн баяжмал,USD,61.0,62.0,1.0,1.64,sold
794,2024-06-24 14:00,2024-06-24,Энержи Ресурс ХХК,Energy Resources,Энержи Ресурс ХХК,Coal,Нүүрс,Washed medium-ash semi-hard coking coal,"Баяжуулсан дунд зэрэг үнстэй, хагас хатуу коксжих нүүрс",CNY,420.0,490.0,70.0,16.67,sold
793,2024-06-24 12:00,2024-06-24,Дарханы Төмөрлөгийн Үйлдвэр ХХК,Дарханы Төмөрлөгийн Үйлдвэр ХХК,Дарханы Төмөрлөгийн Үйлдвэр ХХК,Iron ore,Төмөр,Fe-58% Төмрийн баяжмал,Fe-58% Төмрийн баяжмал,USD,,,,,no_bid
792,2024-06-24 11:00,2024-06-24,Монголросцветмет ТӨҮГ,Mongolrostsvetmet (ex-Erdenes Critical Minerals),Монголросцветмет ТӨҮГ /Эрдэнэс критикал минералс ТӨҮГ/,Iron ore,Төмөр,Iron ore Fe 52%,Fe-52% Төмрийн хүдэр,USD,70.0,70.0,0.0,0.0,sold
791,2024-06-24 10:00,2024-06-24,Энержи Ресурс ХХК,Energy Resources,Энержи Ресурс ХХК,Coal,Нүүрс,Washed coking coal,Баяжуулсан коксжих нүүрс,CNY,1100.0,1220.0,120.0,10.91,sold
790,2024-06-21 16:00,2024-06-21,Эрдэнэс Тавантолгой ХК,Erdenes Tavan Tolgoi,Эрдэнэс Тавантолгой ХК,Coal,Нүүрс,"Thermal coal (bituminous, non-caking)","Эрчим хүчний нүүрс /Битумт, үл барьцалдах нүүрс/",USD,52.2,56.7,4.5,8.62,sold
789,2024-06-21 14:00,2024-06-21,Энержи Ресурс ХХК,Energy Resources,Энержи Ресурс ХХК,Coal,Нүүрс,Washed medium-ash semi-hard coking coal,"Баяжуулсан дунд зэрэг үнстэй, хагас хатуу коксжих нүүрс",CNY,420.0,500.0,80.0,19.05,sold
788,2024-06-21 11:00,2024-06-21,Монголросцветмет ТӨҮГ,Mongolrostsvetmet (ex-Erdenes Critical Minerals),Монголросцветмет ТӨҮГ /Эрдэнэс критикал минералс ТӨҮГ/,Iron ore,Төмөр,Iron ore Fe 52%,Fe-52% Төмрийн хүдэр,USD,70.0,74.5,4.5,6.43,sold
787,2024-06-20 11:00,2024-06-20,Монголросцветмет ТӨҮГ,Mongolrostsvetmet (ex-Erdenes Critical Minerals),Монголросцветмет ТӨҮГ /Эрдэнэс критикал минералс ТӨҮГ/,Iron ore,Төмөр,Iron ore Fe 52%,Fe-52% Төмрийн хүдэр,USD,70.0,74.0,4.0,5.71,sold
786,2024-06-20 10:00,2024-06-20,Энержи Ресурс ХХК,Energy Resources,Энержи Ресурс ХХК,Coal,Нүүрс,Washed coking coal,Баяжуулсан коксжих нүүрс,CNY,1100.0,1220.0,120.0,10.91,sold
785,2024-06-19 14:00,2024-06-19,Энержи Ресурс ХХК,Energy Resources,Энержи Ресурс ХХК,Coal,Нүүрс,Washed medium-ash semi-hard coking coal,"Баяжуулсан дунд зэрэг үнстэй, хагас хатуу коксжих нүүрс",CNY,420.0,500.0,80.0,19.05,sold
784,2024-06-19 11:00,2024-06-19,Монголросцветмет ТӨҮГ,Mongolrostsvetmet (ex-Erdenes Critical Minerals),Монголросцветмет ТӨҮГ /Эрдэнэс критикал минералс ТӨҮГ/,Iron ore,Төмөр,Iron ore Fe 52%,Fe-52% Төмрийн хүдэр,USD,70.0,73.0,3.0,4.29,sold
783,2024-06-18 11:00,2024-06-18,Монголросцветмет ТӨҮГ,Mongolrostsvetmet (ex-Erdenes Critical Minerals),Монголросцветмет ТӨҮГ /Эрдэнэс критикал минералс ТӨҮГ/,Iron ore,Төмөр,Iron ore Fe 52%,Fe-52% Төмрийн хүдэр,USD,70.0,71.0,1.0,1.43,sold
782,2024-06-18 10:00,2024-06-18,Энержи Ресурс ХХК,Energy Resources,Энержи Ресурс ХХК,Coal,Нүүрс,Washed coking coal,Баяжуулсан коксжих нүүрс,CNY,1100.0,1220.0,120.0,10.91,sold
781,2024-06-17 14:00,2024-06-17,Энержи Ресурс ХХК,Energy Resources,Энержи Ресурс ХХК,Coal,Нүүрс,Washed medium-ash semi-hard coking coal,"Баяжуулсан дунд зэрэг үнстэй, хагас хатуу коксжих нүүрс",CNY,420.0,500.0,80.0,19.05,sold
780,2024-06-17 11:00,2024-06-17,Монголросцветмет ТӨҮГ,Mongolrostsvetmet (ex-Erdenes Critical Minerals),Монголросцветмет ТӨҮГ /Эрдэнэс критикал минералс ТӨҮГ/,Iron ore,Төмөр,Iron ore Fe 52%,Fe-52% Төмрийн хүдэр,USD,,,,,no_bid
779,2024-06-17 10:00,2024-06-17,Энержи Ресурс ХХК,Energy Resources,Энержи Ресурс ХХК,Coal,Нүүрс,Washed coking coal,Баяжуулсан коксжих нүүрс,CNY,1100.0,1220.0,120.0,10.91,sold
778,2024-06-14 16:00,2024-06-14,Эрдэнэс Тавантолгой ХК,Erdenes Tavan Tolgoi,Эрдэнэс Тавантолгой ХК,Coal,Нүүрс,"Thermal coal (bituminous, non-caking)","Эрчим хүчний нүүрс /Битумт, үл барьцалдах нүүрс/",USD,52.2,55.7,3.5,6.7,sold
777,2024-06-14 14:00,2024-06-14,Энержи Ресурс ХХК,Energy Resources,Энержи Ресурс ХХК,Coal,Нүүрс,Washed medium-ash semi-hard coking coal,"Баяжуулсан дунд зэрэг үнстэй, хагас хатуу коксжих нүүрс",CNY,420.0,510.0,90.0,21.43,sold
776,2024-06-14 11:00,2024-06-14,Монголросцветмет ТӨҮГ,Mongolrostsvetmet (ex-Erdenes Critical Minerals),Монголросцветмет ТӨҮГ /Эрдэнэс критикал минералс ТӨҮГ/,Iron ore,Төмөр,Iron ore Fe 52%,Fe-52% Төмрийн хүдэр,USD,70.0,70.0,0.0,0.0,sold
775,2024-06-14 10:00,2024-06-14,Хангад Эксплорэйшн ХХК,Khangad Exploration,Хангад Эксплорэйшн ХХК,Coal,Нүүрс,Washed semi-soft coking coal,Баяжуулсан сул коксжих нүүрс,CNY,850.0,990.0,140.0,16.47,sold
774,2024-06-13 11:00,2024-06-13,Монголросцветмет ТӨҮГ,Mongolrostsvetmet (ex-Erdenes Critical Minerals),Монголросцветмет ТӨҮГ /Эрдэнэс критикал минералс ТӨҮГ/,Iron ore,Төмөр,Iron ore Fe 52%,Fe-52% Төмрийн хүдэр,USD,70.0,73.5,3.5,5.0,sold
773,2024-06-13 10:00,2024-06-13,Энержи Ресурс ХХК,Energy Resources,Энержи Ресурс ХХК,Coal,Нүүрс,Washed coking coal,Баяжуулсан коксжих нүүрс,CNY,1100.0,1190.0,90.0,8.18,sold
772,2024-06-12 14:00,2024-06-12,Энержи Ресурс ХХК,Energy Resources,Энержи Ресурс ХХК,Coal,Нүүрс,Washed medium-ash semi-hard coking coal,"Баяжуулсан дунд зэрэг үнстэй, хагас хатуу коксжих нүүрс",CNY,420.0,520.0,100.0,23.81,sold
771,2024-06-12 11:00,2024-06-12,Монголросцветмет ТӨҮГ,Mongolrostsvetmet (ex-Erdenes Critical Minerals),Монголросцветмет ТӨҮГ /Эрдэнэс критикал минералс ТӨҮГ/,Iron ore,Төмөр,Iron ore Fe 52%,Fe-52% Төмрийн хүдэр,USD,70.0,70.0,0.0,0.0,sold
770,2024-06-11 16:00,2024-06-11,Тавантолгой ХК,Tavan Tolgoi JSC,Тавантолгой ХК,Coal,Нүүрс,Medium-volatile coking coal,"Дэгдэмхий бодис дунд, коксжих нүүрс",USD,145.0,145.0,0.0,0.0,sold
769,2024-06-11 11:00,2024-06-11,Монголросцветмет ТӨҮГ,Mongolrostsvetmet (ex-Erdenes Critical Minerals),Монголросцветмет ТӨҮГ /Эрдэнэс критикал минералс ТӨҮГ/,Iron ore,Төмөр,Iron ore Fe 52%,Fe-52% Төмрийн хүдэр,USD,70.0,70.0,0.0,0.0,sold
768,2024-06-11 10:00,2024-06-11,Энержи Ресурс ХХК,Energy Resources,Энержи Ресурс ХХК,Coal,Нүүрс,Washed coking coal,Баяжуулсан коксжих нүүрс,CNY,1100.0,1190.0,90.0,8.18,sold
767,2024-06-10 14:00,2024-06-10,Энержи Ресурс ХХК,Energy Resources,Энержи Ресурс ХХК,Coal,Нүүрс,Washed medium-ash semi-hard coking coal,"Баяжуулсан дунд зэрэг үнстэй, хагас хатуу коксжих нүүрс",CNY,420.0,520.0,100.0,23.81,sold
766,2024-06-10 11:00,2024-06-10,Монголросцветмет ТӨҮГ,Mongolrostsvetmet (ex-Erdenes Critical Minerals),Монголросцветмет ТӨҮГ /Эрдэнэс критикал минералс ТӨҮГ/,Iron ore,Төмөр,Iron ore Fe 52%,Fe-52% Төмрийн хүдэр,USD,70.0,70.0,0.0,0.0,sold
765,2024-06-10 10:00,2024-06-10,Энержи Ресурс ХХК,Energy Resources,Энержи Ресурс ХХК,Coal,Нүүрс,Washed coking coal,Баяжуулсан коксжих нүүрс,CNY,1100.0,1190.0,90.0,8.18,sold
764,2024-06-07 16:00,2024-06-07,Эрдэнэс Тавантолгой ХК,Erdenes Tavan Tolgoi,Эрдэнэс Тавантолгой ХК,Coal,Нүүрс,"Thermal coal (bituminous, non-caking)","Эрчим хүчний нүүрс /Битумт, үл барьцалдах нүүрс/",USD,52.2,55.7,3.5,6.7,sold
763,2024-06-07 15:00,2024-06-07,Дарханы Төмөрлөгийн Үйлдвэр ХХК,Дарханы Төмөрлөгийн Үйлдвэр ХХК,Дарханы Төмөрлөгийн Үйлдвэр ХХК,Iron ore,Төмөр,Fe-58% Төмрийн баяжмал,Fe-58% Төмрийн баяжмал,USD,61.0,61.0,0.0,0.0,sold
762,2024-06-07 14:00,2024-06-07,Энержи Ресурс ХХК,Energy Resources,Энержи Ресурс ХХК,Coal,Нүүрс,Washed medium-ash semi-hard coking coal,"Баяжуулсан дунд зэрэг үнстэй, хагас хатуу коксжих нүүрс",CNY,420.0,530.0,110.0,26.19,sold
761,2024-06-07 12:00,2024-06-07,Дарханы Төмөрлөгийн Үйлдвэр ХХК,Дарханы Төмөрлөгийн Үйлдвэр ХХК,Дарханы Төмөрлөгийн Үйлдвэр ХХК,Iron ore,Төмөр,Fe-58% Төмрийн баяжмал,Fe-58% Төмрийн баяжмал,USD,63.0,63.0,0.0,0.0,sold
760,2024-06-07 11:00,2024-06-07,Монголросцветмет ТӨҮГ,Mongolrostsvetmet (ex-Erdenes Critical Minerals),Монголросцветмет ТӨҮГ /Эрдэнэс критикал минералс ТӨҮГ/,Iron ore,Төмөр,Iron ore Fe 52%,Fe-52% Төмрийн хүдэр,USD,70.0,73.5,3.5,5.0,sold
759,2024-06-06 15:00,2024-06-06,Дарханы Төмөрлөгийн Үйлдвэр ХХК,Дарханы Төмөрлөгийн Үйлдвэр ХХК,Дарханы Төмөрлөгийн Үйлдвэр ХХК,Iron ore,Төмөр,Fe-58% Төмрийн баяжмал,Fe-58% Төмрийн баяжмал,USD,,,,,no_bid
758,2024-06-06 14:00,2024-06-06,Монголросцветмет ТӨҮГ,Mongolrostsvetmet (ex-Erdenes Critical Minerals),Монголросцветмет ТӨҮГ /Эрдэнэс критикал минералс ТӨҮГ/,Fluorspar,Жонш,Fluorspar concentrate CaF2 95%,CaF2-95% Хайлуур жоншны баяжмал,USD,360.0,360.0,0.0,0.0,sold
757,2024-06-06 12:00,2024-06-06,Дарханы Төмөрлөгийн Үйлдвэр ХХК,Дарханы Төмөрлөгийн Үйлдвэр ХХК,Дарханы Төмөрлөгийн Үйлдвэр ХХК,Iron ore,Төмөр,Fe-58% Төмрийн баяжмал,Fe-58% Төмрийн баяжмал,USD,63.0,63.0,0.0,0.0,sold
756,2024-06-06 11:00,2024-06-06,Монголросцветмет ТӨҮГ,Mongolrostsvetmet (ex-Erdenes Critical Minerals),Монголросцветмет ТӨҮГ /Эрдэнэс критикал минералс ТӨҮГ/,Iron ore,Төмөр,Iron ore Fe 52%,Fe-52% Төмрийн хүдэр,USD,70.0,76.5,6.5,9.29,sold
755,2024-06-06 10:00,2024-06-06,Энержи Ресурс ХХК,Energy Resources,Энержи Ресурс ХХК,Coal,Нүүрс,Washed coking coal,Баяжуулсан коксжих нүүрс,CNY,1100.0,1190.0,90.0,8.18,sold
754,2024-06-05 15:00,2024-06-05,Дарханы Төмөрлөгийн Үйлдвэр ХХК,Дарханы Төмөрлөгийн Үйлдвэр ХХК,Дарханы Төмөрлөгийн Үйлдвэр ХХК,Iron ore,Төмөр,Fe-58% Төмрийн баяжмал,Fe-58% Төмрийн баяжмал,USD,61.0,63.0,2.0,3.28,sold
753,2024-06-05 14:00,2024-06-05,Энержи Ресурс ХХК,Energy Resources,Энержи Ресурс ХХК,Coal,Нүүрс,Washed medium-ash semi-hard coking coal,"Баяжуулсан дунд зэрэг үнстэй, хагас хатуу коксжих нүүрс",CNY,420.0,490.0,70.0,16.67,sold
752,2024-06-05 12:00,2024-06-05,Дарханы Төмөрлөгийн Үйлдвэр ХХК,Дарханы Төмөрлөгийн Үйлдвэр ХХК,Дарханы Төмөрлөгийн Үйлдвэр ХХК,Iron ore,Төмөр,Fe-58% Төмрийн баяжмал,Fe-58% Төмрийн баяжмал,USD,63.0,63.0,0.0,0.0,sold
751,2024-06-05 11:00,2024-06-05,Монголросцветмет ТӨҮГ,Mongolrostsvetmet (ex-Erdenes Critical Minerals),Монголросцветмет ТӨҮГ /Эрдэнэс критикал минералс ТӨҮГ/,Iron ore,Төмөр,Iron ore Fe 52%,Fe-52% Төмрийн хүдэр,USD,70.0,78.0,8.0,11.43,sold
750,2024-06-04 15:00,2024-06-04,Дарханы Төмөрлөгийн Үйлдвэр ХХК,Дарханы Төмөрлөгийн Үйлдвэр ХХК,Дарханы Төмөрлөгийн Үйлдвэр ХХК,Iron ore,Төмөр,Fe-58% Төмрийн баяжмал,Fe-58% Төмрийн баяжмал,USD,61.0,61.0,0.0,0.0,sold
749,2024-06-04 12:00,2024-06-04,Дарханы Төмөрлөгийн Үйлдвэр ХХК,Дарханы Төмөрлөгийн Үйлдвэр ХХК,Дарханы Төмөрлөгийн Үйлдвэр ХХК,Iron ore,Төмөр,Fe-58% Төмрийн баяжмал,Fe-58% Төмрийн баяжмал,USD,63.0,66.0,3.0,4.76,sold
748,2024-06-04 11:00,2024-06-04,Монголросцветмет ТӨҮГ,Mongolrostsvetmet (ex-Erdenes Critical Minerals),Монголросцветмет ТӨҮГ /Эрдэнэс критикал минералс ТӨҮГ/,Iron ore,Төмөр,Iron ore Fe 52%,Fe-52% Төмрийн хүдэр,USD,70.0,78.0,8.0,11.43,sold
747,2024-06-04 10:00,2024-06-04,Энержи Ресурс ХХК,Energy Resources,Энержи Ресурс ХХК,Coal,Нүүрс,Washed coking coal,Баяжуулсан коксжих нүүрс,CNY,1100.0,1210.0,110.0,10.0,sold
746,2024-06-03 16:00,2024-06-03,Тавантолгой ХК,Tavan Tolgoi JSC,Тавантолгой ХК,Coal,Нүүрс,1/3 coking coal,1/3 коксжих нүүрс,USD,95.0,105.0,10.0,10.53,sold
745,2024-06-03 15:00,2024-06-03,Дарханы Төмөрлөгийн Үйлдвэр ХХК,Дарханы Төмөрлөгийн Үйлдвэр ХХК,Дарханы Төмөрлөгийн Үйлдвэр ХХК,Iron ore,Төмөр,Fe-58% Төмрийн баяжмал,Fe-58% Төмрийн баяжмал,USD,61.0,62.0,1.0,1.64,sold
744,2024-06-03 14:00,2024-06-03,Энержи Ресурс ХХК,Energy Resources,Энержи Ресурс ХХК,Coal,Нүүрс,Washed medium-ash semi-hard coking coal,"Баяжуулсан дунд зэрэг үнстэй, хагас хатуу коксжих нүүрс",CNY,420.0,500.0,80.0,19.05,sold
743,2024-06-03 13:00,2024-06-03,Монголросцветмет ТӨҮГ,Mongolrostsvetmet (ex-Erdenes Critical Minerals),Монголросцветмет ТӨҮГ /Эрдэнэс критикал минералс ТӨҮГ/,Iron ore,Төмөр,Iron concentrate Fe 65%,Fe-65% Төмрийн баяжмал,USD,90.0,90.0,0.0,0.0,sold
742,2024-06-03 12:00,2024-06-03,Дарханы Төмөрлөгийн Үйлдвэр ХХК,Дарханы Төмөрлөгийн Үйлдвэр ХХК,Дарханы Төмөрлөгийн Үйлдвэр ХХК,Iron ore,Төмөр,Fe-58% Төмрийн баяжмал,Fe-58% Төмрийн баяжмал,USD,63.0,63.0,0.0,0.0,sold
741,2024-06-03 11:00,2024-06-03,Монголросцветмет ТӨҮГ,Mongolrostsvetmet (ex-Erdenes Critical Minerals),Монголросцветмет ТӨҮГ /Эрдэнэс критикал минералс ТӨҮГ/,Iron ore,Төмөр,Iron ore Fe 52%,Fe-52% Төмрийн хүдэр,USD,70.0,78.0,8.0,11.43,sold
740,2024-06-03 10:00,2024-06-03,Энержи Ресурс ХХК,Energy Resources,Энержи Ресурс ХХК,Coal,Нүүрс,Washed coking coal,Баяжуулсан коксжих нүүрс,CNY,1100.0,1210.0,110.0,10.0,sold
739,2024-05-31 16:00,2024-05-31,Монголросцветмет ТӨҮГ,Mongolrostsvetmet (ex-Erdenes Critical Minerals),Монголросцветмет ТӨҮГ /Эрдэнэс критикал минералс ТӨҮГ/,Iron ore,Төмөр,Iron concentrate Fe 65%,Fe-65% Төмрийн баяжмал,USD,90.0,90.0,0.0,0.0,sold
738,2024-05-31 15:00,2024-05-31,Дарханы Төмөрлөгийн Үйлдвэр ХХК,Дарханы Төмөрлөгийн Үйлдвэр ХХК,Дарханы Төмөрлөгийн Үйлдвэр ХХК,Iron ore,Төмөр,Fe-58% Төмрийн баяжмал,Fe-58% Төмрийн баяжмал,USD,61.0,64.0,3.0,4.92,sold
737,2024-05-31 14:00,2024-05-31,Энержи Ресурс ХХК,Energy Resources,Энержи Ресурс ХХК,Coal,Нүүрс,Washed medium-ash semi-hard coking coal,"Баяжуулсан дунд зэрэг үнстэй, хагас хатуу коксжих нүүрс",CNY,420.0,470.0,50.0,11.9,sold
736,2024-05-31 12:00,2024-05-31,Дарханы Төмөрлөгийн Үйлдвэр ХХК,Дарханы Төмөрлөгийн Үйлдвэр ХХК,Дарханы Төмөрлөгийн Үйлдвэр ХХК,Iron ore,Төмөр,Fe-58% Төмрийн баяжмал,Fe-58% Төмрийн баяжмал,USD,61.0,66.5,5.5,9.02,sold
735,2024-05-31 11:00,2024-05-31,Монголросцветмет ТӨҮГ,Mongolrostsvetmet (ex-Erdenes Critical Minerals),Монголросцветмет ТӨҮГ /Эрдэнэс критикал минералс ТӨҮГ/,Iron ore,Төмөр,Iron ore Fe 52%,Fe-52% Төмрийн хүдэр,USD,70.0,79.0,9.0,12.86,sold
734,2024-05-31 10:00,2024-05-31,Энержи Ресурс ХХК,Energy Resources,Энержи Ресурс ХХК,Coal,Нүүрс,Washed coking coal,Баяжуулсан коксжих нүүрс,CNY,1100.0,1220.0,120.0,10.91,sold
733,2024-05-30 15:00,2024-05-30,Дарханы Төмөрлөгийн Үйлдвэр ХХК,Дарханы Төмөрлөгийн Үйлдвэр ХХК,Дарханы Төмөрлөгийн Үйлдвэр ХХК,Iron ore,Төмөр,Fe-58% Төмрийн баяжмал,Fe-58% Төмрийн баяжмал,USD,61.0,63.5,2.5,4.1,sold
732,2024-05-30 14:00,2024-05-30,Энержи Ресурс ХХК,Energy Resources,Энержи Ресурс ХХК,Coal,Нүүрс,Washed medium-ash semi-hard coking coal,"Баяжуулсан дунд зэрэг үнстэй, хагас хатуу коксжих нүүрс",CNY,420.0,480.0,60.0,14.29,sold
731,2024-05-30 12:00,2024-05-30,Дарханы Төмөрлөгийн Үйлдвэр ХХК,Дарханы Төмөрлөгийн Үйлдвэр ХХК,Дарханы Төмөрлөгийн Үйлдвэр ХХК,Iron ore,Төмөр,Fe-58% Төмрийн баяжмал,Fe-58% Төмрийн баяжмал,USD,61.0,66.0,5.0,8.2,sold
730,2024-05-30 11:00,2024-05-30,Монголросцветмет ТӨҮГ,Mongolrostsvetmet (ex-Erdenes Critical Minerals),Монголросцветмет ТӨҮГ /Эрдэнэс критикал минералс ТӨҮГ/,Iron ore,Төмөр,Iron ore Fe 52%,Fe-52% Төмрийн хүдэр,USD,70.0,78.5,8.5,12.14,sold
729,2024-05-30 10:00,2024-05-30,Энержи Ресурс ХХК,Energy Resources,Энержи Ресурс ХХК,Coal,Нүүрс,Washed coking coal,Баяжуулсан коксжих нүүрс,CNY,1100.0,1220.0,120.0,10.91,sold
728,2024-05-29 15:00,2024-05-29,Дарханы Төмөрлөгийн Үйлдвэр ХХК,Дарханы Төмөрлөгийн Үйлдвэр ХХК,Дарханы Төмөрлөгийн Үйлдвэр ХХК,Iron ore,Төмөр,Fe-58% Төмрийн баяжмал,Fe-58% Төмрийн баяжмал,USD,61.0,61.0,0.0,0.0,sold
727,2024-05-29 14:00,2024-05-29,Энержи Ресурс ХХК,Energy Resources,Энержи Ресурс ХХК,Coal,Нүүрс,Washed medium-ash semi-hard coking coal,"Баяжуулсан дунд зэрэг үнстэй, хагас хатуу коксжих нүүрс",CNY,420.0,470.0,50.0,11.9,sold
726,2024-05-29 12:00,2024-05-29,Дарханы Төмөрлөгийн Үйлдвэр ХХК,Дарханы Төмөрлөгийн Үйлдвэр ХХК,Дарханы Төмөрлөгийн Үйлдвэр ХХК,Iron ore,Төмөр,Fe-58% Төмрийн баяжмал,Fe-58% Төмрийн баяжмал,USD,61.0,70.5,9.5,15.57,sold
725,2024-05-29 11:00,2024-05-29,Монголросцветмет ТӨҮГ,Mongolrostsvetmet (ex-Erdenes Critical Minerals),Монголросцветмет ТӨҮГ /Эрдэнэс критикал минералс ТӨҮГ/,Iron ore,Төмөр,Iron ore Fe 52%,Fe-52% Төмрийн хүдэр,USD,70.0,78.5,8.5,12.14,sold
724,2024-05-29 10:00,2024-05-29,Энержи Ресурс ХХК,Energy Resources,Энержи Ресурс ХХК,Coal,Нүүрс,Washed coking coal,Баяжуулсан коксжих нүүрс,CNY,1100.0,1230.0,130.0,11.82,sold
723,2024-05-28 16:00,2024-05-28,Эрдэнэт Үйлдвэр ТӨҮГ,Erdenet Mining Corporation,Эрдэнэт Үйлдвэр ТӨҮГ,Copper,Зэс,Copper concentrate (22.35% Cu),22.35%-ийн зэсийн агуулгатай баяжмал,USD,2267.43,2267.43,0.0,0.0,sold
722,2024-05-28 15:00,2024-05-28,Дарханы Төмөрлөгийн Үйлдвэр ХХК,Дарханы Төмөрлөгийн Үйлдвэр ХХК,Дарханы Төмөрлөгийн Үйлдвэр ХХК,Iron ore,Төмөр,Fe-58% Төмрийн баяжмал,Fe-58% Төмрийн баяжмал,USD,61.0,65.0,4.0,6.56,sold
721,2024-05-28 14:00,2024-05-28,Энержи Ресурс ХХК,Energy Resources,Энержи Ресурс ХХК,Coal,Нүүрс,Washed medium-ash semi-hard coking coal,"Баяжуулсан дунд зэрэг үнстэй, хагас хатуу коксжих нүүрс",CNY,420.0,470.0,50.0,11.9,sold
720,2024-05-28 13:00,2024-05-28,Эрдэнэс Тавантолгой ХК,Erdenes Tavan Tolgoi,Эрдэнэс Тавантолгой ХК,Coal,Нүүрс,"Thermal coal (bituminous, non-caking)","Эрчим хүчний нүүрс /Битумт, үл барьцалдах нүүрс/",USD,52.2,55.7,3.5,6.7,sold
719,2024-05-28 12:00,2024-05-28,Дарханы Төмөрлөгийн Үйлдвэр ХХК,Дарханы Төмөрлөгийн Үйлдвэр ХХК,Дарханы Төмөрлөгийн Үйлдвэр ХХК,Iron ore,Төмөр,Fe-58% Төмрийн баяжмал,Fe-58% Төмрийн баяжмал,USD,61.0,65.5,4.5,7.38,sold
718,2024-05-28 11:00,2024-05-28,Монголросцветмет ТӨҮГ,Mongolrostsvetmet (ex-Erdenes Critical Minerals),Монголросцветмет ТӨҮГ /Эрдэнэс критикал минералс ТӨҮГ/,Iron ore,Төмөр,Iron ore Fe 52%,Fe-52% Төмрийн хүдэр,USD,70.0,70.0,0.0,0.0,sold
717,2024-05-28 10:00,2024-05-28,Энержи Ресурс ХХК,Energy Resources,Энержи Ресурс ХХК,Coal,Нүүрс,Washed coking coal,Баяжуулсан коксжих нүүрс,CNY,1100.0,1210.0,110.0,10.0,sold
716,2024-05-27 15:00,2024-05-27,Дарханы Төмөрлөгийн Үйлдвэр ХХК,Дарханы Төмөрлөгийн Үйлдвэр ХХК,Дарханы Төмөрлөгийн Үйлдвэр ХХК,Iron ore,Төмөр,Fe-58% Төмрийн баяжмал,Fe-58% Төмрийн баяжмал,USD,61.0,71.5,10.5,17.21,sold
715,2024-05-27 14:00,2024-05-27,Энержи Ресурс ХХК,Energy Resources,Энержи Ресурс ХХК,Coal,Нүүрс,Washed medium-ash semi-hard coking coal,"Баяжуулсан дунд зэрэг үнстэй, хагас хатуу коксжих нүүрс",CNY,420.0,470.0,50.0,11.9,sold
714,2024-05-27 12:00,2024-05-27,Дарханы Төмөрлөгийн Үйлдвэр ХХК,Дарханы Төмөрлөгийн Үйлдвэр ХХК,Дарханы Төмөрлөгийн Үйлдвэр ХХК,Iron ore,Төмөр,Fe-58% Төмрийн баяжмал,Fe-58% Төмрийн баяжмал,USD,61.0,73.0,12.0,19.67,sold
713,2024-05-27 11:00,2024-05-27,Монголросцветмет ТӨҮГ,Mongolrostsvetmet (ex-Erdenes Critical Minerals),Монголросцветмет ТӨҮГ /Эрдэнэс критикал минералс ТӨҮГ/,Iron ore,Төмөр,Iron ore Fe 52%,Fe-52% Төмрийн хүдэр,USD,70.0,79.0,9.0,12.86,sold
712,2024-05-27 10:00,2024-05-27,Энержи Ресурс ХХК,Energy Resources,Энержи Ресурс ХХК,Coal,Нүүрс,Washed coking coal,Баяжуулсан коксжих нүүрс,CNY,1100.0,1210.0,110.0,10.0,sold
711,2024-05-24 16:00,2024-05-24,Эрдэнэс Тавантолгой ХК,Erdenes Tavan Tolgoi,Эрдэнэс Тавантолгой ХК,Coal,Нүүрс,1/3 coking coal,1/3 коксжих нүүрс,USD,90.4,112.9,22.5,24.89,sold
710,2024-05-24 15:00,2024-05-24,Энержи Ресурс ХХК,Energy Resources,Энержи Ресурс ХХК,Coal,Нүүрс,Washed medium-ash semi-hard coking coal,"Баяжуулсан дунд зэрэг үнстэй, хагас хатуу коксжих нүүрс",CNY,420.0,470.0,50.0,11.9,sold
709,2024-05-24 14:00,2024-05-24,Энержи Ресурс ХХК,Energy Resources,Энержи Ресурс ХХК,Coal,Нүүрс,Washed medium-ash semi-hard coking coal,"Баяжуулсан дунд зэрэг үнстэй, хагас хатуу коксжих нүүрс",CNY,420.0,470.0,50.0,11.9,sold
708,2024-05-24 12:00,2024-05-24,Дарханы Төмөрлөгийн Үйлдвэр ХХК,Дарханы Төмөрлөгийн Үйлдвэр ХХК,Дарханы Төмөрлөгийн Үйлдвэр ХХК,Iron ore,Төмөр,Fe-58% Төмрийн баяжмал,Fe-58% Төмрийн баяжмал,USD,61.0,77.5,16.5,27.05,sold
707,2024-05-24 11:00,2024-05-24,Монголросцветмет ТӨҮГ,Mongolrostsvetmet (ex-Erdenes Critical Minerals),Монголросцветмет ТӨҮГ /Эрдэнэс критикал минералс ТӨҮГ/,Iron ore,Төмөр,Iron ore Fe 52%,Fe-52% Төмрийн хүдэр,USD,67.0,79.0,12.0,17.91,sold
706,2024-05-24 10:00,2024-05-24,Энержи Ресурс ХХК,Energy Resources,Энержи Ресурс ХХК,Coal,Нүүрс,Washed coking coal,Баяжуулсан коксжих нүүрс,CNY,1100.0,1230.0,130.0,11.82,sold
705,2024-05-22 16:00,2024-05-22,Дарханы Төмөрлөгийн Үйлдвэр ХХК,Дарханы Төмөрлөгийн Үйлдвэр ХХК,Дарханы Төмөрлөгийн Үйлдвэр ХХК,Iron ore,Төмөр,Iron ore Fe 52%,Fe-52% Төмрийн хүдэр,USD,56.0,68.5,12.5,22.32,sold
704,2024-05-22 15:00,2024-05-22,Энержи Ресурс ХХК,Energy Resources,Энержи Ресурс ХХК,Coal,Нүүрс,Washed coking coal,Баяжуулсан коксжих нүүрс,CNY,1100.0,1180.0,80.0,7.27,sold
703,2024-05-22 14:00,2024-05-22,Энержи Ресурс ХХК,Energy Resources,Энержи Ресурс ХХК,Coal,Нүүрс,Washed medium-ash semi-hard coking coal,"Баяжуулсан дунд зэрэг үнстэй, хагас хатуу коксжих нүүрс",CNY,420.0,450.0,30.0,7.14,sold
702,2024-05-22 13:00,2024-05-22,Тавантолгой ХК,Tavan Tolgoi JSC,Тавантолгой ХК,Coal,Нүүрс,Medium-volatile coking coal,"Дэгдэмхий бодис дунд, коксжих нүүрс",USD,145.0,145.5,0.5,0.34,sold
701,2024-05-22 12:00,2024-05-22,Дарханы Төмөрлөгийн Үйлдвэр ХХК,Дарханы Төмөрлөгийн Үйлдвэр ХХК,Дарханы Төмөрлөгийн Үйлдвэр ХХК,Iron ore,Төмөр,Fe-58% Төмрийн баяжмал,Fe-58% Төмрийн баяжмал,USD,61.0,75.5,14.5,23.77,sold
700,2024-05-22 11:00,2024-05-22,Монголросцветмет ТӨҮГ,Mongolrostsvetmet (ex-Erdenes Critical Minerals),Монголросцветмет ТӨҮГ /Эрдэнэс критикал минералс ТӨҮГ/,Iron ore,Төмөр,Iron ore Fe 52%,Fe-52% Төмрийн хүдэр,USD,67.0,77.5,10.5,15.67,sold
699,2024-05-22 10:00,2024-05-22,Энержи Ресурс ХХК,Energy Resources,Энержи Ресурс ХХК,Coal,Нүүрс,Washed coking coal,Баяжуулсан коксжих нүүрс,CNY,1100.0,1170.0,70.0,6.36,sold
698,2024-05-21 16:00,2024-05-21,Дарханы Төмөрлөгийн Үйлдвэр ХХК,Дарханы Төмөрлөгийн Үйлдвэр ХХК,Дарханы Төмөрлөгийн Үйлдвэр ХХК,Iron ore,Төмөр,Fe-58% Төмрийн баяжмал,Fe-58% Төмрийн баяжмал,USD,61.0,71.0,10.0,16.39,sold
697,2024-05-21 15:00,2024-05-21,Дарханы Төмөрлөгийн Үйлдвэр ХХК,Дарханы Төмөрлөгийн Үйлдвэр ХХК,Дарханы Төмөрлөгийн Үйлдвэр ХХК,Iron ore,Төмөр,Iron ore Fe 52%,Fe-52% Төмрийн хүдэр,USD,56.0,56.0,0.0,0.0,sold
696,2024-05-21 14:00,2024-05-21,Энержи Ресурс ХХК,Energy Resources,Энержи Ресурс ХХК,Coal,Нүүрс,Washed medium-ash semi-hard coking coal,"Баяжуулсан дунд зэрэг үнстэй, хагас хатуу коксжих нүүрс",CNY,420.0,450.0,30.0,7.14,sold
695,2024-05-21 12:00,2024-05-21,Дарханы Төмөрлөгийн Үйлдвэр ХХК,Дарханы Төмөрлөгийн Үйлдвэр ХХК,Дарханы Төмөрлөгийн Үйлдвэр ХХК,Iron ore,Төмөр,Fe-58% Төмрийн баяжмал,Fe-58% Төмрийн баяжмал,USD,61.0,62.0,1.0,1.64,sold
694,2024-05-21 11:00,2024-05-21,Монголросцветмет ТӨҮГ,Mongolrostsvetmet (ex-Erdenes Critical Minerals),Монголросцветмет ТӨҮГ /Эрдэнэс критикал минералс ТӨҮГ/,Iron ore,Төмөр,Iron ore Fe 52%,Fe-52% Төмрийн хүдэр,USD,67.0,76.0,9.0,13.43,sold
693,2024-05-21 10:00,2024-05-21,Энержи Ресурс ХХК,Energy Resources,Энержи Ресурс ХХК,Coal,Нүүрс,Washed coking coal,Баяжуулсан коксжих нүүрс,CNY,1100.0,1160.0,60.0,5.45,sold
692,2024-05-20 14:00,2024-05-20,Энержи Ресурс ХХК,Energy Resources,Энержи Ресурс ХХК,Coal,Нүүрс,Washed medium-ash semi-hard coking coal,"Баяжуулсан дунд зэрэг үнстэй, хагас хатуу коксжих нүүрс",CNY,420.0,450.0,30.0,7.14,sold
691,2024-05-20 11:00,2024-05-20,Монголросцветмет ТӨҮГ,Mongolrostsvetmet (ex-Erdenes Critical Minerals),Монголросцветмет ТӨҮГ /Эрдэнэс критикал минералс ТӨҮГ/,Iron ore,Төмөр,Iron ore Fe 52%,Fe-52% Төмрийн хүдэр,USD,67.0,77.0,10.0,14.93,sold
690,2024-05-20 10:00,2024-05-20,Энержи Ресурс ХХК,Energy Resources,Энержи Ресурс ХХК,Coal,Нүүрс,Washed coking coal,Баяжуулсан коксжих нүүрс,CNY,1100.0,1170.0,70.0,6.36,sold
689,2024-05-17 16:00,2024-05-17,Эрдэнэс Тавантолгой ХК,Erdenes Tavan Tolgoi,Эрдэнэс Тавантолгой ХК,Coal,Нүүрс,"Thermal coal (bituminous, non-caking)","Эрчим хүчний нүүрс /Битумт, үл барьцалдах нүүрс/",USD,52.2,52.2,0.0,0.0,sold
688,2024-05-17 15:00,2024-05-17,Дарханы Төмөрлөгийн Үйлдвэр ХХК,Дарханы Төмөрлөгийн Үйлдвэр ХХК,Дарханы Төмөрлөгийн Үйлдвэр ХХК,Iron ore,Төмөр,Fe-58% Төмрийн баяжмал,Fe-58% Төмрийн баяжмал,USD,,,,,no_bid
687,2024-05-17 14:00,2024-05-17,Энержи Ресурс ХХК,Energy Resources,Энержи Ресурс ХХК,Coal,Нүүрс,Washed medium-ash semi-hard coking coal,"Баяжуулсан дунд зэрэг үнстэй, хагас хатуу коксжих нүүрс",CNY,420.0,440.0,20.0,4.76,sold
686,2024-05-17 12:00,2024-05-17,Дарханы Төмөрлөгийн Үйлдвэр ХХК,Дарханы Төмөрлөгийн Үйлдвэр ХХК,Дарханы Төмөрлөгийн Үйлдвэр ХХК,Iron ore,Төмөр,Fe-58% Төмрийн баяжмал,Fe-58% Төмрийн баяжмал,USD,,,,,no_bid
685,2024-05-17 11:00,2024-05-17,Монголросцветмет ТӨҮГ,Mongolrostsvetmet (ex-Erdenes Critical Minerals),Монголросцветмет ТӨҮГ /Эрдэнэс критикал минералс ТӨҮГ/,Iron ore,Төмөр,Iron concentrate Fe 65%,Fe-65% Төмрийн баяжмал,USD,,,,,no_bid
684,2024-05-17 10:00,2024-05-17,Энержи Ресурс ХХК,Energy Resources,Энержи Ресурс ХХК,Coal,Нүүрс,Washed coking coal,Баяжуулсан коксжих нүүрс,CNY,1100.0,1120.0,20.0,1.82,sold
683,2024-05-16 15:00,2024-05-16,Дарханы Төмөрлөгийн Үйлдвэр ХХК,Дарханы Төмөрлөгийн Үйлдвэр ХХК,Дарханы Төмөрлөгийн Үйлдвэр ХХК,Iron ore,Төмөр,Fe-58% Төмрийн баяжмал,Fe-58% Төмрийн баяжмал,USD,,,,,no_bid
682,2024-05-16 14:00,2024-05-16,Энержи Ресурс ХХК,Energy Resources,Энержи Ресурс ХХК,Coal,Нүүрс,Washed medium-ash semi-hard coking coal,"Баяжуулсан дунд зэрэг үнстэй, хагас хатуу коксжих нүүрс",CNY,420.0,430.0,10.0,2.38,sold
681,2024-05-16 12:00,2024-05-16,Дарханы Төмөрлөгийн Үйлдвэр ХХК,Дарханы Төмөрлөгийн Үйлдвэр ХХК,Дарханы Төмөрлөгийн Үйлдвэр ХХК,Iron ore,Төмөр,Fe-58% Төмрийн баяжмал,Fe-58% Төмрийн баяжмал,USD,,,,,no_bid
680,2024-05-16 11:00,2024-05-16,Монголросцветмет ТӨҮГ,Mongolrostsvetmet (ex-Erdenes Critical Minerals),Монголросцветмет ТӨҮГ /Эрдэнэс критикал минералс ТӨҮГ/,Iron ore,Төмөр,Iron concentrate Fe 65%,Fe-65% Төмрийн баяжмал,USD,,,,,no_bid
679,2024-05-16 10:00,2024-05-16,Энержи Ресурс ХХК,Energy Resources,Энержи Ресурс ХХК,Coal,Нүүрс,Washed coking coal,Баяжуулсан коксжих нүүрс,CNY,1100.0,1130.0,30.0,2.73,sold
678,2024-05-15 16:00,2024-05-15,Монголросцветмет ТӨҮГ,Mongolrostsvetmet (ex-Erdenes Critical Minerals),Монголросцветмет ТӨҮГ /Эрдэнэс критикал минералс ТӨҮГ/,Iron ore,Төмөр,Iron concentrate Fe 65%,Fe-65% Төмрийн баяжмал,USD,,,,,no_bid
677,2024-05-15 15:00,2024-05-15,Дарханы Төмөрлөгийн Үйлдвэр ХХК,Дарханы Төмөрлөгийн Үйлдвэр ХХК,Дарханы Төмөрлөгийн Үйлдвэр ХХК,Iron ore,Төмөр,Fe-58% Төмрийн баяжмал,Fe-58% Төмрийн баяжмал,USD,,,,,no_bid
676,2024-05-15 14:00,2024-05-15,Энержи Ресурс ХХК,Energy Resources,Энержи Ресурс ХХК,Coal,Нүүрс,Washed medium-ash semi-hard coking coal,"Баяжуулсан дунд зэрэг үнстэй, хагас хатуу коксжих нүүрс",CNY,420.0,440.0,20.0,4.76,sold
675,2024-05-15 12:00,2024-05-15,Дарханы Төмөрлөгийн Үйлдвэр ХХК,Дарханы Төмөрлөгийн Үйлдвэр ХХК,Дарханы Төмөрлөгийн Үйлдвэр ХХК,Iron ore,Төмөр,Fe-58% Төмрийн баяжмал,Fe-58% Төмрийн баяжмал,USD,63.0,63.0,0.0,0.0,sold
674,2024-05-15 11:00,2024-05-15,Монголын Алт (МАК) ХХК,Монголын Алт (МАК) ХХК,Монголын Алт (МАК) ХХК,Coal,Нүүрс,1/3 coking coal,1/3 коксжих нүүрс,CNY,785.0,785.0,0.0,0.0,sold
673,2024-05-15 10:00,2024-05-15,Энержи Ресурс ХХК,Energy Resources,Энержи Ресурс ХХК,Coal,Нүүрс,Washed coking coal,Баяжуулсан коксжих нүүрс,CNY,1100.0,1160.0,60.0,5.45,sold
672,2024-05-14 16:00,2024-05-14,Тавантолгой ХК,Tavan Tolgoi JSC,Тавантолгой ХК,Coal,Нүүрс,Medium-volatile coking coal,"Дэгдэмхий бодис дунд, коксжих нүүрс",USD,145.0,158.0,13.0,8.97,sold
671,2024-05-14 15:00,2024-05-14,Дарханы Төмөрлөгийн Үйлдвэр ХХК,Дарханы Төмөрлөгийн Үйлдвэр ХХК,Дарханы Төмөрлөгийн Үйлдвэр ХХК,Iron ore,Төмөр,Fe-58% Төмрийн баяжмал,Fe-58% Төмрийн баяжмал,USD,,,,,no_bid
670,2024-05-14 14:00,2024-05-14,Энержи Ресурс ХХК,Energy Resources,Энержи Ресурс ХХК,Coal,Нүүрс,Washed medium-ash semi-hard coking coal,"Баяжуулсан дунд зэрэг үнстэй, хагас хатуу коксжих нүүрс",CNY,420.0,430.0,10.0,2.38,sold
669,2024-05-14 12:00,2024-05-14,Дарханы Төмөрлөгийн Үйлдвэр ХХК,Дарханы Төмөрлөгийн Үйлдвэр ХХК,Дарханы Төмөрлөгийн Үйлдвэр ХХК,Iron ore,Төмөр,Fe-58% Төмрийн баяжмал,Fe-58% Төмрийн баяжмал,USD,63.0,63.0,0.0,0.0,sold
668,2024-05-14 11:00,2024-05-14,Монголросцветмет ТӨҮГ,Mongolrostsvetmet (ex-Erdenes Critical Minerals),Монголросцветмет ТӨҮГ /Эрдэнэс критикал минералс ТӨҮГ/,Iron ore,Төмөр,Iron concentrate Fe 65%,Fe-65% Төмрийн баяжмал,USD,,,,,no_bid
667,2024-05-14 10:00,2024-05-14,Энержи Ресурс ХХК,Energy Resources,Энержи Ресурс ХХК,Coal,Нүүрс,Washed coking coal,Баяжуулсан коксжих нүүрс,CNY,1100.0,1160.0,60.0,5.45,sold
666,2024-05-13 15:00,2024-05-13,Дарханы Төмөрлөгийн Үйлдвэр ХХК,Дарханы Төмөрлөгийн Үйлдвэр ХХК,Дарханы Төмөрлөгийн Үйлдвэр ХХК,Iron ore,Төмөр,Fe-58% Төмрийн баяжмал,Fe-58% Төмрийн баяжмал,USD,,,,,no_bid
665,2024-05-13 14:00,2024-05-13,Энержи Ресурс ХХК,Energy Resources,Энержи Ресурс ХХК,Coal,Нүүрс,Washed medium-ash semi-hard coking coal,"Баяжуулсан дунд зэрэг үнстэй, хагас хатуу коксжих нүүрс",CNY,420.0,440.0,20.0,4.76,sold
664,2024-05-13 12:00,2024-05-13,Дарханы Төмөрлөгийн Үйлдвэр ХХК,Дарханы Төмөрлөгийн Үйлдвэр ХХК,Дарханы Төмөрлөгийн Үйлдвэр ХХК,Iron ore,Төмөр,Fe-58% Төмрийн баяжмал,Fe-58% Төмрийн баяжмал,USD,63.0,64.5,1.5,2.38,sold
663,2024-05-13 11:00,2024-05-13,Монголросцветмет ТӨҮГ,Mongolrostsvetmet (ex-Erdenes Critical Minerals),Монголросцветмет ТӨҮГ /Эрдэнэс критикал минералс ТӨҮГ/,Iron ore,Төмөр,Iron concentrate Fe 65%,Fe-65% Төмрийн баяжмал,USD,,,,,no_bid
662,2024-05-13 10:00,2024-05-13,Хангад Эксплорэйшн ХХК,Khangad Exploration,Хангад Эксплорэйшн ХХК,Coal,Нүүрс,Washed semi-soft coking coal,Баяжуулсан сул коксжих нүүрс,CNY,850.0,990.0,140.0,16.47,sold
661,2024-05-10 16:00,2024-05-10,Дарханы Төмөрлөгийн Үйлдвэр ХХК,Дарханы Төмөрлөгийн Үйлдвэр ХХК,Дарханы Төмөрлөгийн Үйлдвэр ХХК,Iron ore,Төмөр,Fe-58% Төмрийн баяжмал,Fe-58% Төмрийн баяжмал,USD,61.0,61.0,0.0,0.0,sold
660,2024-05-10 14:00,2024-05-10,Энержи Ресурс ХХК,Energy Resources,Энержи Ресурс ХХК,Coal,Нүүрс,Washed medium-ash semi-hard coking coal,"Баяжуулсан дунд зэрэг үнстэй, хагас хатуу коксжих нүүрс",CNY,420.0,440.0,20.0,4.76,sold
659,2024-05-10 12:00,2024-05-10,Эрдэнэс Тавантолгой ХК,Erdenes Tavan Tolgoi,Эрдэнэс Тавантолгой ХК,Coal,Нүүрс,"Thermal coal (bituminous, non-caking)","Эрчим хүчний нүүрс /Битумт, үл барьцалдах нүүрс/",USD,52.0,55.0,3.0,5.77,sold
658,2024-05-10 11:00,2024-05-10,Монголросцветмет ТӨҮГ,Mongolrostsvetmet (ex-Erdenes Critical Minerals),Монголросцветмет ТӨҮГ /Эрдэнэс критикал минералс ТӨҮГ/,Iron ore,Төмөр,Iron concentrate Fe 65%,Fe-65% Төмрийн баяжмал,USD,,,,,no_bid
657,2024-05-10 10:00,2024-05-10,Энержи Ресурс ХХК,Energy Resources,Энержи Ресурс ХХК,Coal,Нүүрс,Washed coking coal,Баяжуулсан коксжих нүүрс,CNY,1100.0,1200.0,100.0,9.09,sold
656,2024-05-09 16:00,2024-05-09,Дарханы Төмөрлөгийн Үйлдвэр ХХК,Дарханы Төмөрлөгийн Үйлдвэр ХХК,Дарханы Төмөрлөгийн Үйлдвэр ХХК,Iron ore,Төмөр,Fe-58% Төмрийн баяжмал,Fe-58% Төмрийн баяжмал,USD,,,,,no_bid
655,2024-05-09 14:00,2024-05-09,Энержи Ресурс ХХК,Energy Resources,Энержи Ресурс ХХК,Coal,Нүүрс,Washed medium-ash semi-hard coking coal,"Баяжуулсан дунд зэрэг үнстэй, хагас хатуу коксжих нүүрс",CNY,420.0,440.0,20.0,4.76,sold
654,2024-05-09 11:00,2024-05-09,Монголросцветмет ТӨҮГ,Mongolrostsvetmet (ex-Erdenes Critical Minerals),Монголросцветмет ТӨҮГ /Эрдэнэс критикал минералс ТӨҮГ/,Iron ore,Төмөр,Iron concentrate Fe 65%,Fe-65% Төмрийн баяжмал,USD,90.0,90.0,0.0,0.0,sold
653,2024-05-09 10:00,2024-05-09,Энержи Ресурс ХХК,Energy Resources,Энержи Ресурс ХХК,Coal,Нүүрс,Washed coking coal,Баяжуулсан коксжих нүүрс,CNY,1100.0,1230.0,130.0,11.82,sold
652,2024-05-08 16:00,2024-05-08,Дарханы Төмөрлөгийн Үйлдвэр ХХК,Дарханы Төмөрлөгийн Үйлдвэр ХХК,Дарханы Төмөрлөгийн Үйлдвэр ХХК,Iron ore,Төмөр,Fe-58% Төмрийн баяжмал,Fe-58% Төмрийн баяжмал,USD,,,,,no_bid
651,2024-05-08 15:00,2024-05-08,Дарханы Төмөрлөгийн Үйлдвэр ХХК,Дарханы Төмөрлөгийн Үйлдвэр ХХК,Дарханы Төмөрлөгийн Үйлдвэр ХХК,Iron ore,Төмөр,Fe-58% Төмрийн баяжмал,Fe-58% Төмрийн баяжмал,USD,61.0,61.0,0.0,0.0,sold
650,2024-05-08 14:00,2024-05-08,Энержи Ресурс ХХК,Energy Resources,Энержи Ресурс ХХК,Coal,Нүүрс,Washed medium-ash semi-hard coking coal,"Баяжуулсан дунд зэрэг үнстэй, хагас хатуу коксжих нүүрс",CNY,420.0,440.0,20.0,4.76,sold
649,2024-05-08 12:00,2024-05-08,Тавантолгой ХК,Tavan Tolgoi JSC,Тавантолгой ХК,Coal,Нүүрс,Medium-volatile coking coal,"Дэгдэмхий бодис дунд, коксжих нүүрс",USD,145.0,152.0,7.0,4.83,sold
648,2024-05-08 11:00,2024-05-08,Монголросцветмет ТӨҮГ,Mongolrostsvetmet (ex-Erdenes Critical Minerals),Монголросцветмет ТӨҮГ /Эрдэнэс критикал минералс ТӨҮГ/,Iron ore,Төмөр,Iron concentrate Fe 65%,Fe-65% Төмрийн баяжмал,USD,,,,,no_bid
647,2024-05-08 10:00,2024-05-08,Энержи Ресурс ХХК,Energy Resources,Энержи Ресурс ХХК,Coal,Нүүрс,Washed coking coal,Баяжуулсан коксжих нүүрс,CNY,1100.0,1230.0,130.0,11.82,sold
646,2024-05-07 16:00,2024-05-07,Дарханы Төмөрлөгийн Үйлдвэр ХХК,Дарханы Төмөрлөгийн Үйлдвэр ХХК,Дарханы Төмөрлөгийн Үйлдвэр ХХК,Iron ore,Төмөр,Fe-58% Төмрийн баяжмал,Fe-58% Төмрийн баяжмал,USD,,,,,no_bid
645,2024-05-07 15:00,2024-05-07,Дарханы Төмөрлөгийн Үйлдвэр ХХК,Дарханы Төмөрлөгийн Үйлдвэр ХХК,Дарханы Төмөрлөгийн Үйлдвэр ХХК,Iron ore,Төмөр,Fe-58% Төмрийн баяжмал,Fe-58% Төмрийн баяжмал,USD,,,,,no_bid
644,2024-05-07 14:00,2024-05-07,Энержи Ресурс ХХК,Energy Resources,Энержи Ресурс ХХК,Coal,Нүүрс,Washed medium-ash semi-hard coking coal,"Баяжуулсан дунд зэрэг үнстэй, хагас хатуу коксжих нүүрс",CNY,420.0,440.0,20.0,4.76,sold
643,2024-05-07 11:00,2024-05-07,Монголросцветмет ТӨҮГ,Mongolrostsvetmet (ex-Erdenes Critical Minerals),Монголросцветмет ТӨҮГ /Эрдэнэс критикал минералс ТӨҮГ/,Iron ore,Төмөр,Iron concentrate Fe 65%,Fe-65% Төмрийн баяжмал,USD,,,,,no_bid
642,2024-05-07 10:00,2024-05-07,Энержи Ресурс ХХК,Energy Resources,Энержи Ресурс ХХК,Coal,Нүүрс,Washed coking coal,Баяжуулсан коксжих нүүрс,CNY,1100.0,1240.0,140.0,12.73,sold
641,2024-05-06 16:00,2024-05-06,Дарханы Төмөрлөгийн Үйлдвэр ХХК,Дарханы Төмөрлөгийн Үйлдвэр ХХК,Дарханы Төмөрлөгийн Үйлдвэр ХХК,Iron ore,Төмөр,Fe-58% Төмрийн баяжмал,Fe-58% Төмрийн баяжмал,USD,,,,,no_bid
640,2024-05-06 15:00,2024-05-06,Дарханы Төмөрлөгийн Үйлдвэр ХХК,Дарханы Төмөрлөгийн Үйлдвэр ХХК,Дарханы Төмөрлөгийн Үйлдвэр ХХК,Iron ore,Төмөр,Fe-58% Төмрийн баяжмал,Fe-58% Төмрийн баяжмал,USD,,,,,no_bid
639,2024-05-06 14:00,2024-05-06,Энержи Ресурс ХХК,Energy Resources,Энержи Ресурс ХХК,Coal,Нүүрс,Washed medium-ash semi-hard coking coal,"Баяжуулсан дунд зэрэг үнстэй, хагас хатуу коксжих нүүрс",CNY,420.0,430.0,10.0,2.38,sold
638,2024-05-06 11:00,2024-05-06,Монголросцветмет ТӨҮГ,Mongolrostsvetmet (ex-Erdenes Critical Minerals),Монголросцветмет ТӨҮГ /Эрдэнэс критикал минералс ТӨҮГ/,Iron ore,Төмөр,Iron concentrate Fe 65%,Fe-65% Төмрийн баяжмал,USD,90.0,90.0,0.0,0.0,sold
637,2024-05-06 10:00,2024-05-06,Энержи Ресурс ХХК,Energy Resources,Энержи Ресурс ХХК,Coal,Нүүрс,Washed coking coal,Баяжуулсан коксжих нүүрс,CNY,1100.0,1180.0,80.0,7.27,sold
636,2024-05-03 16:00,2024-05-03,Эрдэнэс Тавантолгой ХК,Erdenes Tavan Tolgoi,Эрдэнэс Тавантолгой ХК,Coal,Нүүрс,1/3 coking coal,1/3 коксжих нүүрс,USD,90.6,123.6,33.0,36.42,sold
635,2024-05-03 15:00,2024-05-03,Энержи Ресурс ХХК,Energy Resources,Энержи Ресурс ХХК,Coal,Нүүрс,Washed medium-ash semi-hard coking coal,"Баяжуулсан дунд зэрэг үнстэй, хагас хатуу коксжих нүүрс",CNY,420.0,440.0,20.0,4.76,sold
634,2024-05-03 14:00,2024-05-03,Дарханы Төмөрлөгийн Үйлдвэр ХХК,Дарханы Төмөрлөгийн Үйлдвэр ХХК,Дарханы Төмөрлөгийн Үйлдвэр ХХК,Iron ore,Төмөр,Fe-58% Төмрийн баяжмал,Fe-58% Төмрийн баяжмал,USD,,,,,no_bid
633,2024-05-03 12:00,2024-05-03,Монголросцветмет ТӨҮГ,Mongolrostsvetmet (ex-Erdenes Critical Minerals),Монголросцветмет ТӨҮГ /Эрдэнэс критикал минералс ТӨҮГ/,Iron ore,Төмөр,Iron concentrate Fe 65%,Fe-65% Төмрийн баяжмал,USD,90.0,90.0,0.0,0.0,sold
632,2024-05-03 10:00,2024-05-03,Энержи Ресурс ХХК,Energy Resources,Энержи Ресурс ХХК,Coal,Нүүрс,Washed coking coal,Баяжуулсан коксжих нүүрс,CNY,1100.0,1180.0,80.0,7.27,sold
631,2024-05-02 15:00,2024-05-02,Энержи Ресурс ХХК,Energy Resources,Энержи Ресурс ХХК,Coal,Нүүрс,Washed medium-ash semi-hard coking coal,"Баяжуулсан дунд зэрэг үнстэй, хагас хатуу коксжих нүүрс",CNY,420.0,440.0,20.0,4.76,sold
630,2024-05-02 14:00,2024-05-02,Дарханы Төмөрлөгийн Үйлдвэр ХХК,Дарханы Төмөрлөгийн Үйлдвэр ХХК,Дарханы Төмөрлөгийн Үйлдвэр ХХК,Iron ore,Төмөр,Fe-58% Төмрийн баяжмал,Fe-58% Төмрийн баяжмал,USD,61.0,61.0,0.0,0.0,sold
629,2024-05-02 12:00,2024-05-02,Монголросцветмет ТӨҮГ,Mongolrostsvetmet (ex-Erdenes Critical Minerals),Монголросцветмет ТӨҮГ /Эрдэнэс критикал минералс ТӨҮГ/,Iron ore,Төмөр,Iron concentrate Fe 65%,Fe-65% Төмрийн баяжмал,USD,90.0,90.0,0.0,0.0,sold
628,2024-05-02 10:00,2024-05-02,Энержи Ресурс ХХК,Energy Resources,Энержи Ресурс ХХК,Coal,Нүүрс,Washed coking coal,Баяжуулсан коксжих нүүрс,CNY,1100.0,1150.0,50.0,4.55,sold
627,2024-05-01 15:00,2024-05-01,Энержи Ресурс ХХК,Energy Resources,Энержи Ресурс ХХК,Coal,Нүүрс,Washed medium-ash semi-hard coking coal,"Баяжуулсан дунд зэрэг үнстэй, хагас хатуу коксжих нүүрс",CNY,420.0,430.0,10.0,2.38,sold
626,2024-05-01 14:00,2024-05-01,Дарханы Төмөрлөгийн Үйлдвэр ХХК,Дарханы Төмөрлөгийн Үйлдвэр ХХК,Дарханы Төмөрлөгийн Үйлдвэр ХХК,Iron ore,Төмөр,Fe-58% Төмрийн баяжмал,Fe-58% Төмрийн баяжмал,USD,,,,,no_bid
625,2024-05-01 12:00,2024-05-01,Монголросцветмет ТӨҮГ,Mongolrostsvetmet (ex-Erdenes Critical Minerals),Монголросцветмет ТӨҮГ /Эрдэнэс критикал минералс ТӨҮГ/,Iron ore,Төмөр,Iron concentrate Fe 65%,Fe-65% Төмрийн баяжмал,USD,90.0,90.0,0.0,0.0,sold
624,2024-05-01 10:00,2024-05-01,Энержи Ресурс ХХК,Energy Resources,Энержи Ресурс ХХК,Coal,Нүүрс,Washed coking coal,Баяжуулсан коксжих нүүрс,CNY,1100.0,1200.0,100.0,9.09,sold
623,2024-04-30 16:00,2024-04-30,Дарханы Төмөрлөгийн Үйлдвэр ХХК,Дарханы Төмөрлөгийн Үйлдвэр ХХК,Дарханы Төмөрлөгийн Үйлдвэр ХХК,Iron ore,Төмөр,Fe-58% Төмрийн баяжмал,Fe-58% Төмрийн баяжмал,USD,61.0,61.0,0.0,0.0,sold
622,2024-04-30 14:00,2024-04-30,Энержи Ресурс ХХК,Energy Resources,Энержи Ресурс ХХК,Coal,Нүүрс,Washed medium-ash semi-hard coking coal,"Баяжуулсан дунд зэрэг үнстэй, хагас хатуу коксжих нүүрс",CNY,420.0,440.0,20.0,4.76,sold
621,2024-04-30 12:00,2024-04-30,Монголросцветмет ТӨҮГ,Mongolrostsvetmet (ex-Erdenes Critical Minerals),Монголросцветмет ТӨҮГ /Эрдэнэс критикал минералс ТӨҮГ/,Iron ore,Төмөр,Iron concentrate Fe 65%,Fe-65% Төмрийн баяжмал,USD,,,,,no_bid
620,2024-04-30 10:00,2024-04-30,Энержи Ресурс ХХК,Energy Resources,Энержи Ресурс ХХК,Coal,Нүүрс,Washed coking coal,Баяжуулсан коксжих нүүрс,CNY,1100.0,1200.0,100.0,9.09,sold
619,2024-04-29 16:00,2024-04-29,Эрдэнэт Үйлдвэр ТӨҮГ,Erdenet Mining Corporation,Эрдэнэт Үйлдвэр ТӨҮГ,Copper,Зэс,Copper concentrate (22.35% Cu),22.35%-ийн зэсийн агуулгатай баяжмал,USD,2141.83,2141.83,0.0,0.0,sold
618,2024-04-29 14:00,2024-04-29,Энержи Ресурс ХХК,Energy Resources,Энержи Ресурс ХХК,Coal,Нүүрс,Washed medium-ash semi-hard coking coal,"Баяжуулсан дунд зэрэг үнстэй, хагас хатуу коксжих нүүрс",CNY,420.0,460.0,40.0,9.52,sold
617,2024-04-29 12:00,2024-04-29,Монголросцветмет ТӨҮГ,Mongolrostsvetmet (ex-Erdenes Critical Minerals),Монголросцветмет ТӨҮГ /Эрдэнэс критикал минералс ТӨҮГ/,Iron ore,Төмөр,Iron concentrate Fe 65%,Fe-65% Төмрийн баяжмал,USD,,,,,no_bid
616,2024-04-29 10:00,2024-04-29,Энержи Ресурс ХХК,Energy Resources,Энержи Ресурс ХХК,Coal,Нүүрс,Washed coking coal,Баяжуулсан коксжих нүүрс,CNY,1100.0,1210.0,110.0,10.0,sold
615,2024-04-26 16:00,2024-04-26,Эрдэнэс Тавантолгой ХК,Erdenes Tavan Tolgoi,Эрдэнэс Тавантолгой ХК,Coal,Нүүрс,Medium-volatile coking coal,"Дэгдэмхий бодис дунд, коксжих нүүрс",USD,135.4,163.9,28.5,21.05,sold
614,2024-04-26 14:00,2024-04-26,Энержи Ресурс ХХК,Energy Resources,Энержи Ресурс ХХК,Coal,Нүүрс,Washed medium-ash semi-hard coking coal,"Баяжуулсан дунд зэрэг үнстэй, хагас хатуу коксжих нүүрс",CNY,420.0,450.0,30.0,7.14,sold
613,2024-04-26 12:00,2024-04-26,Монголросцветмет ТӨҮГ,Mongolrostsvetmet (ex-Erdenes Critical Minerals),Монголросцветмет ТӨҮГ /Эрдэнэс критикал минералс ТӨҮГ/,Iron ore,Төмөр,Iron ore Fe 52%,Fe-52% Төмрийн хүдэр,USD,63.0,73.0,10.0,15.87,sold
612,2024-04-26 10:00,2024-04-26,Энержи Ресурс ХХК,Energy Resources,Энержи Ресурс ХХК,Coal,Нүүрс,Washed coking coal,Баяжуулсан коксжих нүүрс,CNY,1100.0,1260.0,160.0,14.55,sold
611,2024-04-25 16:00,2024-04-25,Эрдэнэс Тавантолгой ХК,Erdenes Tavan Tolgoi,Эрдэнэс Тавантолгой ХК,Coal,Нүүрс,Medium-volatile coking coal,"Дэгдэмхий бодис дунд, коксжих нүүрс",USD,135.4,160.9,25.5,18.83,sold
610,2024-04-25 14:00,2024-04-25,Энержи Ресурс ХХК,Energy Resources,Энержи Ресурс ХХК,Coal,Нүүрс,Washed medium-ash semi-hard coking coal,"Баяжуулсан дунд зэрэг үнстэй, хагас хатуу коксжих нүүрс",CNY,420.0,440.0,20.0,4.76,sold
609,2024-04-25 12:00,2024-04-25,Монголросцветмет ТӨҮГ,Mongolrostsvetmet (ex-Erdenes Critical Minerals),Монголросцветмет ТӨҮГ /Эрдэнэс критикал минералс ТӨҮГ/,Fluorspar,Жонш,Fluorspar concentrate CaF2 95%,CaF2-95% Хайлуур жоншны баяжмал,USD,,,,,no_bid
608,2024-04-25 10:00,2024-04-25,Энержи Ресурс ХХК,Energy Resources,Энержи Ресурс ХХК,Coal,Нүүрс,Washed coking coal,Баяжуулсан коксжих нүүрс,CNY,1100.0,1280.0,180.0,16.36,sold
607,2024-04-24 16:00,2024-04-24,Дарханы Төмөрлөгийн Үйлдвэр ХХК,Дарханы Төмөрлөгийн Үйлдвэр ХХК,Дарханы Төмөрлөгийн Үйлдвэр ХХК,Iron ore,Төмөр,Fe-58% Төмрийн баяжмал,Fe-58% Төмрийн баяжмал,USD,61.0,64.5,3.5,5.74,sold
606,2024-04-24 14:00,2024-04-24,Энержи Ресурс ХХК,Energy Resources,Энержи Ресурс ХХК,Coal,Нүүрс,Washed medium-ash semi-hard coking coal,"Баяжуулсан дунд зэрэг үнстэй, хагас хатуу коксжих нүүрс",CNY,420.0,450.0,30.0,7.14,sold
605,2024-04-24 12:00,2024-04-24,Монголросцветмет ТӨҮГ,Mongolrostsvetmet (ex-Erdenes Critical Minerals),Монголросцветмет ТӨҮГ /Эрдэнэс критикал минералс ТӨҮГ/,Iron ore,Төмөр,Iron ore Fe 52%,Fe-52% Төмрийн хүдэр,USD,63.0,70.5,7.5,11.9,sold
604,2024-04-24 10:00,2024-04-24,Энержи Ресурс ХХК,Energy Resources,Энержи Ресурс ХХК,Coal,Нүүрс,Washed coking coal,Баяжуулсан коксжих нүүрс,CNY,1100.0,1260.0,160.0,14.55,sold
603,2024-04-23 16:00,2024-04-23,Дарханы Төмөрлөгийн Үйлдвэр ХХК,Дарханы Төмөрлөгийн Үйлдвэр ХХК,Дарханы Төмөрлөгийн Үйлдвэр ХХК,Iron ore,Төмөр,Fe-58% Төмрийн баяжмал,Fe-58% Төмрийн баяжмал,USD,61.0,61.0,0.0,0.0,sold
602,2024-04-23 14:00,2024-04-23,Энержи Ресурс ХХК,Energy Resources,Энержи Ресурс ХХК,Coal,Нүүрс,Washed medium-ash semi-hard coking coal,"Баяжуулсан дунд зэрэг үнстэй, хагас хатуу коксжих нүүрс",CNY,420.0,440.0,20.0,4.76,sold
601,2024-04-23 12:00,2024-04-23,Монголросцветмет ТӨҮГ,Mongolrostsvetmet (ex-Erdenes Critical Minerals),Монголросцветмет ТӨҮГ /Эрдэнэс критикал минералс ТӨҮГ/,Iron ore,Төмөр,Iron ore Fe 52%,Fe-52% Төмрийн хүдэр,USD,63.0,69.5,6.5,10.32,sold
600,2024-04-23 10:00,2024-04-23,Энержи Ресурс ХХК,Energy Resources,Энержи Ресурс ХХК,Coal,Нүүрс,Washed coking coal,Баяжуулсан коксжих нүүрс,CNY,1100.0,1250.0,150.0,13.64,sold
599,2024-04-22 16:00,2024-04-22,Дарханы Төмөрлөгийн Үйлдвэр ХХК,Дарханы Төмөрлөгийн Үйлдвэр ХХК,Дарханы Төмөрлөгийн Үйлдвэр ХХК,Iron ore,Төмөр,Fe-58% Төмрийн баяжмал,Fe-58% Төмрийн баяжмал,USD,61.0,61.0,0.0,0.0,sold
598,2024-04-22 14:00,2024-04-22,Энержи Ресурс ХХК,Energy Resources,Энержи Ресурс ХХК,Coal,Нүүрс,Washed medium-ash semi-hard coking coal,"Баяжуулсан дунд зэрэг үнстэй, хагас хатуу коксжих нүүрс",CNY,420.0,460.0,40.0,9.52,sold
597,2024-04-22 12:00,2024-04-22,Монголросцветмет ТӨҮГ,Mongolrostsvetmet (ex-Erdenes Critical Minerals),Монголросцветмет ТӨҮГ /Эрдэнэс критикал минералс ТӨҮГ/,Iron ore,Төмөр,Iron ore Fe 52%,Fe-52% Төмрийн хүдэр,USD,63.0,70.5,7.5,11.9,sold
596,2024-04-22 10:00,2024-04-22,Энержи Ресурс ХХК,Energy Resources,Энержи Ресурс ХХК,Coal,Нүүрс,Washed coking coal,Баяжуулсан коксжих нүүрс,CNY,1100.0,1300.0,200.0,18.18,sold
595,2024-04-19 16:00,2024-04-19,Эрдэнэс Тавантолгой ХК,Erdenes Tavan Tolgoi,Эрдэнэс Тавантолгой ХК,Coal,Нүүрс,1/3 coking coal,1/3 коксжих нүүрс,USD,89.9,110.4,20.5,22.8,sold
594,2024-04-19 14:00,2024-04-19,Энержи Ресурс ХХК,Energy Resources,Энержи Ресурс ХХК,Coal,Нүүрс,Washed medium-ash semi-hard coking coal,"Баяжуулсан дунд зэрэг үнстэй, хагас хатуу коксжих нүүрс",CNY,420.0,470.0,50.0,11.9,sold
593,2024-04-19 12:00,2024-04-19,Монголросцветмет ТӨҮГ,Mongolrostsvetmet (ex-Erdenes Critical Minerals),Монголросцветмет ТӨҮГ /Эрдэнэс критикал минералс ТӨҮГ/,Iron ore,Төмөр,Iron ore Fe 52%,Fe-52% Төмрийн хүдэр,USD,60.0,67.5,7.5,12.5,sold
592,2024-04-19 10:00,2024-04-19,Энержи Ресурс ХХК,Energy Resources,Энержи Ресурс ХХК,Coal,Нүүрс,Washed coking coal,Баяжуулсан коксжих нүүрс,CNY,1100.0,1260.0,160.0,14.55,sold
591,2024-04-18 14:00,2024-04-18,Энержи Ресурс ХХК,Energy Resources,Энержи Ресурс ХХК,Coal,Нүүрс,Washed medium-ash semi-hard coking coal,"Баяжуулсан дунд зэрэг үнстэй, хагас хатуу коксжих нүүрс",CNY,420.0,470.0,50.0,11.9,sold
590,2024-04-18 12:00,2024-04-18,Монголросцветмет ТӨҮГ,Mongolrostsvetmet (ex-Erdenes Critical Minerals),Монголросцветмет ТӨҮГ /Эрдэнэс критикал минералс ТӨҮГ/,Iron ore,Төмөр,Iron ore Fe 52%,Fe-52% Төмрийн хүдэр,USD,60.0,66.5,6.5,10.83,sold
589,2024-04-18 10:00,2024-04-18,Энержи Ресурс ХХК,Energy Resources,Энержи Ресурс ХХК,Coal,Нүүрс,Washed coking coal,Баяжуулсан коксжих нүүрс,CNY,1100.0,1230.0,130.0,11.82,sold
588,2024-04-17 16:00,2024-04-17,Дарханы Төмөрлөгийн Үйлдвэр ХХК,Дарханы Төмөрлөгийн Үйлдвэр ХХК,Дарханы Төмөрлөгийн Үйлдвэр ХХК,Iron ore,Төмөр,Fe-58% Төмрийн баяжмал,Fe-58% Төмрийн баяжмал,USD,63.0,63.0,0.0,0.0,sold
587,2024-04-17 14:00,2024-04-17,Энержи Ресурс ХХК,Energy Resources,Энержи Ресурс ХХК,Coal,Нүүрс,Washed medium-ash semi-hard coking coal,"Баяжуулсан дунд зэрэг үнстэй, хагас хатуу коксжих нүүрс",CNY,420.0,470.0,50.0,11.9,sold
586,2024-04-17 12:00,2024-04-17,Монголросцветмет ТӨҮГ,Mongolrostsvetmet (ex-Erdenes Critical Minerals),Монголросцветмет ТӨҮГ /Эрдэнэс критикал минералс ТӨҮГ/,Iron ore,Төмөр,Iron ore Fe 52%,Fe-52% Төмрийн хүдэр,USD,60.0,72.0,12.0,20.0,sold
585,2024-04-17 10:00,2024-04-17,Энержи Ресурс ХХК,Energy Resources,Энержи Ресурс ХХК,Coal,Нүүрс,Washed coking coal,Баяжуулсан коксжих нүүрс,CNY,1100.0,1190.0,90.0,8.18,sold
584,2024-04-16 16:00,2024-04-16,Дарханы Төмөрлөгийн Үйлдвэр ХХК,Дарханы Төмөрлөгийн Үйлдвэр ХХК,Дарханы Төмөрлөгийн Үйлдвэр ХХК,Iron ore,Төмөр,Fe-58% Төмрийн баяжмал,Fe-58% Төмрийн баяжмал,USD,63.0,63.0,0.0,0.0,sold
583,2024-04-16 14:00,2024-04-16,Энержи Ресурс ХХК,Energy Resources,Энержи Ресурс ХХК,Coal,Нүүрс,Washed medium-ash semi-hard coking coal,"Баяжуулсан дунд зэрэг үнстэй, хагас хатуу коксжих нүүрс",CNY,420.0,460.0,40.0,9.52,sold
582,2024-04-16 12:00,2024-04-16,Монголросцветмет ТӨҮГ,Mongolrostsvetmet (ex-Erdenes Critical Minerals),Монголросцветмет ТӨҮГ /Эрдэнэс критикал минералс ТӨҮГ/,Iron ore,Төмөр,Iron ore Fe 52%,Fe-52% Төмрийн хүдэр,USD,60.0,71.0,11.0,18.33,sold
581,2024-04-16 10:00,2024-04-16,Энержи Ресурс ХХК,Energy Resources,Энержи Ресурс ХХК,Coal,Нүүрс,Washed coking coal,Баяжуулсан коксжих нүүрс,CNY,1100.0,1190.0,90.0,8.18,sold
580,2024-04-15 16:00,2024-04-15,Дарханы Төмөрлөгийн Үйлдвэр ХХК,Дарханы Төмөрлөгийн Үйлдвэр ХХК,Дарханы Төмөрлөгийн Үйлдвэр ХХК,Iron ore,Төмөр,Fe-58% Төмрийн баяжмал,Fe-58% Төмрийн баяжмал,USD,,,,,no_bid
579,2024-04-15 14:00,2024-04-15,Энержи Ресурс ХХК,Energy Resources,Энержи Ресурс ХХК,Coal,Нүүрс,Washed medium-ash semi-hard coking coal,"Баяжуулсан дунд зэрэг үнстэй, хагас хатуу коксжих нүүрс",CNY,420.0,460.0,40.0,9.52,sold
578,2024-04-15 12:00,2024-04-15,Монголросцветмет ТӨҮГ,Mongolrostsvetmet (ex-Erdenes Critical Minerals),Монголросцветмет ТӨҮГ /Эрдэнэс критикал минералс ТӨҮГ/,Iron ore,Төмөр,Iron ore Fe 52%,Fe-52% Төмрийн хүдэр,USD,63.0,70.5,7.5,11.9,sold
577,2024-04-15 10:00,2024-04-15,Энержи Ресурс ХХК,Energy Resources,Энержи Ресурс ХХК,Coal,Нүүрс,Washed coking coal,Баяжуулсан коксжих нүүрс,CNY,1100.0,1190.0,90.0,8.18,sold
576,2024-04-12 16:00,2024-04-12,Дарханы Төмөрлөгийн Үйлдвэр ХХК,Дарханы Төмөрлөгийн Үйлдвэр ХХК,Дарханы Төмөрлөгийн Үйлдвэр ХХК,Iron ore,Төмөр,Fe-58% Төмрийн баяжмал,Fe-58% Төмрийн баяжмал,USD,,,,,no_bid
575,2024-04-12 14:00,2024-04-12,Дарханы Төмөрлөгийн Үйлдвэр ХХК,Дарханы Төмөрлөгийн Үйлдвэр ХХК,Дарханы Төмөрлөгийн Үйлдвэр ХХК,Iron ore,Төмөр,Iron ore Fe 52%,Fe-52% Төмрийн хүдэр,USD,,,,,no_bid
574,2024-04-12 12:00,2024-04-12,Монголросцветмет ТӨҮГ,Mongolrostsvetmet (ex-Erdenes Critical Minerals),Монголросцветмет ТӨҮГ /Эрдэнэс критикал минералс ТӨҮГ/,Iron ore,Төмөр,Iron ore Fe 52%,Fe-52% Төмрийн хүдэр,USD,63.0,70.0,7.0,11.11,sold
573,2024-04-12 10:00,2024-04-12,Энержи Ресурс ХХК,Energy Resources,Энержи Ресурс ХХК,Coal,Нүүрс,Washed coking coal,Баяжуулсан коксжих нүүрс,CNY,1100.0,1160.0,60.0,5.45,sold
572,2024-04-11 16:00,2024-04-11,Дарханы Төмөрлөгийн Үйлдвэр ХХК,Дарханы Төмөрлөгийн Үйлдвэр ХХК,Дарханы Төмөрлөгийн Үйлдвэр ХХК,Iron ore,Төмөр,Fe-58% Төмрийн баяжмал,Fe-58% Төмрийн баяжмал,USD,,,,,no_bid
571,2024-04-11 14:00,2024-04-11,Эрдэнэс Тавантолгой ХК,Erdenes Tavan Tolgoi,Эрдэнэс Тавантолгой ХК,Coal,Нүүрс,1/3 coking coal,1/3 коксжих нүүрс,USD,89.9,89.9,0.0,0.0,sold
570,2024-04-11 12:00,2024-04-11,Монголросцветмет ТӨҮГ,Mongolrostsvetmet (ex-Erdenes Critical Minerals),Монголросцветмет ТӨҮГ /Эрдэнэс критикал минералс ТӨҮГ/,Iron ore,Төмөр,Iron ore Fe 52%,Fe-52% Төмрийн хүдэр,USD,63.0,63.0,0.0,0.0,sold
569,2024-04-11 10:00,2024-04-11,Энержи Ресурс ХХК,Energy Resources,Энержи Ресурс ХХК,Coal,Нүүрс,Washed coking coal,Баяжуулсан коксжих нүүрс,CNY,1100.0,1100.0,0.0,0.0,sold
568,2024-04-10 16:00,2024-04-10,Дарханы Төмөрлөгийн Үйлдвэр ХХК,Дарханы Төмөрлөгийн Үйлдвэр ХХК,Дарханы Төмөрлөгийн Үйлдвэр ХХК,Iron ore,Төмөр,Fe-58% Төмрийн баяжмал,Fe-58% Төмрийн баяжмал,USD,,,,,no_bid
567,2024-04-10 14:00,2024-04-10,Энержи Ресурс ХХК,Energy Resources,Энержи Ресурс ХХК,Coal,Нүүрс,Washed medium-ash semi-hard coking coal,"Баяжуулсан дунд зэрэг үнстэй, хагас хатуу коксжих нүүрс",CNY,420.0,430.0,10.0,2.38,sold
566,2024-04-10 12:00,2024-04-10,Монголросцветмет ТӨҮГ,Mongolrostsvetmet (ex-Erdenes Critical Minerals),Монголросцветмет ТӨҮГ /Эрдэнэс критикал минералс ТӨҮГ/,Iron ore,Төмөр,Iron ore Fe 52%,Fe-52% Төмрийн хүдэр,USD,63.0,65.5,2.5,3.97,sold
565,2024-04-10 10:00,2024-04-10,Энержи Ресурс ХХК,Energy Resources,Энержи Ресурс ХХК,Coal,Нүүрс,Washed coking coal,Баяжуулсан коксжих нүүрс,CNY,1100.0,1120.0,20.0,1.82,sold
564,2024-04-09 16:00,2024-04-09,Дарханы Төмөрлөгийн Үйлдвэр ХХК,Дарханы Төмөрлөгийн Үйлдвэр ХХК,Дарханы Төмөрлөгийн Үйлдвэр ХХК,Iron ore,Төмөр,Fe-58% Төмрийн баяжмал,Fe-58% Төмрийн баяжмал,USD,,,,,no_bid
563,2024-04-09 14:00,2024-04-09,Хангад Эксплорэйшн ХХК,Khangad Exploration,Хангад Эксплорэйшн ХХК,Coal,Нүүрс,Washed semi-soft coking coal,Баяжуулсан сул коксжих нүүрс,CNY,850.0,850.0,0.0,0.0,sold
562,2024-04-09 12:00,2024-04-09,Монголросцветмет ТӨҮГ,Mongolrostsvetmet (ex-Erdenes Critical Minerals),Монголросцветмет ТӨҮГ /Эрдэнэс критикал минералс ТӨҮГ/,Iron ore,Төмөр,Iron ore Fe 52%,Fe-52% Төмрийн хүдэр,USD,63.0,64.5,1.5,2.38,sold
561,2024-04-09 10:00,2024-04-09,Энержи Ресурс ХХК,Energy Resources,Энержи Ресурс ХХК,Coal,Нүүрс,Washed coking coal,Баяжуулсан коксжих нүүрс,CNY,,,,,no_bid
560,2024-04-08 16:00,2024-04-08,Дарханы Төмөрлөгийн Үйлдвэр ХХК,Дарханы Төмөрлөгийн Үйлдвэр ХХК,Дарханы Төмөрлөгийн Үйлдвэр ХХК,Iron ore,Төмөр,Fe-58% Төмрийн баяжмал,Fe-58% Төмрийн баяжмал,USD,63.0,63.0,0.0,0.0,sold
559,2024-04-08 14:00,2024-04-08,Тавантолгой ХК,Tavan Tolgoi JSC,Тавантолгой ХК,Coal,Нүүрс,Medium-volatile coking coal,"Дэгдэмхий бодис дунд, коксжих нүүрс",USD,,,,,no_bid
558,2024-04-08 12:00,2024-04-08,Монголросцветмет ТӨҮГ,Mongolrostsvetmet (ex-Erdenes Critical Minerals),Монголросцветмет ТӨҮГ /Эрдэнэс критикал минералс ТӨҮГ/,Iron ore,Төмөр,Iron ore Fe 52%,Fe-52% Төмрийн хүдэр,USD,63.0,64.5,1.5,2.38,sold
557,2024-04-08 10:00,2024-04-08,Энержи Ресурс ХХК,Energy Resources,Энержи Ресурс ХХК,Coal,Нүүрс,Washed coking coal,Баяжуулсан коксжих нүүрс,CNY,,,,,no_bid
556,2024-04-05 16:00,2024-04-05,Дарханы Төмөрлөгийн Үйлдвэр ХХК,Дарханы Төмөрлөгийн Үйлдвэр ХХК,Дарханы Төмөрлөгийн Үйлдвэр ХХК,Iron ore,Төмөр,Fe-58% Төмрийн баяжмал,Fe-58% Төмрийн баяжмал,USD,,,,,no_bid
555,2024-04-05 14:00,2024-04-05,Эрдэнэс Тавантолгой ХК,Erdenes Tavan Tolgoi,Эрдэнэс Тавантолгой ХК,Coal,Нүүрс,1/3 coking coal,1/3 коксжих нүүрс,USD,93.6,107.1,13.5,14.42,sold
554,2024-04-05 12:00,2024-04-05,Монголросцветмет ТӨҮГ,Mongolrostsvetmet (ex-Erdenes Critical Minerals),Монголросцветмет ТӨҮГ /Эрдэнэс критикал минералс ТӨҮГ/,Iron ore,Төмөр,Iron ore Fe 52%,Fe-52% Төмрийн хүдэр,USD,,,,,no_bid
553,2024-04-04 16:00,2024-04-04,Дарханы Төмөрлөгийн Үйлдвэр ХХК,Дарханы Төмөрлөгийн Үйлдвэр ХХК,Дарханы Төмөрлөгийн Үйлдвэр ХХК,Iron ore,Төмөр,Fe-58% Төмрийн баяжмал,Fe-58% Төмрийн баяжмал,USD,,,,,no_bid
552,2024-04-04 12:00,2024-04-04,Монголросцветмет ТӨҮГ,Mongolrostsvetmet (ex-Erdenes Critical Minerals),Монголросцветмет ТӨҮГ /Эрдэнэс критикал минералс ТӨҮГ/,Iron ore,Төмөр,Iron ore Fe 52%,Fe-52% Төмрийн хүдэр,USD,65.0,65.0,0.0,0.0,sold
551,2024-04-03 16:00,2024-04-03,Дарханы Төмөрлөгийн Үйлдвэр ХХК,Дарханы Төмөрлөгийн Үйлдвэр ХХК,Дарханы Төмөрлөгийн Үйлдвэр ХХК,Iron ore,Төмөр,Fe-58% Төмрийн баяжмал,Fe-58% Төмрийн баяжмал,USD,,,,,no_bid
550,2024-04-03 14:00,2024-04-03,Энержи Ресурс ХХК,Energy Resources,Энержи Ресурс ХХК,Coal,Нүүрс,Washed coking coal,Баяжуулсан коксжих нүүрс,CNY,,,,,no_bid
549,2024-04-03 12:00,2024-04-03,Монголросцветмет ТӨҮГ,Mongolrostsvetmet (ex-Erdenes Critical Minerals),Монголросцветмет ТӨҮГ /Эрдэнэс критикал минералс ТӨҮГ/,Iron ore,Төмөр,Iron ore Fe 52%,Fe-52% Төмрийн хүдэр,USD,65.0,65.0,0.0,0.0,sold
548,2024-04-03 10:00,2024-04-03,Энержи Ресурс ХХК,Energy Resources,Энержи Ресурс ХХК,Coal,Нүүрс,Washed coking coal,Баяжуулсан коксжих нүүрс,CNY,,,,,no_bid
547,2024-04-02 16:00,2024-04-02,Дарханы Төмөрлөгийн Үйлдвэр ХХК,Дарханы Төмөрлөгийн Үйлдвэр ХХК,Дарханы Төмөрлөгийн Үйлдвэр ХХК,Iron ore,Төмөр,Fe-58% Төмрийн баяжмал,Fe-58% Төмрийн баяжмал,USD,,,,,no_bid
546,2024-04-02 14:00,2024-04-02,Энержи Ресурс ХХК,Energy Resources,Энержи Ресурс ХХК,Coal,Нүүрс,Washed coking coal,Баяжуулсан коксжих нүүрс,CNY,,,,,no_bid
545,2024-04-02 12:00,2024-04-02,Монголросцветмет ТӨҮГ,Mongolrostsvetmet (ex-Erdenes Critical Minerals),Монголросцветмет ТӨҮГ /Эрдэнэс критикал минералс ТӨҮГ/,Iron ore,Төмөр,Iron ore Fe 52%,Fe-52% Төмрийн хүдэр,USD,,,,,no_bid
544,2024-04-02 10:00,2024-04-02,Энержи Ресурс ХХК,Energy Resources,Энержи Ресурс ХХК,Coal,Нүүрс,Washed medium-ash semi-hard coking coal,"Баяжуулсан дунд зэрэг үнстэй, хагас хатуу коксжих нүүрс",CNY,,,,,no_bid
543,2024-04-01 16:00,2024-04-01,Дарханы Төмөрлөгийн Үйлдвэр ХХК,Дарханы Төмөрлөгийн Үйлдвэр ХХК,Дарханы Төмөрлөгийн Үйлдвэр ХХК,Iron ore,Төмөр,Fe-58% Төмрийн баяжмал,Fe-58% Төмрийн баяжмал,USD,,,,,no_bid
542,2024-04-01 12:00,2024-04-01,Монголросцветмет ТӨҮГ,Mongolrostsvetmet (ex-Erdenes Critical Minerals),Монголросцветмет ТӨҮГ /Эрдэнэс критикал минералс ТӨҮГ/,Iron ore,Төмөр,Iron ore Fe 52%,Fe-52% Төмрийн хүдэр,USD,,,,,no_bid
541,2024-04-01 10:00,2024-04-01,Энержи Ресурс ХХК,Energy Resources,Энержи Ресурс ХХК,Coal,Нүүрс,Washed coking coal,Баяжуулсан коксжих нүүрс,CNY,,,,,no_bid
540,2024-03-29 16:00,2024-03-29,Дарханы Төмөрлөгийн Үйлдвэр ХХК,Дарханы Төмөрлөгийн Үйлдвэр ХХК,Дарханы Төмөрлөгийн Үйлдвэр ХХК,Iron ore,Төмөр,Fe-58% Төмрийн баяжмал,Fe-58% Төмрийн баяжмал,USD,,,,,no_bid
539,2024-03-29 14:00,2024-03-29,Монголросцветмет ТӨҮГ,Mongolrostsvetmet (ex-Erdenes Critical Minerals),Монголросцветмет ТӨҮГ /Эрдэнэс критикал минералс ТӨҮГ/,Iron ore,Төмөр,Iron ore Fe 52%,Fe-52% Төмрийн хүдэр,USD,,,,,no_bid
538,2024-03-29 12:00,2024-03-29,Монголросцветмет ТӨҮГ,Mongolrostsvetmet (ex-Erdenes Critical Minerals),Монголросцветмет ТӨҮГ /Эрдэнэс критикал минералс ТӨҮГ/,Iron ore,Төмөр,Iron ore Fe 52%,Fe-52% Төмрийн хүдэр,USD,65.0,66.0,1.0,1.54,sold
537,2024-03-29 10:00,2024-03-29,Энержи Ресурс ХХК,Energy Resources,Энержи Ресурс ХХК,Coal,Нүүрс,Washed coking coal,Баяжуулсан коксжих нүүрс,CNY,,,,,no_bid
536,2024-03-28 16:00,2024-03-28,Монголросцветмет ТӨҮГ,Mongolrostsvetmet (ex-Erdenes Critical Minerals),Монголросцветмет ТӨҮГ /Эрдэнэс критикал минералс ТӨҮГ/,Iron ore,Төмөр,Iron ore Fe 52%,Fe-52% Төмрийн хүдэр,USD,,,,,no_bid
535,2024-03-28 14:00,2024-03-28,Эрдэнэс Тавантолгой ХК,Erdenes Tavan Tolgoi,Эрдэнэс Тавантолгой ХК,Coal,Нүүрс,1/3 coking coal,1/3 коксжих нүүрс,USD,93.6,105.1,11.5,12.29,sold
534,2024-03-28 12:00,2024-03-28,Монголросцветмет ТӨҮГ,Mongolrostsvetmet (ex-Erdenes Critical Minerals),Монголросцветмет ТӨҮГ /Эрдэнэс критикал минералс ТӨҮГ/,Iron ore,Төмөр,Iron ore Fe 52%,Fe-52% Төмрийн хүдэр,USD,65.0,65.0,0.0,0.0,sold
533,2024-03-28 10:00,2024-03-28,Энержи Ресурс ХХК,Energy Resources,Энержи Ресурс ХХК,Coal,Нүүрс,Washed medium-ash semi-hard coking coal,"Баяжуулсан дунд зэрэг үнстэй, хагас хатуу коксжих нүүрс",CNY,,,,,no_bid
532,2024-03-27 16:00,2024-03-27,Дарханы Төмөрлөгийн Үйлдвэр ХХК,Дарханы Төмөрлөгийн Үйлдвэр ХХК,Дарханы Төмөрлөгийн Үйлдвэр ХХК,Iron ore,Төмөр,Iron ore Fe 52%,Fe-52% Төмрийн хүдэр,USD,,,,,no_bid
531,2024-03-27 14:00,2024-03-27,Дарханы Төмөрлөгийн Үйлдвэр ХХК,Дарханы Төмөрлөгийн Үйлдвэр ХХК,Дарханы Төмөрлөгийн Үйлдвэр ХХК,Iron ore,Төмөр,Fe-58% Төмрийн баяжмал,Fe-58% Төмрийн баяжмал,USD,,,,,no_bid
530,2024-03-27 12:00,2024-03-27,Монголросцветмет ТӨҮГ,Mongolrostsvetmet (ex-Erdenes Critical Minerals),Монголросцветмет ТӨҮГ /Эрдэнэс критикал минералс ТӨҮГ/,Iron ore,Төмөр,Iron ore Fe 52%,Fe-52% Төмрийн хүдэр,USD,65.0,65.5,0.5,0.77,sold
529,2024-03-27 10:00,2024-03-27,Энержи Ресурс ХХК,Energy Resources,Энержи Ресурс ХХК,Coal,Нүүрс,Washed coking coal,Баяжуулсан коксжих нүүрс,CNY,,,,,no_bid
528,2024-03-26 16:00,2024-03-26,Дарханы Төмөрлөгийн Үйлдвэр ХХК,Дарханы Төмөрлөгийн Үйлдвэр ХХК,Дарханы Төмөрлөгийн Үйлдвэр ХХК,Iron ore,Төмөр,Fe-58% Төмрийн баяжмал,Fe-58% Төмрийн баяжмал,USD,,,,,no_bid
527,2024-03-26 14:00,2024-03-26,Дарханы Төмөрлөгийн Үйлдвэр ХХК,Дарханы Төмөрлөгийн Үйлдвэр ХХК,Дарханы Төмөрлөгийн Үйлдвэр ХХК,Iron ore,Төмөр,Fe-58% Төмрийн баяжмал,Fe-58% Төмрийн баяжмал,USD,,,,,no_bid
526,2024-03-26 12:00,2024-03-26,Монголросцветмет ТӨҮГ,Mongolrostsvetmet (ex-Erdenes Critical Minerals),Монголросцветмет ТӨҮГ /Эрдэнэс критикал минералс ТӨҮГ/,Iron ore,Төмөр,Iron ore Fe 52%,Fe-52% Төмрийн хүдэр,USD,65.0,65.5,0.5,0.77,sold
525,2024-03-26 10:00,2024-03-26,Энержи Ресурс ХХК,Energy Resources,Энержи Ресурс ХХК,Coal,Нүүрс,Washed medium-ash semi-hard coking coal,"Баяжуулсан дунд зэрэг үнстэй, хагас хатуу коксжих нүүрс",CNY,,,,,no_bid
524,2024-03-25 14:00,2024-03-25,Энержи Ресурс ХХК,Energy Resources,Энержи Ресурс ХХК,Coal,Нүүрс,Washed medium-ash semi-hard coking coal,"Баяжуулсан дунд зэрэг үнстэй, хагас хатуу коксжих нүүрс",CNY,,,,,no_bid
523,2024-03-25 12:00,2024-03-25,Монголросцветмет ТӨҮГ,Mongolrostsvetmet (ex-Erdenes Critical Minerals),Монголросцветмет ТӨҮГ /Эрдэнэс критикал минералс ТӨҮГ/,Iron ore,Төмөр,Iron ore Fe 52%,Fe-52% Төмрийн хүдэр,USD,,,,,no_bid
522,2024-03-25 10:00,2024-03-25,Энержи Ресурс ХХК,Energy Resources,Энержи Ресурс ХХК,Coal,Нүүрс,Washed coking coal,Баяжуулсан коксжих нүүрс,CNY,1250.0,1250.0,0.0,0.0,sold
521,2024-03-22 16:00,2024-03-22,Дарханы Төмөрлөгийн Үйлдвэр ХХК,Дарханы Төмөрлөгийн Үйлдвэр ХХК,Дарханы Төмөрлөгийн Үйлдвэр ХХК,Iron ore,Төмөр,Fe-58% Төмрийн баяжмал,Fe-58% Төмрийн баяжмал,USD,,,,,no_bid
520,2024-03-22 14:00,2024-03-22,Эрдэнэс Тавантолгой ХК,Erdenes Tavan Tolgoi,Эрдэнэс Тавантолгой ХК,Coal,Нүүрс,"Thermal coal (bituminous, non-caking)","Эрчим хүчний нүүрс /Битумт, үл барьцалдах нүүрс/",USD,,,,,no_bid
519,2024-03-22 12:00,2024-03-22,Эрдэнэс Тавантолгой ХК,Erdenes Tavan Tolgoi,Эрдэнэс Тавантолгой ХК,Coal,Нүүрс,1/3 coking coal,1/3 коксжих нүүрс,USD,93.6,111.1,17.5,18.7,sold
518,2024-03-22 10:00,2024-03-22,Энержи Ресурс ХХК,Energy Resources,Энержи Ресурс ХХК,Coal,Нүүрс,Washed coking coal,Баяжуулсан коксжих нүүрс,CNY,1250.0,1250.0,0.0,0.0,sold
517,2024-03-21 16:00,2024-03-21,Энержи Ресурс ХХК,Energy Resources,Энержи Ресурс ХХК,Coal,Нүүрс,Washed medium-ash semi-hard coking coal,"Баяжуулсан дунд зэрэг үнстэй, хагас хатуу коксжих нүүрс",CNY,,,,,no_bid
516,2024-03-21 14:00,2024-03-21,Дарханы Төмөрлөгийн Үйлдвэр ХХК,Дарханы Төмөрлөгийн Үйлдвэр ХХК,Дарханы Төмөрлөгийн Үйлдвэр ХХК,Iron ore,Төмөр,Iron ore Fe 52%,Fe-52% Төмрийн хүдэр,USD,,,,,no_bid
515,2024-03-21 12:00,2024-03-21,Монголросцветмет ТӨҮГ,Mongolrostsvetmet (ex-Erdenes Critical Minerals),Монголросцветмет ТӨҮГ /Эрдэнэс критикал минералс ТӨҮГ/,Iron ore,Төмөр,Iron ore Fe 52%,Fe-52% Төмрийн хүдэр,USD,70.0,70.0,0.0,0.0,sold
514,2024-03-21 10:00,2024-03-21,Энержи Ресурс ХХК,Energy Resources,Энержи Ресурс ХХК,Coal,Нүүрс,Washed coking coal,Баяжуулсан коксжих нүүрс,CNY,1250.0,1250.0,0.0,0.0,sold
513,2024-03-20 12:00,2024-03-20,Монголросцветмет ТӨҮГ,Mongolrostsvetmet (ex-Erdenes Critical Minerals),Монголросцветмет ТӨҮГ /Эрдэнэс критикал минералс ТӨҮГ/,Iron ore,Төмөр,Iron ore Fe 52%,Fe-52% Төмрийн хүдэр,USD,70.0,70.0,0.0,0.0,sold
512,2024-03-20 10:00,2024-03-20,Энержи Ресурс ХХК,Energy Resources,Энержи Ресурс ХХК,Coal,Нүүрс,Washed medium-ash semi-hard coking coal,"Баяжуулсан дунд зэрэг үнстэй, хагас хатуу коксжих нүүрс",CNY,,,,,no_bid
511,2024-03-19 16:00,2024-03-19,Эрдэнэс Тавантолгой ХК,Erdenes Tavan Tolgoi,Эрдэнэс Тавантолгой ХК,Coal,Нүүрс,Medium-volatile coking coal,"Дэгдэмхий бодис дунд, коксжих нүүрс",USD,143.7,160.2,16.5,11.48,sold
510,2024-03-19 12:00,2024-03-19,Монголросцветмет ТӨҮГ,Mongolrostsvetmet (ex-Erdenes Critical Minerals),Монголросцветмет ТӨҮГ /Эрдэнэс критикал минералс ТӨҮГ/,Iron ore,Төмөр,Iron ore Fe 52%,Fe-52% Төмрийн хүдэр,USD,,,,,no_bid
509,2024-03-19 10:00,2024-03-19,Энержи Ресурс ХХК,Energy Resources,Энержи Ресурс ХХК,Coal,Нүүрс,Washed medium-ash semi-hard coking coal,"Баяжуулсан дунд зэрэг үнстэй, хагас хатуу коксжих нүүрс",CNY,,,,,no_bid
508,2024-03-18 16:00,2024-03-18,Энержи Ресурс ХХК,Energy Resources,Энержи Ресурс ХХК,Coal,Нүүрс,Washed medium-ash semi-hard coking coal,"Баяжуулсан дунд зэрэг үнстэй, хагас хатуу коксжих нүүрс",CNY,,,,,no_bid
507,2024-03-18 12:00,2024-03-18,Монголросцветмет ТӨҮГ,Mongolrostsvetmet (ex-Erdenes Critical Minerals),Монголросцветмет ТӨҮГ /Эрдэнэс критикал минералс ТӨҮГ/,Iron ore,Төмөр,Iron ore Fe 52%,Fe-52% Төмрийн хүдэр,USD,,,,,no_bid
506,2024-03-18 10:00,2024-03-18,Энержи Ресурс ХХК,Energy Resources,Энержи Ресурс ХХК,Coal,Нүүрс,Washed coking coal,Баяжуулсан коксжих нүүрс,CNY,1250.0,1250.0,0.0,0.0,sold
505,2024-03-15 16:00,2024-03-15,Дарханы Төмөрлөгийн Үйлдвэр ХХК,Дарханы Төмөрлөгийн Үйлдвэр ХХК,Дарханы Төмөрлөгийн Үйлдвэр ХХК,Iron ore,Төмөр,Fe-58% Төмрийн баяжмал,Fe-58% Төмрийн баяжмал,USD,,,,,no_bid
504,2024-03-15 14:00,2024-03-15,Эрдэнэс Тавантолгой ХК,Erdenes Tavan Tolgoi,Эрдэнэс Тавантолгой ХК,Coal,Нүүрс,1/3 coking coal,1/3 коксжих нүүрс,USD,89.1,110.1,21.0,23.57,sold
503,2024-03-15 12:00,2024-03-15,Монголросцветмет ТӨҮГ,Mongolrostsvetmet (ex-Erdenes Critical Minerals),Монголросцветмет ТӨҮГ /Эрдэнэс критикал минералс ТӨҮГ/,Iron ore,Төмөр,Iron ore Fe 52%,Fe-52% Төмрийн хүдэр,USD,,,,,no_bid
502,2024-03-15 10:00,2024-03-15,Энержи Ресурс ХХК,Energy Resources,Энержи Ресурс ХХК,Coal,Нүүрс,Washed coking coal,Баяжуулсан коксжих нүүрс,CNY,1250.0,1260.0,10.0,0.8,sold
501,2024-03-14 16:00,2024-03-14,Дарханы Төмөрлөгийн Үйлдвэр ХХК,Дарханы Төмөрлөгийн Үйлдвэр ХХК,Дарханы Төмөрлөгийн Үйлдвэр ХХК,Iron ore,Төмөр,Fe-58% Төмрийн баяжмал,Fe-58% Төмрийн баяжмал,USD,,,,,no_bid
500,2024-03-14 12:00,2024-03-14,Монголросцветмет ТӨҮГ,Mongolrostsvetmet (ex-Erdenes Critical Minerals),Монголросцветмет ТӨҮГ /Эрдэнэс критикал минералс ТӨҮГ/,Iron ore,Төмөр,Iron ore Fe 52%,Fe-52% Төмрийн хүдэр,USD,70.0,71.0,1.0,1.43,sold
499,2024-03-14 10:00,2024-03-14,Энержи Ресурс ХХК,Energy Resources,Энержи Ресурс ХХК,Coal,Нүүрс,Washed coking coal,Баяжуулсан коксжих нүүрс,CNY,1250.0,1280.0,30.0,2.4,sold
498,2024-03-13 12:00,2024-03-13,Монголросцветмет ТӨҮГ,Mongolrostsvetmet (ex-Erdenes Critical Minerals),Монголросцветмет ТӨҮГ /Эрдэнэс критикал минералс ТӨҮГ/,Iron ore,Төмөр,Iron ore Fe 52%,Fe-52% Төмрийн хүдэр,USD,70.0,70.0,0.0,0.0,sold
497,2024-03-13 10:00,2024-03-13,Энержи Ресурс ХХК,Energy Resources,Энержи Ресурс ХХК,Coal,Нүүрс,Washed coking coal,Баяжуулсан коксжих нүүрс,CNY,1250.0,1300.0,50.0,4.0,sold
496,2024-03-12 12:00,2024-03-12,Монголросцветмет ТӨҮГ,Mongolrostsvetmet (ex-Erdenes Critical Minerals),Монголросцветмет ТӨҮГ /Эрдэнэс критикал минералс ТӨҮГ/,Iron ore,Төмөр,Iron ore Fe 52%,Fe-52% Төмрийн хүдэр,USD,70.0,70.0,0.0,0.0,sold
495,2024-03-12 10:00,2024-03-12,Энержи Ресурс ХХК,Energy Resources,Энержи Ресурс ХХК,Coal,Нүүрс,Washed coking coal,Баяжуулсан коксжих нүүрс,CNY,1250.0,1310.0,60.0,4.8,sold
494,2024-03-11 14:00,2024-03-11,Энержи Ресурс ХХК,Energy Resources,Энержи Ресурс ХХК,Coal,Нүүрс,Washed medium-ash semi-hard coking coal,"Баяжуулсан дунд зэрэг үнстэй, хагас хатуу коксжих нүүрс",CNY,500.0,550.0,50.0,10.0,sold
493,2024-03-11 12:00,2024-03-11,Монголросцветмет ТӨҮГ,Mongolrostsvetmet (ex-Erdenes Critical Minerals),Монголросцветмет ТӨҮГ /Эрдэнэс критикал минералс ТӨҮГ/,Iron ore,Төмөр,Iron ore Fe 52%,Fe-52% Төмрийн хүдэр,USD,70.0,71.0,1.0,1.43,sold
492,2024-03-11 10:00,2024-03-11,Энержи Ресурс ХХК,Energy Resources,Энержи Ресурс ХХК,Coal,Нүүрс,Washed coking coal,Баяжуулсан коксжих нүүрс,CNY,1250.0,1290.0,40.0,3.2,sold
491,2024-03-07 16:00,2024-03-07,Дарханы Төмөрлөгийн Үйлдвэр ХХК,Дарханы Төмөрлөгийн Үйлдвэр ХХК,Дарханы Төмөрлөгийн Үйлдвэр ХХК,Iron ore,Төмөр,Fe-58% Төмрийн баяжмал,Fe-58% Төмрийн баяжмал,USD,,,,,no_bid
490,2024-03-07 14:00,2024-03-07,Эрдэнэс Тавантолгой ХК,Erdenes Tavan Tolgoi,Эрдэнэс Тавантолгой ХК,Coal,Нүүрс,1/3 coking coal,1/3 коксжих нүүрс,USD,89.1,120.6,31.5,35.35,sold
489,2024-03-07 12:00,2024-03-07,Монголросцветмет ТӨҮГ,Mongolrostsvetmet (ex-Erdenes Critical Minerals),Монголросцветмет ТӨҮГ /Эрдэнэс критикал минералс ТӨҮГ/,Iron ore,Төмөр,Iron concentrate Fe 65%,Fe-65% Төмрийн баяжмал,USD,90.0,90.0,0.0,0.0,sold
488,2024-03-07 10:00,2024-03-07,Энержи Ресурс ХХК,Energy Resources,Энержи Ресурс ХХК,Coal,Нүүрс,Washed coking coal,Баяжуулсан коксжих нүүрс,CNY,1250.0,1340.0,90.0,7.2,sold
487,2024-03-06 16:00,2024-03-06,Дарханы Төмөрлөгийн Үйлдвэр ХХК,Дарханы Төмөрлөгийн Үйлдвэр ХХК,Дарханы Төмөрлөгийн Үйлдвэр ХХК,Iron ore,Төмөр,Iron ore Fe 52%,Fe-52% Төмрийн хүдэр,USD,,,,,no_bid
486,2024-03-06 14:00,2024-03-06,Дарханы Төмөрлөгийн Үйлдвэр ХХК,Дарханы Төмөрлөгийн Үйлдвэр ХХК,Дарханы Төмөрлөгийн Үйлдвэр ХХК,Iron ore,Төмөр,Fe-58% Төмрийн баяжмал,Fe-58% Төмрийн баяжмал,USD,,,,,no_bid
485,2024-03-06 12:00,2024-03-06,Монголросцветмет ТӨҮГ,Mongolrostsvetmet (ex-Erdenes Critical Minerals),Монголросцветмет ТӨҮГ /Эрдэнэс критикал минералс ТӨҮГ/,Iron ore,Төмөр,Iron ore Fe 52%,Fe-52% Төмрийн хүдэр,USD,,,,,no_bid
484,2024-03-06 10:00,2024-03-06,Энержи Ресурс ХХК,Energy Resources,Энержи Ресурс ХХК,Coal,Нүүрс,Washed coking coal,Баяжуулсан коксжих нүүрс,CNY,1250.0,1360.0,110.0,8.8,sold
483,2024-03-05 16:00,2024-03-05,Дарханы Төмөрлөгийн Үйлдвэр ХХК,Дарханы Төмөрлөгийн Үйлдвэр ХХК,Дарханы Төмөрлөгийн Үйлдвэр ХХК,Iron ore,Төмөр,Fe-58% Төмрийн баяжмал,Fe-58% Төмрийн баяжмал,USD,,,,,no_bid
482,2024-03-05 14:00,2024-03-05,Энержи Ресурс ХХК,Energy Resources,Энержи Ресурс ХХК,Coal,Нүүрс,Washed medium-ash semi-hard coking coal,"Баяжуулсан дунд зэрэг үнстэй, хагас хатуу коксжих нүүрс",CNY,500.0,560.0,60.0,12.0,sold
481,2024-03-05 12:00,2024-03-05,Монголросцветмет ТӨҮГ,Mongolrostsvetmet (ex-Erdenes Critical Minerals),Монголросцветмет ТӨҮГ /Эрдэнэс критикал минералс ТӨҮГ/,Iron ore,Төмөр,Iron ore Fe 52%,Fe-52% Төмрийн хүдэр,USD,,,,,no_bid
480,2024-03-05 10:00,2024-03-05,Энержи Ресурс ХХК,Energy Resources,Энержи Ресурс ХХК,Coal,Нүүрс,Washed coking coal,Баяжуулсан коксжих нүүрс,CNY,1250.0,1370.0,120.0,9.6,sold
479,2024-03-04 16:00,2024-03-04,Дарханы Төмөрлөгийн Үйлдвэр ХХК,Дарханы Төмөрлөгийн Үйлдвэр ХХК,Дарханы Төмөрлөгийн Үйлдвэр ХХК,Iron ore,Төмөр,Fe-58% Төмрийн баяжмал,Fe-58% Төмрийн баяжмал,USD,,,,,no_bid
478,2024-03-04 12:00,2024-03-04,Монголросцветмет ТӨҮГ,Mongolrostsvetmet (ex-Erdenes Critical Minerals),Монголросцветмет ТӨҮГ /Эрдэнэс критикал минералс ТӨҮГ/,Iron ore,Төмөр,Iron ore Fe 52%,Fe-52% Төмрийн хүдэр,USD,,,,,no_bid
477,2024-03-04 10:00,2024-03-04,Энержи Ресурс ХХК,Energy Resources,Энержи Ресурс ХХК,Coal,Нүүрс,Washed coking coal,Баяжуулсан коксжих нүүрс,CNY,1250.0,1370.0,120.0,9.6,sold
476,2024-03-01 16:00,2024-03-01,Эрдэнэс Тавантолгой ХК,Erdenes Tavan Tolgoi,Эрдэнэс Тавантолгой ХК,Coal,Нүүрс,"Thermal coal (bituminous, non-caking)","Эрчим хүчний нүүрс /Битумт, үл барьцалдах нүүрс/",USD,53.9,53.9,0.0,0.0,sold
475,2024-03-01 14:00,2024-03-01,Дарханы Төмөрлөгийн Үйлдвэр ХХК,Дарханы Төмөрлөгийн Үйлдвэр ХХК,Дарханы Төмөрлөгийн Үйлдвэр ХХК,Iron ore,Төмөр,Fe-58% Төмрийн баяжмал,Fe-58% Төмрийн баяжмал,USD,,,,,no_bid
474,2024-03-01 12:00,2024-03-01,Монголросцветмет ТӨҮГ,Mongolrostsvetmet (ex-Erdenes Critical Minerals),Монголросцветмет ТӨҮГ /Эрдэнэс критикал минералс ТӨҮГ/,Iron ore,Төмөр,Iron concentrate Fe 65%,Fe-65% Төмрийн баяжмал,USD,,,,,no_bid
473,2024-03-01 10:00,2024-03-01,Энержи Ресурс ХХК,Energy Resources,Энержи Ресурс ХХК,Coal,Нүүрс,Washed coking coal,Баяжуулсан коксжих нүүрс,CNY,1250.0,1400.0,150.0,12.0,sold
472,2024-02-29 16:00,2024-02-29,Дарханы Төмөрлөгийн Үйлдвэр ХХК,Дарханы Төмөрлөгийн Үйлдвэр ХХК,Дарханы Төмөрлөгийн Үйлдвэр ХХК,Iron ore,Төмөр,Fe-58% Төмрийн баяжмал,Fe-58% Төмрийн баяжмал,USD,,,,,no_bid
471,2024-02-29 14:00,2024-02-29,Дарханы Төмөрлөгийн Үйлдвэр ХХК,Дарханы Төмөрлөгийн Үйлдвэр ХХК,Дарханы Төмөрлөгийн Үйлдвэр ХХК,Iron ore,Төмөр,Iron ore Fe 52%,Fe-52% Төмрийн хүдэр,USD,56.0,56.0,0.0,0.0,sold
470,2024-02-29 12:00,2024-02-29,Монголросцветмет ТӨҮГ,Mongolrostsvetmet (ex-Erdenes Critical Minerals),Монголросцветмет ТӨҮГ /Эрдэнэс критикал минералс ТӨҮГ/,Iron ore,Төмөр,Iron concentrate Fe 65%,Fe-65% Төмрийн баяжмал,USD,,,,,no_bid
469,2024-02-29 10:00,2024-02-29,Энержи Ресурс ХХК,Energy Resources,Энержи Ресурс ХХК,Coal,Нүүрс,Washed coking coal,Баяжуулсан коксжих нүүрс,CNY,1250.0,1370.0,120.0,9.6,sold
468,2024-02-28 16:00,2024-02-28,Дарханы Төмөрлөгийн Үйлдвэр ХХК,Дарханы Төмөрлөгийн Үйлдвэр ХХК,Дарханы Төмөрлөгийн Үйлдвэр ХХК,Iron ore,Төмөр,Fe-58% Төмрийн баяжмал,Fe-58% Төмрийн баяжмал,USD,72.0,72.0,0.0,0.0,sold
467,2024-02-28 14:00,2024-02-28,Дарханы Төмөрлөгийн Үйлдвэр ХХК,Дарханы Төмөрлөгийн Үйлдвэр ХХК,Дарханы Төмөрлөгийн Үйлдвэр ХХК,Iron ore,Төмөр,Iron ore Fe 52%,Fe-52% Төмрийн хүдэр,USD,56.0,56.0,0.0,0.0,sold
466,2024-02-28 12:00,2024-02-28,Монголросцветмет ТӨҮГ,Mongolrostsvetmet (ex-Erdenes Critical Minerals),Монголросцветмет ТӨҮГ /Эрдэнэс критикал минералс ТӨҮГ/,Iron ore,Төмөр,Iron concentrate Fe 65%,Fe-65% Төмрийн баяжмал,USD,,,,,no_bid
465,2024-02-28 10:00,2024-02-28,Энержи Ресурс ХХК,Energy Resources,Энержи Ресурс ХХК,Coal,Нүүрс,Washed coking coal,Баяжуулсан коксжих нүүрс,CNY,1250.0,1390.0,140.0,11.2,sold
464,2024-02-27 16:00,2024-02-27,Дарханы Төмөрлөгийн Үйлдвэр ХХК,Дарханы Төмөрлөгийн Үйлдвэр ХХК,Дарханы Төмөрлөгийн Үйлдвэр ХХК,Iron ore,Төмөр,Fe-58% Төмрийн баяжмал,Fe-58% Төмрийн баяжмал,USD,,,,,no_bid
463,2024-02-27 14:00,2024-02-27,Дарханы Төмөрлөгийн Үйлдвэр ХХК,Дарханы Төмөрлөгийн Үйлдвэр ХХК,Дарханы Төмөрлөгийн Үйлдвэр ХХК,Iron ore,Төмөр,Iron ore Fe 52%,Fe-52% Төмрийн хүдэр,USD,56.0,56.0,0.0,0.0,sold
462,2024-02-27 12:00,2024-02-27,Монголросцветмет ТӨҮГ,Mongolrostsvetmet (ex-Erdenes Critical Minerals),Монголросцветмет ТӨҮГ /Эрдэнэс критикал минералс ТӨҮГ/,Iron ore,Төмөр,Iron concentrate Fe 65%,Fe-65% Төмрийн баяжмал,USD,,,,,no_bid
461,2024-02-27 10:00,2024-02-27,Энержи Ресурс ХХК,Energy Resources,Энержи Ресурс ХХК,Coal,Нүүрс,Washed coking coal,Баяжуулсан коксжих нүүрс,CNY,1250.0,1410.0,160.0,12.8,sold
460,2024-02-26 16:00,2024-02-26,Дарханы Төмөрлөгийн Үйлдвэр ХХК,Дарханы Төмөрлөгийн Үйлдвэр ХХК,Дарханы Төмөрлөгийн Үйлдвэр ХХК,Iron ore,Төмөр,Fe-58% Төмрийн баяжмал,Fe-58% Төмрийн баяжмал,USD,,,,,no_bid
459,2024-02-26 14:00,2024-02-26,Дарханы Төмөрлөгийн Үйлдвэр ХХК,Дарханы Төмөрлөгийн Үйлдвэр ХХК,Дарханы Төмөрлөгийн Үйлдвэр ХХК,Iron ore,Төмөр,Iron ore Fe 52%,Fe-52% Төмрийн хүдэр,USD,56.0,56.0,0.0,0.0,sold
458,2024-02-26 12:00,2024-02-26,Монголросцветмет ТӨҮГ,Mongolrostsvetmet (ex-Erdenes Critical Minerals),Монголросцветмет ТӨҮГ /Эрдэнэс критикал минералс ТӨҮГ/,Iron ore,Төмөр,Iron concentrate Fe 65%,Fe-65% Төмрийн баяжмал,USD,95.0,100.0,5.0,5.26,sold
457,2024-02-26 10:00,2024-02-26,Энержи Ресурс ХХК,Energy Resources,Энержи Ресурс ХХК,Coal,Нүүрс,Washed coking coal,Баяжуулсан коксжих нүүрс,CNY,1250.0,1390.0,140.0,11.2,sold
456,2024-02-23 16:00,2024-02-23,Дарханы Төмөрлөгийн Үйлдвэр ХХК,Дарханы Төмөрлөгийн Үйлдвэр ХХК,Дарханы Төмөрлөгийн Үйлдвэр ХХК,Iron ore,Төмөр,Fe-58% Төмрийн баяжмал,Fe-58% Төмрийн баяжмал,USD,,,,,no_bid
455,2024-02-23 14:00,2024-02-23,Эрдэнэс Тавантолгой ХК,Erdenes Tavan Tolgoi,Эрдэнэс Тавантолгой ХК,Coal,Нүүрс,Medium-volatile coking coal,"Дэгдэмхий бодис дунд, коксжих нүүрс",USD,157.5,166.5,9.0,5.71,sold
454,2024-02-23 12:00,2024-02-23,Монголросцветмет ТӨҮГ,Mongolrostsvetmet (ex-Erdenes Critical Minerals),Монголросцветмет ТӨҮГ /Эрдэнэс критикал минералс ТӨҮГ/,Iron ore,Төмөр,Iron concentrate Fe 65%,Fe-65% Төмрийн баяжмал,USD,95.0,102.5,7.5,7.89,sold
453,2024-02-23 10:00,2024-02-23,Энержи Ресурс ХХК,Energy Resources,Энержи Ресурс ХХК,Coal,Нүүрс,Washed coking coal,Баяжуулсан коксжих нүүрс,CNY,1250.0,1430.0,180.0,14.4,sold
452,2024-02-22 16:00,2024-02-22,Дарханы Төмөрлөгийн Үйлдвэр ХХК,Дарханы Төмөрлөгийн Үйлдвэр ХХК,Дарханы Төмөрлөгийн Үйлдвэр ХХК,Iron ore,Төмөр,Fe-58% Төмрийн баяжмал,Fe-58% Төмрийн баяжмал,USD,72.0,72.0,0.0,0.0,sold
451,2024-02-22 14:00,2024-02-22,Дарханы Төмөрлөгийн Үйлдвэр ХХК,Дарханы Төмөрлөгийн Үйлдвэр ХХК,Дарханы Төмөрлөгийн Үйлдвэр ХХК,Iron ore,Төмөр,Iron ore Fe 52%,Fe-52% Төмрийн хүдэр,USD,56.0,56.0,0.0,0.0,sold
450,2024-02-22 12:00,2024-02-22,Монголросцветмет ТӨҮГ,Mongolrostsvetmet (ex-Erdenes Critical Minerals),Монголросцветмет ТӨҮГ /Эрдэнэс критикал минералс ТӨҮГ/,Iron ore,Төмөр,Iron concentrate Fe 65%,Fe-65% Төмрийн баяжмал,USD,95.0,102.5,7.5,7.89,sold
449,2024-02-22 10:00,2024-02-22,Энержи Ресурс ХХК,Energy Resources,Энержи Ресурс ХХК,Coal,Нүүрс,Washed coking coal,Баяжуулсан коксжих нүүрс,CNY,1250.0,1430.0,180.0,14.4,sold
448,2024-02-21 16:00,2024-02-21,Дарханы Төмөрлөгийн Үйлдвэр ХХК,Дарханы Төмөрлөгийн Үйлдвэр ХХК,Дарханы Төмөрлөгийн Үйлдвэр ХХК,Iron ore,Төмөр,Fe-58% Төмрийн баяжмал,Fe-58% Төмрийн баяжмал,USD,72.0,72.0,0.0,0.0,sold
447,2024-02-21 14:00,2024-02-21,Дарханы Төмөрлөгийн Үйлдвэр ХХК,Дарханы Төмөрлөгийн Үйлдвэр ХХК,Дарханы Төмөрлөгийн Үйлдвэр ХХК,Iron ore,Төмөр,Iron ore Fe 52%,Fe-52% Төмрийн хүдэр,USD,56.0,56.0,0.0,0.0,sold
446,2024-02-21 12:00,2024-02-21,Монголросцветмет ТӨҮГ,Mongolrostsvetmet (ex-Erdenes Critical Minerals),Монголросцветмет ТӨҮГ /Эрдэнэс критикал минералс ТӨҮГ/,Iron ore,Төмөр,Iron concentrate Fe 65%,Fe-65% Төмрийн баяжмал,USD,95.0,102.5,7.5,7.89,sold
445,2024-02-21 10:00,2024-02-21,Энержи Ресурс ХХК,Energy Resources,Энержи Ресурс ХХК,Coal,Нүүрс,Washed coking coal,Баяжуулсан коксжих нүүрс,CNY,1250.0,1410.0,160.0,12.8,sold
444,2024-02-20 16:00,2024-02-20,Дарханы Төмөрлөгийн Үйлдвэр ХХК,Дарханы Төмөрлөгийн Үйлдвэр ХХК,Дарханы Төмөрлөгийн Үйлдвэр ХХК,Iron ore,Төмөр,Fe-58% Төмрийн баяжмал,Fe-58% Төмрийн баяжмал,USD,72.0,73.5,1.5,2.08,sold
443,2024-02-20 14:00,2024-02-20,Дарханы Төмөрлөгийн Үйлдвэр ХХК,Дарханы Төмөрлөгийн Үйлдвэр ХХК,Дарханы Төмөрлөгийн Үйлдвэр ХХК,Iron ore,Төмөр,Iron ore Fe 52%,Fe-52% Төмрийн хүдэр,USD,56.0,62.5,6.5,11.61,sold
442,2024-02-20 12:00,2024-02-20,Монголросцветмет ТӨҮГ,Mongolrostsvetmet (ex-Erdenes Critical Minerals),Монголросцветмет ТӨҮГ /Эрдэнэс критикал минералс ТӨҮГ/,Iron ore,Төмөр,Iron concentrate Fe 65%,Fe-65% Төмрийн баяжмал,USD,95.0,101.5,6.5,6.84,sold
441,2024-02-20 10:00,2024-02-20,Энержи Ресурс ХХК,Energy Resources,Энержи Ресурс ХХК,Coal,Нүүрс,Washed medium-ash semi-hard coking coal,"Баяжуулсан дунд зэрэг үнстэй, хагас хатуу коксжих нүүрс",CNY,500.0,590.0,90.0,18.0,sold
440,2024-02-19 16:00,2024-02-19,Дарханы Төмөрлөгийн Үйлдвэр ХХК,Дарханы Төмөрлөгийн Үйлдвэр ХХК,Дарханы Төмөрлөгийн Үйлдвэр ХХК,Iron ore,Төмөр,Fe-58% Төмрийн баяжмал,Fe-58% Төмрийн баяжмал,USD,72.0,73.5,1.5,2.08,sold
439,2024-02-19 14:00,2024-02-19,Дарханы Төмөрлөгийн Үйлдвэр ХХК,Дарханы Төмөрлөгийн Үйлдвэр ХХК,Дарханы Төмөрлөгийн Үйлдвэр ХХК,Iron ore,Төмөр,Iron ore Fe 52%,Fe-52% Төмрийн хүдэр,USD,56.0,65.0,9.0,16.07,sold
438,2024-02-19 12:00,2024-02-19,Монголросцветмет ТӨҮГ,Mongolrostsvetmet (ex-Erdenes Critical Minerals),Монголросцветмет ТӨҮГ /Эрдэнэс критикал минералс ТӨҮГ/,Iron ore,Төмөр,Iron concentrate Fe 65%,Fe-65% Төмрийн баяжмал,USD,95.0,99.5,4.5,4.74,sold
437,2024-02-16 16:00,2024-02-16,Дарханы Төмөрлөгийн Үйлдвэр ХХК,Дарханы Төмөрлөгийн Үйлдвэр ХХК,Дарханы Төмөрлөгийн Үйлдвэр ХХК,Iron ore,Төмөр,Iron ore Fe 52%,Fe-52% Төмрийн хүдэр,USD,56.0,56.0,0.0,0.0,sold
436,2024-02-16 14:00,2024-02-16,Дарханы Төмөрлөгийн Үйлдвэр ХХК,Дарханы Төмөрлөгийн Үйлдвэр ХХК,Дарханы Төмөрлөгийн Үйлдвэр ХХК,Iron ore,Төмөр,Fe-58% Төмрийн баяжмал,Fe-58% Төмрийн баяжмал,USD,72.0,76.5,4.5,6.25,sold
435,2024-02-16 12:00,2024-02-16,Монголросцветмет ТӨҮГ,Mongolrostsvetmet (ex-Erdenes Critical Minerals),Монголросцветмет ТӨҮГ /Эрдэнэс критикал минералс ТӨҮГ/,Iron ore,Төмөр,Iron concentrate Fe 65%,Fe-65% Төмрийн баяжмал,USD,,,,,no_bid
434,2024-02-16 10:00,2024-02-16,Энержи Ресурс ХХК,Energy Resources,Энержи Ресурс ХХК,Coal,Нүүрс,Washed coking coal,Баяжуулсан коксжих нүүрс,CNY,1250.0,1410.0,160.0,12.8,sold
433,2024-02-15 14:00,2024-02-15,Эрдэнэс Тавантолгой ХК,Erdenes Tavan Tolgoi,Эрдэнэс Тавантолгой ХК,Coal,Нүүрс,1/3 coking coal,1/3 коксжих нүүрс,USD,89.1,117.6,28.5,31.99,sold
432,2024-02-15 12:00,2024-02-15,Монголросцветмет ТӨҮГ,Mongolrostsvetmet (ex-Erdenes Critical Minerals),Монголросцветмет ТӨҮГ /Эрдэнэс критикал минералс ТӨҮГ/,Iron ore,Төмөр,Iron concentrate Fe 65%,Fe-65% Төмрийн баяжмал,USD,,,,,no_bid
431,2024-02-15 10:00,2024-02-15,Энержи Ресурс ХХК,Energy Resources,Энержи Ресурс ХХК,Coal,Нүүрс,Washed coking coal,Баяжуулсан коксжих нүүрс,CNY,1250.0,1440.0,190.0,15.2,sold
430,2024-02-14 16:00,2024-02-14,Андын Илч ХХК,Андын Илч ХХК,Андын Илч ХХК,Coal,Нүүрс,Чийг багатай хүрэн нүүрс,Чийг багатай хүрэн нүүрс,CNY,,,,,no_bid
429,2024-02-14 14:00,2024-02-14,Монголросцветмет ТӨҮГ,Mongolrostsvetmet (ex-Erdenes Critical Minerals),Монголросцветмет ТӨҮГ /Эрдэнэс критикал минералс ТӨҮГ/,Iron ore,Төмөр,Iron concentrate Fe 65%,Fe-65% Төмрийн баяжмал,USD,95.0,95.0,0.0,0.0,sold
428,2024-02-14 12:00,2024-02-14,Монголросцветмет ТӨҮГ,Mongolrostsvetmet (ex-Erdenes Critical Minerals),Монголросцветмет ТӨҮГ /Эрдэнэс критикал минералс ТӨҮГ/,Iron ore,Төмөр,Iron concentrate Fe 65%,Fe-65% Төмрийн баяжмал,USD,,,,,no_bid
427,2024-02-14 10:00,2024-02-14,Энержи Ресурс ХХК,Energy Resources,Энержи Ресурс ХХК,Coal,Нүүрс,Washed coking coal,Баяжуулсан коксжих нүүрс,CNY,1250.0,1420.0,170.0,13.6,sold
426,2024-02-13 12:00,2024-02-13,Монголросцветмет ТӨҮГ,Mongolrostsvetmet (ex-Erdenes Critical Minerals),Монголросцветмет ТӨҮГ /Эрдэнэс критикал минералс ТӨҮГ/,Iron ore,Төмөр,Iron concentrate Fe 65%,Fe-65% Төмрийн баяжмал,USD,,,,,no_bid
425,2024-02-13 10:00,2024-02-13,Энержи Ресурс ХХК,Energy Resources,Энержи Ресурс ХХК,Coal,Нүүрс,Washed coking coal,Баяжуулсан коксжих нүүрс,CNY,1250.0,1420.0,170.0,13.6,sold
424,2024-02-09 14:00,2024-02-09,Эрдэнэс Тавантолгой ХК,Erdenes Tavan Tolgoi,Эрдэнэс Тавантолгой ХК,Coal,Нүүрс,1/3 coking coal,1/3 коксжих нүүрс,USD,89.1,115.6,26.5,29.74,sold
423,2024-02-09 12:00,2024-02-09,Дарханы Төмөрлөгийн Үйлдвэр ХХК,Дарханы Төмөрлөгийн Үйлдвэр ХХК,Дарханы Төмөрлөгийн Үйлдвэр ХХК,Iron ore,Төмөр,Fe-58% Төмрийн баяжмал,Fe-58% Төмрийн баяжмал,USD,72.0,80.5,8.5,11.81,sold
422,2024-02-09 10:00,2024-02-09,Энержи Ресурс ХХК,Energy Resources,Энержи Ресурс ХХК,Coal,Нүүрс,Washed coking coal,Баяжуулсан коксжих нүүрс,CNY,1250.0,1410.0,160.0,12.8,sold
421,2024-02-08 16:00,2024-02-08,Дарханы Төмөрлөгийн Үйлдвэр ХХК,Дарханы Төмөрлөгийн Үйлдвэр ХХК,Дарханы Төмөрлөгийн Үйлдвэр ХХК,Iron ore,Төмөр,Fe-58% Төмрийн баяжмал,Fe-58% Төмрийн баяжмал,USD,72.0,75.5,3.5,4.86,sold
420,2024-02-08 14:00,2024-02-08,Дарханы Төмөрлөгийн Үйлдвэр ХХК,Дарханы Төмөрлөгийн Үйлдвэр ХХК,Дарханы Төмөрлөгийн Үйлдвэр ХХК,Iron ore,Төмөр,Iron ore Fe 52%,Fe-52% Төмрийн хүдэр,USD,65.0,70.5,5.5,8.46,sold
419,2024-02-08 12:00,2024-02-08,Монголросцветмет ТӨҮГ,Mongolrostsvetmet (ex-Erdenes Critical Minerals),Монголросцветмет ТӨҮГ /Эрдэнэс критикал минералс ТӨҮГ/,Iron ore,Төмөр,Iron concentrate Fe 65%,Fe-65% Төмрийн баяжмал,USD,,,,,no_bid
418,2024-02-08 10:00,2024-02-08,Энержи Ресурс ХХК,Energy Resources,Энержи Ресурс ХХК,Coal,Нүүрс,Washed coking coal,Баяжуулсан коксжих нүүрс,CNY,1250.0,1410.0,160.0,12.8,sold
417,2024-02-07 16:00,2024-02-07,Дарханы Төмөрлөгийн Үйлдвэр ХХК,Дарханы Төмөрлөгийн Үйлдвэр ХХК,Дарханы Төмөрлөгийн Үйлдвэр ХХК,Iron ore,Төмөр,Fe-58% Төмрийн баяжмал,Fe-58% Төмрийн баяжмал,USD,72.0,75.0,3.0,4.17,sold
416,2024-02-07 14:00,2024-02-07,Дарханы Төмөрлөгийн Үйлдвэр ХХК,Дарханы Төмөрлөгийн Үйлдвэр ХХК,Дарханы Төмөрлөгийн Үйлдвэр ХХК,Iron ore,Төмөр,Iron ore Fe 52%,Fe-52% Төмрийн хүдэр,USD,65.0,70.0,5.0,7.69,sold
415,2024-02-07 12:00,2024-02-07,Монголросцветмет ТӨҮГ,Mongolrostsvetmet (ex-Erdenes Critical Minerals),Монголросцветмет ТӨҮГ /Эрдэнэс критикал минералс ТӨҮГ/,Iron ore,Төмөр,Iron concentrate Fe 65%,Fe-65% Төмрийн баяжмал,USD,,,,,no_bid
414,2024-02-07 10:00,2024-02-07,Энержи Ресурс ХХК,Energy Resources,Энержи Ресурс ХХК,Coal,Нүүрс,Washed coking coal,Баяжуулсан коксжих нүүрс,CNY,1250.0,1410.0,160.0,12.8,sold
413,2024-02-06 14:00,2024-02-06,Дарханы Төмөрлөгийн Үйлдвэр ХХК,Дарханы Төмөрлөгийн Үйлдвэр ХХК,Дарханы Төмөрлөгийн Үйлдвэр ХХК,Iron ore,Төмөр,Iron ore Fe 52%,Fe-52% Төмрийн хүдэр,USD,65.0,65.0,0.0,0.0,sold
412,2024-02-06 12:00,2024-02-06,Монголросцветмет ТӨҮГ,Mongolrostsvetmet (ex-Erdenes Critical Minerals),Монголросцветмет ТӨҮГ /Эрдэнэс критикал минералс ТӨҮГ/,Iron ore,Төмөр,Iron concentrate Fe 65%,Fe-65% Төмрийн баяжмал,USD,,,,,no_bid
411,2024-02-06 10:00,2024-02-06,Энержи Ресурс ХХК,Energy Resources,Энержи Ресурс ХХК,Coal,Нүүрс,Washed coking coal,Баяжуулсан коксжих нүүрс,CNY,1250.0,1400.0,150.0,12.0,sold
410,2024-02-05 14:00,2024-02-05,Энержи Ресурс ХХК,Energy Resources,Энержи Ресурс ХХК,Coal,Нүүрс,Washed coking coal,Баяжуулсан коксжих нүүрс,CNY,1250.0,1390.0,140.0,11.2,sold
409,2024-02-05 12:00,2024-02-05,Монголросцветмет ТӨҮГ,Mongolrostsvetmet (ex-Erdenes Critical Minerals),Монголросцветмет ТӨҮГ /Эрдэнэс критикал минералс ТӨҮГ/,Iron ore,Төмөр,Iron concentrate Fe 65%,Fe-65% Төмрийн баяжмал,USD,,,,,no_bid
408,2024-02-05 10:00,2024-02-05,Энержи Ресурс ХХК,Energy Resources,Энержи Ресурс ХХК,Coal,Нүүрс,Washed coking coal,Баяжуулсан коксжих нүүрс,CNY,1250.0,1440.0,190.0,15.2,sold
407,2024-02-02 16:00,2024-02-02,Эрдэнэс Тавантолгой ХК,Erdenes Tavan Tolgoi,Эрдэнэс Тавантолгой ХК,Coal,Нүүрс,Medium-volatile coking coal,"Дэгдэмхий бодис дунд, коксжих нүүрс",USD,163.3,163.3,0.0,0.0,sold
406,2024-02-02 14:00,2024-02-02,Дарханы Төмөрлөгийн Үйлдвэр ХХК,Дарханы Төмөрлөгийн Үйлдвэр ХХК,Дарханы Төмөрлөгийн Үйлдвэр ХХК,Iron ore,Төмөр,Fe-58% Төмрийн баяжмал,Fe-58% Төмрийн баяжмал,USD,73.0,73.0,0.0,0.0,sold
405,2024-02-02 12:00,2024-02-02,Монголросцветмет ТӨҮГ,Mongolrostsvetmet (ex-Erdenes Critical Minerals),Монголросцветмет ТӨҮГ /Эрдэнэс критикал минералс ТӨҮГ/,Iron ore,Төмөр,Iron concentrate Fe 65%,Fe-65% Төмрийн баяжмал,USD,105.0,105.0,0.0,0.0,sold
404,2024-02-02 10:00,2024-02-02,Энержи Ресурс ХХК,Energy Resources,Энержи Ресурс ХХК,Coal,Нүүрс,Washed medium-ash semi-hard coking coal,"Баяжуулсан дунд зэрэг үнстэй, хагас хатуу коксжих нүүрс",CNY,500.0,570.0,70.0,14.0,sold
403,2024-02-01 14:00,2024-02-01,Дарханы Төмөрлөгийн Үйлдвэр ХХК,Дарханы Төмөрлөгийн Үйлдвэр ХХК,Дарханы Төмөрлөгийн Үйлдвэр ХХК,Iron ore,Төмөр,Fe-58% Төмрийн баяжмал,Fe-58% Төмрийн баяжмал,USD,73.0,77.0,4.0,5.48,sold
402,2024-02-01 12:00,2024-02-01,Монголросцветмет ТӨҮГ,Mongolrostsvetmet (ex-Erdenes Critical Minerals),Монголросцветмет ТӨҮГ /Эрдэнэс критикал минералс ТӨҮГ/,Iron ore,Төмөр,Iron concentrate Fe 65%,Fe-65% Төмрийн баяжмал,USD,105.0,105.0,0.0,0.0,sold
401,2024-02-01 10:00,2024-02-01,Энержи Ресурс ХХК,Energy Resources,Энержи Ресурс ХХК,Coal,Нүүрс,Washed coking coal,Баяжуулсан коксжих нүүрс,CNY,1250.0,1480.0,230.0,18.4,sold
400,2024-01-31 14:00,2024-01-31,Дарханы Төмөрлөгийн Үйлдвэр ХХК,Дарханы Төмөрлөгийн Үйлдвэр ХХК,Дарханы Төмөрлөгийн Үйлдвэр ХХК,Iron ore,Төмөр,Fe-58% Төмрийн баяжмал,Fe-58% Төмрийн баяжмал,USD,73.0,73.0,0.0,0.0,sold
399,2024-01-31 12:00,2024-01-31,Монголросцветмет ТӨҮГ,Mongolrostsvetmet (ex-Erdenes Critical Minerals),Монголросцветмет ТӨҮГ /Эрдэнэс критикал минералс ТӨҮГ/,Iron ore,Төмөр,Iron concentrate Fe 65%,Fe-65% Төмрийн баяжмал,USD,,,,,no_bid
398,2024-01-31 10:00,2024-01-31,Энержи Ресурс ХХК,Energy Resources,Энержи Ресурс ХХК,Coal,Нүүрс,Washed coking coal,Баяжуулсан коксжих нүүрс,CNY,1250.0,1460.0,210.0,16.8,sold
397,2024-01-30 12:00,2024-01-30,Монголросцветмет ТӨҮГ,Mongolrostsvetmet (ex-Erdenes Critical Minerals),Монголросцветмет ТӨҮГ /Эрдэнэс критикал минералс ТӨҮГ/,Iron ore,Төмөр,Iron concentrate Fe 65%,Fe-65% Төмрийн баяжмал,USD,105.0,105.0,0.0,0.0,sold
396,2024-01-30 10:00,2024-01-30,Энержи Ресурс ХХК,Energy Resources,Энержи Ресурс ХХК,Coal,Нүүрс,Washed coking coal,Баяжуулсан коксжих нүүрс,CNY,1250.0,1490.0,240.0,19.2,sold
395,2024-01-29 12:00,2024-01-29,Монголросцветмет ТӨҮГ,Mongolrostsvetmet (ex-Erdenes Critical Minerals),Монголросцветмет ТӨҮГ /Эрдэнэс критикал минералс ТӨҮГ/,Iron ore,Төмөр,Iron concentrate Fe 65%,Fe-65% Төмрийн баяжмал,USD,105.0,105.0,0.0,0.0,sold
394,2024-01-29 10:00,2024-01-29,Энержи Ресурс ХХК,Energy Resources,Энержи Ресурс ХХК,Coal,Нүүрс,Washed coking coal,Баяжуулсан коксжих нүүрс,CNY,1250.0,1480.0,230.0,18.4,sold
393,2024-01-26 16:00,2024-01-26,Дарханы Төмөрлөгийн Үйлдвэр ХХК,Дарханы Төмөрлөгийн Үйлдвэр ХХК,Дарханы Төмөрлөгийн Үйлдвэр ХХК,Iron ore,Төмөр,Fe-58% Төмрийн баяжмал,Fe-58% Төмрийн баяжмал,USD,,,,,no_bid
392,2024-01-26 14:00,2024-01-26,Эрдэнэс Тавантолгой ХК,Erdenes Tavan Tolgoi,Эрдэнэс Тавантолгой ХК,Coal,Нүүрс,1/3 coking coal,1/3 коксжих нүүрс,USD,89.1,115.1,26.0,29.18,sold
391,2024-01-26 12:00,2024-01-26,Монголросцветмет ТӨҮГ,Mongolrostsvetmet (ex-Erdenes Critical Minerals),Монголросцветмет ТӨҮГ /Эрдэнэс критикал минералс ТӨҮГ/,Iron ore,Төмөр,Iron ore Fe 52%,Fe-52% Төмрийн хүдэр,USD,75.0,83.0,8.0,10.67,sold
390,2024-01-26 10:00,2024-01-26,Энержи Ресурс ХХК,Energy Resources,Энержи Ресурс ХХК,Coal,Нүүрс,Washed medium-ash semi-hard coking coal,"Баяжуулсан дунд зэрэг үнстэй, хагас хатуу коксжих нүүрс",CNY,500.0,560.0,60.0,12.0,sold
389,2024-01-25 16:00,2024-01-25,Дарханы Төмөрлөгийн Үйлдвэр ХХК,Дарханы Төмөрлөгийн Үйлдвэр ХХК,Дарханы Төмөрлөгийн Үйлдвэр ХХК,Iron ore,Төмөр,Fe-58% Төмрийн баяжмал,Fe-58% Төмрийн баяжмал,USD,,,,,no_bid
388,2024-01-25 14:00,2024-01-25,Монголросцветмет ТӨҮГ,Mongolrostsvetmet (ex-Erdenes Critical Minerals),Монголросцветмет ТӨҮГ /Эрдэнэс критикал минералс ТӨҮГ/,Iron ore,Төмөр,Iron concentrate Fe 65%,Fe-65% Төмрийн баяжмал,USD,105.0,105.0,0.0,0.0,sold
387,2024-01-25 12:00,2024-01-25,Монголросцветмет ТӨҮГ,Mongolrostsvetmet (ex-Erdenes Critical Minerals),Монголросцветмет ТӨҮГ /Эрдэнэс критикал минералс ТӨҮГ/,Iron ore,Төмөр,Iron ore Fe 52%,Fe-52% Төмрийн хүдэр,USD,75.0,79.0,4.0,5.33,sold
386,2024-01-25 10:00,2024-01-25,Энержи Ресурс ХХК,Energy Resources,Энержи Ресурс ХХК,Coal,Нүүрс,Washed coking coal,Баяжуулсан коксжих нүүрс,CNY,1250.0,1460.0,210.0,16.8,sold
385,2024-01-24 16:00,2024-01-24,Дарханы Төмөрлөгийн Үйлдвэр ХХК,Дарханы Төмөрлөгийн Үйлдвэр ХХК,Дарханы Төмөрлөгийн Үйлдвэр ХХК,Iron ore,Төмөр,Fe-58% Төмрийн баяжмал,Fe-58% Төмрийн баяжмал,USD,,,,,no_bid
384,2024-01-24 14:00,2024-01-24,Монголросцветмет ТӨҮГ,Mongolrostsvetmet (ex-Erdenes Critical Minerals),Монголросцветмет ТӨҮГ /Эрдэнэс критикал минералс ТӨҮГ/,Iron ore,Төмөр,Iron concentrate Fe 65%,Fe-65% Төмрийн баяжмал,USD,105.0,105.0,0.0,0.0,sold
383,2024-01-24 12:00,2024-01-24,Монголросцветмет ТӨҮГ,Mongolrostsvetmet (ex-Erdenes Critical Minerals),Монголросцветмет ТӨҮГ /Эрдэнэс критикал минералс ТӨҮГ/,Iron ore,Төмөр,Iron ore Fe 52%,Fe-52% Төмрийн хүдэр,USD,75.0,75.0,0.0,0.0,sold
382,2024-01-24 10:00,2024-01-24,Энержи Ресурс ХХК,Energy Resources,Энержи Ресурс ХХК,Coal,Нүүрс,Washed coking coal,Баяжуулсан коксжих нүүрс,CNY,1250.0,1370.0,120.0,9.6,sold
381,2024-01-23 16:00,2024-01-23,Монголросцветмет ТӨҮГ,Mongolrostsvetmet (ex-Erdenes Critical Minerals),Монголросцветмет ТӨҮГ /Эрдэнэс критикал минералс ТӨҮГ/,Iron ore,Төмөр,Iron concentrate Fe 65%,Fe-65% Төмрийн баяжмал,USD,105.0,105.0,0.0,0.0,sold
380,2024-01-23 14:00,2024-01-23,Монголросцветмет ТӨҮГ,Mongolrostsvetmet (ex-Erdenes Critical Minerals),Монголросцветмет ТӨҮГ /Эрдэнэс критикал минералс ТӨҮГ/,Iron ore,Төмөр,Iron ore Fe 52%,Fe-52% Төмрийн хүдэр,USD,75.0,79.5,4.5,6.0,sold
379,2024-01-23 12:00,2024-01-23,Энержи Ресурс ХХК,Energy Resources,Энержи Ресурс ХХК,Coal,Нүүрс,Washed medium-ash semi-hard coking coal,"Баяжуулсан дунд зэрэг үнстэй, хагас хатуу коксжих нүүрс",CNY,500.0,550.0,50.0,10.0,sold
378,2024-01-23 10:00,2024-01-23,Энержи Ресурс ХХК,Energy Resources,Энержи Ресурс ХХК,Coal,Нүүрс,Washed coking coal,Баяжуулсан коксжих нүүрс,CNY,1250.0,1410.0,160.0,12.8,sold
377,2024-01-22 16:00,2024-01-22,Монголросцветмет ТӨҮГ,Mongolrostsvetmet (ex-Erdenes Critical Minerals),Монголросцветмет ТӨҮГ /Эрдэнэс критикал минералс ТӨҮГ/,Iron ore,Төмөр,Iron concentrate Fe 65%,Fe-65% Төмрийн баяжмал,USD,105.0,105.0,0.0,0.0,sold
376,2024-01-22 14:00,2024-01-22,Монголросцветмет ТӨҮГ,Mongolrostsvetmet (ex-Erdenes Critical Minerals),Монголросцветмет ТӨҮГ /Эрдэнэс критикал минералс ТӨҮГ/,Iron ore,Төмөр,Iron ore Fe 52%,Fe-52% Төмрийн хүдэр,USD,75.0,79.5,4.5,6.0,sold
375,2024-01-22 12:00,2024-01-22,Энержи Ресурс ХХК,Energy Resources,Энержи Ресурс ХХК,Coal,Нүүрс,Washed medium-ash semi-hard coking coal,"Баяжуулсан дунд зэрэг үнстэй, хагас хатуу коксжих нүүрс",CNY,500.0,560.0,60.0,12.0,sold
374,2024-01-22 10:00,2024-01-22,Энержи Ресурс ХХК,Energy Resources,Энержи Ресурс ХХК,Coal,Нүүрс,Washed coking coal,Баяжуулсан коксжих нүүрс,CNY,1250.0,1380.0,130.0,10.4,sold
373,2024-01-19 16:00,2024-01-19,Эрдэнэс Тавантолгой ХК,Erdenes Tavan Tolgoi,Эрдэнэс Тавантолгой ХК,Coal,Нүүрс,1/3 coking coal,1/3 коксжих нүүрс,USD,93.1,117.1,24.0,25.78,sold
372,2024-01-19 14:00,2024-01-19,Монголросцветмет ТӨҮГ,Mongolrostsvetmet (ex-Erdenes Critical Minerals),Монголросцветмет ТӨҮГ /Эрдэнэс критикал минералс ТӨҮГ/,Iron ore,Төмөр,Iron concentrate Fe 65%,Fe-65% Төмрийн баяжмал,USD,,,,,no_bid
371,2024-01-19 12:00,2024-01-19,Дарханы Төмөрлөгийн Үйлдвэр ХХК,Дарханы Төмөрлөгийн Үйлдвэр ХХК,Дарханы Төмөрлөгийн Үйлдвэр ХХК,Iron ore,Төмөр,Fe-58% Төмрийн баяжмал,Fe-58% Төмрийн баяжмал,USD,,,,,no_bid
370,2024-01-18 16:00,2024-01-18,Монголросцветмет ТӨҮГ,Mongolrostsvetmet (ex-Erdenes Critical Minerals),Монголросцветмет ТӨҮГ /Эрдэнэс критикал минералс ТӨҮГ/,Iron ore,Төмөр,Iron concentrate Fe 65%,Fe-65% Төмрийн баяжмал,USD,,,,,no_bid
369,2024-01-18 14:00,2024-01-18,Хангад Эксплорэйшн ХХК,Khangad Exploration,Хангад Эксплорэйшн ХХК,Coal,Нүүрс,Washed semi-soft coking coal,Баяжуулсан сул коксжих нүүрс,CNY,930.0,1100.0,170.0,18.28,sold
368,2024-01-18 12:00,2024-01-18,Монголросцветмет ТӨҮГ,Mongolrostsvetmet (ex-Erdenes Critical Minerals),Монголросцветмет ТӨҮГ /Эрдэнэс критикал минералс ТӨҮГ/,Iron ore,Төмөр,Iron concentrate Fe 65%,Fe-65% Төмрийн баяжмал,USD,,,,,no_bid
367,2024-01-18 10:00,2024-01-18,Энержи Ресурс ХХК,Energy Resources,Энержи Ресурс ХХК,Coal,Нүүрс,Washed coking coal,Баяжуулсан коксжих нүүрс,CNY,1300.0,1360.0,60.0,4.62,sold
366,2024-01-17 16:00,2024-01-17,Монголросцветмет ТӨҮГ,Mongolrostsvetmet (ex-Erdenes Critical Minerals),Монголросцветмет ТӨҮГ /Эрдэнэс критикал минералс ТӨҮГ/,Iron ore,Төмөр,Iron concentrate Fe 65%,Fe-65% Төмрийн баяжмал,USD,,,,,no_bid
365,2024-01-17 14:00,2024-01-17,Монголросцветмет ТӨҮГ,Mongolrostsvetmet (ex-Erdenes Critical Minerals),Монголросцветмет ТӨҮГ /Эрдэнэс критикал минералс ТӨҮГ/,Iron ore,Төмөр,Iron concentrate Fe 65%,Fe-65% Төмрийн баяжмал,USD,,,,,no_bid
364,2024-01-17 12:00,2024-01-17,Дарханы Төмөрлөгийн Үйлдвэр ХХК,Дарханы Төмөрлөгийн Үйлдвэр ХХК,Дарханы Төмөрлөгийн Үйлдвэр ХХК,Iron ore,Төмөр,Fe-58% Төмрийн баяжмал,Fe-58% Төмрийн баяжмал,USD,,,,,no_bid
363,2024-01-17 10:00,2024-01-17,Энержи Ресурс ХХК,Energy Resources,Энержи Ресурс ХХК,Coal,Нүүрс,Washed coking coal,Баяжуулсан коксжих нүүрс,CNY,1300.0,1360.0,60.0,4.62,sold
362,2024-01-16 14:00,2024-01-16,Монголросцветмет ТӨҮГ,Mongolrostsvetmet (ex-Erdenes Critical Minerals),Монголросцветмет ТӨҮГ /Эрдэнэс критикал минералс ТӨҮГ/,Iron ore,Төмөр,Iron ore Fe 52%,Fe-52% Төмрийн хүдэр,USD,80.0,80.0,0.0,0.0,sold
361,2024-01-16 12:00,2024-01-16,Монголросцветмет ТӨҮГ,Mongolrostsvetmet (ex-Erdenes Critical Minerals),Монголросцветмет ТӨҮГ /Эрдэнэс критикал минералс ТӨҮГ/,Iron ore,Төмөр,Iron ore Fe 52%,Fe-52% Төмрийн хүдэр,USD,80.0,80.0,0.0,0.0,sold
360,2024-01-16 10:00,2024-01-16,Энержи Ресурс ХХК,Energy Resources,Энержи Ресурс ХХК,Coal,Нүүрс,Washed coking coal,Баяжуулсан коксжих нүүрс,CNY,1300.0,1360.0,60.0,4.62,sold
359,2024-01-15 12:00,2024-01-15,Дарханы Төмөрлөгийн Үйлдвэр ХХК,Дарханы Төмөрлөгийн Үйлдвэр ХХК,Дарханы Төмөрлөгийн Үйлдвэр ХХК,Iron ore,Төмөр,Fe-58% Төмрийн баяжмал,Fe-58% Төмрийн баяжмал,USD,,,,,no_bid
358,2024-01-15 10:00,2024-01-15,Энержи Ресурс ХХК,Energy Resources,Энержи Ресурс ХХК,Coal,Нүүрс,Washed coking coal,Баяжуулсан коксжих нүүрс,CNY,1300.0,1350.0,50.0,3.85,sold
357,2024-01-12 16:00,2024-01-12,Эрдэнэс Тавантолгой ХК,Erdenes Tavan Tolgoi,Эрдэнэс Тавантолгой ХК,Coal,Нүүрс,"Thermal coal (bituminous, non-caking)","Эрчим хүчний нүүрс /Битумт, үл барьцалдах нүүрс/",USD,,,,,no_bid
356,2024-01-12 14:00,2024-01-12,Дарханы Төмөрлөгийн Үйлдвэр ХХК,Дарханы Төмөрлөгийн Үйлдвэр ХХК,Дарханы Төмөрлөгийн Үйлдвэр ХХК,Iron ore,Төмөр,Fe-58% Төмрийн баяжмал,Fe-58% Төмрийн баяжмал,USD,,,,,no_bid
355,2024-01-12 12:00,2024-01-12,Монголросцветмет ТӨҮГ,Mongolrostsvetmet (ex-Erdenes Critical Minerals),Монголросцветмет ТӨҮГ /Эрдэнэс критикал минералс ТӨҮГ/,Iron ore,Төмөр,Iron concentrate Fe 65%,Fe-65% Төмрийн баяжмал,USD,,,,,no_bid
354,2024-01-12 10:00,2024-01-12,Энержи Ресурс ХХК,Energy Resources,Энержи Ресурс ХХК,Coal,Нүүрс,Washed coking coal,Баяжуулсан коксжих нүүрс,CNY,1300.0,1350.0,50.0,3.85,sold
353,2024-01-11 14:00,2024-01-11,Дарханы Төмөрлөгийн Үйлдвэр ХХК,Дарханы Төмөрлөгийн Үйлдвэр ХХК,Дарханы Төмөрлөгийн Үйлдвэр ХХК,Iron ore,Төмөр,Fe-58% Төмрийн баяжмал,Fe-58% Төмрийн баяжмал,USD,,,,,no_bid
352,2024-01-11 12:00,2024-01-11,Монголросцветмет ТӨҮГ,Mongolrostsvetmet (ex-Erdenes Critical Minerals),Монголросцветмет ТӨҮГ /Эрдэнэс критикал минералс ТӨҮГ/,Iron ore,Төмөр,Iron concentrate Fe 65%,Fe-65% Төмрийн баяжмал,USD,,,,,no_bid
351,2024-01-11 10:00,2024-01-11,Энержи Ресурс ХХК,Energy Resources,Энержи Ресурс ХХК,Coal,Нүүрс,Washed coking coal,Баяжуулсан коксжих нүүрс,CNY,1300.0,1340.0,40.0,3.08,sold
350,2024-01-10 16:00,2024-01-10,Монголросцветмет ТӨҮГ,Mongolrostsvetmet (ex-Erdenes Critical Minerals),Монголросцветмет ТӨҮГ /Эрдэнэс критикал минералс ТӨҮГ/,Iron ore,Төмөр,Iron concentrate Fe 65%,Fe-65% Төмрийн баяжмал,USD,116.0,116.0,0.0,0.0,sold
349,2024-01-10 14:00,2024-01-10,Дарханы Төмөрлөгийн Үйлдвэр ХХК,Дарханы Төмөрлөгийн Үйлдвэр ХХК,Дарханы Төмөрлөгийн Үйлдвэр ХХК,Iron ore,Төмөр,Fe-58% Төмрийн баяжмал,Fe-58% Төмрийн баяжмал,USD,,,,,no_bid
348,2024-01-10 12:00,2024-01-10,Монголросцветмет ТӨҮГ,Mongolrostsvetmet (ex-Erdenes Critical Minerals),Монголросцветмет ТӨҮГ /Эрдэнэс критикал минералс ТӨҮГ/,Iron ore,Төмөр,Iron concentrate Fe 65%,Fe-65% Төмрийн баяжмал,USD,116.0,116.0,0.0,0.0,sold
347,2024-01-10 10:00,2024-01-10,Энержи Ресурс ХХК,Energy Resources,Энержи Ресурс ХХК,Coal,Нүүрс,Washed coking coal,Баяжуулсан коксжих нүүрс,CNY,1300.0,1330.0,30.0,2.31,sold
346,2024-01-09 10:00,2024-01-09,Энержи Ресурс ХХК,Energy Resources,Энержи Ресурс ХХК,Coal,Нүүрс,Washed medium-ash semi-hard coking coal,"Баяжуулсан дунд зэрэг үнстэй, хагас хатуу коксжих нүүрс",CNY,510.0,540.0,30.0,5.88,sold
345,2024-01-08 12:00,2024-01-08,Монголросцветмет ТӨҮГ,Mongolrostsvetmet (ex-Erdenes Critical Minerals),Монголросцветмет ТӨҮГ /Эрдэнэс критикал минералс ТӨҮГ/,Iron ore,Төмөр,Iron ore Fe 52%,Fe-52% Төмрийн хүдэр,USD,,,,,no_bid
344,2024-01-05 12:00,2024-01-05,Эрдэнэс Тавантолгой ХК,Erdenes Tavan Tolgoi,Эрдэнэс Тавантолгой ХК,Coal,Нүүрс,Дэгдэмхий бодис дундаас их хийн нүүрс,Дэгдэмхий бодис дундаас их хийн нүүрс,USD,86.4,98.9,12.5,14.47,sold
343,2023-12-28 12:00,2023-12-28,Дарханы Төмөрлөгийн Үйлдвэр ХХК,Дарханы Төмөрлөгийн Үйлдвэр ХХК,Дарханы Төмөрлөгийн Үйлдвэр ХХК,Iron ore,Төмөр,Fe-58% Төмрийн баяжмал,Fe-58% Төмрийн баяжмал,USD,80.0,80.0,0.0,0.0,sold
342,2023-12-28 10:00,2023-12-28,Тавантолгой ХК,Tavan Tolgoi JSC,Тавантолгой ХК,Coal,Нүүрс,Medium-volatile coking coal,"Дэгдэмхий бодис дунд, коксжих нүүрс",USD,158.87,173.37,14.5,9.13,sold
341,2023-12-27 12:00,2023-12-27,Дарханы Төмөрлөгийн Үйлдвэр ХХК,Дарханы Төмөрлөгийн Үйлдвэр ХХК,Дарханы Төмөрлөгийн Үйлдвэр ХХК,Iron ore,Төмөр,Fe-58% Төмрийн баяжмал,Fe-58% Төмрийн баяжмал,USD,80.0,80.5,0.5,0.63,sold
340,2023-12-27 10:00,2023-12-27,Энержи Ресурс ХХК,Energy Resources,Энержи Ресурс ХХК,Coal,Нүүрс,Washed coking coal,Баяжуулсан коксжих нүүрс,CNY,1330.0,1330.0,0.0,0.0,sold
339,2023-12-26 14:00,2023-12-26,Монголросцветмет ТӨҮГ,Mongolrostsvetmet (ex-Erdenes Critical Minerals),Монголросцветмет ТӨҮГ /Эрдэнэс критикал минералс ТӨҮГ/,Iron ore,Төмөр,Iron ore Fe 52%,Fe-52% Төмрийн хүдэр,USD,,,,,no_bid
338,2023-12-26 12:00,2023-12-26,Дарханы Төмөрлөгийн Үйлдвэр ХХК,Дарханы Төмөрлөгийн Үйлдвэр ХХК,Дарханы Төмөрлөгийн Үйлдвэр ХХК,Iron ore,Төмөр,Fe-58% Төмрийн баяжмал,Fe-58% Төмрийн баяжмал,USD,80.0,80.5,0.5,0.63,sold
337,2023-12-26 10:00,2023-12-26,Энержи Ресурс ХХК,Energy Resources,Энержи Ресурс ХХК,Coal,Нүүрс,Washed coking coal,Баяжуулсан коксжих нүүрс,CNY,1330.0,1340.0,10.0,0.75,sold
336,2023-12-25 14:00,2023-12-25,Дарханы Төмөрлөгийн Үйлдвэр ХХК,Дарханы Төмөрлөгийн Үйлдвэр ХХК,Дарханы Төмөрлөгийн Үйлдвэр ХХК,Iron ore,Төмөр,Fe-58% Төмрийн баяжмал,Fe-58% Төмрийн баяжмал,USD,80.0,80.0,0.0,0.0,sold
335,2023-12-25 12:00,2023-12-25,Дарханы Төмөрлөгийн Үйлдвэр ХХК,Дарханы Төмөрлөгийн Үйлдвэр ХХК,Дарханы Төмөрлөгийн Үйлдвэр ХХК,Iron ore,Төмөр,Fe-58% Төмрийн баяжмал,Fe-58% Төмрийн баяжмал,USD,80.0,80.0,0.0,0.0,sold
334,2023-12-25 10:00,2023-12-25,Энержи Ресурс ХХК,Energy Resources,Энержи Ресурс ХХК,Coal,Нүүрс,Washed coking coal,Баяжуулсан коксжих нүүрс,CNY,1330.0,1330.0,0.0,0.0,sold
333,2023-12-22 16:00,2023-12-22,Эрдэнэс Тавантолгой ХК,Erdenes Tavan Tolgoi,Эрдэнэс Тавантолгой ХК,Coal,Нүүрс,Medium-volatile coking coal,"Дэгдэмхий бодис дунд, коксжих нүүрс",USD,172.3,174.8,2.5,1.45,sold
332,2023-12-22 14:00,2023-12-22,Дарханы Төмөрлөгийн Үйлдвэр ХХК,Дарханы Төмөрлөгийн Үйлдвэр ХХК,Дарханы Төмөрлөгийн Үйлдвэр ХХК,Iron ore,Төмөр,Fe-58% Төмрийн баяжмал,Fe-58% Төмрийн баяжмал,USD,80.0,80.5,0.5,0.63,sold
331,2023-12-22 12:00,2023-12-22,Дарханы Төмөрлөгийн Үйлдвэр ХХК,Дарханы Төмөрлөгийн Үйлдвэр ХХК,Дарханы Төмөрлөгийн Үйлдвэр ХХК,Iron ore,Төмөр,Fe-58% Төмрийн баяжмал,Fe-58% Төмрийн баяжмал,USD,80.0,81.5,1.5,1.88,sold
330,2023-12-22 10:00,2023-12-22,Энержи Ресурс ХХК,Energy Resources,Энержи Ресурс ХХК,Coal,Нүүрс,Washed coking coal,Баяжуулсан коксжих нүүрс,CNY,1330.0,1330.0,0.0,0.0,sold
325,2023-12-21 18:00,2023-12-21,Дарханы Төмөрлөгийн Үйлдвэр ХХК,Дарханы Төмөрлөгийн Үйлдвэр ХХК,Дарханы Төмөрлөгийн Үйлдвэр ХХК,Iron ore,Төмөр,Fe-58% Төмрийн баяжмал,Fe-58% Төмрийн баяжмал,USD,80.0,80.5,0.5,0.63,sold
329,2023-12-21 16:00,2023-12-21,Эрдэнэс Тавантолгой ХК,Erdenes Tavan Tolgoi,Эрдэнэс Тавантолгой ХК,Coal,Нүүрс,"Thermal coal (bituminous, non-caking)","Эрчим хүчний нүүрс /Битумт, үл барьцалдах нүүрс/",USD,61.9,61.9,0.0,0.0,sold
328,2023-12-21 14:00,2023-12-21,Дарханы Төмөрлөгийн Үйлдвэр ХХК,Дарханы Төмөрлөгийн Үйлдвэр ХХК,Дарханы Төмөрлөгийн Үйлдвэр ХХК,Iron ore,Төмөр,Fe-58% Төмрийн баяжмал,Fe-58% Төмрийн баяжмал,USD,78.0,79.0,1.0,1.28,sold
327,2023-12-21 12:00,2023-12-21,Дарханы Төмөрлөгийн Үйлдвэр ХХК,Дарханы Төмөрлөгийн Үйлдвэр ХХК,Дарханы Төмөрлөгийн Үйлдвэр ХХК,Iron ore,Төмөр,Fe-58% Төмрийн баяжмал,Fe-58% Төмрийн баяжмал,USD,,,,,no_bid
326,2023-12-21 10:00,2023-12-21,Энержи Ресурс ХХК,Energy Resources,Энержи Ресурс ХХК,Coal,Нүүрс,Washed coking coal,Баяжуулсан коксжих нүүрс,CNY,1330.0,1370.0,40.0,3.01,sold
324,2023-12-20 10:00,2023-12-20,Энержи Ресурс ХХК,Energy Resources,Энержи Ресурс ХХК,Coal,Нүүрс,Washed coking coal,Баяжуулсан коксжих нүүрс,CNY,1330.0,1350.0,20.0,1.5,sold
323,2023-12-19 12:00,2023-12-19,Андын Илч ХХК,Андын Илч ХХК,Андын Илч ХХК,Coal,Нүүрс,Чийг багатай хүрэн нүүрс,Чийг багатай хүрэн нүүрс,CNY,220.0,220.0,0.0,0.0,sold
322,2023-12-19 10:00,2023-12-19,Энержи Ресурс ХХК,Energy Resources,Энержи Ресурс ХХК,Coal,Нүүрс,Washed coking coal,Баяжуулсан коксжих нүүрс,CNY,1330.0,1360.0,30.0,2.26,sold
321,2023-12-18 16:00,2023-12-18,Монголросцветмет ТӨҮГ,Mongolrostsvetmet (ex-Erdenes Critical Minerals),Монголросцветмет ТӨҮГ /Эрдэнэс критикал минералс ТӨҮГ/,Iron ore,Төмөр,Iron ore Fe 52%,Fe-52% Төмрийн хүдэр,USD,,,,,no_bid
320,2023-12-18 14:00,2023-12-18,Энержи Ресурс ХХК,Energy Resources,Энержи Ресурс ХХК,Coal,Нүүрс,Washed medium-ash semi-hard coking coal,"Баяжуулсан дунд зэрэг үнстэй, хагас хатуу коксжих нүүрс",CNY,530.0,560.0,30.0,5.66,sold
319,2023-12-18 10:00,2023-12-18,Энержи Ресурс ХХК,Energy Resources,Энержи Ресурс ХХК,Coal,Нүүрс,Washed coking coal,Баяжуулсан коксжих нүүрс,CNY,1330.0,1360.0,30.0,2.26,sold
318,2023-12-15 16:00,2023-12-15,Тавантолгой ХК,Tavan Tolgoi JSC,Тавантолгой ХК,Coal,Нүүрс,Medium-volatile coking coal,"Дэгдэмхий бодис дунд, коксжих нүүрс",USD,149.0,172.0,23.0,15.44,sold
317,2023-12-15 14:00,2023-12-15,Дарханы Төмөрлөгийн Үйлдвэр ХХК,Дарханы Төмөрлөгийн Үйлдвэр ХХК,Дарханы Төмөрлөгийн Үйлдвэр ХХК,Iron ore,Төмөр,Fe-58% Төмрийн баяжмал,Fe-58% Төмрийн баяжмал,USD,,,,,no_bid
316,2023-12-15 12:00,2023-12-15,Монголросцветмет ТӨҮГ,Mongolrostsvetmet (ex-Erdenes Critical Minerals),Монголросцветмет ТӨҮГ /Эрдэнэс критикал минералс ТӨҮГ/,Iron ore,Төмөр,Iron ore Fe 52%,Fe-52% Төмрийн хүдэр,USD,85.0,87.0,2.0,2.35,sold
315,2023-12-15 10:00,2023-12-15,Энержи Ресурс ХХК,Energy Resources,Энержи Ресурс ХХК,Coal,Нүүрс,Washed coking coal,Баяжуулсан коксжих нүүрс,CNY,1330.0,1410.0,80.0,6.02,sold
314,2023-12-14 14:00,2023-12-14,Эрдэнэс Тавантолгой ХК,Erdenes Tavan Tolgoi,Эрдэнэс Тавантолгой ХК,Coal,Нүүрс,"Thermal coal (bituminous, non-caking)","Эрчим хүчний нүүрс /Битумт, үл барьцалдах нүүрс/",USD,61.8,61.8,0.0,0.0,sold
313,2023-12-14 12:00,2023-12-14,Монголросцветмет ТӨҮГ,Mongolrostsvetmet (ex-Erdenes Critical Minerals),Монголросцветмет ТӨҮГ /Эрдэнэс критикал минералс ТӨҮГ/,Iron ore,Төмөр,Iron ore Fe 52%,Fe-52% Төмрийн хүдэр,USD,85.0,90.5,5.5,6.47,sold
312,2023-12-14 10:00,2023-12-14,Энержи Ресурс ХХК,Energy Resources,Энержи Ресурс ХХК,Coal,Нүүрс,Washed coking coal,Баяжуулсан коксжих нүүрс,CNY,1330.0,1410.0,80.0,6.02,sold
311,2023-12-13 14:00,2023-12-13,Дарханы Төмөрлөгийн Үйлдвэр ХХК,Дарханы Төмөрлөгийн Үйлдвэр ХХК,Дарханы Төмөрлөгийн Үйлдвэр ХХК,Iron ore,Төмөр,Fe-58% Төмрийн баяжмал,Fe-58% Төмрийн баяжмал,USD,,,,,no_bid
310,2023-12-13 12:00,2023-12-13,Монголросцветмет ТӨҮГ,Mongolrostsvetmet (ex-Erdenes Critical Minerals),Монголросцветмет ТӨҮГ /Эрдэнэс критикал минералс ТӨҮГ/,Iron ore,Төмөр,Iron ore Fe 52%,Fe-52% Төмрийн хүдэр,USD,85.0,87.0,2.0,2.35,sold
309,2023-12-13 10:00,2023-12-13,Энержи Ресурс ХХК,Energy Resources,Энержи Ресурс ХХК,Coal,Нүүрс,Washed coking coal,Баяжуулсан коксжих нүүрс,CNY,1330.0,1340.0,10.0,0.75,sold
308,2023-12-12 12:00,2023-12-12,Монголросцветмет ТӨҮГ,Mongolrostsvetmet (ex-Erdenes Critical Minerals),Монголросцветмет ТӨҮГ /Эрдэнэс критикал минералс ТӨҮГ/,Iron ore,Төмөр,Iron ore Fe 52%,Fe-52% Төмрийн хүдэр,USD,85.0,87.5,2.5,2.94,sold
307,2023-12-12 10:00,2023-12-12,Энержи Ресурс ХХК,Energy Resources,Энержи Ресурс ХХК,Coal,Нүүрс,Washed coking coal,Баяжуулсан коксжих нүүрс,CNY,1330.0,1410.0,80.0,6.02,sold
306,2023-12-11 16:00,2023-12-11,Дарханы Төмөрлөгийн Үйлдвэр ХХК,Дарханы Төмөрлөгийн Үйлдвэр ХХК,Дарханы Төмөрлөгийн Үйлдвэр ХХК,Iron ore,Төмөр,Fe-58% Төмрийн баяжмал,Fe-58% Төмрийн баяжмал,USD,,,,,no_bid
305,2023-12-11 14:00,2023-12-11,Андын Илч ХХК,Андын Илч ХХК,Андын Илч ХХК,Coal,Нүүрс,Чийг багатай хүрэн нүүрс,Чийг багатай хүрэн нүүрс,CNY,,,,,no_bid
304,2023-12-11 12:00,2023-12-11,Монголросцветмет ТӨҮГ,Mongolrostsvetmet (ex-Erdenes Critical Minerals),Монголросцветмет ТӨҮГ /Эрдэнэс критикал минералс ТӨҮГ/,Iron ore,Төмөр,Iron ore Fe 52%,Fe-52% Төмрийн хүдэр,USD,85.0,87.5,2.5,2.94,sold
303,2023-12-11 10:00,2023-12-11,Энержи Ресурс ХХК,Energy Resources,Энержи Ресурс ХХК,Coal,Нүүрс,Washed coking coal,Баяжуулсан коксжих нүүрс,CNY,1330.0,1450.0,120.0,9.02,sold
302,2023-12-08 16:00,2023-12-08,Дарханы Төмөрлөгийн Үйлдвэр ХХК,Дарханы Төмөрлөгийн Үйлдвэр ХХК,Дарханы Төмөрлөгийн Үйлдвэр ХХК,Iron ore,Төмөр,Fe-58% Төмрийн баяжмал,Fe-58% Төмрийн баяжмал,USD,76.0,76.5,0.5,0.66,sold
301,2023-12-08 14:00,2023-12-08,Энержи Ресурс ХХК,Energy Resources,Энержи Ресурс ХХК,Coal,Нүүрс,Washed coking coal,Баяжуулсан коксжих нүүрс,CNY,1330.0,1460.0,130.0,9.77,sold
300,2023-12-08 12:00,2023-12-08,Монголросцветмет ТӨҮГ,Mongolrostsvetmet (ex-Erdenes Critical Minerals),Монголросцветмет ТӨҮГ /Эрдэнэс критикал минералс ТӨҮГ/,Iron ore,Төмөр,Iron ore Fe 52%,Fe-52% Төмрийн хүдэр,USD,85.0,88.5,3.5,4.12,sold
299,2023-12-08 10:00,2023-12-08,Энержи Ресурс ХХК,Energy Resources,Энержи Ресурс ХХК,Coal,Нүүрс,Washed coking coal,Баяжуулсан коксжих нүүрс,CNY,1330.0,1450.0,120.0,9.02,sold
298,2023-12-07 16:00,2023-12-07,Эрдэнэс Тавантолгой ХК,Erdenes Tavan Tolgoi,Эрдэнэс Тавантолгой ХК,Coal,Нүүрс,1/3 coking coal,1/3 коксжих нүүрс,USD,101.0,126.0,25.0,24.75,sold
297,2023-12-07 14:00,2023-12-07,Энержи Ресурс ХХК,Energy Resources,Энержи Ресурс ХХК,Coal,Нүүрс,Washed coking coal,Баяжуулсан коксжих нүүрс,CNY,1330.0,1450.0,120.0,9.02,sold
296,2023-12-07 12:00,2023-12-07,Монголросцветмет ТӨҮГ,Mongolrostsvetmet (ex-Erdenes Critical Minerals),Монголросцветмет ТӨҮГ /Эрдэнэс критикал минералс ТӨҮГ/,Iron ore,Төмөр,Iron ore Fe 52%,Fe-52% Төмрийн хүдэр,USD,85.0,86.0,1.0,1.18,sold
295,2023-12-07 10:00,2023-12-07,Энержи Ресурс ХХК,Energy Resources,Энержи Ресурс ХХК,Coal,Нүүрс,Washed coking coal,Баяжуулсан коксжих нүүрс,CNY,1330.0,1440.0,110.0,8.27,sold
294,2023-12-06 16:00,2023-12-06,Дарханы Төмөрлөгийн Үйлдвэр ХХК,Дарханы Төмөрлөгийн Үйлдвэр ХХК,Дарханы Төмөрлөгийн Үйлдвэр ХХК,Iron ore,Төмөр,Fe-58% Төмрийн баяжмал,Fe-58% Төмрийн баяжмал,USD,76.0,81.0,5.0,6.58,sold
293,2023-12-06 14:00,2023-12-06,Энержи Ресурс ХХК,Energy Resources,Энержи Ресурс ХХК,Coal,Нүүрс,Washed coking coal,Баяжуулсан коксжих нүүрс,CNY,1330.0,1440.0,110.0,8.27,sold
292,2023-12-06 12:00,2023-12-06,Монголросцветмет ТӨҮГ,Mongolrostsvetmet (ex-Erdenes Critical Minerals),Монголросцветмет ТӨҮГ /Эрдэнэс критикал минералс ТӨҮГ/,Iron ore,Төмөр,Iron ore Fe 52%,Fe-52% Төмрийн хүдэр,USD,85.0,88.0,3.0,3.53,sold
291,2023-12-06 10:00,2023-12-06,Энержи Ресурс ХХК,Energy Resources,Энержи Ресурс ХХК,Coal,Нүүрс,Washed coking coal,Баяжуулсан коксжих нүүрс,CNY,1330.0,1430.0,100.0,7.52,sold
290,2023-12-05 16:00,2023-12-05,Дарханы Төмөрлөгийн Үйлдвэр ХХК,Дарханы Төмөрлөгийн Үйлдвэр ХХК,Дарханы Төмөрлөгийн Үйлдвэр ХХК,Iron ore,Төмөр,Fe-58% Төмрийн баяжмал,Fe-58% Төмрийн баяжмал,USD,76.0,83.0,7.0,9.21,sold
289,2023-12-05 14:00,2023-12-05,Энержи Ресурс ХХК,Energy Resources,Энержи Ресурс ХХК,Coal,Нүүрс,Washed coking coal,Баяжуулсан коксжих нүүрс,CNY,1330.0,1430.0,100.0,7.52,sold
288,2023-12-05 12:00,2023-12-05,Монголросцветмет ТӨҮГ,Mongolrostsvetmet (ex-Erdenes Critical Minerals),Монголросцветмет ТӨҮГ /Эрдэнэс критикал минералс ТӨҮГ/,Iron ore,Төмөр,Iron ore Fe 52%,Fe-52% Төмрийн хүдэр,USD,85.0,88.5,3.5,4.12,sold
287,2023-12-05 10:00,2023-12-05,Энержи Ресурс ХХК,Energy Resources,Энержи Ресурс ХХК,Coal,Нүүрс,Washed coking coal,Баяжуулсан коксжих нүүрс,CNY,1330.0,1450.0,120.0,9.02,sold
286,2023-12-04 14:00,2023-12-04,Энержи Ресурс ХХК,Energy Resources,Энержи Ресурс ХХК,Coal,Нүүрс,Washed coking coal,Баяжуулсан коксжих нүүрс,CNY,1330.0,1500.0,170.0,12.78,sold
285,2023-12-04 12:00,2023-12-04,Монголросцветмет ТӨҮГ,Mongolrostsvetmet (ex-Erdenes Critical Minerals),Монголросцветмет ТӨҮГ /Эрдэнэс критикал минералс ТӨҮГ/,Iron ore,Төмөр,Iron ore Fe 52%,Fe-52% Төмрийн хүдэр,USD,85.0,89.5,4.5,5.29,sold
284,2023-12-04 10:00,2023-12-04,Энержи Ресурс ХХК,Energy Resources,Энержи Ресурс ХХК,Coal,Нүүрс,Washed coking coal,Баяжуулсан коксжих нүүрс,CNY,1330.0,1460.0,130.0,9.77,sold
283,2023-12-01 14:00,2023-12-01,Хангад Эксплорэйшн ХХК,Khangad Exploration,Хангад Эксплорэйшн ХХК,Coal,Нүүрс,Washed semi-soft coking coal,Баяжуулсан сул коксжих нүүрс,CNY,930.0,1170.0,240.0,25.81,sold
282,2023-12-01 12:00,2023-12-01,Монголросцветмет ТӨҮГ,Mongolrostsvetmet (ex-Erdenes Critical Minerals),Монголросцветмет ТӨҮГ /Эрдэнэс критикал минералс ТӨҮГ/,Iron ore,Төмөр,Iron ore Fe 52%,Fe-52% Төмрийн хүдэр,USD,75.0,89.5,14.5,19.33,sold
281,2023-12-01 10:00,2023-12-01,Энержи Ресурс ХХК,Energy Resources,Энержи Ресурс ХХК,Coal,Нүүрс,Washed coking coal,Баяжуулсан коксжих нүүрс,CNY,1330.0,1480.0,150.0,11.28,sold
280,2023-11-30 14:00,2023-11-30,Хангад Эксплорэйшн ХХК,Khangad Exploration,Хангад Эксплорэйшн ХХК,Coal,Нүүрс,Washed semi-soft coking coal,Баяжуулсан сул коксжих нүүрс,CNY,930.0,1170.0,240.0,25.81,sold
279,2023-11-30 12:00,2023-11-30,Монголросцветмет ТӨҮГ,Mongolrostsvetmet (ex-Erdenes Critical Minerals),Монголросцветмет ТӨҮГ /Эрдэнэс критикал минералс ТӨҮГ/,Iron ore,Төмөр,Iron ore Fe 52%,Fe-52% Төмрийн хүдэр,USD,75.0,89.0,14.0,18.67,sold
278,2023-11-30 10:00,2023-11-30,Энержи Ресурс ХХК,Energy Resources,Энержи Ресурс ХХК,Coal,Нүүрс,Washed coking coal,Баяжуулсан коксжих нүүрс,CNY,1330.0,1470.0,140.0,10.53,sold
277,2023-11-29 14:00,2023-11-29,Эрдэнэс Тавантолгой ХК,Erdenes Tavan Tolgoi,Эрдэнэс Тавантолгой ХК,Coal,Нүүрс,Medium-volatile coking coal,"Дэгдэмхий бодис дунд, коксжих нүүрс",USD,151.6,151.6,0.0,0.0,sold
276,2023-11-29 12:00,2023-11-29,Монголросцветмет ТӨҮГ,Mongolrostsvetmet (ex-Erdenes Critical Minerals),Монголросцветмет ТӨҮГ /Эрдэнэс критикал минералс ТӨҮГ/,Iron ore,Төмөр,Iron ore Fe 52%,Fe-52% Төмрийн хүдэр,USD,75.0,88.0,13.0,17.33,sold
275,2023-11-29 10:00,2023-11-29,Энержи Ресурс ХХК,Energy Resources,Энержи Ресурс ХХК,Coal,Нүүрс,Washed coking coal,Баяжуулсан коксжих нүүрс,CNY,1330.0,1430.0,100.0,7.52,sold
274,2023-11-28 14:00,2023-11-28,Хангад Эксплорэйшн ХХК,Khangad Exploration,Хангад Эксплорэйшн ХХК,Coal,Нүүрс,Washed semi-soft coking coal,Баяжуулсан сул коксжих нүүрс,CNY,930.0,1170.0,240.0,25.81,sold
273,2023-11-28 12:00,2023-11-28,Монголросцветмет ТӨҮГ,Mongolrostsvetmet (ex-Erdenes Critical Minerals),Монголросцветмет ТӨҮГ /Эрдэнэс критикал минералс ТӨҮГ/,Iron ore,Төмөр,Iron ore Fe 52%,Fe-52% Төмрийн хүдэр,USD,75.0,86.5,11.5,15.33,sold
272,2023-11-28 10:00,2023-11-28,Энержи Ресурс ХХК,Energy Resources,Энержи Ресурс ХХК,Coal,Нүүрс,Washed coking coal,Баяжуулсан коксжих нүүрс,CNY,1330.0,1430.0,100.0,7.52,sold
271,2023-11-27 12:00,2023-11-27,Монголросцветмет ТӨҮГ,Mongolrostsvetmet (ex-Erdenes Critical Minerals),Монголросцветмет ТӨҮГ /Эрдэнэс критикал минералс ТӨҮГ/,Iron ore,Төмөр,Iron ore Fe 52%,Fe-52% Төмрийн хүдэр,USD,75.0,88.0,13.0,17.33,sold
270,2023-11-27 10:00,2023-11-27,Энержи Ресурс ХХК,Energy Resources,Энержи Ресурс ХХК,Coal,Нүүрс,Washed coking coal,Баяжуулсан коксжих нүүрс,CNY,1330.0,1460.0,130.0,9.77,sold
269,2023-11-24 12:00,2023-11-24,Монголросцветмет ТӨҮГ,Mongolrostsvetmet (ex-Erdenes Critical Minerals),Монголросцветмет ТӨҮГ /Эрдэнэс критикал минералс ТӨҮГ/,Iron ore,Төмөр,Iron ore Fe 52%,Fe-52% Төмрийн хүдэр,USD,75.0,86.5,11.5,15.33,sold
268,2023-11-24 10:00,2023-11-24,Энержи Ресурс ХХК,Energy Resources,Энержи Ресурс ХХК,Coal,Нүүрс,Washed coking coal,Баяжуулсан коксжих нүүрс,CNY,1330.0,1450.0,120.0,9.02,sold
267,2023-11-23 14:00,2023-11-23,Эрдэнэс Тавантолгой ХК,Erdenes Tavan Tolgoi,Эрдэнэс Тавантолгой ХК,Coal,Нүүрс,Medium-volatile coking coal,"Дэгдэмхий бодис дунд, коксжих нүүрс",USD,141.4,147.4,6.0,4.24,sold
266,2023-11-23 12:00,2023-11-23,Монголросцветмет ТӨҮГ,Mongolrostsvetmet (ex-Erdenes Critical Minerals),Монголросцветмет ТӨҮГ /Эрдэнэс критикал минералс ТӨҮГ/,Iron ore,Төмөр,Iron ore Fe 52%,Fe-52% Төмрийн хүдэр,USD,75.0,86.0,11.0,14.67,sold
265,2023-11-23 10:00,2023-11-23,Энержи Ресурс ХХК,Energy Resources,Энержи Ресурс ХХК,Coal,Нүүрс,Washed coking coal,Баяжуулсан коксжих нүүрс,CNY,1330.0,1450.0,120.0,9.02,sold
264,2023-11-22 12:00,2023-11-22,Монголросцветмет ТӨҮГ,Mongolrostsvetmet (ex-Erdenes Critical Minerals),Монголросцветмет ТӨҮГ /Эрдэнэс критикал минералс ТӨҮГ/,Iron ore,Төмөр,Iron ore Fe 52%,Fe-52% Төмрийн хүдэр,USD,75.0,85.5,10.5,14.0,sold
263,2023-11-22 10:00,2023-11-22,Энержи Ресурс ХХК,Energy Resources,Энержи Ресурс ХХК,Coal,Нүүрс,Washed coking coal,Баяжуулсан коксжих нүүрс,CNY,1330.0,1460.0,130.0,9.77,sold
262,2023-11-21 12:00,2023-11-21,Монголросцветмет ТӨҮГ,Mongolrostsvetmet (ex-Erdenes Critical Minerals),Монголросцветмет ТӨҮГ /Эрдэнэс критикал минералс ТӨҮГ/,Iron ore,Төмөр,Iron ore Fe 52%,Fe-52% Төмрийн хүдэр,USD,75.0,87.5,12.5,16.67,sold
261,2023-11-21 10:00,2023-11-21,Энержи Ресурс ХХК,Energy Resources,Энержи Ресурс ХХК,Coal,Нүүрс,Washed coking coal,Баяжуулсан коксжих нүүрс,CNY,1330.0,1460.0,130.0,9.77,sold
260,2023-11-20 14:00,2023-11-20,Энержи Ресурс ХХК,Energy Resources,Энержи Ресурс ХХК,Coal,Нүүрс,Washed coking coal,Баяжуулсан коксжих нүүрс,CNY,1330.0,1470.0,140.0,10.53,sold
259,2023-11-20 12:00,2023-11-20,Монголросцветмет ТӨҮГ,Mongolrostsvetmet (ex-Erdenes Critical Minerals),Монголросцветмет ТӨҮГ /Эрдэнэс критикал минералс ТӨҮГ/,Iron ore,Төмөр,Iron ore Fe 52%,Fe-52% Төмрийн хүдэр,USD,75.0,83.5,8.5,11.33,sold
258,2023-11-20 10:00,2023-11-20,Энержи Ресурс ХХК,Energy Resources,Энержи Ресурс ХХК,Coal,Нүүрс,Washed medium-ash semi-hard coking coal,"Баяжуулсан дунд зэрэг үнстэй, хагас хатуу коксжих нүүрс",CNY,530.0,530.0,0.0,0.0,sold
257,2023-11-17 14:00,2023-11-17,Дарханы Төмөрлөгийн Үйлдвэр ХХК,Дарханы Төмөрлөгийн Үйлдвэр ХХК,Дарханы Төмөрлөгийн Үйлдвэр ХХК,Iron ore,Төмөр,Fe-58% Төмрийн баяжмал,Fe-58% Төмрийн баяжмал,USD,74.0,85.0,11.0,14.86,sold
256,2023-11-17 12:00,2023-11-17,Монголросцветмет ТӨҮГ,Mongolrostsvetmet (ex-Erdenes Critical Minerals),Монголросцветмет ТӨҮГ /Эрдэнэс критикал минералс ТӨҮГ/,Iron ore,Төмөр,Iron ore Fe 52%,Fe-52% Төмрийн хүдэр,USD,72.0,87.5,15.5,21.53,sold
255,2023-11-17 10:00,2023-11-17,Энержи Ресурс ХХК,Energy Resources,Энержи Ресурс ХХК,Coal,Нүүрс,Washed coking coal,Баяжуулсан коксжих нүүрс,CNY,1330.0,1460.0,130.0,9.77,sold
254,2023-11-16 14:00,2023-11-16,Эрдэнэс Тавантолгой ХК,Erdenes Tavan Tolgoi,Эрдэнэс Тавантолгой ХК,Coal,Нүүрс,Medium-volatile coking coal,"Дэгдэмхий бодис дунд, коксжих нүүрс",USD,138.0,140.0,2.0,1.45,sold
253,2023-11-16 12:00,2023-11-16,Монголросцветмет ТӨҮГ,Mongolrostsvetmet (ex-Erdenes Critical Minerals),Монголросцветмет ТӨҮГ /Эрдэнэс критикал минералс ТӨҮГ/,Iron ore,Төмөр,Iron ore Fe 52%,Fe-52% Төмрийн хүдэр,USD,72.0,83.5,11.5,15.97,sold
252,2023-11-16 10:00,2023-11-16,Энержи Ресурс ХХК,Energy Resources,Энержи Ресурс ХХК,Coal,Нүүрс,Washed coking coal,Баяжуулсан коксжих нүүрс,CNY,1330.0,1500.0,170.0,12.78,sold
251,2023-11-15 16:00,2023-11-15,Дарханы Төмөрлөгийн Үйлдвэр ХХК,Дарханы Төмөрлөгийн Үйлдвэр ХХК,Дарханы Төмөрлөгийн Үйлдвэр ХХК,Iron ore,Төмөр,Fe-58% Төмрийн баяжмал,Fe-58% Төмрийн баяжмал,USD,72.0,81.5,9.5,13.19,sold
250,2023-11-15 14:00,2023-11-15,Энержи Ресурс ХХК,Energy Resources,Энержи Ресурс ХХК,Coal,Нүүрс,Washed coking coal,Баяжуулсан коксжих нүүрс,CNY,1330.0,1510.0,180.0,13.53,sold
249,2023-11-15 12:00,2023-11-15,Монголросцветмет ТӨҮГ,Mongolrostsvetmet (ex-Erdenes Critical Minerals),Монголросцветмет ТӨҮГ /Эрдэнэс критикал минералс ТӨҮГ/,Iron ore,Төмөр,Iron ore Fe 52%,Fe-52% Төмрийн хүдэр,USD,72.0,83.0,11.0,15.28,sold
248,2023-11-15 10:00,2023-11-15,Энержи Ресурс ХХК,Energy Resources,Энержи Ресурс ХХК,Coal,Нүүрс,Washed coking coal,Баяжуулсан коксжих нүүрс,CNY,1330.0,1510.0,180.0,13.53,sold
247,2023-11-14 16:00,2023-11-14,Дарханы Төмөрлөгийн Үйлдвэр ХХК,Дарханы Төмөрлөгийн Үйлдвэр ХХК,Дарханы Төмөрлөгийн Үйлдвэр ХХК,Iron ore,Төмөр,Fe-58% Төмрийн баяжмал,Fe-58% Төмрийн баяжмал,USD,74.0,80.5,6.5,8.78,sold
246,2023-11-14 14:00,2023-11-14,Монголросцветмет ТӨҮГ,Mongolrostsvetmet (ex-Erdenes Critical Minerals),Монголросцветмет ТӨҮГ /Эрдэнэс критикал минералс ТӨҮГ/,Iron ore,Төмөр,Iron ore Fe 52%,Fe-52% Төмрийн хүдэр,USD,72.0,77.5,5.5,7.64,sold
245,2023-11-14 12:00,2023-11-14,Монголросцветмет ТӨҮГ,Mongolrostsvetmet (ex-Erdenes Critical Minerals),Монголросцветмет ТӨҮГ /Эрдэнэс критикал минералс ТӨҮГ/,Iron ore,Төмөр,Iron ore Fe 52%,Fe-52% Төмрийн хүдэр,USD,72.0,79.5,7.5,10.42,sold
244,2023-11-14 10:00,2023-11-14,Энержи Ресурс ХХК,Energy Resources,Энержи Ресурс ХХК,Coal,Нүүрс,Washed coking coal,Баяжуулсан коксжих нүүрс,CNY,1330.0,1510.0,180.0,13.53,sold
243,2023-11-10 16:00,2023-11-10,Дарханы Төмөрлөгийн Үйлдвэр ХХК,Дарханы Төмөрлөгийн Үйлдвэр ХХК,Дарханы Төмөрлөгийн Үйлдвэр ХХК,Iron ore,Төмөр,Fe-58% Төмрийн баяжмал,Fe-58% Төмрийн баяжмал,USD,70.0,77.5,7.5,10.71,sold
242,2023-11-10 14:00,2023-11-10,Монголросцветмет ТӨҮГ,Mongolrostsvetmet (ex-Erdenes Critical Minerals),Монголросцветмет ТӨҮГ /Эрдэнэс критикал минералс ТӨҮГ/,Iron ore,Төмөр,Iron ore Fe 52%,Fe-52% Төмрийн хүдэр,USD,70.0,70.0,0.0,0.0,sold
241,2023-11-10 12:00,2023-11-10,Монголросцветмет ТӨҮГ,Mongolrostsvetmet (ex-Erdenes Critical Minerals),Монголросцветмет ТӨҮГ /Эрдэнэс критикал минералс ТӨҮГ/,Iron ore,Төмөр,Iron ore Fe 52%,Fe-52% Төмрийн хүдэр,USD,70.0,80.5,10.5,15.0,sold
240,2023-11-10 10:00,2023-11-10,Энержи Ресурс ХХК,Energy Resources,Энержи Ресурс ХХК,Coal,Нүүрс,Washed coking coal,Баяжуулсан коксжих нүүрс,CNY,1330.0,1460.0,130.0,9.77,sold
239,2023-11-09 14:00,2023-11-09,Эрдэнэс Тавантолгой ХК,Erdenes Tavan Tolgoi,Эрдэнэс Тавантолгой ХК,Coal,Нүүрс,Medium-volatile coking coal,"Дэгдэмхий бодис дунд, коксжих нүүрс",USD,132.0,151.0,19.0,14.39,sold
238,2023-11-09 12:00,2023-11-09,Монголросцветмет ТӨҮГ,Mongolrostsvetmet (ex-Erdenes Critical Minerals),Монголросцветмет ТӨҮГ /Эрдэнэс критикал минералс ТӨҮГ/,Iron ore,Төмөр,Iron ore Fe 52%,Fe-52% Төмрийн хүдэр,USD,70.0,85.0,15.0,21.43,sold
237,2023-11-09 10:00,2023-11-09,Энержи Ресурс ХХК,Energy Resources,Энержи Ресурс ХХК,Coal,Нүүрс,Washed coking coal,Баяжуулсан коксжих нүүрс,CNY,1330.0,1500.0,170.0,12.78,sold
236,2023-11-08 14:00,2023-11-08,Дарханы Төмөрлөгийн Үйлдвэр ХХК,Дарханы Төмөрлөгийн Үйлдвэр ХХК,Дарханы Төмөрлөгийн Үйлдвэр ХХК,Iron ore,Төмөр,Fe-58% Төмрийн баяжмал,Fe-58% Төмрийн баяжмал,USD,68.0,72.5,4.5,6.62,sold
235,2023-11-08 12:00,2023-11-08,Монголросцветмет ТӨҮГ,Mongolrostsvetmet (ex-Erdenes Critical Minerals),Монголросцветмет ТӨҮГ /Эрдэнэс критикал минералс ТӨҮГ/,Iron ore,Төмөр,Iron ore Fe 52%,Fe-52% Төмрийн хүдэр,USD,70.0,85.0,15.0,21.43,sold
234,2023-11-08 10:00,2023-11-08,Энержи Ресурс ХХК,Energy Resources,Энержи Ресурс ХХК,Coal,Нүүрс,Washed coking coal,Баяжуулсан коксжих нүүрс,CNY,1330.0,1450.0,120.0,9.02,sold
233,2023-11-07 14:00,2023-11-07,Тавантолгой ХК,Tavan Tolgoi JSC,Тавантолгой ХК,Coal,Нүүрс,Medium-volatile coking coal,"Дэгдэмхий бодис дунд, коксжих нүүрс",USD,145.1,171.6,26.5,18.26,sold
232,2023-11-07 12:00,2023-11-07,Монголросцветмет ТӨҮГ,Mongolrostsvetmet (ex-Erdenes Critical Minerals),Монголросцветмет ТӨҮГ /Эрдэнэс критикал минералс ТӨҮГ/,Iron ore,Төмөр,Iron ore Fe 52%,Fe-52% Төмрийн хүдэр,USD,70.0,83.0,13.0,18.57,sold
231,2023-11-07 10:00,2023-11-07,Энержи Ресурс ХХК,Energy Resources,Энержи Ресурс ХХК,Coal,Нүүрс,Washed coking coal,Баяжуулсан коксжих нүүрс,CNY,1330.0,1450.0,120.0,9.02,sold
230,2023-11-06 14:00,2023-11-06,Дарханы Төмөрлөгийн Үйлдвэр ХХК,Дарханы Төмөрлөгийн Үйлдвэр ХХК,Дарханы Төмөрлөгийн Үйлдвэр ХХК,Iron ore,Төмөр,Fe-58% Төмрийн баяжмал,Fe-58% Төмрийн баяжмал,USD,70.0,77.0,7.0,10.0,sold
229,2023-11-06 12:00,2023-11-06,Монголросцветмет ТӨҮГ,Mongolrostsvetmet (ex-Erdenes Critical Minerals),Монголросцветмет ТӨҮГ /Эрдэнэс критикал минералс ТӨҮГ/,Iron ore,Төмөр,Iron ore Fe 52%,Fe-52% Төмрийн хүдэр,USD,70.0,78.5,8.5,12.14,sold
228,2023-11-06 10:00,2023-11-06,Энержи Ресурс ХХК,Energy Resources,Энержи Ресурс ХХК,Coal,Нүүрс,Washed coking coal,Баяжуулсан коксжих нүүрс,CNY,1330.0,1370.0,40.0,3.01,sold
227,2023-11-03 16:00,2023-11-03,Эрдэнэс Тавантолгой ХК,Erdenes Tavan Tolgoi,Эрдэнэс Тавантолгой ХК,Coal,Нүүрс,Medium-volatile coking coal,"Дэгдэмхий бодис дунд, коксжих нүүрс",USD,131.7,148.7,17.0,12.91,sold
226,2023-11-03 14:00,2023-11-03,Дарханы Төмөрлөгийн Үйлдвэр ХХК,Дарханы Төмөрлөгийн Үйлдвэр ХХК,Дарханы Төмөрлөгийн Үйлдвэр ХХК,Iron ore,Төмөр,Fe-58% Төмрийн баяжмал,Fe-58% Төмрийн баяжмал,USD,70.0,77.0,7.0,10.0,sold
225,2023-11-03 12:00,2023-11-03,Монголросцветмет ТӨҮГ,Mongolrostsvetmet (ex-Erdenes Critical Minerals),Монголросцветмет ТӨҮГ /Эрдэнэс критикал минералс ТӨҮГ/,Iron ore,Төмөр,Iron concentrate Fe 65%,Fe-65% Төмрийн баяжмал,USD,96.0,104.5,8.5,8.85,sold
224,2023-11-03 10:00,2023-11-03,Энержи Ресурс ХХК,Energy Resources,Энержи Ресурс ХХК,Coal,Нүүрс,Washed coking coal,Баяжуулсан коксжих нүүрс,CNY,1330.0,1480.0,150.0,11.28,sold
223,2023-11-02 12:00,2023-11-02,Монголросцветмет ТӨҮГ,Mongolrostsvetmet (ex-Erdenes Critical Minerals),Монголросцветмет ТӨҮГ /Эрдэнэс критикал минералс ТӨҮГ/,Iron ore,Төмөр,Iron concentrate Fe 65%,Fe-65% Төмрийн баяжмал,USD,96.0,103.0,7.0,7.29,sold
222,2023-11-02 10:00,2023-11-02,Энержи Ресурс ХХК,Energy Resources,Энержи Ресурс ХХК,Coal,Нүүрс,Washed coking coal,Баяжуулсан коксжих нүүрс,CNY,1330.0,1490.0,160.0,12.03,sold
221,2023-11-01 14:00,2023-11-01,Дарханы Төмөрлөгийн Үйлдвэр ХХК,Дарханы Төмөрлөгийн Үйлдвэр ХХК,Дарханы Төмөрлөгийн Үйлдвэр ХХК,Iron ore,Төмөр,Fe-58% Төмрийн баяжмал,Fe-58% Төмрийн баяжмал,USD,68.0,77.5,9.5,13.97,sold
220,2023-11-01 12:00,2023-11-01,Монголросцветмет ТӨҮГ,Mongolrostsvetmet (ex-Erdenes Critical Minerals),Монголросцветмет ТӨҮГ /Эрдэнэс критикал минералс ТӨҮГ/,Iron ore,Төмөр,Iron concentrate Fe 65%,Fe-65% Төмрийн баяжмал,USD,96.0,100.5,4.5,4.69,sold
219,2023-11-01 10:00,2023-11-01,Энержи Ресурс ХХК,Energy Resources,Энержи Ресурс ХХК,Coal,Нүүрс,Washed coking coal,Баяжуулсан коксжих нүүрс,CNY,1330.0,1500.0,170.0,12.78,sold
218,2023-10-31 14:00,2023-10-31,Дарханы Төмөрлөгийн Үйлдвэр ХХК,Дарханы Төмөрлөгийн Үйлдвэр ХХК,Дарханы Төмөрлөгийн Үйлдвэр ХХК,Iron ore,Төмөр,Fe-58% Төмрийн баяжмал,Fe-58% Төмрийн баяжмал,USD,70.0,70.0,0.0,0.0,sold
217,2023-10-31 12:00,2023-10-31,Монголросцветмет ТӨҮГ,Mongolrostsvetmet (ex-Erdenes Critical Minerals),Монголросцветмет ТӨҮГ /Эрдэнэс критикал минералс ТӨҮГ/,Iron ore,Төмөр,Iron concentrate Fe 65%,Fe-65% Төмрийн баяжмал,USD,96.0,102.5,6.5,6.77,sold
216,2023-10-31 10:00,2023-10-31,Энержи Ресурс ХХК,Energy Resources,Энержи Ресурс ХХК,Coal,Нүүрс,Washed coking coal,Баяжуулсан коксжих нүүрс,CNY,1330.0,1450.0,120.0,9.02,sold
215,2023-10-30 16:00,2023-10-30,Дарханы Төмөрлөгийн Үйлдвэр ХХК,Дарханы Төмөрлөгийн Үйлдвэр ХХК,Дарханы Төмөрлөгийн Үйлдвэр ХХК,Iron ore,Төмөр,Fe-58% Төмрийн баяжмал,Fe-58% Төмрийн баяжмал,USD,70.0,76.5,6.5,9.29,sold
214,2023-10-30 14:00,2023-10-30,Энержи Ресурс ХХК,Energy Resources,Энержи Ресурс ХХК,Coal,Нүүрс,Washed coking coal,Баяжуулсан коксжих нүүрс,CNY,1330.0,1490.0,160.0,12.03,sold
212,2023-10-30 10:00,2023-10-30,Хангад Эксплорэйшн ХХК,Khangad Exploration,Хангад Эксплорэйшн ХХК,Coal,Нүүрс,Washed semi-soft coking coal,Баяжуулсан сул коксжих нүүрс,CNY,930.0,1150.0,220.0,23.66,sold
211,2023-10-27 14:00,2023-10-27,Эрдэнэс Тавантолгой ХК,Erdenes Tavan Tolgoi,Эрдэнэс Тавантолгой ХК,Coal,Нүүрс,1/3 coking coal,1/3 коксжих нүүрс,USD,100.8,125.3,24.5,24.31,sold
210,2023-10-27 12:00,2023-10-27,Монголросцветмет ТӨҮГ,Mongolrostsvetmet (ex-Erdenes Critical Minerals),Монголросцветмет ТӨҮГ /Эрдэнэс критикал минералс ТӨҮГ/,Iron ore,Төмөр,Iron ore Fe 52%,Fe-52% Төмрийн хүдэр,USD,70.0,74.5,4.5,6.43,sold
209,2023-10-27 10:00,2023-10-27,Энержи Ресурс ХХК,Energy Resources,Энержи Ресурс ХХК,Coal,Нүүрс,Washed coking coal,Баяжуулсан коксжих нүүрс,CNY,1330.0,1440.0,110.0,8.27,sold
208,2023-10-26 12:00,2023-10-26,Монголросцветмет ТӨҮГ,Mongolrostsvetmet (ex-Erdenes Critical Minerals),Монголросцветмет ТӨҮГ /Эрдэнэс критикал минералс ТӨҮГ/,Iron ore,Төмөр,Iron ore Fe 52%,Fe-52% Төмрийн хүдэр,USD,70.0,75.0,5.0,7.14,sold
207,2023-10-26 10:00,2023-10-26,Энержи Ресурс ХХК,Energy Resources,Энержи Ресурс ХХК,Coal,Нүүрс,Washed coking coal,Баяжуулсан коксжих нүүрс,CNY,1330.0,1400.0,70.0,5.26,sold
206,2023-10-25 16:00,2023-10-25,Дарханы Төмөрлөгийн Үйлдвэр ХХК,Дарханы Төмөрлөгийн Үйлдвэр ХХК,Дарханы Төмөрлөгийн Үйлдвэр ХХК,Iron ore,Төмөр,Fe-58% Төмрийн баяжмал,Fe-58% Төмрийн баяжмал,USD,68.0,73.5,5.5,8.09,sold
205,2023-10-25 14:00,2023-10-25,Эрдэнэс Тавантолгой ХК,Erdenes Tavan Tolgoi,Эрдэнэс Тавантолгой ХК,Coal,Нүүрс,"Thermal coal (bituminous, non-caking)","Эрчим хүчний нүүрс /Битумт, үл барьцалдах нүүрс/",USD,64.1,64.1,0.0,0.0,sold
204,2023-10-25 12:00,2023-10-25,Монголросцветмет ТӨҮГ,Mongolrostsvetmet (ex-Erdenes Critical Minerals),Монголросцветмет ТӨҮГ /Эрдэнэс критикал минералс ТӨҮГ/,Iron ore,Төмөр,Iron ore Fe 52%,Fe-52% Төмрийн хүдэр,USD,70.0,76.5,6.5,9.29,sold
203,2023-10-25 10:00,2023-10-25,Энержи Ресурс ХХК,Energy Resources,Энержи Ресурс ХХК,Coal,Нүүрс,Washed coking coal,Баяжуулсан коксжих нүүрс,CNY,1330.0,1380.0,50.0,3.76,sold
202,2023-10-24 16:00,2023-10-24,Дарханы Төмөрлөгийн Үйлдвэр ХХК,Дарханы Төмөрлөгийн Үйлдвэр ХХК,Дарханы Төмөрлөгийн Үйлдвэр ХХК,Iron ore,Төмөр,Fe-58% Төмрийн баяжмал,Fe-58% Төмрийн баяжмал,USD,70.0,74.0,4.0,5.71,sold
201,2023-10-24 12:00,2023-10-24,Монголросцветмет ТӨҮГ,Mongolrostsvetmet (ex-Erdenes Critical Minerals),Монголросцветмет ТӨҮГ /Эрдэнэс критикал минералс ТӨҮГ/,Iron ore,Төмөр,Iron ore Fe 52%,Fe-52% Төмрийн хүдэр,USD,70.0,75.0,5.0,7.14,sold
200,2023-10-24 10:00,2023-10-24,Энержи Ресурс ХХК,Energy Resources,Энержи Ресурс ХХК,Coal,Нүүрс,Washed coking coal,Баяжуулсан коксжих нүүрс,CNY,1330.0,1360.0,30.0,2.26,sold
199,2023-10-23 16:00,2023-10-23,Монголросцветмет ТӨҮГ,Mongolrostsvetmet (ex-Erdenes Critical Minerals),Монголросцветмет ТӨҮГ /Эрдэнэс критикал минералс ТӨҮГ/,Iron ore,Төмөр,Iron ore Fe 52%,Fe-52% Төмрийн хүдэр,USD,70.0,74.5,4.5,6.43,sold
198,2023-10-23 14:00,2023-10-23,Энержи Ресурс ХХК,Energy Resources,Энержи Ресурс ХХК,Coal,Нүүрс,Washed coking coal,Баяжуулсан коксжих нүүрс,CNY,1330.0,1340.0,10.0,0.75,sold
197,2023-10-23 12:00,2023-10-23,Монголросцветмет ТӨҮГ,Mongolrostsvetmet (ex-Erdenes Critical Minerals),Монголросцветмет ТӨҮГ /Эрдэнэс критикал минералс ТӨҮГ/,Iron ore,Төмөр,Iron ore Fe 52%,Fe-52% Төмрийн хүдэр,USD,68.0,70.5,2.5,3.68,sold
196,2023-10-23 10:00,2023-10-23,Энержи Ресурс ХХК,Energy Resources,Энержи Ресурс ХХК,Coal,Нүүрс,Washed medium-ash semi-hard coking coal,"Баяжуулсан дунд зэрэг үнстэй, хагас хатуу коксжих нүүрс",CNY,530.0,600.0,70.0,13.21,sold
195,2023-10-20 16:00,2023-10-20,Энержи Ресурс ХХК,Energy Resources,Энержи Ресурс ХХК,Coal,Нүүрс,Washed coking coal,Баяжуулсан коксжих нүүрс,CNY,1330.0,1330.0,0.0,0.0,sold
194,2023-10-20 14:00,2023-10-20,Дарханы Төмөрлөгийн Үйлдвэр ХХК,Дарханы Төмөрлөгийн Үйлдвэр ХХК,Дарханы Төмөрлөгийн Үйлдвэр ХХК,Iron ore,Төмөр,Fe-58% Төмрийн баяжмал,Fe-58% Төмрийн баяжмал,USD,70.0,78.0,8.0,11.43,sold
193,2023-10-20 12:00,2023-10-20,Монголросцветмет ТӨҮГ,Mongolrostsvetmet (ex-Erdenes Critical Minerals),Монголросцветмет ТӨҮГ /Эрдэнэс критикал минералс ТӨҮГ/,Iron ore,Төмөр,Iron concentrate Fe 65%,Fe-65% Төмрийн баяжмал,USD,97.0,107.0,10.0,10.31,sold
192,2023-10-20 10:00,2023-10-20,Энержи Ресурс ХХК,Energy Resources,Энержи Ресурс ХХК,Coal,Нүүрс,Washed coking coal,Баяжуулсан коксжих нүүрс,CNY,1330.0,1350.0,20.0,1.5,sold
191,2023-10-19 14:00,2023-10-19,Эрдэнэс Тавантолгой ХК,Erdenes Tavan Tolgoi,Эрдэнэс Тавантолгой ХК,Coal,Нүүрс,Дэгдэмхий бодис дундаас их хийн нүүрс,Дэгдэмхий бодис дундаас их хийн нүүрс,USD,87.3,95.3,8.0,9.16,sold
190,2023-10-19 12:00,2023-10-19,Монголросцветмет ТӨҮГ,Mongolrostsvetmet (ex-Erdenes Critical Minerals),Монголросцветмет ТӨҮГ /Эрдэнэс критикал минералс ТӨҮГ/,Iron ore,Төмөр,Iron concentrate Fe 65%,Fe-65% Төмрийн баяжмал,USD,97.0,97.0,0.0,0.0,sold
189,2023-10-19 10:00,2023-10-19,Энержи Ресурс ХХК,Energy Resources,Энержи Ресурс ХХК,Coal,Нүүрс,Washed coking coal,Баяжуулсан коксжих нүүрс,CNY,1330.0,1330.0,0.0,0.0,sold
188,2023-10-18 16:00,2023-10-18,Дарханы Төмөрлөгийн Үйлдвэр ХХК,Дарханы Төмөрлөгийн Үйлдвэр ХХК,Дарханы Төмөрлөгийн Үйлдвэр ХХК,Iron ore,Төмөр,Fe-58% Төмрийн баяжмал,Fe-58% Төмрийн баяжмал,USD,68.0,73.5,5.5,8.09,sold
187,2023-10-18 14:00,2023-10-18,Монголросцветмет ТӨҮГ,Mongolrostsvetmet (ex-Erdenes Critical Minerals),Монголросцветмет ТӨҮГ /Эрдэнэс критикал минералс ТӨҮГ/,Iron ore,Төмөр,Iron concentrate Fe 65%,Fe-65% Төмрийн баяжмал,USD,97.0,98.0,1.0,1.03,sold
186,2023-10-18 12:00,2023-10-18,Монголросцветмет ТӨҮГ,Mongolrostsvetmet (ex-Erdenes Critical Minerals),Монголросцветмет ТӨҮГ /Эрдэнэс критикал минералс ТӨҮГ/,Iron ore,Төмөр,Iron concentrate Fe 65%,Fe-65% Төмрийн баяжмал,USD,97.0,98.0,1.0,1.03,sold
185,2023-10-18 10:00,2023-10-18,Энержи Ресурс ХХК,Energy Resources,Энержи Ресурс ХХК,Coal,Нүүрс,Washed coking coal,Баяжуулсан коксжих нүүрс,CNY,1330.0,1360.0,30.0,2.26,sold
184,2023-10-17 14:00,2023-10-17,Монголросцветмет ТӨҮГ,Mongolrostsvetmet (ex-Erdenes Critical Minerals),Монголросцветмет ТӨҮГ /Эрдэнэс критикал минералс ТӨҮГ/,Iron ore,Төмөр,Iron concentrate Fe 65%,Fe-65% Төмрийн баяжмал,USD,93.0,93.0,0.0,0.0,sold
183,2023-10-17 12:00,2023-10-17,Монголросцветмет ТӨҮГ,Mongolrostsvetmet (ex-Erdenes Critical Minerals),Монголросцветмет ТӨҮГ /Эрдэнэс критикал минералс ТӨҮГ/,Iron ore,Төмөр,Iron concentrate Fe 65%,Fe-65% Төмрийн баяжмал,USD,97.0,97.5,0.5,0.52,sold
182,2023-10-17 10:00,2023-10-17,Энержи Ресурс ХХК,Energy Resources,Энержи Ресурс ХХК,Coal,Нүүрс,Washed coking coal,Баяжуулсан коксжих нүүрс,CNY,1330.0,1340.0,10.0,0.75,sold
181,2023-10-16 16:00,2023-10-16,Дарханы Төмөрлөгийн Үйлдвэр ХХК,Дарханы Төмөрлөгийн Үйлдвэр ХХК,Дарханы Төмөрлөгийн Үйлдвэр ХХК,Iron ore,Төмөр,Fe-58% Төмрийн баяжмал,Fe-58% Төмрийн баяжмал,USD,70.0,74.0,4.0,5.71,sold
180,2023-10-16 12:00,2023-10-16,Монголросцветмет ТӨҮГ,Mongolrostsvetmet (ex-Erdenes Critical Minerals),Монголросцветмет ТӨҮГ /Эрдэнэс критикал минералс ТӨҮГ/,Iron ore,Төмөр,Iron concentrate Fe 65%,Fe-65% Төмрийн баяжмал,USD,97.0,97.0,0.0,0.0,sold
179,2023-10-16 10:00,2023-10-16,Энержи Ресурс ХХК,Energy Resources,Энержи Ресурс ХХК,Coal,Нүүрс,Washed medium-ash semi-hard coking coal,"Баяжуулсан дунд зэрэг үнстэй, хагас хатуу коксжих нүүрс",CNY,530.0,640.0,110.0,20.75,sold
178,2023-10-13 14:00,2023-10-13,Дарханы Төмөрлөгийн Үйлдвэр ХХК,Дарханы Төмөрлөгийн Үйлдвэр ХХК,Дарханы Төмөрлөгийн Үйлдвэр ХХК,Iron ore,Төмөр,Fe-58% Төмрийн баяжмал,Fe-58% Төмрийн баяжмал,USD,70.0,73.5,3.5,5.0,sold
177,2023-10-13 12:00,2023-10-13,Монголросцветмет ТӨҮГ,Mongolrostsvetmet (ex-Erdenes Critical Minerals),Монголросцветмет ТӨҮГ /Эрдэнэс критикал минералс ТӨҮГ/,Iron ore,Төмөр,Iron ore Fe 52%,Fe-52% Төмрийн хүдэр,USD,70.0,80.5,10.5,15.0,sold
176,2023-10-13 10:00,2023-10-13,Энержи Ресурс ХХК,Energy Resources,Энержи Ресурс ХХК,Coal,Нүүрс,Washed coking coal,Баяжуулсан коксжих нүүрс,CNY,1330.0,1360.0,30.0,2.26,sold
175,2023-10-12 14:00,2023-10-12,Тавантолгой ХК,Tavan Tolgoi JSC,Тавантолгой ХК,Coal,Нүүрс,Medium-volatile coking coal,"Дэгдэмхий бодис дунд, коксжих нүүрс",USD,141.1,142.1,1.0,0.71,sold
174,2023-10-12 12:00,2023-10-12,Монголросцветмет ТӨҮГ,Mongolrostsvetmet (ex-Erdenes Critical Minerals),Монголросцветмет ТӨҮГ /Эрдэнэс критикал минералс ТӨҮГ/,Iron ore,Төмөр,Iron ore Fe 52%,Fe-52% Төмрийн хүдэр,USD,70.0,81.5,11.5,16.43,sold
173,2023-10-12 10:00,2023-10-12,Энержи Ресурс ХХК,Energy Resources,Энержи Ресурс ХХК,Coal,Нүүрс,Washed coking coal,Баяжуулсан коксжих нүүрс,CNY,1330.0,1350.0,20.0,1.5,sold
172,2023-10-11 16:00,2023-10-11,Эрдэнэс Тавантолгой ХК,Erdenes Tavan Tolgoi,Эрдэнэс Тавантолгой ХК,Coal,Нүүрс,Medium-volatile coking coal,"Дэгдэмхий бодис дунд, коксжих нүүрс",USD,152.9,152.9,0.0,0.0,sold
171,2023-10-11 14:00,2023-10-11,Дарханы Төмөрлөгийн Үйлдвэр ХХК,Дарханы Төмөрлөгийн Үйлдвэр ХХК,Дарханы Төмөрлөгийн Үйлдвэр ХХК,Iron ore,Төмөр,Fe-58% Төмрийн баяжмал,Fe-58% Төмрийн баяжмал,USD,68.0,73.0,5.0,7.35,sold
170,2023-10-11 12:00,2023-10-11,Монголросцветмет ТӨҮГ,Mongolrostsvetmet (ex-Erdenes Critical Minerals),Монголросцветмет ТӨҮГ /Эрдэнэс критикал минералс ТӨҮГ/,Iron ore,Төмөр,Iron ore Fe 52%,Fe-52% Төмрийн хүдэр,USD,70.0,70.0,0.0,0.0,sold
169,2023-10-11 10:00,2023-10-11,Энержи Ресурс ХХК,Energy Resources,Энержи Ресурс ХХК,Coal,Нүүрс,Washed coking coal,Баяжуулсан коксжих нүүрс,CNY,1330.0,1370.0,40.0,3.01,sold
168,2023-10-10 12:00,2023-10-10,Монголросцветмет ТӨҮГ,Mongolrostsvetmet (ex-Erdenes Critical Minerals),Монголросцветмет ТӨҮГ /Эрдэнэс критикал минералс ТӨҮГ/,Iron ore,Төмөр,Iron ore Fe 52%,Fe-52% Төмрийн хүдэр,USD,70.0,81.5,11.5,16.43,sold
167,2023-10-10 10:00,2023-10-10,Энержи Ресурс ХХК,Energy Resources,Энержи Ресурс ХХК,Coal,Нүүрс,Washed coking coal,Баяжуулсан коксжих нүүрс,CNY,1330.0,1400.0,70.0,5.26,sold
166,2023-10-09 16:00,2023-10-09,Дарханы Төмөрлөгийн Үйлдвэр ХХК,Дарханы Төмөрлөгийн Үйлдвэр ХХК,Дарханы Төмөрлөгийн Үйлдвэр ХХК,Iron ore,Төмөр,Fe-58% Төмрийн баяжмал,Fe-58% Төмрийн баяжмал,USD,58.0,75.0,17.0,29.31,sold
165,2023-10-09 14:00,2023-10-09,Монголросцветмет ТӨҮГ,Mongolrostsvetmet (ex-Erdenes Critical Minerals),Монголросцветмет ТӨҮГ /Эрдэнэс критикал минералс ТӨҮГ/,Iron ore,Төмөр,Iron concentrate Fe 65%,Fe-65% Төмрийн баяжмал,USD,,,,,no_bid
164,2023-10-09 12:00,2023-10-09,Монголросцветмет ТӨҮГ,Mongolrostsvetmet (ex-Erdenes Critical Minerals),Монголросцветмет ТӨҮГ /Эрдэнэс критикал минералс ТӨҮГ/,Iron ore,Төмөр,Iron concentrate Fe 65%,Fe-65% Төмрийн баяжмал,USD,,,,,no_bid
163,2023-10-09 10:00,2023-10-09,Энержи Ресурс ХХК,Energy Resources,Энержи Ресурс ХХК,Coal,Нүүрс,Washed medium-ash semi-hard coking coal,"Баяжуулсан дунд зэрэг үнстэй, хагас хатуу коксжих нүүрс",CNY,530.0,530.0,0.0,0.0,sold
162,2023-10-06 16:00,2023-10-06,Эрдэнэс Тавантолгой ХК,Erdenes Tavan Tolgoi,Эрдэнэс Тавантолгой ХК,Coal,Нүүрс,Medium-volatile coking coal,"Дэгдэмхий бодис дунд, коксжих нүүрс",USD,152.9,152.9,0.0,0.0,sold
161,2023-10-06 14:00,2023-10-06,Эрдэнэс Тавантолгой ХК,Erdenes Tavan Tolgoi,Эрдэнэс Тавантолгой ХК,Coal,Нүүрс,"Thermal coal (bituminous, non-caking)","Эрчим хүчний нүүрс /Битумт, үл барьцалдах нүүрс/",USD,64.1,64.1,0.0,0.0,sold
160,2023-10-06 12:00,2023-10-06,Монголросцветмет ТӨҮГ,Mongolrostsvetmet (ex-Erdenes Critical Minerals),Монголросцветмет ТӨҮГ /Эрдэнэс критикал минералс ТӨҮГ/,Iron ore,Төмөр,Iron concentrate Fe 65%,Fe-65% Төмрийн баяжмал,USD,97.0,97.0,0.0,0.0,sold
159,2023-10-06 10:00,2023-10-06,Энержи Ресурс ХХК,Energy Resources,Энержи Ресурс ХХК,Coal,Нүүрс,Washed coking coal,Баяжуулсан коксжих нүүрс,CNY,1330.0,1380.0,50.0,3.76,sold
158,2023-10-05 14:00,2023-10-05,Дарханы Төмөрлөгийн Үйлдвэр ХХК,Дарханы Төмөрлөгийн Үйлдвэр ХХК,Дарханы Төмөрлөгийн Үйлдвэр ХХК,Iron ore,Төмөр,Fe-58% Төмрийн баяжмал,Fe-58% Төмрийн баяжмал,USD,58.0,79.0,21.0,36.21,sold
157,2023-10-05 12:00,2023-10-05,Монголросцветмет ТӨҮГ,Mongolrostsvetmet (ex-Erdenes Critical Minerals),Монголросцветмет ТӨҮГ /Эрдэнэс критикал минералс ТӨҮГ/,Iron ore,Төмөр,Iron concentrate Fe 65%,Fe-65% Төмрийн баяжмал,USD,,,,,no_bid
156,2023-10-05 10:00,2023-10-05,Энержи Ресурс ХХК,Energy Resources,Энержи Ресурс ХХК,Coal,Нүүрс,Washed coking coal,Баяжуулсан коксжих нүүрс,CNY,1330.0,1380.0,50.0,3.76,sold
155,2023-10-04 14:00,2023-10-04,Энержи Ресурс ХХК,Energy Resources,Энержи Ресурс ХХК,Coal,Нүүрс,Washed coking coal,Баяжуулсан коксжих нүүрс,CNY,1330.0,1380.0,50.0,3.76,sold
154,2023-10-04 12:00,2023-10-04,Монголросцветмет ТӨҮГ,Mongolrostsvetmet (ex-Erdenes Critical Minerals),Монголросцветмет ТӨҮГ /Эрдэнэс критикал минералс ТӨҮГ/,Iron ore,Төмөр,Iron concentrate Fe 65%,Fe-65% Төмрийн баяжмал,USD,,,,,no_bid
153,2023-10-04 10:00,2023-10-04,Энержи Ресурс ХХК,Energy Resources,Энержи Ресурс ХХК,Coal,Нүүрс,Washed coking coal,Баяжуулсан коксжих нүүрс,CNY,1330.0,1380.0,50.0,3.76,sold
152,2023-10-03 12:00,2023-10-03,Монголросцветмет ТӨҮГ,Mongolrostsvetmet (ex-Erdenes Critical Minerals),Монголросцветмет ТӨҮГ /Эрдэнэс критикал минералс ТӨҮГ/,Iron ore,Төмөр,Iron concentrate Fe 65%,Fe-65% Төмрийн баяжмал,USD,97.0,97.0,0.0,0.0,sold
151,2023-10-02 12:00,2023-10-02,Монголросцветмет ТӨҮГ,Mongolrostsvetmet (ex-Erdenes Critical Minerals),Монголросцветмет ТӨҮГ /Эрдэнэс критикал минералс ТӨҮГ/,Iron ore,Төмөр,Iron concentrate Fe 65%,Fe-65% Төмрийн баяжмал,USD,97.0,104.0,7.0,7.22,sold
150,2023-10-02 10:00,2023-10-02,Энержи Ресурс ХХК,Energy Resources,Энержи Ресурс ХХК,Coal,Нүүрс,Washed medium-ash semi-hard coking coal,"Баяжуулсан дунд зэрэг үнстэй, хагас хатуу коксжих нүүрс",CNY,450.0,470.0,20.0,4.44,sold
149,2023-09-29 16:00,2023-09-29,Эрдэнэс Тавантолгой ХК,Erdenes Tavan Tolgoi,Эрдэнэс Тавантолгой ХК,Coal,Нүүрс,Medium-volatile coking coal,"Дэгдэмхий бодис дунд, коксжих нүүрс",USD,148.2,153.7,5.5,3.71,sold
148,2023-09-29 14:00,2023-09-29,Эрдэнэс Тавантолгой ХК,Erdenes Tavan Tolgoi,Эрдэнэс Тавантолгой ХК,Coal,Нүүрс,"Thermal coal (bituminous, non-caking)","Эрчим хүчний нүүрс /Битумт, үл барьцалдах нүүрс/",USD,,,,,no_bid
147,2023-09-29 12:00,2023-09-29,Монголросцветмет ТӨҮГ,Mongolrostsvetmet (ex-Erdenes Critical Minerals),Монголросцветмет ТӨҮГ /Эрдэнэс критикал минералс ТӨҮГ/,Iron ore,Төмөр,Iron concentrate Fe 65%,Fe-65% Төмрийн баяжмал,USD,97.0,97.0,0.0,0.0,sold
146,2023-09-29 10:00,2023-09-29,Энержи Ресурс ХХК,Energy Resources,Энержи Ресурс ХХК,Coal,Нүүрс,Washed coking coal,Баяжуулсан коксжих нүүрс,CNY,1250.0,1270.0,20.0,1.6,sold
145,2023-09-28 16:00,2023-09-28,Эрдэнэс Тавантолгой ХК,Erdenes Tavan Tolgoi,Эрдэнэс Тавантолгой ХК,Coal,Нүүрс,Medium-volatile coking coal,"Дэгдэмхий бодис дунд, коксжих нүүрс",USD,148.2,160.2,12.0,8.1,sold
144,2023-09-28 14:00,2023-09-28,Эрдэнэс Тавантолгой ХК,Erdenes Tavan Tolgoi,Эрдэнэс Тавантолгой ХК,Coal,Нүүрс,Medium-volatile coking coal,"Дэгдэмхий бодис дунд, коксжих нүүрс",USD,148.2,160.2,12.0,8.1,sold
143,2023-09-28 12:00,2023-09-28,Монголросцветмет ТӨҮГ,Mongolrostsvetmet (ex-Erdenes Critical Minerals),Монголросцветмет ТӨҮГ /Эрдэнэс критикал минералс ТӨҮГ/,Iron ore,Төмөр,Iron concentrate Fe 65%,Fe-65% Төмрийн баяжмал,USD,97.0,109.5,12.5,12.89,sold
142,2023-09-28 10:00,2023-09-28,Энержи Ресурс ХХК,Energy Resources,Энержи Ресурс ХХК,Coal,Нүүрс,Washed coking coal,Баяжуулсан коксжих нүүрс,CNY,1250.0,1280.0,30.0,2.4,sold
141,2023-09-27 16:00,2023-09-27,Дарханы Төмөрлөгийн Үйлдвэр ХХК,Дарханы Төмөрлөгийн Үйлдвэр ХХК,Дарханы Төмөрлөгийн Үйлдвэр ХХК,Iron ore,Төмөр,Fe-58% Төмрийн баяжмал,Fe-58% Төмрийн баяжмал,USD,58.0,59.0,1.0,1.72,sold
140,2023-09-27 14:00,2023-09-27,Тавантолгой ХК,Tavan Tolgoi JSC,Тавантолгой ХК,Coal,Нүүрс,Medium-volatile coking coal,"Дэгдэмхий бодис дунд, коксжих нүүрс",USD,140.1,141.1,1.0,0.71,sold
139,2023-09-27 12:00,2023-09-27,Монголросцветмет ТӨҮГ,Mongolrostsvetmet (ex-Erdenes Critical Minerals),Монголросцветмет ТӨҮГ /Эрдэнэс критикал минералс ТӨҮГ/,Iron ore,Төмөр,Iron concentrate Fe 65%,Fe-65% Төмрийн баяжмал,USD,97.0,113.0,16.0,16.49,sold
138,2023-09-27 10:00,2023-09-27,Энержи Ресурс ХХК,Energy Resources,Энержи Ресурс ХХК,Coal,Нүүрс,Washed coking coal,Баяжуулсан коксжих нүүрс,CNY,1250.0,1280.0,30.0,2.4,sold
137,2023-09-26 12:00,2023-09-26,Монголросцветмет ТӨҮГ,Mongolrostsvetmet (ex-Erdenes Critical Minerals),Монголросцветмет ТӨҮГ /Эрдэнэс критикал минералс ТӨҮГ/,Iron ore,Төмөр,Iron concentrate Fe 65%,Fe-65% Төмрийн баяжмал,USD,97.0,102.5,5.5,5.67,sold
136,2023-09-26 10:00,2023-09-26,Энержи Ресурс ХХК,Energy Resources,Энержи Ресурс ХХК,Coal,Нүүрс,Washed coking coal,Баяжуулсан коксжих нүүрс,CNY,1250.0,1280.0,30.0,2.4,sold
135,2023-09-25 12:00,2023-09-25,Монголросцветмет ТӨҮГ,Mongolrostsvetmet (ex-Erdenes Critical Minerals),Монголросцветмет ТӨҮГ /Эрдэнэс критикал минералс ТӨҮГ/,Iron ore,Төмөр,Iron concentrate Fe 65%,Fe-65% Төмрийн баяжмал,USD,97.0,97.0,0.0,0.0,sold
134,2023-09-25 10:00,2023-09-25,Энержи Ресурс ХХК,Energy Resources,Энержи Ресурс ХХК,Coal,Нүүрс,Washed medium-ash semi-hard coking coal,"Баяжуулсан дунд зэрэг үнстэй, хагас хатуу коксжих нүүрс",CNY,450.0,510.0,60.0,13.33,sold
133,2023-09-22 10:00,2023-09-22,Энержи Ресурс ХХК,Energy Resources,Энержи Ресурс ХХК,Coal,Нүүрс,Washed coking coal,Баяжуулсан коксжих нүүрс,CNY,1100.0,1300.0,200.0,18.18,sold
132,2023-09-21 12:00,2023-09-21,Эрдэнэс Тавантолгой ХК,Erdenes Tavan Tolgoi,Эрдэнэс Тавантолгой ХК,Coal,Нүүрс,Medium-volatile coking coal,"Дэгдэмхий бодис дунд, коксжих нүүрс",USD,143.1,176.1,33.0,23.06,sold
131,2023-09-21 10:00,2023-09-21,Хангад Эксплорэйшн ХХК,Khangad Exploration,Хангад Эксплорэйшн ХХК,Coal,Нүүрс,Washed semi-soft coking coal,Баяжуулсан сул коксжих нүүрс,CNY,850.0,1200.0,350.0,41.18,sold
130,2023-09-20 10:00,2023-09-20,Энержи Ресурс ХХК,Energy Resources,Энержи Ресурс ХХК,Coal,Нүүрс,Washed coking coal,Баяжуулсан коксжих нүүрс,CNY,1100.0,1350.0,250.0,22.73,sold
129,2023-09-19 12:00,2023-09-19,Энержи Ресурс ХХК,Energy Resources,Энержи Ресурс ХХК,Coal,Нүүрс,Washed coking coal,Баяжуулсан коксжих нүүрс,CNY,1100.0,1350.0,250.0,22.73,sold
128,2023-09-19 10:00,2023-09-19,Энержи Ресурс ХХК,Energy Resources,Энержи Ресурс ХХК,Coal,Нүүрс,Washed medium-ash semi-hard coking coal,"Баяжуулсан дунд зэрэг үнстэй, хагас хатуу коксжих нүүрс",CNY,400.0,500.0,100.0,25.0,sold
127,2023-09-15 16:00,2023-09-15,Дарханы Төмөрлөгийн Үйлдвэр ХХК,Дарханы Төмөрлөгийн Үйлдвэр ХХК,Дарханы Төмөрлөгийн Үйлдвэр ХХК,Iron ore,Төмөр,Fe-58% Төмрийн баяжмал,Fe-58% Төмрийн баяжмал,USD,56.0,84.0,28.0,50.0,sold
126,2023-09-15 14:00,2023-09-15,Монголросцветмет ТӨҮГ,Mongolrostsvetmet (ex-Erdenes Critical Minerals),Монголросцветмет ТӨҮГ /Эрдэнэс критикал минералс ТӨҮГ/,Iron ore,Төмөр,Iron concentrate Fe 65%,Fe-65% Төмрийн баяжмал,USD,93.0,99.5,6.5,6.99,sold
125,2023-09-15 12:00,2023-09-15,Монголросцветмет ТӨҮГ,Mongolrostsvetmet (ex-Erdenes Critical Minerals),Монголросцветмет ТӨҮГ /Эрдэнэс критикал минералс ТӨҮГ/,Iron ore,Төмөр,Iron concentrate Fe 65%,Fe-65% Төмрийн баяжмал,USD,90.0,99.5,9.5,10.56,sold
124,2023-09-15 10:00,2023-09-15,Энержи Ресурс ХХК,Energy Resources,Энержи Ресурс ХХК,Coal,Нүүрс,Washed coking coal,Баяжуулсан коксжих нүүрс,CNY,1100.0,1250.0,150.0,13.64,sold
123,2023-09-14 12:00,2023-09-14,Эрдэнэс Тавантолгой ХК,Erdenes Tavan Tolgoi,Эрдэнэс Тавантолгой ХК,Coal,Нүүрс,1/3 coking coal,1/3 коксжих нүүрс,USD,97.1,121.6,24.5,25.23,sold
122,2023-09-14 10:00,2023-09-14,Энержи Ресурс ХХК,Energy Resources,Энержи Ресурс ХХК,Coal,Нүүрс,Washed coking coal,Баяжуулсан коксжих нүүрс,CNY,1100.0,1160.0,60.0,5.45,sold
121,2023-09-13 10:00,2023-09-13,Энержи Ресурс ХХК,Energy Resources,Энержи Ресурс ХХК,Coal,Нүүрс,Washed coking coal,Баяжуулсан коксжих нүүрс,CNY,1100.0,1290.0,190.0,17.27,sold
120,2023-09-12 10:00,2023-09-12,Энержи Ресурс ХХК,Energy Resources,Энержи Ресурс ХХК,Coal,Нүүрс,Washed medium-ash semi-hard coking coal,"Баяжуулсан дунд зэрэг үнстэй, хагас хатуу коксжих нүүрс",CNY,400.0,450.0,50.0,12.5,sold
119,2023-09-08 10:00,2023-09-08,Энержи Ресурс ХХК,Energy Resources,Энержи Ресурс ХХК,Coal,Нүүрс,Washed coking coal,Баяжуулсан коксжих нүүрс,CNY,1050.0,1210.0,160.0,15.24,sold
118,2023-09-07 10:00,2023-09-07,Энержи Ресурс ХХК,Energy Resources,Энержи Ресурс ХХК,Coal,Нүүрс,Washed coking coal,Баяжуулсан коксжих нүүрс,CNY,1050.0,1170.0,120.0,11.43,sold
117,2023-09-06 12:00,2023-09-06,Эрдэнэс Тавантолгой ХК,Erdenes Tavan Tolgoi,Эрдэнэс Тавантолгой ХК,Coal,Нүүрс,"Thermal coal (bituminous, non-caking)","Эрчим хүчний нүүрс /Битумт, үл барьцалдах нүүрс/",USD,59.7,59.7,0.0,0.0,sold
116,2023-09-06 10:00,2023-09-06,Энержи Ресурс ХХК,Energy Resources,Энержи Ресурс ХХК,Coal,Нүүрс,Washed coking coal,Баяжуулсан коксжих нүүрс,CNY,1050.0,1230.0,180.0,17.14,sold
115,2023-09-05 10:00,2023-09-05,Энержи Ресурс ХХК,Energy Resources,Энержи Ресурс ХХК,Coal,Нүүрс,Washed medium-ash semi-hard coking coal,"Баяжуулсан дунд зэрэг үнстэй, хагас хатуу коксжих нүүрс",CNY,400.0,400.0,0.0,0.0,sold
114,2023-09-04 10:00,2023-09-04,Эрдэнэс Тавантолгой ХК,Erdenes Tavan Tolgoi,Эрдэнэс Тавантолгой ХК,Coal,Нүүрс,1/3 coking coal,1/3 коксжих нүүрс,USD,97.1,97.1,0.0,0.0,sold
113,2023-09-01 10:00,2023-09-01,Энержи Ресурс ХХК,Energy Resources,Энержи Ресурс ХХК,Coal,Нүүрс,Washed coking coal,Баяжуулсан коксжих нүүрс,CNY,1050.0,1150.0,100.0,9.52,sold
112,2023-08-31 12:00,2023-08-31,Энержи Ресурс ХХК,Energy Resources,Энержи Ресурс ХХК,Coal,Нүүрс,Washed coking coal,Баяжуулсан коксжих нүүрс,CNY,1050.0,1160.0,110.0,10.48,sold
111,2023-08-31 10:00,2023-08-31,Энержи Ресурс ХХК,Energy Resources,Энержи Ресурс ХХК,Coal,Нүүрс,Washed medium-ash semi-hard coking coal,"Баяжуулсан дунд зэрэг үнстэй, хагас хатуу коксжих нүүрс",CNY,,,,,no_bid
110,2023-08-25 14:00,2023-08-25,Эрдэнэс Тавантолгой ХК,Erdenes Tavan Tolgoi,Эрдэнэс Тавантолгой ХК,Coal,Нүүрс,1/3 coking coal,1/3 коксжих нүүрс,USD,97.1,120.1,23.0,23.69,sold
109,2023-08-25 12:00,2023-08-25,Энержи Ресурс ХХК,Energy Resources,Энержи Ресурс ХХК,Coal,Нүүрс,Washed coking coal,Баяжуулсан коксжих нүүрс,CNY,1050.0,1210.0,160.0,15.24,sold
108,2023-08-25 10:00,2023-08-25,Энержи Ресурс ХХК,Energy Resources,Энержи Ресурс ХХК,Coal,Нүүрс,Washed coking coal,Баяжуулсан коксжих нүүрс,CNY,1050.0,1190.0,140.0,13.33,sold
107,2023-08-24 12:00,2023-08-24,Энержи Ресурс ХХК,Energy Resources,Энержи Ресурс ХХК,Coal,Нүүрс,Washed coking coal,Баяжуулсан коксжих нүүрс,CNY,1050.0,1160.0,110.0,10.48,sold
106,2023-08-24 10:00,2023-08-24,Энержи Ресурс ХХК,Energy Resources,Энержи Ресурс ХХК,Coal,Нүүрс,Washed coking coal,Баяжуулсан коксжих нүүрс,CNY,1050.0,1130.0,80.0,7.62,sold
105,2023-08-23 10:00,2023-08-23,Энержи Ресурс ХХК,Energy Resources,Энержи Ресурс ХХК,Coal,Нүүрс,Washed coking coal,Баяжуулсан коксжих нүүрс,CNY,1050.0,1100.0,50.0,4.76,sold
104,2023-08-22 10:00,2023-08-22,Энержи Ресурс ХХК,Energy Resources,Энержи Ресурс ХХК,Coal,Нүүрс,Washed coking coal,Баяжуулсан коксжих нүүрс,CNY,1050.0,1090.0,40.0,3.81,sold
103,2023-08-21 10:00,2023-08-21,Энержи Ресурс ХХК,Energy Resources,Энержи Ресурс ХХК,Coal,Нүүрс,Washed medium-ash semi-hard coking coal,"Баяжуулсан дунд зэрэг үнстэй, хагас хатуу коксжих нүүрс",CNY,400.0,400.0,0.0,0.0,sold
102,2023-08-18 14:00,2023-08-18,Эрдэнэс Тавантолгой ХК,Erdenes Tavan Tolgoi,Эрдэнэс Тавантолгой ХК,Coal,Нүүрс,Medium-volatile coking coal,"Дэгдэмхий бодис дунд, коксжих нүүрс",USD,136.0,136.0,0.0,0.0,sold
101,2023-08-16 10:00,2023-08-16,Энержи Ресурс ХХК,Energy Resources,Энержи Ресурс ХХК,Coal,Нүүрс,Washed coking coal,Баяжуулсан коксжих нүүрс,CNY,950.0,1000.0,50.0,5.26,sold
100,2023-08-15 10:00,2023-08-15,Энержи Ресурс ХХК,Energy Resources,Энержи Ресурс ХХК,Coal,Нүүрс,Washed coking coal,Баяжуулсан коксжих нүүрс,CNY,950.0,1100.0,150.0,15.79,sold
99,2023-08-11 14:00,2023-08-11,Эрдэнэс Тавантолгой ХК,Erdenes Tavan Tolgoi,Эрдэнэс Тавантолгой ХК,Coal,Нүүрс,1/3 coking coal,1/3 коксжих нүүрс,USD,97.1,124.6,27.5,28.32,sold
98,2023-08-11 10:00,2023-08-11,Энержи Ресурс ХХК,Energy Resources,Энержи Ресурс ХХК,Coal,Нүүрс,Washed medium-ash semi-hard coking coal,"Баяжуулсан дунд зэрэг үнстэй, хагас хатуу коксжих нүүрс",CNY,400.0,420.0,20.0,5.0,sold
97,2023-08-10 10:00,2023-08-10,Энержи Ресурс ХХК,Energy Resources,Энержи Ресурс ХХК,Coal,Нүүрс,Washed coking coal,Баяжуулсан коксжих нүүрс,CNY,950.0,1140.0,190.0,20.0,sold
96,2023-08-09 10:00,2023-08-09,Энержи Ресурс ХХК,Energy Resources,Энержи Ресурс ХХК,Coal,Нүүрс,Washed coking coal,Баяжуулсан коксжих нүүрс,CNY,950.0,1090.0,140.0,14.74,sold
95,2023-08-08 10:00,2023-08-08,Энержи Ресурс ХХК,Energy Resources,Энержи Ресурс ХХК,Coal,Нүүрс,Washed coking coal,Баяжуулсан коксжих нүүрс,CNY,950.0,1150.0,200.0,21.05,sold
94,2023-08-04 14:00,2023-08-04,Эрдэнэс Тавантолгой ХК,Erdenes Tavan Tolgoi,Эрдэнэс Тавантолгой ХК,Coal,Нүүрс,1/3 coking coal,1/3 коксжих нүүрс,USD,97.1,111.1,14.0,14.42,sold
93,2023-08-04 12:00,2023-08-04,Эрдэнэс Тавантолгой ХК,Erdenes Tavan Tolgoi,Эрдэнэс Тавантолгой ХК,Coal,Нүүрс,Medium-volatile coking coal,"Дэгдэмхий бодис дунд, коксжих нүүрс",USD,135.4,146.4,11.0,8.12,sold
92,2023-08-04 10:00,2023-08-04,Энержи Ресурс ХХК,Energy Resources,Энержи Ресурс ХХК,Coal,Нүүрс,Washed medium-ash semi-hard coking coal,"Баяжуулсан дунд зэрэг үнстэй, хагас хатуу коксжих нүүрс",CNY,,,,,no_bid
91,2023-08-03 10:00,2023-08-03,Энержи Ресурс ХХК,Energy Resources,Энержи Ресурс ХХК,Coal,Нүүрс,Washed coking coal,Баяжуулсан коксжих нүүрс,CNY,950.0,1170.0,220.0,23.16,sold
90,2023-08-02 10:00,2023-08-02,Энержи Ресурс ХХК,Energy Resources,Энержи Ресурс ХХК,Coal,Нүүрс,Washed coking coal,Баяжуулсан коксжих нүүрс,CNY,950.0,1140.0,190.0,20.0,sold
89,2023-08-01 10:00,2023-08-01,Энержи Ресурс ХХК,Energy Resources,Энержи Ресурс ХХК,Coal,Нүүрс,Washed coking coal,Баяжуулсан коксжих нүүрс,CNY,950.0,1120.0,170.0,17.89,sold
88,2023-07-28 16:00,2023-07-28,Эрдэнэс Тавантолгой ХК,Erdenes Tavan Tolgoi,Эрдэнэс Тавантолгой ХК,Coal,Нүүрс,"Thermal coal (bituminous, non-caking)","Эрчим хүчний нүүрс /Битумт, үл барьцалдах нүүрс/",USD,58.7,61.2,2.5,4.26,sold
87,2023-07-28 13:00,2023-07-28,Эрдэнэс Тавантолгой ХК,Erdenes Tavan Tolgoi,Эрдэнэс Тавантолгой ХК,Coal,Нүүрс,Medium-volatile coking coal,"Дэгдэмхий бодис дунд, коксжих нүүрс",USD,119.1,150.1,31.0,26.03,sold
86,2023-07-28 11:00,2023-07-28,Эрдэнэс Тавантолгой ХК,Erdenes Tavan Tolgoi,Эрдэнэс Тавантолгой ХК,Coal,Нүүрс,Medium-volatile coking coal,"Дэгдэмхий бодис дунд, коксжих нүүрс",USD,119.1,152.1,33.0,27.71,sold
85,2023-07-27 10:00,2023-07-27,Хангад Эксплорэйшн ХХК,Khangad Exploration,Хангад Эксплорэйшн ХХК,Coal,Нүүрс,Washed semi-soft coking coal,Баяжуулсан сул коксжих нүүрс,CNY,800.0,900.0,100.0,12.5,sold
84,2023-07-26 10:00,2023-07-26,Энержи Ресурс ХХК,Energy Resources,Энержи Ресурс ХХК,Coal,Нүүрс,Washed coking coal,Баяжуулсан коксжих нүүрс,CNY,950.0,1130.0,180.0,18.95,sold
83,2023-06-29 20:00,2023-06-29,Эрдэнэс Тавантолгой ХК,Erdenes Tavan Tolgoi,Эрдэнэс Тавантолгой ХК,Coal,Нүүрс,1/3 coking coal,1/3 коксжих нүүрс,USD,74.4,89.9,15.5,20.83,sold
82,2023-06-29 18:00,2023-06-29,Эрдэнэс Тавантолгой ХК,Erdenes Tavan Tolgoi,Эрдэнэс Тавантолгой ХК,Coal,Нүүрс,Medium-volatile coking coal,"Дэгдэмхий бодис дунд, коксжих нүүрс",USD,119.1,119.6,0.5,0.42,sold
81,2023-06-29 12:00,2023-06-29,Энержи Ресурс ХХК,Energy Resources,Энержи Ресурс ХХК,Coal,Нүүрс,Washed coking coal,Баяжуулсан коксжих нүүрс,CNY,,,,,no_bid
80,2023-06-29 10:00,2023-06-29,Хангад Эксплорэйшн ХХК,Khangad Exploration,Хангад Эксплорэйшн ХХК,Coal,Нүүрс,Washed semi-soft coking coal,Баяжуулсан сул коксжих нүүрс,CNY,,,,,no_bid
79,2023-06-28 16:00,2023-06-28,Эрдэнэс Тавантолгой ХК,Erdenes Tavan Tolgoi,Эрдэнэс Тавантолгой ХК,Coal,Нүүрс,"Thermal coal (bituminous, non-caking)","Эрчим хүчний нүүрс /Битумт, үл барьцалдах нүүрс/",USD,58.7,58.7,0.0,0.0,sold
78,2023-06-28 14:00,2023-06-28,Эрдэнэс Тавантолгой ХК,Erdenes Tavan Tolgoi,Эрдэнэс Тавантолгой ХК,Coal,Нүүрс,Medium-volatile coking coal,"Дэгдэмхий бодис дунд, коксжих нүүрс",USD,119.1,119.1,0.0,0.0,sold
77,2023-06-28 12:00,2023-06-28,Эрдэнэс Тавантолгой ХК,Erdenes Tavan Tolgoi,Эрдэнэс Тавантолгой ХК,Coal,Нүүрс,Medium-volatile coking coal,"Дэгдэмхий бодис дунд, коксжих нүүрс",USD,119.1,119.1,0.0,0.0,sold
76,2023-06-28 10:00,2023-06-28,Энержи Ресурс ХХК,Energy Resources,Энержи Ресурс ХХК,Coal,Нүүрс,Washed coking coal,Баяжуулсан коксжих нүүрс,CNY,,,,,no_bid
75,2023-06-27 16:00,2023-06-27,Эрдэнэс Тавантолгой ХК,Erdenes Tavan Tolgoi,Эрдэнэс Тавантолгой ХК,Coal,Нүүрс,"Thermal coal (bituminous, non-caking)","Эрчим хүчний нүүрс /Битумт, үл барьцалдах нүүрс/",USD,,,,,no_bid
74,2023-06-27 14:00,2023-06-27,Эрдэнэс Тавантолгой ХК,Erdenes Tavan Tolgoi,Эрдэнэс Тавантолгой ХК,Coal,Нүүрс,1/3 coking coal,1/3 коксжих нүүрс,USD,74.4,85.9,11.5,15.46,sold
73,2023-06-27 12:00,2023-06-27,Эрдэнэс Тавантолгой ХК,Erdenes Tavan Tolgoi,Эрдэнэс Тавантолгой ХК,Coal,Нүүрс,1/3 coking coal,1/3 коксжих нүүрс,USD,74.4,85.9,11.5,15.46,sold
72,2023-06-27 10:00,2023-06-27,Энержи Ресурс ХХК,Energy Resources,Энержи Ресурс ХХК,Coal,Нүүрс,Washed coking coal,Баяжуулсан коксжих нүүрс,CNY,,,,,no_bid
71,2023-06-26 10:00,2023-06-26,Энержи Ресурс ХХК,Energy Resources,Энержи Ресурс ХХК,Coal,Нүүрс,Washed coking coal,Баяжуулсан коксжих нүүрс,CNY,,,,,no_bid
70,2023-06-23 14:00,2023-06-23,Эрдэнэс Тавантолгой ХК,Erdenes Tavan Tolgoi,Эрдэнэс Тавантолгой ХК,Coal,Нүүрс,1/3 coking coal,1/3 коксжих нүүрс,USD,74.4,89.4,15.0,20.16,sold
69,2023-06-23 11:00,2023-06-23,Эрдэнэс Тавантолгой ХК,Erdenes Tavan Tolgoi,Эрдэнэс Тавантолгой ХК,Coal,Нүүрс,Medium-volatile coking coal,"Дэгдэмхий бодис дунд, коксжих нүүрс",USD,119.1,119.1,0.0,0.0,sold
68,2023-06-22 15:00,2023-06-22,Эрдэнэс Тавантолгой ХК,Erdenes Tavan Tolgoi,Эрдэнэс Тавантолгой ХК,Coal,Нүүрс,1/3 coking coal,1/3 коксжих нүүрс,USD,74.4,80.4,6.0,8.06,sold
67,2023-06-22 12:00,2023-06-22,Эрдэнэс Тавантолгой ХК,Erdenes Tavan Tolgoi,Эрдэнэс Тавантолгой ХК,Coal,Нүүрс,Medium-volatile coking coal,"Дэгдэмхий бодис дунд, коксжих нүүрс",USD,119.1,123.1,4.0,3.36,sold
66,2023-06-22 10:00,2023-06-22,Хангад Эксплорэйшн ХХК,Khangad Exploration,Хангад Эксплорэйшн ХХК,Coal,Нүүрс,Washed semi-soft coking coal,Баяжуулсан сул коксжих нүүрс,CNY,800.0,810.0,10.0,1.25,sold
65,2023-06-21 10:00,2023-06-21,Энержи Ресурс ХХК,Energy Resources,Энержи Ресурс ХХК,Coal,Нүүрс,Washed coking coal,Баяжуулсан коксжих нүүрс,CNY,900.0,1000.0,100.0,11.11,sold
64,2023-06-20 13:00,2023-06-20,Эрдэнэс Тавантолгой ХК,Erdenes Tavan Tolgoi,Эрдэнэс Тавантолгой ХК,Coal,Нүүрс,Medium-volatile coking coal,"Дэгдэмхий бодис дунд, коксжих нүүрс",USD,119.1,140.1,21.0,17.63,sold
63,2023-06-20 11:00,2023-06-20,Эрдэнэс Тавантолгой ХК,Erdenes Tavan Tolgoi,Эрдэнэс Тавантолгой ХК,Coal,Нүүрс,1/3 coking coal,1/3 коксжих нүүрс,USD,74.4,102.4,28.0,37.63,sold
62,2023-06-19 13:00,2023-06-19,Эрдэнэс Тавантолгой ХК,Erdenes Tavan Tolgoi,Эрдэнэс Тавантолгой ХК,Coal,Нүүрс,1/3 coking coal,1/3 коксжих нүүрс,USD,74.4,105.9,31.5,42.34,sold
61,2023-06-19 11:00,2023-06-19,Эрдэнэс Тавантолгой ХК,Erdenes Tavan Tolgoi,Эрдэнэс Тавантолгой ХК,Coal,Нүүрс,Medium-volatile coking coal,"Дэгдэмхий бодис дунд, коксжих нүүрс",USD,119.1,130.1,11.0,9.24,sold
60,2023-06-15 10:00,2023-06-15,Хангад Эксплорэйшн ХХК,Khangad Exploration,Хангад Эксплорэйшн ХХК,Coal,Нүүрс,Washed semi-soft coking coal,Баяжуулсан сул коксжих нүүрс,CNY,,,,,no_bid
59,2023-06-14 12:00,2023-06-14,Тавантолгой ХК,Tavan Tolgoi JSC,Тавантолгой ХК,Coal,Нүүрс,Medium-volatile coking coal,"Дэгдэмхий бодис дунд, коксжих нүүрс",USD,,,,,no_bid
58,2023-06-14 10:00,2023-06-14,Энержи Ресурс ХХК,Energy Resources,Энержи Ресурс ХХК,Coal,Нүүрс,Washed coking coal,Баяжуулсан коксжих нүүрс,CNY,,,,,no_bid
57,2023-06-13 11:00,2023-06-13,Эрдэнэс Тавантолгой ХК,Erdenes Tavan Tolgoi,Эрдэнэс Тавантолгой ХК,Coal,Нүүрс,1/3 coking coal,1/3 коксжих нүүрс,USD,74.3,74.3,0.0,0.0,sold
56,2023-06-12 11:00,2023-06-12,Тавантолгой ХК,Tavan Tolgoi JSC,Тавантолгой ХК,Coal,Нүүрс,Medium-volatile coking coal,"Дэгдэмхий бодис дунд, коксжих нүүрс",USD,,,,,no_bid
55,2023-06-09 10:00,2023-06-09,Эрдэнэс Тавантолгой ХК,Erdenes Tavan Tolgoi,Эрдэнэс Тавантолгой ХК,Coal,Нүүрс,1/3 coking coal,1/3 коксжих нүүрс,USD,74.3,74.3,0.0,0.0,sold
54,2023-06-08 10:00,2023-06-08,Хангад Эксплорэйшн ХХК,Khangad Exploration,Хангад Эксплорэйшн ХХК,Coal,Нүүрс,Washed semi-soft coking coal,Баяжуулсан сул коксжих нүүрс,CNY,,,,,no_bid
53,2023-06-07 10:00,2023-06-07,Энержи Ресурс ХХК,Energy Resources,Энержи Ресурс ХХК,Coal,Нүүрс,Washed coking coal,Баяжуулсан коксжих нүүрс,CNY,,,,,no_bid
52,2023-05-31 14:00,2023-05-31,Энержи Ресурс ХХК,Energy Resources,Энержи Ресурс ХХК,Coal,Нүүрс,Washed coking coal,Баяжуулсан коксжих нүүрс,CNY,,,,,no_bid
51,2023-05-31 12:00,2023-05-31,Эрдэнэс Тавантолгой ХК,Erdenes Tavan Tolgoi,Эрдэнэс Тавантолгой ХК,Coal,Нүүрс,Medium-volatile coking coal,"Дэгдэмхий бодис дунд, коксжих нүүрс",USD,131.6,131.6,0.0,0.0,sold
50,2023-05-31 10:00,2023-05-31,Хангад Эксплорэйшн ХХК,Khangad Exploration,Хангад Эксплорэйшн ХХК,Coal,Нүүрс,Washed semi-soft coking coal,Баяжуулсан сул коксжих нүүрс,CNY,800.0,800.0,0.0,0.0,sold
49,2023-05-25 11:00,2023-05-25,Эрдэнэс Тавантолгой ХК,Erdenes Tavan Tolgoi,Эрдэнэс Тавантолгой ХК,Coal,Нүүрс,Medium-volatile coking coal,"Дэгдэмхий бодис дунд, коксжих нүүрс",USD,131.6,133.6,2.0,1.52,sold
48,2023-05-19 11:00,2023-05-19,Эрдэнэс Тавантолгой ХК,Erdenes Tavan Tolgoi,Эрдэнэс Тавантолгой ХК,Coal,Нүүрс,"Thermal coal (bituminous, non-caking)","Эрчим хүчний нүүрс /Битумт, үл барьцалдах нүүрс/",USD,63.7,63.7,0.0,0.0,sold
47,2023-05-18 10:00,2023-05-18,Хангад Эксплорэйшн ХХК,Khangad Exploration,Хангад Эксплорэйшн ХХК,Coal,Нүүрс,Washed semi-soft coking coal,Баяжуулсан сул коксжих нүүрс,CNY,800.0,810.0,10.0,1.25,sold
46,2023-05-12 15:00,2023-05-12,Эрдэнэс Тавантолгой ХК,Erdenes Tavan Tolgoi,Эрдэнэс Тавантолгой ХК,Coal,Нүүрс,1/3 coking coal,1/3 коксжих нүүрс,USD,,,,,no_bid
45,2023-05-12 11:00,2023-05-12,Эрдэнэс Тавантолгой ХК,Erdenes Tavan Tolgoi,Эрдэнэс Тавантолгой ХК,Coal,Нүүрс,Medium-volatile coking coal,"Дэгдэмхий бодис дунд, коксжих нүүрс",USD,140.3,140.3,0.0,0.0,sold
44,2023-05-11 11:00,2023-05-11,Тавантолгой ХК,Tavan Tolgoi JSC,Тавантолгой ХК,Coal,Нүүрс,Medium-volatile coking coal,"Дэгдэмхий бодис дунд, коксжих нүүрс",USD,,,,,no_bid
43,2023-05-10 11:00,2023-05-10,Тавантолгой ХК,Tavan Tolgoi JSC,Тавантолгой ХК,Coal,Нүүрс,Medium-volatile coking coal,"Дэгдэмхий бодис дунд, коксжих нүүрс",USD,,,,,no_bid
42,2023-05-09 11:00,2023-05-09,Тавантолгой ХК,Tavan Tolgoi JSC,Тавантолгой ХК,Coal,Нүүрс,1/3 coking coal,1/3 коксжих нүүрс,USD,,,,,no_bid
41,2023-05-08 11:00,2023-05-08,Тавантолгой ХК,Tavan Tolgoi JSC,Тавантолгой ХК,Coal,Нүүрс,1/3 coking coal,1/3 коксжих нүүрс,USD,,,,,no_bid
40,2023-05-05 11:00,2023-05-05,Эрдэнэс Тавантолгой ХК,Erdenes Tavan Tolgoi,Эрдэнэс Тавантолгой ХК,Coal,Нүүрс,1/3 coking coal,1/3 коксжих нүүрс,USD,97.4,97.4,0.0,0.0,sold
39,2023-05-04 16:00,2023-05-04,Эрдэнэс Тавантолгой ХК,Erdenes Tavan Tolgoi,Эрдэнэс Тавантолгой ХК,Coal,Нүүрс,Medium-volatile coking coal,"Дэгдэмхий бодис дунд, коксжих нүүрс",USD,140.3,140.3,0.0,0.0,sold
38,2023-05-04 14:00,2023-05-04,Энержи Ресурс ХХК,Energy Resources,Энержи Ресурс ХХК,Coal,Нүүрс,Washed coking coal,Баяжуулсан коксжих нүүрс,CNY,,,,,no_bid
37,2023-05-04 12:00,2023-05-04,Эрдэнэс Тавантолгой ХК,Erdenes Tavan Tolgoi,Эрдэнэс Тавантолгой ХК,Coal,Нүүрс,Medium-volatile coking coal,"Дэгдэмхий бодис дунд, коксжих нүүрс",USD,,,,,no_bid
36,2023-05-04 10:00,2023-05-04,Хангад Эксплорэйшн ХХК,Khangad Exploration,Хангад Эксплорэйшн ХХК,Coal,Нүүрс,Washed semi-soft coking coal,Баяжуулсан сул коксжих нүүрс,CNY,850.0,850.0,0.0,0.0,sold
35,2023-05-03 11:00,2023-05-03,Тавантолгой ХК,Tavan Tolgoi JSC,Тавантолгой ХК,Coal,Нүүрс,Medium-volatile coking coal,"Дэгдэмхий бодис дунд, коксжих нүүрс",USD,,,,,no_bid
34,2023-04-28 13:00,2023-04-28,Тавантолгой ХК,Tavan Tolgoi JSC,Тавантолгой ХК,Coal,Нүүрс,1/3 coking coal,1/3 коксжих нүүрс,USD,,,,,no_bid
33,2023-04-28 11:00,2023-04-28,Эрдэнэс Тавантолгой ХК,Erdenes Tavan Tolgoi,Эрдэнэс Тавантолгой ХК,Coal,Нүүрс,"Thermal coal (bituminous, non-caking)","Эрчим хүчний нүүрс /Битумт, үл барьцалдах нүүрс/",USD,,,,,no_bid
32,2023-04-27 11:00,2023-04-27,Тавантолгой ХК,Tavan Tolgoi JSC,Тавантолгой ХК,Coal,Нүүрс,1/3 coking coal,1/3 коксжих нүүрс,USD,,,,,no_bid
31,2023-04-26 10:00,2023-04-26,Энержи Ресурс ХХК,Energy Resources,Энержи Ресурс ХХК,Coal,Нүүрс,Washed coking coal,Баяжуулсан коксжих нүүрс,CNY,1150.0,1150.0,0.0,0.0,sold
30,2023-04-21 13:00,2023-04-21,Эрдэнэс Тавантолгой ХК,Erdenes Tavan Tolgoi,Эрдэнэс Тавантолгой ХК,Coal,Нүүрс,1/3 coking coal,1/3 коксжих нүүрс,USD,109.5,109.5,0.0,0.0,sold
29,2023-04-21 11:00,2023-04-21,Эрдэнэс Тавантолгой ХК,Erdenes Tavan Tolgoi,Эрдэнэс Тавантолгой ХК,Coal,Нүүрс,Medium-volatile coking coal,"Дэгдэмхий бодис дунд, коксжих нүүрс",USD,153.9,153.9,0.0,0.0,sold
28,2023-04-20 10:00,2023-04-20,Хангад Эксплорэйшн ХХК,Khangad Exploration,Хангад Эксплорэйшн ХХК,Coal,Нүүрс,Washed semi-soft coking coal,Баяжуулсан сул коксжих нүүрс,CNY,850.0,960.0,110.0,12.94,sold
27,2023-04-19 10:00,2023-04-19,Энержи Ресурс ХХК,Energy Resources,Энержи Ресурс ХХК,Coal,Нүүрс,Washed coking coal,Баяжуулсан коксжих нүүрс,CNY,1150.0,1150.0,0.0,0.0,sold
26,2023-04-14 14:00,2023-04-14,Эрдэнэс Тавантолгой ХК,Erdenes Tavan Tolgoi,Эрдэнэс Тавантолгой ХК,Coal,Нүүрс,Medium-volatile coking coal,"Дэгдэмхий бодис дунд, коксжих нүүрс",USD,153.9,153.9,0.0,0.0,sold
25,2023-04-14 12:00,2023-04-14,Эрдэнэс Тавантолгой ХК,Erdenes Tavan Tolgoi,Эрдэнэс Тавантолгой ХК,Coal,Нүүрс,1/3 coking coal,1/3 коксжих нүүрс,USD,109.5,117.0,7.5,6.85,sold
24,2023-04-14 10:00,2023-04-14,Эрдэнэс Тавантолгой ХК,Erdenes Tavan Tolgoi,Эрдэнэс Тавантолгой ХК,Coal,Нүүрс,Medium-volatile coking coal,"Дэгдэмхий бодис дунд, коксжих нүүрс",USD,153.9,160.4,6.5,4.22,sold
23,2023-04-13 11:00,2023-04-13,Тавантолгой ХК,Tavan Tolgoi JSC,Тавантолгой ХК,Coal,Нүүрс,Medium-volatile coking coal,"Дэгдэмхий бодис дунд, коксжих нүүрс",USD,,,,,no_bid
22,2023-04-12 14:00,2023-04-12,Энержи Ресурс ХХК,Energy Resources,Энержи Ресурс ХХК,Coal,Нүүрс,Washed coking coal,Баяжуулсан коксжих нүүрс,CNY,1250.0,1250.0,0.0,0.0,sold
21,2023-04-12 11:00,2023-04-12,Тавантолгой ХК,Tavan Tolgoi JSC,Тавантолгой ХК,Coal,Нүүрс,Medium-volatile coking coal,"Дэгдэмхий бодис дунд, коксжих нүүрс",USD,,,,,no_bid
20,2023-04-11 11:00,2023-04-11,Тавантолгой ХК,Tavan Tolgoi JSC,Тавантолгой ХК,Coal,Нүүрс,Medium-volatile coking coal,"Дэгдэмхий бодис дунд, коксжих нүүрс",USD,,,,,no_bid
19,2023-04-10 11:00,2023-04-10,Тавантолгой ХК,Tavan Tolgoi JSC,Тавантолгой ХК,Coal,Нүүрс,Medium-volatile coking coal,"Дэгдэмхий бодис дунд, коксжих нүүрс",USD,,,,,no_bid
18,2023-04-07 11:00,2023-04-07,Эрдэнэс Тавантолгой ХК,Erdenes Tavan Tolgoi,Эрдэнэс Тавантолгой ХК,Coal,Нүүрс,Medium-volatile coking coal,"Дэгдэмхий бодис дунд, коксжих нүүрс",USD,,,,,no_bid
17,2023-04-05 10:00,2023-04-05,Энержи Ресурс ХХК,Energy Resources,Энержи Ресурс ХХК,Coal,Нүүрс,Washed coking coal,Баяжуулсан коксжих нүүрс,CNY,1250.0,1350.0,100.0,8.0,sold
16,2023-03-31 11:00,2023-03-31,Эрдэнэс Тавантолгой ХК,Erdenes Tavan Tolgoi,Эрдэнэс Тавантолгой ХК,Coal,Нүүрс,"Thermal coal (bituminous, non-caking)","Эрчим хүчний нүүрс /Битумт, үл барьцалдах нүүрс/",USD,68.3,70.3,2.0,2.93,sold
15,2023-03-29 13:00,2023-03-29,Эрдэнэс Тавантолгой ХК,Erdenes Tavan Tolgoi,Эрдэнэс Тавантолгой ХК,Coal,Нүүрс,Medium-volatile coking coal,"Дэгдэмхий бодис дунд, коксжих нүүрс",USD,178.6,179.6,1.0,0.56,sold
14,2023-03-29 10:00,2023-03-29,Энержи Ресурс ХХК,Energy Resources,Энержи Ресурс ХХК,Coal,Нүүрс,Washed coking coal,Баяжуулсан коксжих нүүрс,CNY,1250.0,1330.0,80.0,6.4,sold
13,2023-03-28 11:00,2023-03-28,Тавантолгой ХК,Tavan Tolgoi JSC,Тавантолгой ХК,Coal,Нүүрс,Medium-volatile coking coal,"Дэгдэмхий бодис дунд, коксжих нүүрс",USD,175.2,175.2,0.0,0.0,sold
12,2023-03-27 11:00,2023-03-27,Тавантолгой ХК,Tavan Tolgoi JSC,Тавантолгой ХК,Coal,Нүүрс,Medium-volatile coking coal,"Дэгдэмхий бодис дунд, коксжих нүүрс",USD,175.2,189.7,14.5,8.28,sold
11,2023-03-24 11:00,2023-03-24,Эрдэнэс Тавантолгой ХК,Erdenes Tavan Tolgoi,Эрдэнэс Тавантолгой ХК,Coal,Нүүрс,"Thermal coal (bituminous, non-caking)","Эрчим хүчний нүүрс /Битумт, үл барьцалдах нүүрс/",USD,68.3,73.3,5.0,7.32,sold
10,2023-03-22 10:00,2023-03-22,Энержи Ресурс ХХК,Energy Resources,Энержи Ресурс ХХК,Coal,Нүүрс,Washed coking coal,Баяжуулсан коксжих нүүрс,CNY,1250.0,1420.0,170.0,13.6,sold
9,2023-03-20 11:00,2023-03-20,Тавантолгой ХК,Tavan Tolgoi JSC,Тавантолгой ХК,Coal,Нүүрс,Medium-volatile coking coal,"Дэгдэмхий бодис дунд, коксжих нүүрс",USD,175.2,176.7,1.5,0.86,sold
7,2023-03-17 13:00,2023-03-17,Эрдэнэс Тавантолгой ХК,Erdenes Tavan Tolgoi,Эрдэнэс Тавантолгой ХК,Coal,Нүүрс,Medium-volatile coking coal,"Дэгдэмхий бодис дунд, коксжих нүүрс",USD,178.6,182.1,3.5,1.96,sold
8,2023-03-17 11:00,2023-03-17,Тавантолгой ХК,Tavan Tolgoi JSC,Тавантолгой ХК,Coal,Нүүрс,Medium-volatile coking coal,"Дэгдэмхий бодис дунд, коксжих нүүрс",USD,175.2,175.2,0.0,0.0,sold
6,2023-03-15 10:00,2023-03-15,Энержи Ресурс ХХК,Energy Resources,Энержи Ресурс ХХК,Coal,Нүүрс,Washed coking coal,Баяжуулсан коксжих нүүрс,CNY,1250.0,1400.0,150.0,12.0,sold
5,2023-03-10 12:00,2023-03-10,Эрдэнэс Тавантолгой ХК,Erdenes Tavan Tolgoi,Эрдэнэс Тавантолгой ХК,Coal,Нүүрс,Medium-volatile coking coal,"Дэгдэмхий бодис дунд, коксжих нүүрс",USD,,,,,no_bid
4,2023-02-17 11:00,2023-02-17,Эрдэнэс Тавантолгой ХК,Erdenes Tavan Tolgoi,Эрдэнэс Тавантолгой ХК,Coal,Нүүрс,Medium-volatile coking coal,"Дэгдэмхий бодис дунд, коксжих нүүрс",USD,178.6,178.6,0.0,0.0,sold
3,2023-02-15 11:00,2023-02-15,Энержи Ресурс ХХК,Energy Resources,Энержи Ресурс ХХК,Coal,Нүүрс,Washed coking coal,Баяжуулсан коксжих нүүрс,CNY,1200.0,1340.0,140.0,11.67,sold
2,2023-02-10 10:00,2023-02-10,Эрдэнэс Тавантолгой ХК,Erdenes Tavan Tolgoi,Эрдэнэс Тавантолгой ХК,Coal,Нүүрс,Medium-volatile coking coal,"Дэгдэмхий бодис дунд, коксжих нүүрс",USD,178.6,178.6,0.0,0.0,sold
1,2023-02-09 10:00,2023-02-09,Эрдэнэс Тавантолгой ХК,Erdenes Tavan Tolgoi,Эрдэнэс Тавантолгой ХК,Coal,Нүүрс,Medium-volatile coking coal,"Дэгдэмхий бодис дунд, коксжих нүүрс",USD,178.6,179.1,0.5,0.28,sold
0,2023-01-12 11:00,2023-01-12,Энержи Ресурс ХХК,Energy Resources,Энержи Ресурс ХХК,Coal,Нүүрс,Washed coking coal,Баяжуулсан коксжих нүүрс,CNY,1150.0,1290.0,140.0,12.17,sold
